EXAMPLE_ID,FAMILY,SEQUENCE,VIOLATION_RULE
anomaly_0054,IC,RECEIVE WAFER LOT|LOT IDENTIFICATION|INITIAL WAFER INSPECTION|MEASURE INITIAL GEOMETRY|MEASURE SURFACE PARTICLES|WAFER CLEAN PRE PROCESS|BACKSIDE CLEAN|FRONTSIDE CLEAN|WET CLEAN RCA1|WET CLEAN RCA2|HF DIP|DRY WAFER|WAFER CLEAN PRE-GRIND|GRINDING WAFER BACKSIDE|MEASURE INITIAL GEOMETRY|ETCH WET BACKSIDE|RINSE WET WAFER_EDGE|DRY WAFER BACKSIDE|BACKSIDE CLEAN|MEASURE BACKSIDE ROUGHNESS|THERMAL OXIDATION|MEASURE OXIDE THICKNESS|RCA CLEAN 1|RCA CLEAN 2|HF DIP|OXIDE STRIP|SURFACE PREP FOR DEPOSITION|DEPOSIT PAD OXIDE|ANNEAL OXIDE|MEASURE FILM THICKNESS|SPIN COAT PHOTORESIST|SOFT BAKE|ALIGN MASK LEVEL 1|EXPOSE LITHO LEVEL 1|POST EXPOSE BAKE|DEVELOP PHOTORESIST|INSPECT PATTERN LEVEL 1|HARD BAKE|OXIDE ETCH DRY|STRIP PHOTORESIST|CLEAN AFTER ETCH|MEASURE CD LEVEL 1|DEPOSIT POLYSILICON|ANNEAL POLYSILICON|SPIN COAT PHOTORESIST|SOFT BAKE|ALIGN MASK LEVEL 2|EXPOSE LITHO LEVEL 2|POST EXPOSE BAKE|DEVELOP PHOTORESIST|PATTERN INSPECTION LEVEL 2|POLYSILICON ETCH DRY|STRIP RESIST|CLEAN AFTER POLY ETCH|MEASURE CD LEVEL 2|IMPLANT N-TYPE|RAPID THERMAL ANNEAL|DEPOSIT INTERLEVEL DIELECTRIC|DENSIFY OXIDE|MEASURE DIELECTRIC THICKNESS|CMP INTERLAYER DIELECTRIC|MEASURE PLANARITY|SPIN COAT PHOTORESIST|SOFT BAKE|ALIGN MASK LEVEL 3|EXPOSE LITHO LEVEL 3|POST EXPOSE BAKE|DEVELOP PHOTORESIST|VIA INSPECTION|DIELECTRIC ETCH VIA|STRIP PHOTORESIST|CLEAN AFTER VIA ETCH|MEASURE VIA CD|DEPOSIT BARRIER METAL|DEPOSIT TUNGSTEN SEED|FILL VIA TUNGSTEN|CMP METAL|MEASURE CONTACT RESISTANCE|DEPOSIT METAL 1|ANNEAL METAL|MEASURE METAL THICKNESS|SPIN COAT PHOTORESIST|SOFT BAKE|ALIGN MASK LEVEL 4|EXPOSE LITHO LEVEL 4|POST EXPOSE BAKE|DEVELOP PHOTORESIST|METAL PATTERN INSPECTION|HARD BAKE|METAL ETCH DRY|STRIP RESIST|CLEAN AFTER METAL ETCH|MEASURE LINE WIDTH|DEPOSIT PASSIVATION LAYER|LEAKAGE TEST|CURE PASSIVATION|MEASURE PASSIVATION QUALITY|OPEN PAD WINDOW|PAD WINDOW LITHO|DEVELOP PAD WINDOW|PASSIVATION ETCH PAD OPENING|STRIP RESIST|CLEAN PAD OPENING|MEASURE PAD OPENING|BACKSIDE THINNING CHECK|BACKSIDE CLEAN|DEPOSIT BACKSIDE PROTECTION|BACKSIDE ANNEAL|FINAL CLEAN|FINAL GEOMETRY CHECK|FINAL CD INSPECTION|FINAL PARTICLE INSPECTION|ELECTRICAL PARAMETRIC TEST|THRESHOLD VOLTAGE TEST|SWITCHING TEST|WAFER SORT TEST|YIELD ANALYSIS|LOT RELEASE|SHIP LOT,RULE_TEST_BEFORE_PASSIVATION
anomaly_0828,MOSFET,RECEIVE WAFER LOT|LOT IDENTIFICATION|PRE CLEAN INSPECTION|MEASURE THICKNESS|PRE CLEAN WAFER|BACKSIDE CLEAN|FRONTSIDE CLEAN|RCA CLEAN 1|RCA CLEAN 2|HF DIP|DRY WAFER|SUBSTRATE CHECK|EPITAXY PREP|EPITAXIAL DEPOSITION|MEASURE EPITAXY THICKNESS|MEASURE RESISTIVITY|EPITAXY ANNEAL|WAFER SURFACE CLEAN|THERMAL OXIDATION|MEASURE OXIDE THICKNESS|SPIN COAT PHOTORESIST|SOFT BAKE|ALIGN MASK LEVEL 1|EXPOSE LITHO LEVEL 1|DEVELOP PHOTORESIST|PATTERN INSPECTION LEVEL 1|OXIDE ETCH|STRIP RESIST|CLEAN AFTER ETCH|IMPLANT WELL|DRIVE IN DIFFUSION|RAPID THERMAL ANNEAL|THERMAL OXIDATION|GATE OXIDE PREP|GATE OXIDE GROWTH|MEASURE GATE OXIDE THICKNESS|DEPOSIT POLYSILICON|POLYSILICON ANNEAL|MEASURE POLY THICKNESS|SPIN COAT PHOTORESIST|SOFT BAKE|ALIGN MASK LEVEL 2|EXPOSE LITHO LEVEL 2|DEVELOP PHOTORESIST|POLY PATTERN INSPECTION|POLYSILICON ETCH|STRIP RESIST|CLEAN AFTER POLY ETCH|IMPLANT SOURCE DRAIN|PRE ANNEAL CHECK|LIGHT ANNEAL|MEASURE SHEET RESISTANCE|DEPOSIT SPACER DIELECTRIC|ANISOTROPIC ETCH SPACER|IMPLANT LDD|PRE ANNEAL CHECK|RAPID THERMAL ANNEAL|DEPOSIT INTERLEVEL DIELECTRIC|DENSIFY DIELECTRIC|MEASURE FILM THICKNESS|CMP DIELECTRIC|MEASURE SURFACE PLANARITY|SPIN COAT PHOTORESIST|SOFT BAKE|ALIGN MASK LEVEL 3|EXPOSE LITHO LEVEL 3|DEVELOP PHOTORESIST|VIA OPENING INSPECTION|DIELECTRIC ETCH VIA|STRIP RESIST|CLEAN AFTER VIA ETCH|DEPOSIT BARRIER METAL|DEPOSIT METAL SEED|FILL VIA METAL|CMP METAL|DEPOSIT TOP METAL|ANNEAL METAL 1|SPIN COAT PHOTORESIST|SOFT BAKE|ALIGN MASK LEVEL 4|EXPOSE LITHO LEVEL 4|DEVELOP PHOTORESIST|METAL PATTERN INSPECTION|METAL ETCH|STRIP RESIST|CLEAN AFTER METAL ETCH|MEASURE LINE WIDTH|OPEN BOND PAD WINDOW|DEPOSIT PASSIVATION|CURE PASSIVATION|MEASURE PASSIVATION QUALITY|PAD WINDOW LITHO|DEVELOP PHOTORESIST|PASSIVATION ETCH|STRIP PHOTORESIST|CLEAN PAD OPENING|MEASURE PAD OPENING|BACKSIDE CLEAN|BACKSIDE GRIND|MEASURE THICKNESS|BACKSIDE ETCH CLEAN|BACKSIDE RINSE|BACKSIDE DRY|BACKSIDE METALLIZATION PREP|DEPOSIT BACKSIDE METAL|BACKSIDE ANNEAL|MEASURE BACKSIDE CONTACT|FINAL CLEAN|FINAL GEOMETRY CHECK|FINAL CD INSPECTION|FINAL PARTICLE INSPECTION|PARAMETRIC TEST|LEAKAGE TEST|THRESHOLD VOLTAGE TEST|SWITCHING TEST|WAFER SORT TEST|YIELD ANALYSIS|LOT RELEASE|SHIP LOT,RULE_PAD_OPEN_BEFORE_DEP
anomaly_0899,IGBT,RECEIVE WAFER LOT|LOT IDENTIFICATION|PRE CLEAN INSPECTION|MEASURE INITIAL THICKNESS|PRE CLEAN WAFER|BACKSIDE CLEAN|FRONTSIDE CLEAN|RCA CLEAN 1|WET CLEAN RCA2|HF DIP|DRY WAFER|EPITAXIAL WAFER CHECK|MEASURE EPITAXY THICKNESS|MEASURE RESISTIVITY|EPITAXIAL REWORK CHECK|EPITAXIAL LAYER PREP|THERMAL OXIDATION|MEASURE OXIDE THICKNESS|SPIN COAT PHOTORESIST|SOFT BAKE|ALIGN MASK LEVEL 1|EXPOSE LITHO LEVEL 1|DEVELOP PHOTORESIST|INSPECT PATTERN LEVEL 1|OXIDE ETCH DRY|STRIP RESIST|CLEAN AFTER OXIDE ETCH|IMPLANT P BODY|DRIVE IN DIFFUSION|RAPID THERMAL ANNEAL|THERMAL OXIDATION|SPIN COAT PHOTORESIST|SOFT BAKE|ALIGN MASK LEVEL 2|EXPOSE LITHO LEVEL 2|POST EXPOSE BAKE|DEVELOP PHOTORESIST|P BODY WINDOW INSPECTION|ETCH SILICON OR OXIDE WINDOW|STRIP RESIST|CLEAN AFTER WINDOW ETCH|IMPLANT N BUFFER|RAPID THERMAL ANNEAL|MEASURE SHEET RESISTANCE|EPITAXIAL REWORK CHECK|DEPOSIT FIELD OXIDE|DENSIFY OXIDE|MEASURE FILM THICKNESS|SPIN COAT PHOTORESIST|SOFT BAKE|ALIGN MASK LEVEL 3|EXPOSE LITHO LEVEL 3|DEVELOP PHOTORESIST|FIELD PATTERN INSPECTION|FIELD OXIDE ETCH|STRIP PHOTORESIST|CLEAN AFTER FIELD ETCH|IMPLANT SOURCE REGION|IMPLANT DRAIN / CATHODE REGION|PRE ANNEAL CHECK|RAPID THERMAL ANNEAL|MEASURE SHEET RESISTANCE|DEPOSIT GATE OXIDE OR DIELECTRIC|ANNEAL DIELECTRIC|MEASURE OXIDE QUALITY|DEPOSIT POLYSILICON|POLYSILICON ANNEAL|MEASURE POLY THICKNESS|SPIN COAT PHOTORESIST|SOFT BAKE|ALIGN MASK LEVEL 4|EXPOSE LITHO LEVEL 4|DEVELOP PHOTORESIST|POLY PATTERN INSPECTION|POLYSILICON ETCH DRY|STRIP PHOTORESIST|CLEAN AFTER POLY ETCH|IMPLANT CHANNEL STOP|PRE ANNEAL CHECK|RAPID THERMAL ANNEAL|MEASURE DEVICE PARAMETER|DENSIFY DIELECTRIC|MEASURE FILM THICKNESS|CMP DIELECTRIC|MEASURE SURFACE PLANARITY|SPIN COAT PHOTORESIST|SOFT BAKE|ALIGN MASK LEVEL 5|EXPOSE LITHO LEVEL 5|DEVELOP PHOTORESIST|VIA INSPECTION|DIELECTRIC ETCH VIA|STRIP PHOTORESIST|CLEAN AFTER VIA ETCH|MEASURE VIA CD|DEPOSIT BARRIER METAL|DEPOSIT METAL SEED|FILL VIA METAL|CMP METAL|MEASURE VIA RESISTANCE|DEPOSIT METAL 1|ANNEAL METAL|MEASURE METAL THICKNESS|SPIN COAT PHOTORESIST|SOFT BAKE|ALIGN MASK LEVEL 6|EXPOSE LITHO LEVEL 6|DEVELOP PHOTORESIST|METAL PATTERN INSPECTION|HARD BAKE|METAL ETCH DRY|STRIP PHOTORESIST|CLEAN AFTER METAL ETCH|MEASURE LINE WIDTH|DEPOSIT PASSIVATION LAYER|CURE PASSIVATION|MEASURE PASSIVATION THICKNESS|OPEN BOND PAD WINDOW|PAD WINDOW LITHO|DEVELOP PHOTORESIST|PASSIVATION ETCH|STRIP RESIST|CLEAN PAD OPENING|MEASURE PAD OPENING|BACKSIDE GRIND|MEASURE THICKNESS|BACKSIDE ETCH CLEAN|BACKSIDE RINSE|BACKSIDE DRY|BACKSIDE METALLIZATION PREP|DEPOSIT BACKSIDE METAL|BACKSIDE ANNEAL|MEASURE BACKSIDE CONTACT|FINAL CLEAN|FINAL THICKNESS MEASURE|FINAL GEOMETRY CHECK|PARAMETRIC TEST|LEAKAGE TEST|BREAKDOWN VOLTAGE TEST|SWITCHING TEST|YIELD ANALYSIS|WAFER SORT TEST|LOT RELEASE|SHIP LOT,RULE_CMP_NO_DEP
anomaly_0867,MOSFET,RECEIVE WAFER LOT|LOT IDENTIFICATION|PRE CLEAN INSPECTION|MEASURE THICKNESS|MEASURE SURFACE PARTICLES|PRE CLEAN WAFER|BACKSIDE CLEAN|WET CLEAN RCA1|WET CLEAN RCA2|HF DIP|DRY WAFER|SUBSTRATE CHECK|EPITAXY PREP|EPITAXIAL DEPOSITION|MEASURE EPITAXY THICKNESS|MEASURE RESISTIVITY|EPITAXY ANNEAL|WAFER SURFACE CLEAN|THERMAL OXIDATION|MEASURE OXIDE THICKNESS|SPIN COAT PHOTORESIST|SOFT BAKE|ALIGN MASK LEVEL 1|EXPOSE LITHO LEVEL 1|DEVELOP PHOTORESIST|PATTERN INSPECTION LEVEL 1|OXIDE ETCH|STRIP PHOTORESIST|CLEAN AFTER ETCH|IMPLANT WELL|DRIVE IN DIFFUSION|RAPID THERMAL ANNEAL|MEASURE JUNCTION DEPTH|THERMAL OXIDATION|GATE OXIDE PREP|GATE OXIDE GROWTH|MEASURE GATE OXIDE THICKNESS|DEPOSIT POLYSILICON|POLYSILICON ANNEAL|SPIN COAT PHOTORESIST|SOFT BAKE|ALIGN MASK LEVEL 2|EXPOSE LITHO LEVEL 2|DEVELOP PHOTORESIST|POLY PATTERN INSPECTION|POLYSILICON ETCH|STRIP RESIST|CLEAN AFTER POLY ETCH|MEASURE GATE CD|IMPLANT SOURCE DRAIN|PRE ANNEAL CHECK|LIGHT ANNEAL|DEPOSIT SPACER DIELECTRIC|ANISOTROPIC ETCH SPACER|MEASURE SPACER WIDTH|IMPLANT LDD|RAPID THERMAL ANNEAL|MEASURE JUNCTION PROFILE|DEPOSIT INTERLEVEL DIELECTRIC|DENSIFY OXIDE|MEASURE DIELECTRIC THICKNESS|CMP DIELECTRIC|MEASURE PLANARITY|SPIN COAT PHOTORESIST|SOFT BAKE|DEVELOP PHOTORESIST|VIA INSPECTION|HARD BAKE|VIA ETCH|STRIP RESIST|CLEAN AFTER VIA ETCH|MEASURE VIA CD|DEPOSIT BARRIER METAL|DEPOSIT METAL SEED|FILL VIA METAL|CMP VIA FILL|MEASURE CONTACT RESISTANCE|DEPOSIT METAL 1|ANNEAL METAL 1|SPIN COAT PHOTORESIST|SOFT BAKE|ALIGN MASK LEVEL 4|EXPOSE LITHO LEVEL 4|DEVELOP PHOTORESIST|METAL PATTERN INSPECTION|METAL ETCH|STRIP PHOTORESIST|CLEAN AFTER METAL ETCH|MEASURE LINE WIDTH|DEPOSIT PASSIVATION|CURE PASSIVATION|MEASURE PASSIVATION THICKNESS|OPEN BOND PAD WINDOW|PAD WINDOW LITHO|DEVELOP PHOTORESIST|PASSIVATION ETCH PAD OPENING|STRIP RESIST|CLEAN PAD OPENING|MEASURE PAD OPENING|BACKSIDE CLEAN|BACKSIDE GRIND|MEASURE THICKNESS|BACKSIDE ETCH CLEAN|BACKSIDE RINSE|BACKSIDE DRY|BACKSIDE METALLIZATION PREP|DEPOSIT BACKSIDE METAL|BACKSIDE ANNEAL|MEASURE BACKSIDE CONTACT|FINAL CLEAN|FINAL THICKNESS MEASURE|FINAL GEOMETRY CHECK|FINAL CD INSPECTION|FINAL PARTICLE INSPECTION|ELECTRICAL PARAMETRIC TEST|LEAKAGE TEST|THRESHOLD VOLTAGE TEST|SWITCHING TEST|WAFER SORT TEST|YIELD ANALYSIS|LOT RELEASE|SHIP LOT,RULE_LITHO_LEVEL_SKIP
anomaly_0427,IGBT,RECEIVE WAFER LOT|LOT IDENTIFICATION|PRE CLEAN INSPECTION|MEASURE INITIAL THICKNESS|MEASURE SURFACE PARTICLES|PRE CLEAN WAFER|BACKSIDE CLEAN|FRONTSIDE CLEAN|WET CLEAN RCA1|WET CLEAN RCA2|HF DIP|DRY WAFER|EPITAXIAL WAFER CHECK|MEASURE EPITAXY THICKNESS|MEASURE RESISTIVITY|EPITAXIAL REWORK CHECK|EPITAXIAL LAYER PREP|THERMAL OXIDATION|MEASURE OXIDE THICKNESS|SPIN COAT PHOTORESIST|SOFT BAKE|ALIGN MASK LEVEL 1|EXPOSE LITHO LEVEL 1|DEVELOP PHOTORESIST|INSPECT PATTERN LEVEL 1|HARD BAKE|OXIDE ETCH DRY|STRIP PHOTORESIST|CLEAN AFTER OXIDE ETCH|MEASURE OPENING CD|IMPLANT P BODY|PRE ANNEAL CHECK|DRIVE IN DIFFUSION|RAPID THERMAL ANNEAL|MEASURE JUNCTION DEPTH|THERMAL OXIDATION|SPIN COAT PHOTORESIST|SOFT BAKE|ALIGN MASK LEVEL 2|EXPOSE LITHO LEVEL 2|DEVELOP PHOTORESIST|P BODY WINDOW INSPECTION|HARD BAKE|ETCH SILICON OR OXIDE WINDOW|STRIP PHOTORESIST|CLEAN AFTER WINDOW ETCH|MEASURE WINDOW CD|IMPLANT N BUFFER|PRE ANNEAL CHECK|RAPID THERMAL ANNEAL|MEASURE SHEET RESISTANCE|EPITAXIAL REWORK CHECK|DEPOSIT FIELD OXIDE|DENSIFY OXIDE|SPIN COAT PHOTORESIST|SOFT BAKE|ALIGN MASK LEVEL 3|EXPOSE LITHO LEVEL 3|POST EXPOSE BAKE|DEVELOP PHOTORESIST|FIELD PATTERN INSPECTION|FIELD OXIDE ETCH|STRIP RESIST|CLEAN AFTER FIELD ETCH|MEASURE SURFACE UNIFORMITY|IMPLANT SOURCE REGION|IMPLANT DRAIN / CATHODE REGION|PRE ANNEAL CHECK|RAPID THERMAL ANNEAL|DEPOSIT GATE OXIDE OR DIELECTRIC|ANNEAL DIELECTRIC|MEASURE OXIDE QUALITY|DEPOSIT POLYSILICON|POLYSILICON ANNEAL|SPIN COAT PHOTORESIST|SOFT BAKE|ALIGN MASK LEVEL 4|EXPOSE LITHO LEVEL 4|DEVELOP PHOTORESIST|POLY PATTERN INSPECTION|POLYSILICON ETCH DRY|STRIP RESIST|CLEAN AFTER POLY ETCH|IMPLANT CHANNEL STOP|PRE ANNEAL CHECK|RAPID THERMAL ANNEAL|MEASURE DEVICE PARAMETER|DEPOSIT INTERLEVEL DIELECTRIC|DENSIFY DIELECTRIC|MEASURE DIELECTRIC THICKNESS|CMP INTERLAYER DIELECTRIC|MEASURE SURFACE PLANARITY|SPIN COAT PHOTORESIST|SOFT BAKE|ALIGN MASK LEVEL 5|EXPOSE LITHO LEVEL 5|DEVELOP PHOTORESIST|VIA OPENING INSPECTION|VIA ETCH|STRIP RESIST|CLEAN AFTER VIA ETCH|MEASURE VIA CD|DEPOSIT BARRIER METAL|DEPOSIT METAL SEED|FILL VIA METAL|CMP METAL|DEPOSIT METAL 1|ANNEAL METAL 1|SPIN COAT PHOTORESIST|SOFT BAKE|ALIGN MASK LEVEL 6|EXPOSE LITHO LEVEL 6|DEVELOP PHOTORESIST|METAL PATTERN INSPECTION|METAL ETCH DRY|STRIP RESIST|CLEAN AFTER METAL ETCH|MEASURE LINE WIDTH|DEPOSIT PASSIVATION LAYER|PARAMETRIC TEST|CURE PASSIVATION|MEASURE PASSIVATION THICKNESS|OPEN BOND PAD WINDOW|OPEN PAD WINDOW LITHO|DEVELOP PHOTORESIST|PASSIVATION ETCH PAD OPENING|STRIP PHOTORESIST|CLEAN PAD OPENING|MEASURE PAD OPENING|BACKSIDE GRIND|MEASURE WAFER THICKNESS|BACKSIDE ETCH CLEAN|BACKSIDE RINSE|BACKSIDE DRY|BACKSIDE METALLIZATION PREP|DEPOSIT BACKSIDE METAL|BACKSIDE ANNEAL|MEASURE BACKSIDE CONTACT|FINAL CLEAN|FINAL GEOMETRY CHECK|FINAL PARTICLE INSPECTION|LEAKAGE TEST|BREAKDOWN VOLTAGE TEST|SWITCHING TEST|WAFER SORT TEST|YIELD ANALYSIS|FINAL LOT RELEASE|SHIP LOT,RULE_TEST_BEFORE_PASSIVATION
anomaly_0290,IGBT,RECEIVE WAFER LOT|LOT IDENTIFICATION|INITIAL WAFER INSPECTION|MEASURE SURFACE PARTICLES|PRE CLEAN WAFER|BACKSIDE CLEAN|FRONTSIDE CLEAN|RCA CLEAN 1|RCA CLEAN 2|HF DIP|EPITAXIAL WAFER CHECK|MEASURE EPITAXY THICKNESS|MEASURE RESISTIVITY|EPITAXIAL REWORK CHECK|EPITAXIAL LAYER PREP|THERMAL OXIDATION|MEASURE OXIDE THICKNESS|SPIN COAT PHOTORESIST|SOFT BAKE|ALIGN MASK LEVEL 1|EXPOSE LITHO LEVEL 1|DEVELOP PHOTORESIST|INSPECT PATTERN LEVEL 1|OXIDE ETCH DRY|STRIP RESIST|CLEAN AFTER OXIDE ETCH|MEASURE OPENING CD|IMPLANT P BODY|DRIVE IN DIFFUSION|RAPID THERMAL ANNEAL|MEASURE JUNCTION DEPTH|THERMAL OXIDATION|SPIN COAT PHOTORESIST|SOFT BAKE|ALIGN MASK LEVEL 2|EXPOSE LITHO LEVEL 2|DEVELOP PHOTORESIST|P BODY WINDOW INSPECTION|ETCH SILICON OR OXIDE WINDOW|STRIP PHOTORESIST|CLEAN AFTER WINDOW ETCH|MEASURE WINDOW CD|IMPLANT N BUFFER|PRE ANNEAL CHECK|RAPID THERMAL ANNEAL|MEASURE SHEET RESISTANCE|DEPOSIT FIELD OXIDE|DENSIFY OXIDE|MEASURE FILM THICKNESS|SPIN COAT PHOTORESIST|SOFT BAKE|ALIGN MASK LEVEL 3|EXPOSE LITHO LEVEL 3|DEVELOP PHOTORESIST|FIELD PATTERN INSPECTION|FIELD OXIDE ETCH|STRIP RESIST|CLEAN AFTER FIELD ETCH|MEASURE SURFACE UNIFORMITY|IMPLANT SOURCE REGION|IMPLANT DRAIN / CATHODE REGION|RAPID THERMAL ANNEAL|MEASURE SHEET RESISTANCE|DEPOSIT GATE OXIDE OR DIELECTRIC|ANNEAL DIELECTRIC|MEASURE OXIDE QUALITY|DEPOSIT POLYSILICON|POLYSILICON ANNEAL|MEASURE POLY THICKNESS|SPIN COAT PHOTORESIST|SOFT BAKE|ALIGN MASK LEVEL 4|EXPOSE LITHO LEVEL 4|DEVELOP PHOTORESIST|POLY PATTERN INSPECTION|POLYSILICON ETCH DRY|STRIP RESIST|CLEAN AFTER POLY ETCH|MEASURE GATE CD|IMPLANT CHANNEL STOP|RAPID THERMAL ANNEAL|MEASURE DEVICE PARAMETER|DEPOSIT INTERLAYER DIELECTRIC|DENSIFY DIELECTRIC|MEASURE FILM THICKNESS|CMP DIELECTRIC|MEASURE SURFACE PLANARITY|SPIN COAT PHOTORESIST|SOFT BAKE|ALIGN MASK LEVEL 5|EXPOSE LITHO LEVEL 5|POST EXPOSE BAKE|DEVELOP PHOTORESIST|VIA INSPECTION|DIELECTRIC ETCH VIA|STRIP RESIST|CLEAN AFTER VIA ETCH|DEPOSIT BARRIER METAL|DEPOSIT METAL SEED|FILL VIA METAL|CMP VIA FILL|DEPOSIT TOP METAL|ANNEAL METAL 1|SPIN COAT PHOTORESIST|SOFT BAKE|ALIGN MASK LEVEL 6|POST EXPOSE BAKE|DEVELOP PHOTORESIST|METAL PATTERN INSPECTION|METAL ETCH DRY|STRIP PHOTORESIST|CLEAN AFTER METAL ETCH|DEPOSIT PASSIVATION|CURE PASSIVATION|MEASURE PASSIVATION THICKNESS|OPEN BOND PAD WINDOW|PAD WINDOW LITHO|DEVELOP PAD WINDOW|PASSIVATION ETCH PAD OPENING|STRIP PHOTORESIST|CLEAN PAD OPENING|MEASURE PAD OPENING|BACKSIDE GRIND|MEASURE THICKNESS|BACKSIDE ETCH CLEAN|BACKSIDE RINSE|BACKSIDE DRY|BACKSIDE METALLIZATION PREP|DEPOSIT BACKSIDE METAL|BACKSIDE ANNEAL|MEASURE BACKSIDE CONTACT|FINAL CLEAN|FINAL CD INSPECTION|ELECTRICAL PARAMETRIC TEST|LEAKAGE TEST|BREAKDOWN VOLTAGE TEST|SWITCHING TEST|YIELD ANALYSIS|WAFER SORT TEST|LOT RELEASE|SHIP LOT,RULE_METAL_ETCH_NO_LITHO
anomaly_0922,MOSFET,RECEIVE WAFER LOT|LOT IDENTIFICATION|PRE CLEAN INSPECTION|MEASURE THICKNESS|MEASURE SURFACE PARTICLES|PRE CLEAN WAFER|BACKSIDE CLEAN|WET CLEAN RCA1|RCA CLEAN 2|HF DIP|DRY WAFER|SUBSTRATE CHECK|EPITAXY PREP|EPITAXIAL DEPOSITION|MEASURE EPITAXY THICKNESS|MEASURE RESISTIVITY|EPITAXY ANNEAL|WAFER SURFACE CLEAN|THERMAL OXIDATION|MEASURE OXIDE THICKNESS|SPIN COAT PHOTORESIST|SOFT BAKE|ALIGN MASK LEVEL 1|EXPOSE LITHO LEVEL 1|DEVELOP PHOTORESIST|PATTERN INSPECTION LEVEL 1|OXIDE ETCH|STRIP PHOTORESIST|CLEAN AFTER ETCH|MEASURE OPENING CD|IMPLANT WELL|DRIVE IN DIFFUSION|RAPID THERMAL ANNEAL|MEASURE JUNCTION DEPTH|THERMAL OXIDATION|GATE OXIDE PREP|GATE OXIDE GROWTH|MEASURE GATE OXIDE THICKNESS|DEPOSIT POLYSILICON|POLYSILICON ANNEAL|MEASURE POLY THICKNESS|SPIN COAT PHOTORESIST|SOFT BAKE|ALIGN MASK LEVEL 2|EXPOSE LITHO LEVEL 2|DEVELOP PHOTORESIST|POLY PATTERN INSPECTION|HARD BAKE|POLYSILICON ETCH|STRIP RESIST|CLEAN AFTER POLY ETCH|MEASURE GATE CD|IMPLANT SOURCE DRAIN|PRE ANNEAL CHECK|LIGHT ANNEAL|MEASURE SHEET RESISTANCE|DEPOSIT SPACER DIELECTRIC|ANISOTROPIC ETCH SPACER|MEASURE SPACER WIDTH|IMPLANT LDD|PRE ANNEAL CHECK|RAPID THERMAL ANNEAL|MEASURE JUNCTION PROFILE|DEPOSIT INTERLEVEL DIELECTRIC|DENSIFY OXIDE|MEASURE FILM THICKNESS|CMP INTERLAYER DIELECTRIC|MEASURE PLANARITY|SPIN COAT PHOTORESIST|SOFT BAKE|ALIGN MASK LEVEL 3|EXPOSE LITHO LEVEL 3|DEVELOP PHOTORESIST|VIA INSPECTION|VIA ETCH THROUGH DIELECTRIC|STRIP PHOTORESIST|CLEAN AFTER VIA ETCH|DEPOSIT BARRIER METAL|DEPOSIT METAL SEED|FILL VIA METAL|CMP METAL|DEPOSIT TOP METAL|ANNEAL METAL|SPIN COAT PHOTORESIST|SOFT BAKE|ALIGN MASK LEVEL 4|EXPOSE LITHO LEVEL 4|DEVELOP PHOTORESIST|METAL PATTERN INSPECTION|HARD BAKE|METAL ETCH|STRIP RESIST|CLEAN AFTER METAL ETCH|MEASURE LINE WIDTH|DEPOSIT PASSIVATION|SWITCHING TEST|CURE PASSIVATION|MEASURE PASSIVATION THICKNESS|OPEN BOND PAD WINDOW|PAD WINDOW LITHO|DEVELOP PAD WINDOW|PASSIVATION ETCH|STRIP RESIST|CLEAN PAD OPENING|MEASURE PAD OPENING|BACKSIDE CLEAN|BACKSIDE GRIND|MEASURE THICKNESS|BACKSIDE ETCH CLEAN|BACKSIDE RINSE|BACKSIDE DRY|BACKSIDE METALLIZATION PREP|DEPOSIT BACKSIDE METAL|BACKSIDE ANNEAL|MEASURE BACKSIDE CONTACT|FINAL CLEAN|FINAL THICKNESS MEASURE|FINAL GEOMETRY CHECK|PARAMETRIC TEST|LEAKAGE TEST|THRESHOLD VOLTAGE TEST|WAFER SORT TEST|YIELD ANALYSIS|LOT RELEASE|SHIP LOT,RULE_TEST_BEFORE_PASSIVATION
anomaly_0840,IGBT,RECEIVE WAFER LOT|LOT IDENTIFICATION|INITIAL WAFER INSPECTION|MEASURE INITIAL THICKNESS|MEASURE SURFACE PARTICLES|PRE CLEAN WAFER|BACKSIDE CLEAN|FRONTSIDE CLEAN|WET CLEAN RCA1|WET CLEAN RCA2|HF DIP|DRY WAFER|EPITAXIAL WAFER CHECK|MEASURE EPITAXY THICKNESS|MEASURE RESISTIVITY|EPITAXIAL LAYER PREP|THERMAL OXIDATION|MEASURE OXIDE THICKNESS|SPIN COAT PHOTORESIST|SOFT BAKE|ALIGN MASK LEVEL 1|EXPOSE LITHO LEVEL 1|POST EXPOSE BAKE|DEVELOP PHOTORESIST|INSPECT PATTERN LEVEL 1|OXIDE ETCH DRY|STRIP RESIST|CLEAN AFTER OXIDE ETCH|MEASURE OPENING CD|IMPLANT P BODY|DRIVE IN DIFFUSION|RAPID THERMAL ANNEAL|MEASURE JUNCTION DEPTH|THERMAL OXIDATION|SPIN COAT PHOTORESIST|SOFT BAKE|ALIGN MASK LEVEL 2|EXPOSE LITHO LEVEL 2|DEVELOP PHOTORESIST|P BODY WINDOW INSPECTION|ETCH SILICON OR OXIDE WINDOW|STRIP RESIST|CLEAN AFTER WINDOW ETCH|MEASURE WINDOW CD|IMPLANT N BUFFER|PRE ANNEAL CHECK|RAPID THERMAL ANNEAL|MEASURE SHEET RESISTANCE|DEPOSIT FIELD OXIDE|DENSIFY OXIDE|MEASURE FILM THICKNESS|SPIN COAT PHOTORESIST|SOFT BAKE|ALIGN MASK LEVEL 3|EXPOSE LITHO LEVEL 3|DEVELOP PHOTORESIST|FIELD PATTERN INSPECTION|FIELD OXIDE ETCH|STRIP RESIST|CLEAN AFTER FIELD ETCH|MEASURE SURFACE UNIFORMITY|IMPLANT SOURCE REGION|IMPLANT DRAIN / CATHODE REGION|PRE ANNEAL CHECK|RAPID THERMAL ANNEAL|DEPOSIT GATE OXIDE OR DIELECTRIC|ANNEAL DIELECTRIC|DEPOSIT POLYSILICON|POLYSILICON ANNEAL|MEASURE POLY THICKNESS|SPIN COAT PHOTORESIST|SOFT BAKE|ALIGN MASK LEVEL 4|EXPOSE LITHO LEVEL 4|DEVELOP PHOTORESIST|POLY PATTERN INSPECTION|POLYSILICON ETCH DRY|STRIP RESIST|CLEAN AFTER POLY ETCH|IMPLANT CHANNEL STOP|RAPID THERMAL ANNEAL|MEASURE DEVICE PARAMETER|DEPOSIT INTERLEVEL DIELECTRIC|DENSIFY OXIDE|MEASURE FILM THICKNESS|CMP DIELECTRIC|MEASURE PLANARITY|SPIN COAT PHOTORESIST|SOFT BAKE|ALIGN MASK LEVEL 5|EXPOSE LITHO LEVEL 5|DEVELOP PHOTORESIST|VIA INSPECTION|VIA ETCH THROUGH DIELECTRIC|STRIP RESIST|CLEAN AFTER VIA ETCH|MEASURE VIA CD|DEPOSIT BARRIER METAL|DEPOSIT METAL SEED|FILL VIA METAL|CMP METAL|MEASURE VIA RESISTANCE|DEPOSIT TOP METAL|ANNEAL METAL|SPIN COAT PHOTORESIST|SOFT BAKE|ALIGN MASK LEVEL 6|EXPOSE LITHO LEVEL 6|POST EXPOSE BAKE|DEVELOP PHOTORESIST|METAL PATTERN INSPECTION|METAL ETCH DRY|STRIP PHOTORESIST|CLEAN AFTER METAL ETCH|OPEN PAD WINDOW|DEPOSIT PASSIVATION LAYER|CURE PASSIVATION|MEASURE PASSIVATION THICKNESS|PAD WINDOW LITHO|DEVELOP PAD WINDOW|PASSIVATION ETCH|STRIP RESIST|CLEAN PAD OPENING|MEASURE PAD OPENING|BACKSIDE GRIND|MEASURE THICKNESS|BACKSIDE ETCH CLEAN|BACKSIDE RINSE|BACKSIDE DRY|BACKSIDE METALLIZATION PREP|DEPOSIT BACKSIDE METAL|BACKSIDE ANNEAL|MEASURE BACKSIDE CONTACT|FINAL CLEAN|FINAL THICKNESS MEASURE|FINAL GEOMETRY CHECK|FINAL CD INSPECTION|FINAL PARTICLE INSPECTION|ELECTRICAL PARAMETRIC TEST|LEAKAGE TEST|BREAKDOWN VOLTAGE TEST|SWITCHING TEST|YIELD ANALYSIS|WAFER SORT TEST|FINAL LOT RELEASE|SHIP LOT,RULE_PAD_OPEN_BEFORE_DEP
anomaly_0444,IC,RECEIVE WAFER LOT|LOT IDENTIFICATION|PRE CLEAN INSPECTION|MEASURE SURFACE PARTICLES|WAFER CLEAN PRE PROCESS|BACKSIDE CLEAN|FRONTSIDE CLEAN|WET CLEAN RCA1|WET CLEAN RCA2|HF DIP|DRY WAFER|WAFER CLEAN PRE-GRIND|GRINDING WAFER BACKSIDE|MEASURE INITIAL GEOMETRY|ETCH WET BACKSIDE|RINSE WET WAFER_EDGE|DRY WAFER BACKSIDE|BACKSIDE CLEAN|MEASURE BACKSIDE ROUGHNESS|THERMAL OXIDATION|MEASURE OXIDE THICKNESS|RCA CLEAN 1|WET CLEAN RCA2|HF DIP|OXIDE STRIP|SURFACE PREP FOR DEPOSITION|DEPOSIT PAD OXIDE|ANNEAL OXIDE|MEASURE FILM THICKNESS|SPIN COAT PHOTORESIST|SOFT BAKE|ALIGN MASK LEVEL 1|EXPOSE LITHO LEVEL 1|DEVELOP PHOTORESIST|INSPECT PATTERN LEVEL 1|HARD BAKE|OXIDE ETCH DRY|STRIP RESIST|CLEAN AFTER ETCH|MEASURE CD LEVEL 1|DEPOSIT POLYSILICON|ANNEAL POLYSILICON|SPIN COAT PHOTORESIST|SOFT BAKE|ALIGN MASK LEVEL 2|EXPOSE LITHO LEVEL 2|DEVELOP PHOTORESIST|PATTERN INSPECTION LEVEL 2|HARD BAKE|POLYSILICON ETCH DRY|STRIP RESIST LEVEL 2|CLEAN AFTER POLY ETCH|MEASURE CD LEVEL 2|IMPLANT N-TYPE|RAPID THERMAL ANNEAL|MEASURE SHEET RESISTANCE|DEPOSIT INTERLEVEL DIELECTRIC|DENSIFY DIELECTRIC|MEASURE FILM THICKNESS|CMP DIELECTRIC|MEASURE PLANARITY|SPIN COAT PHOTORESIST|SOFT BAKE|ALIGN MASK LEVEL 3|EXPOSE LITHO LEVEL 3|DEVELOP PHOTORESIST|VIA OPENING INSPECTION|DIELECTRIC ETCH VIA|STRIP PHOTORESIST|CLEAN AFTER VIA ETCH|MEASURE VIA CD|DEPOSIT BARRIER METAL|DEPOSIT TUNGSTEN SEED|FILL VIA TUNGSTEN|CMP VIA FILL|MEASURE CONTACT RESISTANCE|DEPOSIT TOP METAL|ANNEAL METAL 1|MEASURE METAL THICKNESS|SPIN COAT PHOTORESIST|SOFT BAKE|ALIGN MASK LEVEL 4|EXPOSE LITHO LEVEL 4|POST EXPOSE BAKE|DEVELOP PHOTORESIST|METAL PATTERN INSPECTION|METAL ETCH DRY|STRIP PHOTORESIST|CLEAN AFTER METAL ETCH|DEPOSIT PASSIVATION LAYER|CURE PASSIVATION|MEASURE PASSIVATION QUALITY|OPEN PAD WINDOW|OPEN PAD WINDOW LITHO|DEVELOP PAD WINDOW|PASSIVATION ETCH PAD OPENING|STRIP PHOTORESIST|CLEAN PAD OPENING|MEASURE PAD OPENING|BACKSIDE CLEAN FINAL|DEPOSIT BACKSIDE PROTECTION|BACKSIDE ANNEAL|FRONTSIDE CLEAN FINAL|FINAL CLEAN|FINAL THICKNESS MEASURE|FINAL GEOMETRY CHECK|FINAL CD INSPECTION|FINAL PARTICLE INSPECTION|FINAL ELECTRICAL TEST PREP|ELECTRICAL PARAMETRIC TEST|LEAKAGE TEST|THRESHOLD VOLTAGE TEST|SWITCHING TEST|SHIP LOT|YIELD ANALYSIS|FINAL LOT RELEASE|PACKAGE PREPARATION|WAFER SORT TEST,RULE_SHIP_BEFORE_TEST
anomaly_0412,IGBT,RECEIVE WAFER LOT|LOT IDENTIFICATION|PRE CLEAN INSPECTION|MEASURE SURFACE PARTICLES|PRE CLEAN WAFER|BACKSIDE CLEAN|FRONTSIDE CLEAN|WET CLEAN RCA1|WET CLEAN RCA2|HF DIP|DRY WAFER|EPITAXIAL WAFER CHECK|MEASURE EPITAXY THICKNESS|MEASURE RESISTIVITY|EPITAXIAL REWORK CHECK|EPITAXIAL LAYER PREP|THERMAL OXIDATION|MEASURE OXIDE THICKNESS|SPIN COAT PHOTORESIST|SOFT BAKE|ALIGN MASK LEVEL 1|EXPOSE LITHO LEVEL 1|POST EXPOSE BAKE|DEVELOP PHOTORESIST|INSPECT PATTERN LEVEL 1|OXIDE ETCH DRY|STRIP PHOTORESIST|CLEAN AFTER OXIDE ETCH|MEASURE OPENING CD|IMPLANT P BODY|PRE ANNEAL CHECK|DRIVE IN DIFFUSION|RAPID THERMAL ANNEAL|MEASURE JUNCTION DEPTH|THERMAL OXIDATION|SPIN COAT PHOTORESIST|SOFT BAKE|ALIGN MASK LEVEL 2|EXPOSE LITHO LEVEL 2|DEVELOP PHOTORESIST|P BODY WINDOW INSPECTION|HARD BAKE|ETCH SILICON OR OXIDE WINDOW|STRIP RESIST|CLEAN AFTER WINDOW ETCH|IMPLANT N BUFFER|PRE ANNEAL CHECK|RAPID THERMAL ANNEAL|MEASURE SHEET RESISTANCE|EPITAXIAL REWORK CHECK|DEPOSIT FIELD OXIDE|DENSIFY OXIDE|MEASURE FILM THICKNESS|SPIN COAT PHOTORESIST|SOFT BAKE|ALIGN MASK LEVEL 3|EXPOSE LITHO LEVEL 3|DEVELOP PHOTORESIST|FIELD PATTERN INSPECTION|FIELD OXIDE ETCH|STRIP RESIST|CLEAN AFTER FIELD ETCH|MEASURE SURFACE UNIFORMITY|IMPLANT SOURCE REGION|IMPLANT DRAIN / CATHODE REGION|PRE ANNEAL CHECK|RAPID THERMAL ANNEAL|MEASURE SHEET RESISTANCE|DEPOSIT GATE OXIDE OR DIELECTRIC|ANNEAL DIELECTRIC|DEPOSIT POLYSILICON|POLYSILICON ANNEAL|MEASURE POLY THICKNESS|SPIN COAT PHOTORESIST|SOFT BAKE|ALIGN MASK LEVEL 4|EXPOSE LITHO LEVEL 4|DEVELOP PHOTORESIST|POLY PATTERN INSPECTION|POLYSILICON ETCH DRY|STRIP PHOTORESIST|CLEAN AFTER POLY ETCH|MEASURE GATE CD|IMPLANT CHANNEL STOP|RAPID THERMAL ANNEAL|MEASURE DEVICE PARAMETER|DEPOSIT INTERLEVEL DIELECTRIC|DENSIFY OXIDE|MEASURE DIELECTRIC THICKNESS|CMP DIELECTRIC|MEASURE SURFACE PLANARITY|SPIN COAT PHOTORESIST|SOFT BAKE|ALIGN MASK LEVEL 5|EXPOSE LITHO LEVEL 5|DEVELOP PHOTORESIST|VIA INSPECTION|HARD BAKE|VIA ETCH THROUGH DIELECTRIC|STRIP RESIST|CLEAN AFTER VIA ETCH|DEPOSIT BARRIER METAL|DEPOSIT METAL SEED|FILL VIA METAL|CMP VIA FILL|DEPOSIT METAL 1|ANNEAL METAL 1|SPIN COAT PHOTORESIST|SOFT BAKE|ALIGN MASK LEVEL 6|EXPOSE LITHO LEVEL 6|POST EXPOSE BAKE|DEVELOP PHOTORESIST|METAL PATTERN INSPECTION|METAL ETCH DRY|STRIP PHOTORESIST|CLEAN AFTER METAL ETCH|MEASURE LINE WIDTH|OPEN BOND PAD WINDOW|DEPOSIT PASSIVATION|CURE PASSIVATION|MEASURE PASSIVATION QUALITY|PAD WINDOW LITHO|DEVELOP PHOTORESIST|PASSIVATION ETCH|STRIP PHOTORESIST|CLEAN PAD OPENING|MEASURE PAD OPENING|BACKSIDE GRIND|MEASURE WAFER THICKNESS|BACKSIDE ETCH CLEAN|BACKSIDE RINSE|BACKSIDE DRY|BACKSIDE METALLIZATION PREP|DEPOSIT BACKSIDE METAL|BACKSIDE ANNEAL|MEASURE BACKSIDE CONTACT|FINAL CLEAN|FINAL CD INSPECTION|FINAL PARTICLE INSPECTION|PARAMETRIC TEST|LEAKAGE TEST|BREAKDOWN VOLTAGE TEST|SWITCHING TEST|YIELD ANALYSIS|WAFER SORT TEST|FINAL LOT RELEASE|SHIP LOT,RULE_PAD_OPEN_BEFORE_DEP
anomaly_0849,IC,RECEIVE WAFER LOT|LOT IDENTIFICATION|INITIAL WAFER INSPECTION|MEASURE INITIAL THICKNESS|WAFER CLEAN PRE PROCESS|WET CLEAN RCA1|RCA CLEAN 2|HF DIP|WAFER CLEAN PRE-GRIND|GRINDING WAFER BACKSIDE|MEASURE GEOMETRY|ETCH WET BACKSIDE|RINSE WET WAFER_EDGE|DRY WAFER BACKSIDE|BACKSIDE CLEAN|MEASURE BACKSIDE ROUGHNESS|THERMAL OXIDATION|MEASURE OXIDE THICKNESS|WET CLEAN RCA1|WET CLEAN RCA2|HF DIP|OXIDE STRIP|SURFACE PREP FOR DEPOSITION|DEPOSIT PAD OXIDE|ANNEAL OXIDE|MEASURE FILM THICKNESS|SPIN COAT PHOTORESIST|SOFT BAKE|ALIGN MASK LEVEL 1|EXPOSE LITHO LEVEL 1|DEVELOP PHOTORESIST|INSPECT PATTERN LEVEL 1|HARD BAKE|OXIDE ETCH DRY|STRIP RESIST|CLEAN AFTER ETCH|DEPOSIT POLYSILICON|ANNEAL POLYSILICON|SPIN COAT PHOTORESIST|SOFT BAKE|ALIGN MASK LEVEL 2|EXPOSE LITHO LEVEL 2|DEVELOP PHOTORESIST|PATTERN INSPECTION LEVEL 2|HARD BAKE|POLYSILICON ETCH DRY|STRIP RESIST LEVEL 2|CLEAN AFTER POLY ETCH|IMPLANT N-TYPE|PRE ANNEAL CHECK|RAPID THERMAL ANNEAL|MEASURE SHEET RESISTANCE|DENSIFY DIELECTRIC|MEASURE DIELECTRIC THICKNESS|CMP INTERLAYER DIELECTRIC|MEASURE SURFACE PLANARITY|SPIN COAT PHOTORESIST|SOFT BAKE|ALIGN MASK LEVEL 3|EXPOSE LITHO LEVEL 3|DEVELOP PHOTORESIST|VIA OPENING INSPECTION|HARD BAKE|VIA ETCH THROUGH DIELECTRIC|STRIP PHOTORESIST|CLEAN AFTER VIA ETCH|MEASURE VIA CD|DEPOSIT BARRIER METAL|DEPOSIT TUNGSTEN SEED|FILL VIA TUNGSTEN|CMP METAL|MEASURE CONTACT RESISTANCE|DEPOSIT METAL 1|ANNEAL METAL|MEASURE METAL THICKNESS|SPIN COAT PHOTORESIST|SOFT BAKE|ALIGN MASK LEVEL 4|EXPOSE LITHO LEVEL 4|DEVELOP PHOTORESIST|METAL PATTERN INSPECTION|METAL ETCH DRY|STRIP RESIST|CLEAN AFTER METAL ETCH|MEASURE LINE WIDTH|DEPOSIT PASSIVATION|CURE PASSIVATION|MEASURE PASSIVATION QUALITY|OPEN BOND PAD WINDOW|OPEN PAD WINDOW LITHO|DEVELOP PHOTORESIST|PASSIVATION ETCH|STRIP PHOTORESIST|CLEAN PAD OPENING|MEASURE PAD OPENING|BACKSIDE THINNING CHECK|BACKSIDE CLEAN FINAL|DEPOSIT BACKSIDE PROTECTION|BACKSIDE ANNEAL|FRONTSIDE CLEAN FINAL|FINAL CLEAN|FINAL THICKNESS MEASURE|FINAL GEOMETRY CHECK|FINAL PARTICLE INSPECTION|FINAL ELECTRICAL TEST PREP|ELECTRICAL PARAMETRIC TEST|LEAKAGE TEST|THRESHOLD VOLTAGE TEST|SWITCHING TEST|WAFER SORT TEST|YIELD ANALYSIS|FINAL LOT RELEASE|PACKAGE PREPARATION|SHIP LOT,RULE_CMP_NO_DEP
anomaly_0975,MOSFET,RECEIVE WAFER LOT|LOT IDENTIFICATION|INITIAL WAFER INSPECTION|MEASURE THICKNESS|PRE CLEAN WAFER|BACKSIDE CLEAN|RCA CLEAN 1|RCA CLEAN 2|HF DIP|DRY WAFER|SUBSTRATE CHECK|EPITAXY PREP|EPITAXIAL DEPOSITION|MEASURE EPITAXY THICKNESS|MEASURE RESISTIVITY|EPITAXY ANNEAL|WAFER SURFACE CLEAN|THERMAL OXIDATION|MEASURE OXIDE THICKNESS|SPIN COAT PHOTORESIST|SOFT BAKE|ALIGN MASK LEVEL 1|EXPOSE LITHO LEVEL 1|DEVELOP PHOTORESIST|PATTERN INSPECTION LEVEL 1|OXIDE ETCH|STRIP PHOTORESIST|CLEAN AFTER ETCH|MEASURE OPENING CD|IMPLANT WELL|DRIVE IN DIFFUSION|RAPID THERMAL ANNEAL|MEASURE JUNCTION DEPTH|THERMAL OXIDATION|GATE OXIDE PREP|GATE OXIDE GROWTH|MEASURE GATE OXIDE THICKNESS|DEPOSIT POLYSILICON|POLYSILICON ANNEAL|MEASURE POLY THICKNESS|SPIN COAT PHOTORESIST|SOFT BAKE|ALIGN MASK LEVEL 2|EXPOSE LITHO LEVEL 2|DEVELOP PHOTORESIST|POLY PATTERN INSPECTION|POLYSILICON ETCH|STRIP RESIST|CLEAN AFTER POLY ETCH|MEASURE GATE CD|IMPLANT SOURCE DRAIN|PRE ANNEAL CHECK|LIGHT ANNEAL|MEASURE SHEET RESISTANCE|DEPOSIT SPACER DIELECTRIC|ANISOTROPIC ETCH SPACER|MEASURE SPACER WIDTH|IMPLANT LDD|RAPID THERMAL ANNEAL|MEASURE JUNCTION PROFILE|DEPOSIT INTERLAYER DIELECTRIC|DENSIFY DIELECTRIC|MEASURE FILM THICKNESS|CMP DIELECTRIC|MEASURE PLANARITY|SPIN COAT PHOTORESIST|SOFT BAKE|POST EXPOSE BAKE|DEVELOP PHOTORESIST|VIA OPENING INSPECTION|DIELECTRIC ETCH VIA|STRIP RESIST|CLEAN AFTER VIA ETCH|DEPOSIT BARRIER METAL|DEPOSIT METAL SEED|FILL VIA METAL|CMP METAL|MEASURE CONTACT RESISTANCE|DEPOSIT METAL 1|ANNEAL METAL|MEASURE METAL THICKNESS|SPIN COAT PHOTORESIST|SOFT BAKE|ALIGN MASK LEVEL 4|EXPOSE LITHO LEVEL 4|POST EXPOSE BAKE|DEVELOP PHOTORESIST|METAL PATTERN INSPECTION|HARD BAKE|METAL ETCH|STRIP RESIST|CLEAN AFTER METAL ETCH|MEASURE LINE WIDTH|DEPOSIT PASSIVATION LAYER|CURE PASSIVATION|MEASURE PASSIVATION THICKNESS|OPEN PAD WINDOW|OPEN PAD WINDOW LITHO|DEVELOP PHOTORESIST|PASSIVATION ETCH PAD OPENING|STRIP RESIST|CLEAN PAD OPENING|MEASURE PAD OPENING|BACKSIDE CLEAN|BACKSIDE GRIND|MEASURE WAFER THICKNESS|BACKSIDE ETCH CLEAN|BACKSIDE RINSE|BACKSIDE DRY|BACKSIDE METALLIZATION PREP|DEPOSIT BACKSIDE METAL|BACKSIDE ANNEAL|MEASURE BACKSIDE CONTACT|FINAL CLEAN|FINAL THICKNESS MEASURE|FINAL GEOMETRY CHECK|FINAL CD INSPECTION|FINAL PARTICLE INSPECTION|ELECTRICAL PARAMETRIC TEST|LEAKAGE TEST|THRESHOLD VOLTAGE TEST|SWITCHING TEST|WAFER SORT TEST|YIELD ANALYSIS|FINAL LOT RELEASE|SHIP LOT,RULE_LITHO_LEVEL_SKIP
anomaly_0185,IGBT,RECEIVE WAFER LOT|LOT IDENTIFICATION|INITIAL WAFER INSPECTION|MEASURE INITIAL THICKNESS|PRE CLEAN WAFER|BACKSIDE CLEAN|FRONTSIDE CLEAN|RCA CLEAN 1|WET CLEAN RCA2|HF DIP|DRY WAFER|EPITAXIAL WAFER CHECK|MEASURE EPITAXY THICKNESS|MEASURE RESISTIVITY|EPITAXIAL LAYER PREP|THERMAL OXIDATION|MEASURE OXIDE THICKNESS|SPIN COAT PHOTORESIST|SOFT BAKE|ALIGN MASK LEVEL 1|EXPOSE LITHO LEVEL 1|DEVELOP PHOTORESIST|INSPECT PATTERN LEVEL 1|HARD BAKE|OXIDE ETCH DRY|STRIP PHOTORESIST|CLEAN AFTER OXIDE ETCH|MEASURE OPENING CD|IMPLANT P BODY|PRE ANNEAL CHECK|DRIVE IN DIFFUSION|RAPID THERMAL ANNEAL|MEASURE JUNCTION DEPTH|THERMAL OXIDATION|SPIN COAT PHOTORESIST|SOFT BAKE|ALIGN MASK LEVEL 2|EXPOSE LITHO LEVEL 2|DEVELOP PHOTORESIST|P BODY WINDOW INSPECTION|HARD BAKE|ETCH SILICON OR OXIDE WINDOW|STRIP PHOTORESIST|CLEAN AFTER WINDOW ETCH|IMPLANT N BUFFER|PRE ANNEAL CHECK|RAPID THERMAL ANNEAL|MEASURE SHEET RESISTANCE|EPITAXIAL REWORK CHECK|DEPOSIT FIELD OXIDE|DENSIFY OXIDE|MEASURE FILM THICKNESS|SPIN COAT PHOTORESIST|SOFT BAKE|ALIGN MASK LEVEL 3|EXPOSE LITHO LEVEL 3|POST EXPOSE BAKE|DEVELOP PHOTORESIST|FIELD PATTERN INSPECTION|FIELD OXIDE ETCH|STRIP PHOTORESIST|CLEAN AFTER FIELD ETCH|IMPLANT SOURCE REGION|IMPLANT DRAIN / CATHODE REGION|RAPID THERMAL ANNEAL|DEPOSIT GATE OXIDE OR DIELECTRIC|ANNEAL DIELECTRIC|MEASURE OXIDE QUALITY|DEPOSIT POLYSILICON|POLYSILICON ANNEAL|SPIN COAT PHOTORESIST|SOFT BAKE|ALIGN MASK LEVEL 4|EXPOSE LITHO LEVEL 4|DEVELOP PHOTORESIST|POLY PATTERN INSPECTION|HARD BAKE|POLYSILICON ETCH DRY|STRIP RESIST|CLEAN AFTER POLY ETCH|MEASURE GATE CD|IMPLANT CHANNEL STOP|PRE ANNEAL CHECK|RAPID THERMAL ANNEAL|MEASURE DEVICE PARAMETER|DEPOSIT INTERLAYER DIELECTRIC|DENSIFY OXIDE|MEASURE DIELECTRIC THICKNESS|CMP INTERLAYER DIELECTRIC|MEASURE PLANARITY|SPIN COAT PHOTORESIST|SOFT BAKE|ALIGN MASK LEVEL 5|EXPOSE LITHO LEVEL 5|POST EXPOSE BAKE|DEVELOP PHOTORESIST|VIA INSPECTION|DIELECTRIC ETCH VIA|STRIP PHOTORESIST|CLEAN AFTER VIA ETCH|MEASURE VIA CD|DEPOSIT BARRIER METAL|DEPOSIT METAL SEED|FILL VIA METAL|CMP METAL|MEASURE CONTACT RESISTANCE|DEPOSIT METAL 1|ANNEAL METAL|MEASURE METAL THICKNESS|SPIN COAT PHOTORESIST|SOFT BAKE|ALIGN MASK LEVEL 6|EXPOSE LITHO LEVEL 6|DEVELOP PHOTORESIST|METAL PATTERN INSPECTION|HARD BAKE|METAL ETCH DRY|STRIP PHOTORESIST|CLEAN AFTER METAL ETCH|MEASURE LINE WIDTH|OPEN PAD WINDOW|DEPOSIT PASSIVATION LAYER|CURE PASSIVATION|MEASURE PASSIVATION QUALITY|OPEN PAD WINDOW LITHO|DEVELOP PHOTORESIST|PASSIVATION ETCH|STRIP RESIST|CLEAN PAD OPENING|MEASURE PAD OPENING|BACKSIDE GRIND|MEASURE THICKNESS|BACKSIDE ETCH CLEAN|BACKSIDE RINSE|BACKSIDE DRY|BACKSIDE METALLIZATION PREP|DEPOSIT BACKSIDE METAL|BACKSIDE ANNEAL|MEASURE BACKSIDE CONTACT|FINAL CLEAN|FINAL THICKNESS MEASURE|FINAL CD INSPECTION|FINAL PARTICLE INSPECTION|ELECTRICAL PARAMETRIC TEST|LEAKAGE TEST|BREAKDOWN VOLTAGE TEST|SWITCHING TEST|WAFER SORT TEST|YIELD ANALYSIS|LOT RELEASE|SHIP LOT,RULE_PAD_OPEN_BEFORE_DEP
anomaly_0360,IGBT,RECEIVE WAFER LOT|LOT IDENTIFICATION|INITIAL WAFER INSPECTION|MEASURE INITIAL THICKNESS|MEASURE SURFACE PARTICLES|PRE CLEAN WAFER|BACKSIDE CLEAN|FRONTSIDE CLEAN|RCA CLEAN 1|RCA CLEAN 2|HF DIP|DRY WAFER|EPITAXIAL WAFER CHECK|MEASURE EPITAXY THICKNESS|MEASURE RESISTIVITY|EPITAXIAL LAYER PREP|THERMAL OXIDATION|MEASURE OXIDE THICKNESS|SPIN COAT PHOTORESIST|SOFT BAKE|ALIGN MASK LEVEL 1|EXPOSE LITHO LEVEL 1|DEVELOP PHOTORESIST|INSPECT PATTERN LEVEL 1|HARD BAKE|OXIDE ETCH DRY|STRIP RESIST|CLEAN AFTER OXIDE ETCH|MEASURE OPENING CD|IMPLANT P BODY|PRE ANNEAL CHECK|DRIVE IN DIFFUSION|RAPID THERMAL ANNEAL|THERMAL OXIDATION|SPIN COAT PHOTORESIST|SOFT BAKE|ALIGN MASK LEVEL 2|EXPOSE LITHO LEVEL 2|POST EXPOSE BAKE|DEVELOP PHOTORESIST|P BODY WINDOW INSPECTION|ETCH SILICON OR OXIDE WINDOW|STRIP PHOTORESIST|CLEAN AFTER WINDOW ETCH|MEASURE WINDOW CD|IMPLANT N BUFFER|PRE ANNEAL CHECK|RAPID THERMAL ANNEAL|MEASURE SHEET RESISTANCE|DEPOSIT FIELD OXIDE|DENSIFY OXIDE|SPIN COAT PHOTORESIST|SOFT BAKE|ALIGN MASK LEVEL 3|EXPOSE LITHO LEVEL 3|DEVELOP PHOTORESIST|FIELD PATTERN INSPECTION|FIELD OXIDE ETCH|STRIP RESIST|CLEAN AFTER FIELD ETCH|MEASURE SURFACE UNIFORMITY|IMPLANT SOURCE REGION|IMPLANT DRAIN / CATHODE REGION|PRE ANNEAL CHECK|RAPID THERMAL ANNEAL|MEASURE SHEET RESISTANCE|DEPOSIT GATE OXIDE OR DIELECTRIC|ANNEAL DIELECTRIC|MEASURE OXIDE QUALITY|DEPOSIT POLYSILICON|POLYSILICON ANNEAL|MEASURE POLY THICKNESS|SPIN COAT PHOTORESIST|SOFT BAKE|ALIGN MASK LEVEL 4|EXPOSE LITHO LEVEL 4|DEVELOP PHOTORESIST|POLY PATTERN INSPECTION|POLYSILICON ETCH DRY|STRIP RESIST|CLEAN AFTER POLY ETCH|MEASURE GATE CD|IMPLANT CHANNEL STOP|PRE ANNEAL CHECK|RAPID THERMAL ANNEAL|DEPOSIT INTERLEVEL DIELECTRIC|DENSIFY DIELECTRIC|MEASURE FILM THICKNESS|CMP INTERLAYER DIELECTRIC|MEASURE SURFACE PLANARITY|SPIN COAT PHOTORESIST|SOFT BAKE|DEVELOP PHOTORESIST|VIA OPENING INSPECTION|HARD BAKE|VIA ETCH|STRIP PHOTORESIST|CLEAN AFTER VIA ETCH|MEASURE VIA CD|DEPOSIT BARRIER METAL|DEPOSIT METAL SEED|FILL VIA METAL|CMP METAL|DEPOSIT TOP METAL|ANNEAL METAL|SPIN COAT PHOTORESIST|SOFT BAKE|ALIGN MASK LEVEL 6|EXPOSE LITHO LEVEL 6|POST EXPOSE BAKE|DEVELOP PHOTORESIST|METAL PATTERN INSPECTION|HARD BAKE|METAL ETCH DRY|STRIP PHOTORESIST|CLEAN AFTER METAL ETCH|MEASURE LINE WIDTH|DEPOSIT PASSIVATION LAYER|CURE PASSIVATION|MEASURE PASSIVATION THICKNESS|OPEN PAD WINDOW|PAD WINDOW LITHO|DEVELOP PAD WINDOW|PASSIVATION ETCH|STRIP PHOTORESIST|CLEAN PAD OPENING|MEASURE PAD OPENING|BACKSIDE GRIND|MEASURE THICKNESS|BACKSIDE ETCH CLEAN|BACKSIDE RINSE|BACKSIDE DRY|BACKSIDE METALLIZATION PREP|DEPOSIT BACKSIDE METAL|BACKSIDE ANNEAL|MEASURE BACKSIDE CONTACT|FINAL CLEAN|FINAL THICKNESS MEASURE|FINAL GEOMETRY CHECK|FINAL CD INSPECTION|FINAL PARTICLE INSPECTION|PARAMETRIC TEST|LEAKAGE TEST|BREAKDOWN VOLTAGE TEST|SWITCHING TEST|YIELD ANALYSIS|WAFER SORT TEST|LOT RELEASE|SHIP LOT,RULE_LITHO_LEVEL_SKIP
anomaly_0960,MOSFET,RECEIVE WAFER LOT|LOT IDENTIFICATION|PRE CLEAN INSPECTION|MEASURE SURFACE PARTICLES|PRE CLEAN WAFER|WET CLEAN RCA1|RCA CLEAN 2|HF DIP|SUBSTRATE CHECK|EPITAXY PREP|EPITAXIAL DEPOSITION|MEASURE EPITAXY THICKNESS|MEASURE RESISTIVITY|EPITAXY ANNEAL|WAFER SURFACE CLEAN|THERMAL OXIDATION|MEASURE OXIDE THICKNESS|SPIN COAT PHOTORESIST|SOFT BAKE|ALIGN MASK LEVEL 1|EXPOSE LITHO LEVEL 1|DEVELOP PHOTORESIST|PATTERN INSPECTION LEVEL 1|HARD BAKE|OXIDE ETCH|STRIP RESIST|CLEAN AFTER ETCH|MEASURE OPENING CD|IMPLANT WELL|DRIVE IN DIFFUSION|RAPID THERMAL ANNEAL|MEASURE JUNCTION DEPTH|THERMAL OXIDATION|GATE OXIDE PREP|GATE OXIDE GROWTH|MEASURE GATE OXIDE THICKNESS|DEPOSIT POLYSILICON|POLYSILICON ANNEAL|MEASURE POLY THICKNESS|SPIN COAT PHOTORESIST|SOFT BAKE|ALIGN MASK LEVEL 2|EXPOSE LITHO LEVEL 2|POST EXPOSE BAKE|DEVELOP PHOTORESIST|POLY PATTERN INSPECTION|POLYSILICON ETCH|STRIP PHOTORESIST|CLEAN AFTER POLY ETCH|IMPLANT SOURCE DRAIN|PRE ANNEAL CHECK|LIGHT ANNEAL|MEASURE SHEET RESISTANCE|DEPOSIT SPACER DIELECTRIC|ANISOTROPIC ETCH SPACER|IMPLANT LDD|RAPID THERMAL ANNEAL|MEASURE JUNCTION PROFILE|DEPOSIT INTERLEVEL DIELECTRIC|DENSIFY DIELECTRIC|MEASURE DIELECTRIC THICKNESS|CMP INTERLAYER DIELECTRIC|MEASURE PLANARITY|SPIN COAT PHOTORESIST|SOFT BAKE|ALIGN MASK LEVEL 3|EXPOSE LITHO LEVEL 3|POST EXPOSE BAKE|DEVELOP PHOTORESIST|VIA INSPECTION|DIELECTRIC ETCH VIA|STRIP RESIST|CLEAN AFTER VIA ETCH|MEASURE VIA CD|DEPOSIT BARRIER METAL|DEPOSIT METAL SEED|FILL VIA METAL|CMP VIA FILL|MEASURE VIA RESISTANCE|DEPOSIT METAL 1|ANNEAL METAL|SPIN COAT PHOTORESIST|SOFT BAKE|ALIGN MASK LEVEL 4|DEVELOP PHOTORESIST|METAL PATTERN INSPECTION|METAL ETCH|STRIP PHOTORESIST|CLEAN AFTER METAL ETCH|MEASURE LINE WIDTH|DEPOSIT PASSIVATION LAYER|CURE PASSIVATION|MEASURE PASSIVATION QUALITY|OPEN PAD WINDOW|PAD WINDOW LITHO|DEVELOP PHOTORESIST|PASSIVATION ETCH|STRIP RESIST|CLEAN PAD OPENING|MEASURE PAD OPENING|BACKSIDE CLEAN|BACKSIDE GRIND|MEASURE WAFER THICKNESS|BACKSIDE ETCH CLEAN|BACKSIDE RINSE|BACKSIDE DRY|BACKSIDE METALLIZATION PREP|DEPOSIT BACKSIDE METAL|BACKSIDE ANNEAL|MEASURE BACKSIDE CONTACT|FINAL CLEAN|FINAL THICKNESS MEASURE|FINAL GEOMETRY CHECK|FINAL CD INSPECTION|ELECTRICAL PARAMETRIC TEST|LEAKAGE TEST|THRESHOLD VOLTAGE TEST|SWITCHING TEST|WAFER SORT TEST|YIELD ANALYSIS|FINAL LOT RELEASE|SHIP LOT,RULE_METAL_ETCH_NO_LITHO
anomaly_0263,MOSFET,RECEIVE WAFER LOT|LOT IDENTIFICATION|PRE CLEAN INSPECTION|MEASURE THICKNESS|MEASURE SURFACE PARTICLES|PRE CLEAN WAFER|BACKSIDE CLEAN|FRONTSIDE CLEAN|WET CLEAN RCA1|WET CLEAN RCA2|HF DIP|SUBSTRATE CHECK|EPITAXY PREP|EPITAXIAL DEPOSITION|MEASURE EPITAXY THICKNESS|MEASURE RESISTIVITY|EPITAXY ANNEAL|WAFER SURFACE CLEAN|THERMAL OXIDATION|MEASURE OXIDE THICKNESS|SPIN COAT PHOTORESIST|SOFT BAKE|ALIGN MASK LEVEL 1|EXPOSE LITHO LEVEL 1|POST EXPOSE BAKE|DEVELOP PHOTORESIST|PATTERN INSPECTION LEVEL 1|OXIDE ETCH|STRIP RESIST|CLEAN AFTER ETCH|MEASURE OPENING CD|IMPLANT WELL|PRE ANNEAL CHECK|DRIVE IN DIFFUSION|RAPID THERMAL ANNEAL|MEASURE JUNCTION DEPTH|THERMAL OXIDATION|GATE OXIDE PREP|GATE OXIDE GROWTH|MEASURE GATE OXIDE THICKNESS|DEPOSIT POLYSILICON|POLYSILICON ANNEAL|MEASURE POLY THICKNESS|SPIN COAT PHOTORESIST|SOFT BAKE|ALIGN MASK LEVEL 2|EXPOSE LITHO LEVEL 2|DEVELOP PHOTORESIST|POLY PATTERN INSPECTION|POLYSILICON ETCH|STRIP RESIST|CLEAN AFTER POLY ETCH|IMPLANT SOURCE DRAIN|LIGHT ANNEAL|MEASURE SHEET RESISTANCE|DEPOSIT SPACER DIELECTRIC|ANISOTROPIC ETCH SPACER|MEASURE SPACER WIDTH|IMPLANT LDD|PRE ANNEAL CHECK|RAPID THERMAL ANNEAL|DEPOSIT INTERLEVEL DIELECTRIC|DENSIFY DIELECTRIC|MEASURE FILM THICKNESS|CMP INTERLAYER DIELECTRIC|MEASURE PLANARITY|SPIN COAT PHOTORESIST|SOFT BAKE|ALIGN MASK LEVEL 3|EXPOSE LITHO LEVEL 3|DEVELOP PHOTORESIST|VIA INSPECTION|HARD BAKE|VIA ETCH THROUGH DIELECTRIC|STRIP RESIST|CLEAN AFTER VIA ETCH|DEPOSIT BARRIER METAL|DEPOSIT METAL SEED|FILL VIA METAL|CMP VIA FILL|MEASURE VIA RESISTANCE|DEPOSIT TOP METAL|ANNEAL METAL 1|SPIN COAT PHOTORESIST|SOFT BAKE|ALIGN MASK LEVEL 4|EXPOSE LITHO LEVEL 4|DEVELOP PHOTORESIST|METAL PATTERN INSPECTION|HARD BAKE|METAL ETCH|STRIP RESIST|CLEAN AFTER METAL ETCH|MEASURE LINE WIDTH|DEPOSIT PASSIVATION|ELECTRICAL PARAMETRIC TEST|CURE PASSIVATION|MEASURE PASSIVATION THICKNESS|OPEN PAD WINDOW|PAD WINDOW LITHO|DEVELOP PHOTORESIST|PASSIVATION ETCH PAD OPENING|STRIP PHOTORESIST|CLEAN PAD OPENING|MEASURE PAD OPENING|BACKSIDE CLEAN|BACKSIDE GRIND|MEASURE THICKNESS|BACKSIDE ETCH CLEAN|BACKSIDE RINSE|BACKSIDE DRY|BACKSIDE METALLIZATION PREP|DEPOSIT BACKSIDE METAL|BACKSIDE ANNEAL|MEASURE BACKSIDE CONTACT|FINAL CLEAN|FINAL GEOMETRY CHECK|FINAL PARTICLE INSPECTION|LEAKAGE TEST|THRESHOLD VOLTAGE TEST|SWITCHING TEST|WAFER SORT TEST|YIELD ANALYSIS|FINAL LOT RELEASE|SHIP LOT,RULE_TEST_BEFORE_PASSIVATION
anomaly_0050,IGBT,RECEIVE WAFER LOT|LOT IDENTIFICATION|PRE CLEAN INSPECTION|MEASURE INITIAL THICKNESS|MEASURE SURFACE PARTICLES|PRE CLEAN WAFER|BACKSIDE CLEAN|FRONTSIDE CLEAN|WET CLEAN RCA1|WET CLEAN RCA2|HF DIP|EPITAXIAL WAFER CHECK|MEASURE EPITAXY THICKNESS|MEASURE RESISTIVITY|EPITAXIAL LAYER PREP|THERMAL OXIDATION|MEASURE OXIDE THICKNESS|SPIN COAT PHOTORESIST|SOFT BAKE|ALIGN MASK LEVEL 1|EXPOSE LITHO LEVEL 1|DEVELOP PHOTORESIST|INSPECT PATTERN LEVEL 1|OXIDE ETCH DRY|STRIP PHOTORESIST|CLEAN AFTER OXIDE ETCH|MEASURE OPENING CD|IMPLANT P BODY|PRE ANNEAL CHECK|DRIVE IN DIFFUSION|RAPID THERMAL ANNEAL|MEASURE JUNCTION DEPTH|THERMAL OXIDATION|SPIN COAT PHOTORESIST|SOFT BAKE|ALIGN MASK LEVEL 2|EXPOSE LITHO LEVEL 2|P BODY WINDOW INSPECTION|ETCH SILICON OR OXIDE WINDOW|STRIP RESIST|CLEAN AFTER WINDOW ETCH|MEASURE WINDOW CD|IMPLANT N BUFFER|PRE ANNEAL CHECK|RAPID THERMAL ANNEAL|MEASURE SHEET RESISTANCE|DEPOSIT FIELD OXIDE|DENSIFY OXIDE|MEASURE FILM THICKNESS|SPIN COAT PHOTORESIST|SOFT BAKE|ALIGN MASK LEVEL 3|EXPOSE LITHO LEVEL 3|POST EXPOSE BAKE|DEVELOP PHOTORESIST|FIELD PATTERN INSPECTION|FIELD OXIDE ETCH|STRIP PHOTORESIST|CLEAN AFTER FIELD ETCH|MEASURE SURFACE UNIFORMITY|IMPLANT SOURCE REGION|IMPLANT DRAIN / CATHODE REGION|PRE ANNEAL CHECK|RAPID THERMAL ANNEAL|MEASURE SHEET RESISTANCE|DEPOSIT GATE OXIDE OR DIELECTRIC|ANNEAL DIELECTRIC|DEPOSIT POLYSILICON|POLYSILICON ANNEAL|MEASURE POLY THICKNESS|SPIN COAT PHOTORESIST|SOFT BAKE|ALIGN MASK LEVEL 4|EXPOSE LITHO LEVEL 4|DEVELOP PHOTORESIST|POLY PATTERN INSPECTION|HARD BAKE|POLYSILICON ETCH DRY|STRIP PHOTORESIST|CLEAN AFTER POLY ETCH|MEASURE GATE CD|IMPLANT CHANNEL STOP|PRE ANNEAL CHECK|RAPID THERMAL ANNEAL|MEASURE DEVICE PARAMETER|DEPOSIT INTERLAYER DIELECTRIC|DENSIFY OXIDE|MEASURE FILM THICKNESS|CMP INTERLAYER DIELECTRIC|MEASURE PLANARITY|SPIN COAT PHOTORESIST|SOFT BAKE|ALIGN MASK LEVEL 5|EXPOSE LITHO LEVEL 5|DEVELOP PHOTORESIST|VIA INSPECTION|DIELECTRIC ETCH VIA|STRIP RESIST|CLEAN AFTER VIA ETCH|MEASURE VIA CD|DEPOSIT BARRIER METAL|DEPOSIT METAL SEED|FILL VIA METAL|CMP VIA FILL|MEASURE CONTACT RESISTANCE|DEPOSIT METAL 1|ANNEAL METAL|MEASURE METAL THICKNESS|SPIN COAT PHOTORESIST|SOFT BAKE|ALIGN MASK LEVEL 6|EXPOSE LITHO LEVEL 6|POST EXPOSE BAKE|DEVELOP PHOTORESIST|METAL PATTERN INSPECTION|METAL ETCH DRY|STRIP RESIST|CLEAN AFTER METAL ETCH|MEASURE LINE WIDTH|DEPOSIT PASSIVATION|CURE PASSIVATION|MEASURE PASSIVATION QUALITY|OPEN PAD WINDOW|OPEN PAD WINDOW LITHO|DEVELOP PAD WINDOW|PASSIVATION ETCH PAD OPENING|STRIP PHOTORESIST|CLEAN PAD OPENING|MEASURE PAD OPENING|BACKSIDE GRIND|MEASURE THICKNESS|BACKSIDE ETCH CLEAN|BACKSIDE RINSE|BACKSIDE DRY|BACKSIDE METALLIZATION PREP|DEPOSIT BACKSIDE METAL|BACKSIDE ANNEAL|MEASURE BACKSIDE CONTACT|FINAL CLEAN|FINAL THICKNESS MEASURE|FINAL GEOMETRY CHECK|FINAL CD INSPECTION|FINAL PARTICLE INSPECTION|ELECTRICAL PARAMETRIC TEST|LEAKAGE TEST|BREAKDOWN VOLTAGE TEST|SWITCHING TEST|YIELD ANALYSIS|WAFER SORT TEST|LOT RELEASE|SHIP LOT,RULE_ETCH_NO_MASK
anomaly_0753,MOSFET,RECEIVE WAFER LOT|LOT IDENTIFICATION|INITIAL WAFER INSPECTION|MEASURE THICKNESS|MEASURE SURFACE PARTICLES|PRE CLEAN WAFER|FRONTSIDE CLEAN|RCA CLEAN 1|RCA CLEAN 2|HF DIP|SUBSTRATE CHECK|EPITAXY PREP|EPITAXIAL DEPOSITION|MEASURE EPITAXY THICKNESS|MEASURE RESISTIVITY|EPITAXY ANNEAL|WAFER SURFACE CLEAN|THERMAL OXIDATION|MEASURE OXIDE THICKNESS|SPIN COAT PHOTORESIST|SOFT BAKE|ALIGN MASK LEVEL 1|EXPOSE LITHO LEVEL 1|POST EXPOSE BAKE|DEVELOP PHOTORESIST|PATTERN INSPECTION LEVEL 1|HARD BAKE|OXIDE ETCH|STRIP RESIST|CLEAN AFTER ETCH|MEASURE OPENING CD|IMPLANT WELL|PRE ANNEAL CHECK|DRIVE IN DIFFUSION|RAPID THERMAL ANNEAL|THERMAL OXIDATION|GATE OXIDE PREP|GATE OXIDE GROWTH|MEASURE GATE OXIDE THICKNESS|DEPOSIT POLYSILICON|POLYSILICON ANNEAL|SPIN COAT PHOTORESIST|SOFT BAKE|ALIGN MASK LEVEL 2|EXPOSE LITHO LEVEL 2|DEVELOP PHOTORESIST|POLY PATTERN INSPECTION|HARD BAKE|POLYSILICON ETCH|STRIP PHOTORESIST|CLEAN AFTER POLY ETCH|MEASURE GATE CD|IMPLANT SOURCE DRAIN|PRE ANNEAL CHECK|LIGHT ANNEAL|MEASURE SHEET RESISTANCE|DEPOSIT SPACER DIELECTRIC|ANISOTROPIC ETCH SPACER|MEASURE SPACER WIDTH|IMPLANT LDD|RAPID THERMAL ANNEAL|DEPOSIT INTERLEVEL DIELECTRIC|DENSIFY DIELECTRIC|MEASURE DIELECTRIC THICKNESS|CMP INTERLAYER DIELECTRIC|MEASURE SURFACE PLANARITY|SPIN COAT PHOTORESIST|SOFT BAKE|ALIGN MASK LEVEL 3|EXPOSE LITHO LEVEL 3|DEVELOP PHOTORESIST|VIA OPENING INSPECTION|VIA ETCH|STRIP PHOTORESIST|CLEAN AFTER VIA ETCH|DEPOSIT BARRIER METAL|DEPOSIT METAL SEED|FILL VIA METAL|CMP METAL|MEASURE CONTACT RESISTANCE|DEPOSIT TOP METAL|ANNEAL METAL|SPIN COAT PHOTORESIST|SOFT BAKE|ALIGN MASK LEVEL 4|EXPOSE LITHO LEVEL 4|DEVELOP PHOTORESIST|METAL PATTERN INSPECTION|METAL ETCH|STRIP RESIST|CLEAN AFTER METAL ETCH|MEASURE LINE WIDTH|DEPOSIT PASSIVATION LAYER|DEPOSIT BACKSIDE METAL|CURE PASSIVATION|MEASURE PASSIVATION QUALITY|OPEN PAD WINDOW|PAD WINDOW LITHO|DEVELOP PAD WINDOW|PASSIVATION ETCH PAD OPENING|STRIP RESIST|CLEAN PAD OPENING|MEASURE PAD OPENING|BACKSIDE CLEAN|BACKSIDE GRIND|MEASURE WAFER THICKNESS|BACKSIDE ETCH CLEAN|BACKSIDE RINSE|BACKSIDE DRY|BACKSIDE METALLIZATION PREP|BACKSIDE ANNEAL|MEASURE BACKSIDE CONTACT|FINAL CLEAN|FINAL THICKNESS MEASURE|FINAL GEOMETRY CHECK|FINAL CD INSPECTION|ELECTRICAL PARAMETRIC TEST|LEAKAGE TEST|THRESHOLD VOLTAGE TEST|SWITCHING TEST|WAFER SORT TEST|YIELD ANALYSIS|LOT RELEASE|SHIP LOT,RULE_BACKSIDE_BEFORE_PASSIVATION
anomaly_0623,IC,RECEIVE WAFER LOT|LOT IDENTIFICATION|INITIAL WAFER INSPECTION|MEASURE INITIAL GEOMETRY|MEASURE SURFACE PARTICLES|WAFER CLEAN PRE PROCESS|FRONTSIDE CLEAN|RCA CLEAN 1|RCA CLEAN 2|HF DIP|DRY WAFER|WAFER CLEAN PRE-GRIND|GRINDING WAFER BACKSIDE|MEASURE INITIAL GEOMETRY|ETCH WET BACKSIDE|RINSE WET WAFER_EDGE|DRY WAFER BACKSIDE|BACKSIDE CLEAN|MEASURE BACKSIDE ROUGHNESS|THERMAL OXIDATION|MEASURE OXIDE THICKNESS|RCA CLEAN 1|RCA CLEAN 2|HF DIP|OXIDE STRIP|SURFACE PREP FOR DEPOSITION|DEPOSIT PAD OXIDE|ANNEAL OXIDE|MEASURE OXIDE THICKNESS|SPIN COAT PHOTORESIST|SOFT BAKE|ALIGN MASK LEVEL 1|EXPOSE LITHO LEVEL 1|DEVELOP PHOTORESIST|INSPECT PATTERN LEVEL 1|HARD BAKE|OXIDE ETCH DRY|STRIP RESIST|CLEAN AFTER ETCH|MEASURE CD LEVEL 1|DEPOSIT POLYSILICON|ANNEAL POLYSILICON|SPIN COAT PHOTORESIST|SOFT BAKE|ALIGN MASK LEVEL 2|EXPOSE LITHO LEVEL 2|DEVELOP PHOTORESIST|PATTERN INSPECTION LEVEL 2|POLYSILICON ETCH DRY|STRIP RESIST LEVEL 2|CLEAN AFTER POLY ETCH|MEASURE CD LEVEL 2|IMPLANT N-TYPE|RAPID THERMAL ANNEAL|MEASURE SHEET RESISTANCE|DEPOSIT INTERLEVEL DIELECTRIC|DENSIFY OXIDE|MEASURE FILM THICKNESS|CMP DIELECTRIC|MEASURE SURFACE PLANARITY|SPIN COAT PHOTORESIST|SOFT BAKE|ALIGN MASK LEVEL 3|EXPOSE LITHO LEVEL 3|DEVELOP PHOTORESIST|VIA OPENING INSPECTION|HARD BAKE|VIA ETCH THROUGH DIELECTRIC|STRIP RESIST|CLEAN AFTER VIA ETCH|DEPOSIT BARRIER METAL|DEPOSIT TUNGSTEN SEED|FILL VIA TUNGSTEN|CMP METAL|MEASURE VIA RESISTANCE|DEPOSIT METAL 1|ANNEAL METAL 1|SPIN COAT PHOTORESIST|SOFT BAKE|ALIGN MASK LEVEL 4|DEVELOP PHOTORESIST|METAL PATTERN INSPECTION|METAL ETCH DRY|STRIP RESIST|CLEAN AFTER METAL ETCH|DEPOSIT PASSIVATION|CURE PASSIVATION|MEASURE PASSIVATION THICKNESS|OPEN BOND PAD WINDOW|OPEN PAD WINDOW LITHO|DEVELOP PHOTORESIST|PASSIVATION ETCH PAD OPENING|STRIP PHOTORESIST|CLEAN PAD OPENING|MEASURE PAD OPENING|BACKSIDE THINNING CHECK|BACKSIDE CLEAN|DEPOSIT BACKSIDE PROTECTION|BACKSIDE ANNEAL|FINAL CLEAN|FINAL THICKNESS MEASURE|FINAL GEOMETRY CHECK|FINAL OXIDE CHECK|FINAL CD INSPECTION|FINAL PARTICLE INSPECTION|FINAL ELECTRICAL TEST PREP|ELECTRICAL PARAMETRIC TEST|LEAKAGE TEST|PARAMETRIC TEST|SWITCHING TEST|WAFER SORT TEST|YIELD ANALYSIS|LOT RELEASE|SHIP LOT,RULE_METAL_ETCH_NO_LITHO
anomaly_0458,IC,RECEIVE WAFER LOT|LOT IDENTIFICATION|PRE CLEAN INSPECTION|MEASURE INITIAL THICKNESS|MEASURE SURFACE PARTICLES|WAFER CLEAN PRE PROCESS|BACKSIDE CLEAN|RCA CLEAN 1|WET CLEAN RCA2|HF DIP|DRY WAFER|WAFER CLEAN PRE-GRIND|GRINDING WAFER BACKSIDE|MEASURE GEOMETRY|ETCH WET BACKSIDE|RINSE WET WAFER_EDGE|DRY WAFER BACKSIDE|BACKSIDE CLEAN|MEASURE BACKSIDE ROUGHNESS|THERMAL OXIDATION|MEASURE OXIDE THICKNESS|RCA CLEAN 1|RCA CLEAN 2|HF DIP|OXIDE STRIP|SURFACE PREP FOR DEPOSITION|DEPOSIT PAD OXIDE|ANNEAL OXIDE|MEASURE FILM THICKNESS|SPIN COAT PHOTORESIST|SOFT BAKE|ALIGN MASK LEVEL 1|EXPOSE LITHO LEVEL 1|DEVELOP PHOTORESIST|INSPECT PATTERN LEVEL 1|HARD BAKE|OXIDE ETCH DRY|STRIP RESIST|CLEAN AFTER ETCH|MEASURE CD LEVEL 1|DEPOSIT POLYSILICON|ANNEAL POLYSILICON|SPIN COAT PHOTORESIST|SOFT BAKE|ALIGN MASK LEVEL 2|EXPOSE LITHO LEVEL 2|DEVELOP PHOTORESIST|PATTERN INSPECTION LEVEL 2|HARD BAKE|POLYSILICON ETCH DRY|STRIP RESIST LEVEL 2|CLEAN AFTER POLY ETCH|MEASURE CD LEVEL 2|IMPLANT N-TYPE|PRE ANNEAL CHECK|RAPID THERMAL ANNEAL|MEASURE SHEET RESISTANCE|DENSIFY DIELECTRIC|MEASURE FILM THICKNESS|CMP INTERLAYER DIELECTRIC|MEASURE SURFACE PLANARITY|SPIN COAT PHOTORESIST|SOFT BAKE|ALIGN MASK LEVEL 3|EXPOSE LITHO LEVEL 3|POST EXPOSE BAKE|DEVELOP PHOTORESIST|VIA OPENING INSPECTION|VIA ETCH|STRIP RESIST|CLEAN AFTER VIA ETCH|MEASURE VIA CD|DEPOSIT BARRIER METAL|DEPOSIT TUNGSTEN SEED|FILL VIA TUNGSTEN|CMP VIA FILL|MEASURE VIA RESISTANCE|DEPOSIT TOP METAL|ANNEAL METAL 1|MEASURE METAL THICKNESS|SPIN COAT PHOTORESIST|SOFT BAKE|ALIGN MASK LEVEL 4|EXPOSE LITHO LEVEL 4|DEVELOP PHOTORESIST|METAL PATTERN INSPECTION|METAL ETCH DRY|STRIP PHOTORESIST|CLEAN AFTER METAL ETCH|DEPOSIT PASSIVATION|CURE PASSIVATION|MEASURE PASSIVATION QUALITY|OPEN PAD WINDOW|PAD WINDOW LITHO|DEVELOP PAD WINDOW|PASSIVATION ETCH|STRIP RESIST|CLEAN PAD OPENING|MEASURE PAD OPENING|BACKSIDE THINNING CHECK|BACKSIDE CLEAN FINAL|DEPOSIT BACKSIDE PROTECTION|BACKSIDE ANNEAL|FINAL CLEAN|FINAL THICKNESS MEASURE|FINAL GEOMETRY CHECK|FINAL CD INSPECTION|FINAL PARTICLE INSPECTION|FINAL ELECTRICAL TEST PREP|ELECTRICAL PARAMETRIC TEST|LEAKAGE TEST|PARAMETRIC TEST|SWITCHING TEST|WAFER SORT TEST|YIELD ANALYSIS|LOT RELEASE|SHIP LOT,RULE_CMP_NO_DEP
anomaly_0356,IGBT,RECEIVE WAFER LOT|LOT IDENTIFICATION|INITIAL WAFER INSPECTION|MEASURE INITIAL THICKNESS|MEASURE SURFACE PARTICLES|PRE CLEAN WAFER|BACKSIDE CLEAN|FRONTSIDE CLEAN|WET CLEAN RCA1|RCA CLEAN 2|HF DIP|DRY WAFER|EPITAXIAL WAFER CHECK|MEASURE EPITAXY THICKNESS|MEASURE RESISTIVITY|EPITAXIAL LAYER PREP|THERMAL OXIDATION|MEASURE OXIDE THICKNESS|SPIN COAT PHOTORESIST|SOFT BAKE|ALIGN MASK LEVEL 1|EXPOSE LITHO LEVEL 1|DEVELOP PHOTORESIST|INSPECT PATTERN LEVEL 1|OXIDE ETCH DRY|STRIP PHOTORESIST|CLEAN AFTER OXIDE ETCH|MEASURE OPENING CD|IMPLANT P BODY|PRE ANNEAL CHECK|DRIVE IN DIFFUSION|RAPID THERMAL ANNEAL|THERMAL OXIDATION|SPIN COAT PHOTORESIST|SOFT BAKE|ALIGN MASK LEVEL 2|EXPOSE LITHO LEVEL 2|DEVELOP PHOTORESIST|P BODY WINDOW INSPECTION|ETCH SILICON OR OXIDE WINDOW|STRIP RESIST|CLEAN AFTER WINDOW ETCH|MEASURE WINDOW CD|IMPLANT N BUFFER|PRE ANNEAL CHECK|RAPID THERMAL ANNEAL|MEASURE SHEET RESISTANCE|EPITAXIAL REWORK CHECK|DEPOSIT FIELD OXIDE|DENSIFY OXIDE|MEASURE FILM THICKNESS|SPIN COAT PHOTORESIST|SOFT BAKE|ALIGN MASK LEVEL 3|EXPOSE LITHO LEVEL 3|DEVELOP PHOTORESIST|FIELD PATTERN INSPECTION|FIELD OXIDE ETCH|STRIP RESIST|CLEAN AFTER FIELD ETCH|MEASURE SURFACE UNIFORMITY|IMPLANT SOURCE REGION|IMPLANT DRAIN / CATHODE REGION|RAPID THERMAL ANNEAL|MEASURE SHEET RESISTANCE|DEPOSIT GATE OXIDE OR DIELECTRIC|ANNEAL DIELECTRIC|MEASURE OXIDE QUALITY|DEPOSIT POLYSILICON|POLYSILICON ANNEAL|MEASURE POLY THICKNESS|SPIN COAT PHOTORESIST|SOFT BAKE|ALIGN MASK LEVEL 4|EXPOSE LITHO LEVEL 4|DEVELOP PHOTORESIST|POLY PATTERN INSPECTION|POLYSILICON ETCH DRY|STRIP PHOTORESIST|CLEAN AFTER POLY ETCH|MEASURE GATE CD|IMPLANT CHANNEL STOP|PRE ANNEAL CHECK|RAPID THERMAL ANNEAL|MEASURE DEVICE PARAMETER|DEPOSIT INTERLAYER DIELECTRIC|DENSIFY OXIDE|MEASURE DIELECTRIC THICKNESS|CMP INTERLAYER DIELECTRIC|MEASURE SURFACE PLANARITY|SPIN COAT PHOTORESIST|SOFT BAKE|ALIGN MASK LEVEL 5|EXPOSE LITHO LEVEL 5|DEVELOP PHOTORESIST|VIA INSPECTION|VIA ETCH|STRIP PHOTORESIST|CLEAN AFTER VIA ETCH|DEPOSIT BARRIER METAL|DEPOSIT METAL SEED|FILL VIA METAL|CMP VIA FILL|MEASURE CONTACT RESISTANCE|DEPOSIT TOP METAL|ANNEAL METAL|SPIN COAT PHOTORESIST|SOFT BAKE|ALIGN MASK LEVEL 6|EXPOSE LITHO LEVEL 6|DEVELOP PHOTORESIST|METAL PATTERN INSPECTION|HARD BAKE|METAL ETCH DRY|STRIP PHOTORESIST|CLEAN AFTER METAL ETCH|DEPOSIT PASSIVATION LAYER|CURE PASSIVATION|MEASURE PASSIVATION THICKNESS|OPEN BOND PAD WINDOW|PAD WINDOW LITHO|DEVELOP PAD WINDOW|PASSIVATION ETCH|STRIP RESIST|CLEAN PAD OPENING|MEASURE PAD OPENING|BACKSIDE GRIND|MEASURE THICKNESS|BACKSIDE ETCH CLEAN|BACKSIDE RINSE|BACKSIDE DRY|BACKSIDE METALLIZATION PREP|DEPOSIT BACKSIDE METAL|BACKSIDE ANNEAL|MEASURE BACKSIDE CONTACT|FINAL CLEAN|FINAL THICKNESS MEASURE|FINAL GEOMETRY CHECK|FINAL CD INSPECTION|FINAL PARTICLE INSPECTION|ELECTRICAL PARAMETRIC TEST|LEAKAGE TEST|BREAKDOWN VOLTAGE TEST|SWITCHING TEST|SHIP LOT|YIELD ANALYSIS|LOT RELEASE|WAFER SORT TEST,RULE_SHIP_BEFORE_TEST
anomaly_0086,IC,RECEIVE WAFER LOT|LOT IDENTIFICATION|PRE CLEAN INSPECTION|MEASURE INITIAL THICKNESS|MEASURE SURFACE DEFECTS|WAFER CLEAN PRE PROCESS|FRONTSIDE CLEAN|WET CLEAN RCA1|RCA CLEAN 2|HF DIP|DRY WAFER|WAFER CLEAN PRE-GRIND|GRINDING WAFER BACKSIDE|MEASURE GEOMETRY|ETCH WET BACKSIDE|RINSE WET WAFER_EDGE|DRY WAFER BACKSIDE|BACKSIDE CLEAN|MEASURE BACKSIDE ROUGHNESS|THERMAL OXIDATION|MEASURE OXIDE THICKNESS|WET CLEAN RCA1|WET CLEAN RCA2|HF DIP|OXIDE STRIP|SURFACE PREP FOR DEPOSITION|DEPOSIT PAD OXIDE|ANNEAL OXIDE|MEASURE OXIDE THICKNESS|SPIN COAT PHOTORESIST|SOFT BAKE|ALIGN MASK LEVEL 1|EXPOSE LITHO LEVEL 1|POST EXPOSE BAKE|DEVELOP PHOTORESIST|INSPECT PATTERN LEVEL 1|HARD BAKE|OXIDE ETCH DRY|STRIP RESIST|CLEAN AFTER ETCH|MEASURE CD LEVEL 1|DEPOSIT POLYSILICON|ANNEAL POLYSILICON|SPIN COAT PHOTORESIST|SOFT BAKE|ALIGN MASK LEVEL 2|EXPOSE LITHO LEVEL 2|DEVELOP PHOTORESIST|PATTERN INSPECTION LEVEL 2|HARD BAKE|POLYSILICON ETCH DRY|STRIP RESIST|CLEAN AFTER POLY ETCH|MEASURE CD LEVEL 2|IMPLANT N-TYPE|PRE ANNEAL CHECK|RAPID THERMAL ANNEAL|MEASURE SHEET RESISTANCE|DEPOSIT INTERLAYER DIELECTRIC|DENSIFY OXIDE|MEASURE FILM THICKNESS|CMP INTERLAYER DIELECTRIC|MEASURE SURFACE PLANARITY|SPIN COAT PHOTORESIST|SOFT BAKE|ALIGN MASK LEVEL 3|EXPOSE LITHO LEVEL 3|DEVELOP PHOTORESIST|VIA OPENING INSPECTION|VIA ETCH|STRIP RESIST|CLEAN AFTER VIA ETCH|MEASURE VIA CD|CMP METAL|MEASURE CONTACT RESISTANCE|DEPOSIT TOP METAL|ANNEAL METAL|MEASURE METAL THICKNESS|SPIN COAT PHOTORESIST|SOFT BAKE|ALIGN MASK LEVEL 4|EXPOSE LITHO LEVEL 4|DEVELOP PHOTORESIST|METAL PATTERN INSPECTION|HARD BAKE|METAL ETCH DRY|STRIP PHOTORESIST|CLEAN AFTER METAL ETCH|MEASURE LINE WIDTH|DEPOSIT PASSIVATION LAYER|CURE PASSIVATION|MEASURE PASSIVATION THICKNESS|OPEN PAD WINDOW|OPEN PAD WINDOW LITHO|DEVELOP PAD WINDOW|PASSIVATION ETCH|STRIP PHOTORESIST|CLEAN PAD OPENING|MEASURE PAD OPENING|BACKSIDE THINNING CHECK|BACKSIDE CLEAN|DEPOSIT BACKSIDE PROTECTION|BACKSIDE ANNEAL|FRONTSIDE CLEAN FINAL|FINAL CLEAN|FINAL THICKNESS MEASURE|FINAL GEOMETRY CHECK|FINAL CD INSPECTION|PARAMETRIC TEST|LEAKAGE TEST|SWITCHING TEST|WAFER SORT TEST|YIELD ANALYSIS|FINAL LOT RELEASE|SHIP LOT,RULE_CMP_NO_DEP
anomaly_0574,IGBT,RECEIVE WAFER LOT|LOT IDENTIFICATION|INITIAL WAFER INSPECTION|MEASURE INITIAL THICKNESS|MEASURE SURFACE PARTICLES|PRE CLEAN WAFER|BACKSIDE CLEAN|FRONTSIDE CLEAN|RCA CLEAN 1|RCA CLEAN 2|HF DIP|DRY WAFER|EPITAXIAL WAFER CHECK|MEASURE EPITAXY THICKNESS|MEASURE RESISTIVITY|EPITAXIAL LAYER PREP|THERMAL OXIDATION|MEASURE OXIDE THICKNESS|SPIN COAT PHOTORESIST|SOFT BAKE|ALIGN MASK LEVEL 1|EXPOSE LITHO LEVEL 1|POST EXPOSE BAKE|DEVELOP PHOTORESIST|INSPECT PATTERN LEVEL 1|OXIDE ETCH DRY|STRIP PHOTORESIST|CLEAN AFTER OXIDE ETCH|MEASURE OPENING CD|IMPLANT P BODY|PRE ANNEAL CHECK|DRIVE IN DIFFUSION|RAPID THERMAL ANNEAL|MEASURE JUNCTION DEPTH|THERMAL OXIDATION|SPIN COAT PHOTORESIST|SOFT BAKE|ALIGN MASK LEVEL 2|EXPOSE LITHO LEVEL 2|DEVELOP PHOTORESIST|P BODY WINDOW INSPECTION|ETCH SILICON OR OXIDE WINDOW|STRIP PHOTORESIST|CLEAN AFTER WINDOW ETCH|MEASURE WINDOW CD|IMPLANT N BUFFER|PRE ANNEAL CHECK|RAPID THERMAL ANNEAL|MEASURE SHEET RESISTANCE|EPITAXIAL REWORK CHECK|DEPOSIT FIELD OXIDE|DENSIFY OXIDE|MEASURE FILM THICKNESS|SPIN COAT PHOTORESIST|SOFT BAKE|ALIGN MASK LEVEL 3|EXPOSE LITHO LEVEL 3|DEVELOP PHOTORESIST|FIELD PATTERN INSPECTION|HARD BAKE|FIELD OXIDE ETCH|STRIP RESIST|CLEAN AFTER FIELD ETCH|IMPLANT SOURCE REGION|IMPLANT DRAIN / CATHODE REGION|PRE ANNEAL CHECK|RAPID THERMAL ANNEAL|MEASURE SHEET RESISTANCE|DEPOSIT GATE OXIDE OR DIELECTRIC|ANNEAL DIELECTRIC|MEASURE OXIDE QUALITY|DEPOSIT POLYSILICON|POLYSILICON ANNEAL|MEASURE POLY THICKNESS|SPIN COAT PHOTORESIST|SOFT BAKE|ALIGN MASK LEVEL 4|EXPOSE LITHO LEVEL 4|POST EXPOSE BAKE|DEVELOP PHOTORESIST|POLY PATTERN INSPECTION|POLYSILICON ETCH DRY|STRIP PHOTORESIST|CLEAN AFTER POLY ETCH|IMPLANT CHANNEL STOP|PRE ANNEAL CHECK|RAPID THERMAL ANNEAL|MEASURE DEVICE PARAMETER|DEPOSIT INTERLEVEL DIELECTRIC|DENSIFY DIELECTRIC|MEASURE DIELECTRIC THICKNESS|CMP INTERLAYER DIELECTRIC|MEASURE SURFACE PLANARITY|SPIN COAT PHOTORESIST|SOFT BAKE|ALIGN MASK LEVEL 5|EXPOSE LITHO LEVEL 5|DEVELOP PHOTORESIST|VIA OPENING INSPECTION|HARD BAKE|VIA ETCH THROUGH DIELECTRIC|STRIP RESIST|CLEAN AFTER VIA ETCH|DEPOSIT BARRIER METAL|DEPOSIT METAL SEED|FILL VIA METAL|CMP VIA FILL|MEASURE VIA RESISTANCE|DEPOSIT TOP METAL|ANNEAL METAL 1|SPIN COAT PHOTORESIST|SOFT BAKE|ALIGN MASK LEVEL 6|EXPOSE LITHO LEVEL 6|POST EXPOSE BAKE|DEVELOP PHOTORESIST|METAL PATTERN INSPECTION|METAL ETCH DRY|STRIP RESIST|CLEAN AFTER METAL ETCH|DEPOSIT PASSIVATION|DEPOSIT BACKSIDE METAL|CURE PASSIVATION|MEASURE PASSIVATION QUALITY|OPEN PAD WINDOW|PAD WINDOW LITHO|DEVELOP PAD WINDOW|PASSIVATION ETCH|STRIP PHOTORESIST|CLEAN PAD OPENING|MEASURE PAD OPENING|BACKSIDE GRIND|MEASURE WAFER THICKNESS|BACKSIDE ETCH CLEAN|BACKSIDE RINSE|BACKSIDE DRY|BACKSIDE METALLIZATION PREP|BACKSIDE ANNEAL|MEASURE BACKSIDE CONTACT|FINAL CLEAN|FINAL GEOMETRY CHECK|PARAMETRIC TEST|LEAKAGE TEST|BREAKDOWN VOLTAGE TEST|SWITCHING TEST|WAFER SORT TEST|YIELD ANALYSIS|LOT RELEASE|SHIP LOT,RULE_BACKSIDE_BEFORE_PASSIVATION
anomaly_0228,MOSFET,RECEIVE WAFER LOT|LOT IDENTIFICATION|PRE CLEAN INSPECTION|MEASURE THICKNESS|MEASURE SURFACE PARTICLES|PRE CLEAN WAFER|FRONTSIDE CLEAN|RCA CLEAN 1|RCA CLEAN 2|HF DIP|DRY WAFER|SUBSTRATE CHECK|EPITAXY PREP|EPITAXIAL DEPOSITION|MEASURE EPITAXY THICKNESS|MEASURE RESISTIVITY|EPITAXY ANNEAL|WAFER SURFACE CLEAN|THERMAL OXIDATION|MEASURE OXIDE THICKNESS|SPIN COAT PHOTORESIST|SOFT BAKE|ALIGN MASK LEVEL 1|EXPOSE LITHO LEVEL 1|DEVELOP PHOTORESIST|PATTERN INSPECTION LEVEL 1|OXIDE ETCH|STRIP RESIST|CLEAN AFTER ETCH|MEASURE OPENING CD|IMPLANT WELL|DRIVE IN DIFFUSION|RAPID THERMAL ANNEAL|MEASURE JUNCTION DEPTH|THERMAL OXIDATION|GATE OXIDE PREP|GATE OXIDE GROWTH|MEASURE GATE OXIDE THICKNESS|DEPOSIT POLYSILICON|POLYSILICON ANNEAL|MEASURE POLY THICKNESS|SPIN COAT PHOTORESIST|SOFT BAKE|ALIGN MASK LEVEL 2|EXPOSE LITHO LEVEL 2|DEVELOP PHOTORESIST|POLY PATTERN INSPECTION|POLYSILICON ETCH|STRIP PHOTORESIST|CLEAN AFTER POLY ETCH|MEASURE GATE CD|IMPLANT SOURCE DRAIN|PRE ANNEAL CHECK|LIGHT ANNEAL|MEASURE SHEET RESISTANCE|DEPOSIT SPACER DIELECTRIC|ANISOTROPIC ETCH SPACER|MEASURE SPACER WIDTH|IMPLANT LDD|RAPID THERMAL ANNEAL|MEASURE JUNCTION PROFILE|DEPOSIT INTERLEVEL DIELECTRIC|DENSIFY DIELECTRIC|MEASURE FILM THICKNESS|CMP DIELECTRIC|MEASURE SURFACE PLANARITY|SPIN COAT PHOTORESIST|SOFT BAKE|ALIGN MASK LEVEL 3|EXPOSE LITHO LEVEL 3|DEVELOP PHOTORESIST|VIA INSPECTION|VIA ETCH|STRIP PHOTORESIST|CLEAN AFTER VIA ETCH|MEASURE VIA CD|DEPOSIT BARRIER METAL|DEPOSIT METAL SEED|FILL VIA METAL|CMP VIA FILL|MEASURE CONTACT RESISTANCE|DEPOSIT METAL 1|ANNEAL METAL|MEASURE METAL THICKNESS|SPIN COAT PHOTORESIST|SOFT BAKE|ALIGN MASK LEVEL 4|EXPOSE LITHO LEVEL 4|DEVELOP PHOTORESIST|METAL PATTERN INSPECTION|HARD BAKE|METAL ETCH|STRIP PHOTORESIST|CLEAN AFTER METAL ETCH|MEASURE LINE WIDTH|OPEN BOND PAD WINDOW|DEPOSIT PASSIVATION LAYER|CURE PASSIVATION|MEASURE PASSIVATION THICKNESS|OPEN PAD WINDOW LITHO|DEVELOP PHOTORESIST|PASSIVATION ETCH|STRIP RESIST|CLEAN PAD OPENING|MEASURE PAD OPENING|BACKSIDE CLEAN|BACKSIDE GRIND|MEASURE THICKNESS|BACKSIDE ETCH CLEAN|BACKSIDE RINSE|BACKSIDE DRY|BACKSIDE METALLIZATION PREP|DEPOSIT BACKSIDE METAL|BACKSIDE ANNEAL|MEASURE BACKSIDE CONTACT|FINAL CLEAN|FINAL THICKNESS MEASURE|ELECTRICAL PARAMETRIC TEST|LEAKAGE TEST|THRESHOLD VOLTAGE TEST|SWITCHING TEST|WAFER SORT TEST|YIELD ANALYSIS|FINAL LOT RELEASE|SHIP LOT,RULE_PAD_OPEN_BEFORE_DEP
anomaly_0017,MOSFET,RECEIVE WAFER LOT|LOT IDENTIFICATION|PRE CLEAN INSPECTION|MEASURE THICKNESS|MEASURE SURFACE PARTICLES|PRE CLEAN WAFER|FRONTSIDE CLEAN|RCA CLEAN 1|RCA CLEAN 2|HF DIP|DRY WAFER|SUBSTRATE CHECK|EPITAXY PREP|EPITAXIAL DEPOSITION|MEASURE EPITAXY THICKNESS|MEASURE RESISTIVITY|EPITAXY ANNEAL|WAFER SURFACE CLEAN|THERMAL OXIDATION|MEASURE OXIDE THICKNESS|SPIN COAT PHOTORESIST|SOFT BAKE|ALIGN MASK LEVEL 1|EXPOSE LITHO LEVEL 1|DEVELOP PHOTORESIST|PATTERN INSPECTION LEVEL 1|OXIDE ETCH|STRIP PHOTORESIST|CLEAN AFTER ETCH|IMPLANT WELL|PRE ANNEAL CHECK|DRIVE IN DIFFUSION|RAPID THERMAL ANNEAL|MEASURE JUNCTION DEPTH|THERMAL OXIDATION|GATE OXIDE PREP|GATE OXIDE GROWTH|MEASURE GATE OXIDE THICKNESS|DEPOSIT POLYSILICON|POLYSILICON ANNEAL|MEASURE POLY THICKNESS|SPIN COAT PHOTORESIST|SOFT BAKE|ALIGN MASK LEVEL 2|EXPOSE LITHO LEVEL 2|POST EXPOSE BAKE|DEVELOP PHOTORESIST|POLY PATTERN INSPECTION|HARD BAKE|POLYSILICON ETCH|STRIP RESIST|CLEAN AFTER POLY ETCH|MEASURE GATE CD|IMPLANT SOURCE DRAIN|PRE ANNEAL CHECK|LIGHT ANNEAL|MEASURE SHEET RESISTANCE|DEPOSIT SPACER DIELECTRIC|ANISOTROPIC ETCH SPACER|MEASURE SPACER WIDTH|IMPLANT LDD|PRE ANNEAL CHECK|RAPID THERMAL ANNEAL|MEASURE JUNCTION PROFILE|DEPOSIT INTERLAYER DIELECTRIC|DENSIFY DIELECTRIC|MEASURE FILM THICKNESS|CMP INTERLAYER DIELECTRIC|MEASURE PLANARITY|SPIN COAT PHOTORESIST|SOFT BAKE|ALIGN MASK LEVEL 3|EXPOSE LITHO LEVEL 3|POST EXPOSE BAKE|DEVELOP PHOTORESIST|VIA INSPECTION|VIA ETCH THROUGH DIELECTRIC|STRIP RESIST|CLEAN AFTER VIA ETCH|MEASURE VIA CD|DEPOSIT BARRIER METAL|DEPOSIT METAL SEED|FILL VIA METAL|CMP VIA FILL|DEPOSIT TOP METAL|ANNEAL METAL|MEASURE METAL THICKNESS|SPIN COAT PHOTORESIST|SOFT BAKE|ALIGN MASK LEVEL 4|POST EXPOSE BAKE|DEVELOP PHOTORESIST|METAL PATTERN INSPECTION|HARD BAKE|METAL ETCH|STRIP PHOTORESIST|CLEAN AFTER METAL ETCH|MEASURE LINE WIDTH|DEPOSIT PASSIVATION|CURE PASSIVATION|MEASURE PASSIVATION QUALITY|OPEN PAD WINDOW|OPEN PAD WINDOW LITHO|DEVELOP PAD WINDOW|PASSIVATION ETCH|STRIP PHOTORESIST|CLEAN PAD OPENING|MEASURE PAD OPENING|BACKSIDE CLEAN|BACKSIDE GRIND|MEASURE WAFER THICKNESS|BACKSIDE ETCH CLEAN|BACKSIDE RINSE|BACKSIDE DRY|BACKSIDE METALLIZATION PREP|DEPOSIT BACKSIDE METAL|BACKSIDE ANNEAL|MEASURE BACKSIDE CONTACT|FINAL CLEAN|FINAL THICKNESS MEASURE|FINAL GEOMETRY CHECK|FINAL CD INSPECTION|FINAL PARTICLE INSPECTION|ELECTRICAL PARAMETRIC TEST|LEAKAGE TEST|THRESHOLD VOLTAGE TEST|SWITCHING TEST|WAFER SORT TEST|YIELD ANALYSIS|FINAL LOT RELEASE|SHIP LOT,RULE_METAL_ETCH_NO_LITHO
anomaly_0002,IGBT,RECEIVE WAFER LOT|LOT IDENTIFICATION|PRE CLEAN INSPECTION|MEASURE INITIAL THICKNESS|MEASURE SURFACE PARTICLES|PRE CLEAN WAFER|BACKSIDE CLEAN|FRONTSIDE CLEAN|RCA CLEAN 1|RCA CLEAN 2|HF DIP|DRY WAFER|EPITAXIAL WAFER CHECK|MEASURE EPITAXY THICKNESS|MEASURE RESISTIVITY|EPITAXIAL REWORK CHECK|EPITAXIAL LAYER PREP|THERMAL OXIDATION|MEASURE OXIDE THICKNESS|SPIN COAT PHOTORESIST|SOFT BAKE|ALIGN MASK LEVEL 1|EXPOSE LITHO LEVEL 1|DEVELOP PHOTORESIST|INSPECT PATTERN LEVEL 1|OXIDE ETCH DRY|STRIP PHOTORESIST|CLEAN AFTER OXIDE ETCH|MEASURE OPENING CD|IMPLANT P BODY|PRE ANNEAL CHECK|DRIVE IN DIFFUSION|RAPID THERMAL ANNEAL|THERMAL OXIDATION|SPIN COAT PHOTORESIST|SOFT BAKE|ALIGN MASK LEVEL 2|EXPOSE LITHO LEVEL 2|DEVELOP PHOTORESIST|P BODY WINDOW INSPECTION|ETCH SILICON OR OXIDE WINDOW|STRIP PHOTORESIST|CLEAN AFTER WINDOW ETCH|IMPLANT N BUFFER|PRE ANNEAL CHECK|RAPID THERMAL ANNEAL|MEASURE SHEET RESISTANCE|EPITAXIAL REWORK CHECK|DEPOSIT FIELD OXIDE|DENSIFY OXIDE|MEASURE FILM THICKNESS|SPIN COAT PHOTORESIST|SOFT BAKE|ALIGN MASK LEVEL 3|EXPOSE LITHO LEVEL 3|DEVELOP PHOTORESIST|FIELD PATTERN INSPECTION|FIELD OXIDE ETCH|STRIP PHOTORESIST|CLEAN AFTER FIELD ETCH|MEASURE SURFACE UNIFORMITY|IMPLANT SOURCE REGION|IMPLANT DRAIN / CATHODE REGION|PRE ANNEAL CHECK|RAPID THERMAL ANNEAL|MEASURE SHEET RESISTANCE|DEPOSIT GATE OXIDE OR DIELECTRIC|ANNEAL DIELECTRIC|MEASURE OXIDE QUALITY|DEPOSIT POLYSILICON|POLYSILICON ANNEAL|MEASURE POLY THICKNESS|SPIN COAT PHOTORESIST|SOFT BAKE|ALIGN MASK LEVEL 4|EXPOSE LITHO LEVEL 4|DEVELOP PHOTORESIST|POLY PATTERN INSPECTION|POLYSILICON ETCH DRY|STRIP RESIST|CLEAN AFTER POLY ETCH|MEASURE GATE CD|IMPLANT CHANNEL STOP|PRE ANNEAL CHECK|RAPID THERMAL ANNEAL|MEASURE DEVICE PARAMETER|DEPOSIT INTERLEVEL DIELECTRIC|DENSIFY OXIDE|MEASURE FILM THICKNESS|CMP INTERLAYER DIELECTRIC|MEASURE PLANARITY|SPIN COAT PHOTORESIST|SOFT BAKE|ALIGN MASK LEVEL 5|EXPOSE LITHO LEVEL 5|POST EXPOSE BAKE|DEVELOP PHOTORESIST|VIA OPENING INSPECTION|VIA ETCH|STRIP RESIST|CLEAN AFTER VIA ETCH|MEASURE VIA CD|DEPOSIT BARRIER METAL|DEPOSIT METAL SEED|FILL VIA METAL|CMP METAL|MEASURE VIA RESISTANCE|DEPOSIT METAL 1|ANNEAL METAL 1|MEASURE METAL THICKNESS|SPIN COAT PHOTORESIST|SOFT BAKE|ALIGN MASK LEVEL 6|EXPOSE LITHO LEVEL 6|POST EXPOSE BAKE|DEVELOP PHOTORESIST|METAL PATTERN INSPECTION|METAL ETCH DRY|STRIP PHOTORESIST|CLEAN AFTER METAL ETCH|MEASURE LINE WIDTH|DEPOSIT PASSIVATION LAYER|ELECTRICAL PARAMETRIC TEST|CURE PASSIVATION|MEASURE PASSIVATION THICKNESS|OPEN BOND PAD WINDOW|PAD WINDOW LITHO|DEVELOP PHOTORESIST|PASSIVATION ETCH|STRIP PHOTORESIST|CLEAN PAD OPENING|MEASURE PAD OPENING|BACKSIDE GRIND|MEASURE WAFER THICKNESS|BACKSIDE ETCH CLEAN|BACKSIDE RINSE|BACKSIDE DRY|BACKSIDE METALLIZATION PREP|DEPOSIT BACKSIDE METAL|BACKSIDE ANNEAL|MEASURE BACKSIDE CONTACT|FINAL CLEAN|FINAL THICKNESS MEASURE|FINAL GEOMETRY CHECK|FINAL PARTICLE INSPECTION|LEAKAGE TEST|BREAKDOWN VOLTAGE TEST|SWITCHING TEST|YIELD ANALYSIS|WAFER SORT TEST|LOT RELEASE|SHIP LOT,RULE_TEST_BEFORE_PASSIVATION
anomaly_0799,IGBT,RECEIVE WAFER LOT|LOT IDENTIFICATION|INITIAL WAFER INSPECTION|MEASURE INITIAL THICKNESS|MEASURE SURFACE PARTICLES|PRE CLEAN WAFER|BACKSIDE CLEAN|FRONTSIDE CLEAN|WET CLEAN RCA1|WET CLEAN RCA2|HF DIP|EPITAXIAL WAFER CHECK|MEASURE EPITAXY THICKNESS|MEASURE RESISTIVITY|EPITAXIAL LAYER PREP|THERMAL OXIDATION|MEASURE OXIDE THICKNESS|SPIN COAT PHOTORESIST|SOFT BAKE|ALIGN MASK LEVEL 1|EXPOSE LITHO LEVEL 1|DEVELOP PHOTORESIST|INSPECT PATTERN LEVEL 1|HARD BAKE|OXIDE ETCH DRY|STRIP PHOTORESIST|CLEAN AFTER OXIDE ETCH|IMPLANT P BODY|PRE ANNEAL CHECK|DRIVE IN DIFFUSION|RAPID THERMAL ANNEAL|MEASURE JUNCTION DEPTH|THERMAL OXIDATION|SPIN COAT PHOTORESIST|SOFT BAKE|ALIGN MASK LEVEL 2|EXPOSE LITHO LEVEL 2|DEVELOP PHOTORESIST|P BODY WINDOW INSPECTION|ETCH SILICON OR OXIDE WINDOW|STRIP PHOTORESIST|CLEAN AFTER WINDOW ETCH|IMPLANT N BUFFER|RAPID THERMAL ANNEAL|MEASURE SHEET RESISTANCE|DEPOSIT FIELD OXIDE|DENSIFY OXIDE|MEASURE FILM THICKNESS|SPIN COAT PHOTORESIST|SOFT BAKE|ALIGN MASK LEVEL 3|EXPOSE LITHO LEVEL 3|POST EXPOSE BAKE|DEVELOP PHOTORESIST|FIELD PATTERN INSPECTION|FIELD OXIDE ETCH|STRIP RESIST|CLEAN AFTER FIELD ETCH|MEASURE SURFACE UNIFORMITY|IMPLANT SOURCE REGION|IMPLANT DRAIN / CATHODE REGION|RAPID THERMAL ANNEAL|MEASURE SHEET RESISTANCE|DEPOSIT GATE OXIDE OR DIELECTRIC|ANNEAL DIELECTRIC|MEASURE OXIDE QUALITY|DEPOSIT POLYSILICON|POLYSILICON ANNEAL|MEASURE POLY THICKNESS|SPIN COAT PHOTORESIST|SOFT BAKE|ALIGN MASK LEVEL 4|EXPOSE LITHO LEVEL 4|DEVELOP PHOTORESIST|POLY PATTERN INSPECTION|HARD BAKE|POLYSILICON ETCH DRY|STRIP RESIST|CLEAN AFTER POLY ETCH|MEASURE GATE CD|IMPLANT CHANNEL STOP|PRE ANNEAL CHECK|RAPID THERMAL ANNEAL|MEASURE DEVICE PARAMETER|DEPOSIT INTERLAYER DIELECTRIC|DENSIFY DIELECTRIC|MEASURE FILM THICKNESS|CMP INTERLAYER DIELECTRIC|MEASURE PLANARITY|SPIN COAT PHOTORESIST|SOFT BAKE|ALIGN MASK LEVEL 5|EXPOSE LITHO LEVEL 5|DEVELOP PHOTORESIST|VIA INSPECTION|DIELECTRIC ETCH VIA|STRIP PHOTORESIST|CLEAN AFTER VIA ETCH|MEASURE VIA CD|DEPOSIT BARRIER METAL|DEPOSIT METAL SEED|FILL VIA METAL|CMP VIA FILL|MEASURE VIA RESISTANCE|DEPOSIT TOP METAL|ANNEAL METAL|SPIN COAT PHOTORESIST|SOFT BAKE|ALIGN MASK LEVEL 6|EXPOSE LITHO LEVEL 6|POST EXPOSE BAKE|DEVELOP PHOTORESIST|METAL PATTERN INSPECTION|METAL ETCH DRY|STRIP PHOTORESIST|CLEAN AFTER METAL ETCH|MEASURE LINE WIDTH|DEPOSIT PASSIVATION LAYER|CURE PASSIVATION|MEASURE PASSIVATION THICKNESS|OPEN BOND PAD WINDOW|PAD WINDOW LITHO|DEVELOP PAD WINDOW|PASSIVATION ETCH PAD OPENING|STRIP PHOTORESIST|CLEAN PAD OPENING|MEASURE PAD OPENING|BACKSIDE GRIND|MEASURE WAFER THICKNESS|BACKSIDE ETCH CLEAN|BACKSIDE RINSE|BACKSIDE DRY|BACKSIDE METALLIZATION PREP|DEPOSIT BACKSIDE METAL|BACKSIDE ANNEAL|MEASURE BACKSIDE CONTACT|FINAL CLEAN|FINAL THICKNESS MEASURE|FINAL PARTICLE INSPECTION|ELECTRICAL PARAMETRIC TEST|LEAKAGE TEST|BREAKDOWN VOLTAGE TEST|SWITCHING TEST|SHIP LOT|YIELD ANALYSIS|LOT RELEASE|WAFER SORT TEST,RULE_SHIP_BEFORE_TEST
anomaly_0905,IC,RECEIVE WAFER LOT|LOT IDENTIFICATION|PRE CLEAN INSPECTION|MEASURE INITIAL THICKNESS|WAFER CLEAN PRE PROCESS|FRONTSIDE CLEAN|WET CLEAN RCA1|WET CLEAN RCA2|HF DIP|WAFER CLEAN PRE-GRIND|GRINDING WAFER BACKSIDE|MEASURE GEOMETRY|ETCH WET BACKSIDE|RINSE WET WAFER_EDGE|DRY WAFER BACKSIDE|BACKSIDE CLEAN|MEASURE BACKSIDE ROUGHNESS|THERMAL OXIDATION|MEASURE OXIDE THICKNESS|RCA CLEAN 1|WET CLEAN RCA2|HF DIP|OXIDE STRIP|SURFACE PREP FOR DEPOSITION|DEPOSIT PAD OXIDE|ANNEAL OXIDE|MEASURE OXIDE THICKNESS|SPIN COAT PHOTORESIST|SOFT BAKE|ALIGN MASK LEVEL 1|EXPOSE LITHO LEVEL 1|POST EXPOSE BAKE|DEVELOP PHOTORESIST|INSPECT PATTERN LEVEL 1|HARD BAKE|OXIDE ETCH DRY|STRIP RESIST|CLEAN AFTER ETCH|DEPOSIT POLYSILICON|ANNEAL POLYSILICON|SPIN COAT PHOTORESIST|SOFT BAKE|ALIGN MASK LEVEL 2|EXPOSE LITHO LEVEL 2|DEVELOP PHOTORESIST|PATTERN INSPECTION LEVEL 2|POLYSILICON ETCH DRY|STRIP RESIST|CLEAN AFTER POLY ETCH|MEASURE CD LEVEL 2|IMPLANT N-TYPE|PRE ANNEAL CHECK|RAPID THERMAL ANNEAL|MEASURE SHEET RESISTANCE|DEPOSIT INTERLEVEL DIELECTRIC|DENSIFY DIELECTRIC|MEASURE FILM THICKNESS|CMP INTERLAYER DIELECTRIC|MEASURE PLANARITY|SPIN COAT PHOTORESIST|SOFT BAKE|ALIGN MASK LEVEL 3|EXPOSE LITHO LEVEL 3|POST EXPOSE BAKE|DEVELOP PHOTORESIST|VIA OPENING INSPECTION|HARD BAKE|DIELECTRIC ETCH VIA|STRIP PHOTORESIST|CLEAN AFTER VIA ETCH|MEASURE VIA CD|DEPOSIT BARRIER METAL|DEPOSIT TUNGSTEN SEED|FILL VIA TUNGSTEN|CMP VIA FILL|DEPOSIT METAL 1|ANNEAL METAL 1|SPIN COAT PHOTORESIST|SOFT BAKE|ALIGN MASK LEVEL 4|EXPOSE LITHO LEVEL 4|DEVELOP PHOTORESIST|METAL PATTERN INSPECTION|METAL ETCH DRY|STRIP PHOTORESIST|MEASURE LINE WIDTH|DEPOSIT PASSIVATION LAYER|CURE PASSIVATION|MEASURE PASSIVATION THICKNESS|OPEN BOND PAD WINDOW|OPEN PAD WINDOW LITHO|DEVELOP PAD WINDOW|PASSIVATION ETCH|STRIP PHOTORESIST|CLEAN PAD OPENING|MEASURE PAD OPENING|BACKSIDE THINNING CHECK|BACKSIDE CLEAN FINAL|DEPOSIT BACKSIDE PROTECTION|BACKSIDE ANNEAL|FINAL CLEAN|FINAL THICKNESS MEASURE|FINAL GEOMETRY CHECK|FINAL CD INSPECTION|FINAL PARTICLE INSPECTION|FINAL ELECTRICAL TEST PREP|ELECTRICAL PARAMETRIC TEST|LEAKAGE TEST|PARAMETRIC TEST|SWITCHING TEST|WAFER SORT TEST|YIELD ANALYSIS|FINAL LOT RELEASE|SHIP LOT,RULE_DEP_NO_CLEAN
anomaly_0540,IC,RECEIVE WAFER LOT|LOT IDENTIFICATION|INITIAL WAFER INSPECTION|MEASURE INITIAL GEOMETRY|MEASURE SURFACE DEFECTS|WAFER CLEAN PRE PROCESS|RCA CLEAN 1|WET CLEAN RCA2|HF DIP|DRY WAFER|WAFER CLEAN PRE-GRIND|GRINDING WAFER BACKSIDE|MEASURE INITIAL GEOMETRY|ETCH WET BACKSIDE|RINSE WET WAFER_EDGE|DRY WAFER BACKSIDE|BACKSIDE CLEAN|MEASURE BACKSIDE ROUGHNESS|THERMAL OXIDATION|MEASURE OXIDE THICKNESS|WET CLEAN RCA1|WET CLEAN RCA2|HF DIP|OXIDE STRIP|SURFACE PREP FOR DEPOSITION|DEPOSIT PAD OXIDE|ANNEAL OXIDE|MEASURE OXIDE THICKNESS|SPIN COAT PHOTORESIST|SOFT BAKE|ALIGN MASK LEVEL 1|EXPOSE LITHO LEVEL 1|DEVELOP PHOTORESIST|INSPECT PATTERN LEVEL 1|HARD BAKE|OXIDE ETCH DRY|STRIP RESIST|CLEAN AFTER ETCH|DEPOSIT POLYSILICON|ANNEAL POLYSILICON|SPIN COAT PHOTORESIST|SOFT BAKE|ALIGN MASK LEVEL 2|EXPOSE LITHO LEVEL 2|DEVELOP PHOTORESIST|PATTERN INSPECTION LEVEL 2|POLYSILICON ETCH DRY|STRIP RESIST|CLEAN AFTER POLY ETCH|IMPLANT N-TYPE|PRE ANNEAL CHECK|RAPID THERMAL ANNEAL|MEASURE SHEET RESISTANCE|DEPOSIT INTERLEVEL DIELECTRIC|DENSIFY DIELECTRIC|MEASURE FILM THICKNESS|CMP DIELECTRIC|MEASURE PLANARITY|SPIN COAT PHOTORESIST|SOFT BAKE|ALIGN MASK LEVEL 3|EXPOSE LITHO LEVEL 3|DEVELOP PHOTORESIST|VIA OPENING INSPECTION|HARD BAKE|VIA ETCH THROUGH DIELECTRIC|STRIP RESIST|CLEAN AFTER VIA ETCH|MEASURE VIA CD|DEPOSIT BARRIER METAL|DEPOSIT TUNGSTEN SEED|FILL VIA TUNGSTEN|CMP METAL|MEASURE CONTACT RESISTANCE|DEPOSIT METAL 1|ANNEAL METAL 1|MEASURE METAL THICKNESS|SPIN COAT PHOTORESIST|SOFT BAKE|ALIGN MASK LEVEL 4|EXPOSE LITHO LEVEL 4|DEVELOP PHOTORESIST|METAL PATTERN INSPECTION|METAL ETCH DRY|STRIP PHOTORESIST|CLEAN AFTER METAL ETCH|DEPOSIT PASSIVATION|CURE PASSIVATION|MEASURE PASSIVATION QUALITY|OPEN BOND PAD WINDOW|PAD WINDOW LITHO|DEVELOP PHOTORESIST|PASSIVATION ETCH PAD OPENING|STRIP RESIST|CLEAN PAD OPENING|MEASURE PAD OPENING|BACKSIDE CLEAN FINAL|DEPOSIT BACKSIDE PROTECTION|BACKSIDE ANNEAL|FRONTSIDE CLEAN FINAL|FINAL CLEAN|FINAL THICKNESS MEASURE|FINAL GEOMETRY CHECK|FINAL CD INSPECTION|FINAL PARTICLE INSPECTION|FINAL ELECTRICAL TEST PREP|PARAMETRIC TEST|LEAKAGE TEST|THRESHOLD VOLTAGE TEST|SWITCHING TEST|SHIP LOT|YIELD ANALYSIS|FINAL LOT RELEASE|PACKAGE PREPARATION|WAFER SORT TEST,RULE_SHIP_BEFORE_TEST
anomaly_0692,IGBT,RECEIVE WAFER LOT|LOT IDENTIFICATION|INITIAL WAFER INSPECTION|MEASURE INITIAL THICKNESS|PRE CLEAN WAFER|BACKSIDE CLEAN|FRONTSIDE CLEAN|WET CLEAN RCA1|RCA CLEAN 2|HF DIP|DRY WAFER|EPITAXIAL WAFER CHECK|MEASURE EPITAXY THICKNESS|MEASURE RESISTIVITY|EPITAXIAL LAYER PREP|THERMAL OXIDATION|MEASURE OXIDE THICKNESS|SPIN COAT PHOTORESIST|SOFT BAKE|ALIGN MASK LEVEL 1|EXPOSE LITHO LEVEL 1|DEVELOP PHOTORESIST|INSPECT PATTERN LEVEL 1|OXIDE ETCH DRY|STRIP RESIST|CLEAN AFTER OXIDE ETCH|MEASURE OPENING CD|IMPLANT P BODY|PRE ANNEAL CHECK|DRIVE IN DIFFUSION|RAPID THERMAL ANNEAL|MEASURE JUNCTION DEPTH|THERMAL OXIDATION|SPIN COAT PHOTORESIST|SOFT BAKE|ALIGN MASK LEVEL 2|EXPOSE LITHO LEVEL 2|POST EXPOSE BAKE|DEVELOP PHOTORESIST|P BODY WINDOW INSPECTION|ETCH SILICON OR OXIDE WINDOW|STRIP PHOTORESIST|CLEAN AFTER WINDOW ETCH|MEASURE WINDOW CD|IMPLANT N BUFFER|PRE ANNEAL CHECK|RAPID THERMAL ANNEAL|DEPOSIT FIELD OXIDE|DENSIFY OXIDE|MEASURE FILM THICKNESS|SPIN COAT PHOTORESIST|SOFT BAKE|ALIGN MASK LEVEL 3|EXPOSE LITHO LEVEL 3|DEVELOP PHOTORESIST|FIELD PATTERN INSPECTION|HARD BAKE|FIELD OXIDE ETCH|STRIP PHOTORESIST|CLEAN AFTER FIELD ETCH|MEASURE SURFACE UNIFORMITY|IMPLANT SOURCE REGION|IMPLANT DRAIN / CATHODE REGION|PRE ANNEAL CHECK|RAPID THERMAL ANNEAL|DEPOSIT GATE OXIDE OR DIELECTRIC|ANNEAL DIELECTRIC|MEASURE OXIDE QUALITY|DEPOSIT POLYSILICON|POLYSILICON ANNEAL|SPIN COAT PHOTORESIST|SOFT BAKE|ALIGN MASK LEVEL 4|EXPOSE LITHO LEVEL 4|POST EXPOSE BAKE|DEVELOP PHOTORESIST|POLY PATTERN INSPECTION|POLYSILICON ETCH DRY|STRIP PHOTORESIST|CLEAN AFTER POLY ETCH|MEASURE GATE CD|IMPLANT CHANNEL STOP|PRE ANNEAL CHECK|RAPID THERMAL ANNEAL|DEPOSIT INTERLAYER DIELECTRIC|DENSIFY OXIDE|MEASURE FILM THICKNESS|CMP DIELECTRIC|MEASURE PLANARITY|SPIN COAT PHOTORESIST|SOFT BAKE|ALIGN MASK LEVEL 5|EXPOSE LITHO LEVEL 5|POST EXPOSE BAKE|DEVELOP PHOTORESIST|VIA INSPECTION|VIA ETCH|STRIP RESIST|CLEAN AFTER VIA ETCH|MEASURE VIA CD|DEPOSIT BARRIER METAL|DEPOSIT METAL SEED|FILL VIA METAL|CMP VIA FILL|MEASURE VIA RESISTANCE|DEPOSIT TOP METAL|ANNEAL METAL 1|SPIN COAT PHOTORESIST|SOFT BAKE|ALIGN MASK LEVEL 6|DEVELOP PHOTORESIST|METAL PATTERN INSPECTION|METAL ETCH DRY|STRIP RESIST|CLEAN AFTER METAL ETCH|MEASURE LINE WIDTH|DEPOSIT PASSIVATION LAYER|CURE PASSIVATION|MEASURE PASSIVATION THICKNESS|OPEN BOND PAD WINDOW|PAD WINDOW LITHO|DEVELOP PHOTORESIST|PASSIVATION ETCH PAD OPENING|STRIP PHOTORESIST|CLEAN PAD OPENING|MEASURE PAD OPENING|BACKSIDE GRIND|MEASURE WAFER THICKNESS|BACKSIDE ETCH CLEAN|BACKSIDE RINSE|BACKSIDE DRY|BACKSIDE METALLIZATION PREP|DEPOSIT BACKSIDE METAL|BACKSIDE ANNEAL|MEASURE BACKSIDE CONTACT|FINAL CLEAN|FINAL THICKNESS MEASURE|FINAL GEOMETRY CHECK|FINAL PARTICLE INSPECTION|ELECTRICAL PARAMETRIC TEST|LEAKAGE TEST|BREAKDOWN VOLTAGE TEST|SWITCHING TEST|WAFER SORT TEST|YIELD ANALYSIS|FINAL LOT RELEASE|SHIP LOT,RULE_METAL_ETCH_NO_LITHO
anomaly_0616,IGBT,RECEIVE WAFER LOT|LOT IDENTIFICATION|INITIAL WAFER INSPECTION|MEASURE INITIAL THICKNESS|MEASURE SURFACE PARTICLES|PRE CLEAN WAFER|BACKSIDE CLEAN|FRONTSIDE CLEAN|RCA CLEAN 1|RCA CLEAN 2|HF DIP|EPITAXIAL WAFER CHECK|MEASURE EPITAXY THICKNESS|MEASURE RESISTIVITY|EPITAXIAL REWORK CHECK|EPITAXIAL LAYER PREP|THERMAL OXIDATION|MEASURE OXIDE THICKNESS|SPIN COAT PHOTORESIST|SOFT BAKE|ALIGN MASK LEVEL 1|EXPOSE LITHO LEVEL 1|DEVELOP PHOTORESIST|INSPECT PATTERN LEVEL 1|HARD BAKE|OXIDE ETCH DRY|STRIP PHOTORESIST|CLEAN AFTER OXIDE ETCH|MEASURE OPENING CD|IMPLANT P BODY|DRIVE IN DIFFUSION|RAPID THERMAL ANNEAL|MEASURE JUNCTION DEPTH|THERMAL OXIDATION|SPIN COAT PHOTORESIST|SOFT BAKE|ALIGN MASK LEVEL 2|EXPOSE LITHO LEVEL 2|POST EXPOSE BAKE|DEVELOP PHOTORESIST|P BODY WINDOW INSPECTION|ETCH SILICON OR OXIDE WINDOW|STRIP PHOTORESIST|CLEAN AFTER WINDOW ETCH|MEASURE WINDOW CD|IMPLANT N BUFFER|PRE ANNEAL CHECK|RAPID THERMAL ANNEAL|DEPOSIT FIELD OXIDE|DENSIFY OXIDE|MEASURE FILM THICKNESS|SPIN COAT PHOTORESIST|SOFT BAKE|ALIGN MASK LEVEL 3|EXPOSE LITHO LEVEL 3|POST EXPOSE BAKE|DEVELOP PHOTORESIST|FIELD PATTERN INSPECTION|FIELD OXIDE ETCH|STRIP PHOTORESIST|CLEAN AFTER FIELD ETCH|IMPLANT SOURCE REGION|IMPLANT DRAIN / CATHODE REGION|PRE ANNEAL CHECK|RAPID THERMAL ANNEAL|MEASURE SHEET RESISTANCE|DEPOSIT GATE OXIDE OR DIELECTRIC|ANNEAL DIELECTRIC|DEPOSIT POLYSILICON|POLYSILICON ANNEAL|MEASURE POLY THICKNESS|SPIN COAT PHOTORESIST|SOFT BAKE|DEVELOP PHOTORESIST|POLY PATTERN INSPECTION|POLYSILICON ETCH DRY|STRIP RESIST|CLEAN AFTER POLY ETCH|MEASURE GATE CD|IMPLANT CHANNEL STOP|RAPID THERMAL ANNEAL|MEASURE DEVICE PARAMETER|DEPOSIT INTERLAYER DIELECTRIC|DENSIFY OXIDE|MEASURE DIELECTRIC THICKNESS|CMP INTERLAYER DIELECTRIC|MEASURE PLANARITY|SPIN COAT PHOTORESIST|SOFT BAKE|ALIGN MASK LEVEL 5|EXPOSE LITHO LEVEL 5|DEVELOP PHOTORESIST|VIA INSPECTION|DIELECTRIC ETCH VIA|STRIP PHOTORESIST|CLEAN AFTER VIA ETCH|MEASURE VIA CD|DEPOSIT BARRIER METAL|DEPOSIT METAL SEED|FILL VIA METAL|CMP METAL|MEASURE VIA RESISTANCE|DEPOSIT METAL 1|ANNEAL METAL|MEASURE METAL THICKNESS|SPIN COAT PHOTORESIST|SOFT BAKE|ALIGN MASK LEVEL 6|EXPOSE LITHO LEVEL 6|DEVELOP PHOTORESIST|METAL PATTERN INSPECTION|METAL ETCH DRY|STRIP RESIST|CLEAN AFTER METAL ETCH|MEASURE LINE WIDTH|DEPOSIT PASSIVATION|CURE PASSIVATION|MEASURE PASSIVATION QUALITY|OPEN PAD WINDOW|PAD WINDOW LITHO|DEVELOP PAD WINDOW|PASSIVATION ETCH PAD OPENING|STRIP RESIST|CLEAN PAD OPENING|MEASURE PAD OPENING|BACKSIDE GRIND|MEASURE THICKNESS|BACKSIDE ETCH CLEAN|BACKSIDE RINSE|BACKSIDE DRY|BACKSIDE METALLIZATION PREP|DEPOSIT BACKSIDE METAL|BACKSIDE ANNEAL|MEASURE BACKSIDE CONTACT|FINAL CLEAN|FINAL GEOMETRY CHECK|FINAL PARTICLE INSPECTION|PARAMETRIC TEST|LEAKAGE TEST|BREAKDOWN VOLTAGE TEST|SWITCHING TEST|WAFER SORT TEST|YIELD ANALYSIS|LOT RELEASE|SHIP LOT,RULE_LITHO_LEVEL_SKIP
anomaly_0834,IC,RECEIVE WAFER LOT|LOT IDENTIFICATION|PRE CLEAN INSPECTION|MEASURE INITIAL GEOMETRY|WAFER CLEAN PRE PROCESS|FRONTSIDE CLEAN|WET CLEAN RCA1|WET CLEAN RCA2|HF DIP|WAFER CLEAN PRE-GRIND|GRINDING WAFER BACKSIDE|MEASURE GEOMETRY|ETCH WET BACKSIDE|RINSE WET WAFER_EDGE|DRY WAFER BACKSIDE|BACKSIDE CLEAN|MEASURE BACKSIDE ROUGHNESS|THERMAL OXIDATION|MEASURE OXIDE THICKNESS|WET CLEAN RCA1|RCA CLEAN 2|HF DIP|OXIDE STRIP|SURFACE PREP FOR DEPOSITION|DEPOSIT PAD OXIDE|ANNEAL OXIDE|MEASURE OXIDE THICKNESS|SPIN COAT PHOTORESIST|SOFT BAKE|ALIGN MASK LEVEL 1|EXPOSE LITHO LEVEL 1|POST EXPOSE BAKE|INSPECT PATTERN LEVEL 1|HARD BAKE|OXIDE ETCH DRY|STRIP RESIST|CLEAN AFTER ETCH|MEASURE CD LEVEL 1|DEPOSIT POLYSILICON|ANNEAL POLYSILICON|SPIN COAT PHOTORESIST|SOFT BAKE|ALIGN MASK LEVEL 2|EXPOSE LITHO LEVEL 2|DEVELOP PHOTORESIST|PATTERN INSPECTION LEVEL 2|POLYSILICON ETCH DRY|STRIP RESIST|CLEAN AFTER POLY ETCH|MEASURE CD LEVEL 2|IMPLANT N-TYPE|PRE ANNEAL CHECK|RAPID THERMAL ANNEAL|DEPOSIT INTERLEVEL DIELECTRIC|DENSIFY OXIDE|MEASURE FILM THICKNESS|CMP INTERLAYER DIELECTRIC|MEASURE PLANARITY|SPIN COAT PHOTORESIST|SOFT BAKE|ALIGN MASK LEVEL 3|EXPOSE LITHO LEVEL 3|DEVELOP PHOTORESIST|VIA INSPECTION|VIA ETCH THROUGH DIELECTRIC|STRIP RESIST|CLEAN AFTER VIA ETCH|DEPOSIT BARRIER METAL|DEPOSIT TUNGSTEN SEED|FILL VIA TUNGSTEN|CMP METAL|DEPOSIT TOP METAL|ANNEAL METAL 1|SPIN COAT PHOTORESIST|SOFT BAKE|ALIGN MASK LEVEL 4|EXPOSE LITHO LEVEL 4|DEVELOP PHOTORESIST|METAL PATTERN INSPECTION|METAL ETCH DRY|STRIP RESIST|CLEAN AFTER METAL ETCH|DEPOSIT PASSIVATION|CURE PASSIVATION|MEASURE PASSIVATION THICKNESS|OPEN PAD WINDOW|OPEN PAD WINDOW LITHO|DEVELOP PHOTORESIST|PASSIVATION ETCH PAD OPENING|STRIP PHOTORESIST|CLEAN PAD OPENING|MEASURE PAD OPENING|BACKSIDE THINNING CHECK|BACKSIDE CLEAN FINAL|DEPOSIT BACKSIDE PROTECTION|BACKSIDE ANNEAL|FRONTSIDE CLEAN FINAL|FINAL CLEAN|FINAL THICKNESS MEASURE|FINAL GEOMETRY CHECK|FINAL OXIDE CHECK|FINAL CD INSPECTION|FINAL ELECTRICAL TEST PREP|ELECTRICAL PARAMETRIC TEST|LEAKAGE TEST|THRESHOLD VOLTAGE TEST|SWITCHING TEST|WAFER SORT TEST|YIELD ANALYSIS|FINAL LOT RELEASE|PACKAGE PREPARATION|SHIP LOT,RULE_ETCH_NO_MASK
anomaly_0425,IGBT,RECEIVE WAFER LOT|LOT IDENTIFICATION|INITIAL WAFER INSPECTION|PRE CLEAN WAFER|BACKSIDE CLEAN|FRONTSIDE CLEAN|RCA CLEAN 1|WET CLEAN RCA2|HF DIP|EPITAXIAL WAFER CHECK|MEASURE EPITAXY THICKNESS|MEASURE RESISTIVITY|EPITAXIAL REWORK CHECK|EPITAXIAL LAYER PREP|THERMAL OXIDATION|MEASURE OXIDE THICKNESS|SPIN COAT PHOTORESIST|SOFT BAKE|ALIGN MASK LEVEL 1|EXPOSE LITHO LEVEL 1|DEVELOP PHOTORESIST|INSPECT PATTERN LEVEL 1|OXIDE ETCH DRY|STRIP RESIST|CLEAN AFTER OXIDE ETCH|MEASURE OPENING CD|IMPLANT P BODY|PRE ANNEAL CHECK|DRIVE IN DIFFUSION|RAPID THERMAL ANNEAL|THERMAL OXIDATION|SPIN COAT PHOTORESIST|SOFT BAKE|ALIGN MASK LEVEL 2|EXPOSE LITHO LEVEL 2|DEVELOP PHOTORESIST|P BODY WINDOW INSPECTION|ETCH SILICON OR OXIDE WINDOW|STRIP PHOTORESIST|CLEAN AFTER WINDOW ETCH|MEASURE WINDOW CD|IMPLANT N BUFFER|RAPID THERMAL ANNEAL|MEASURE SHEET RESISTANCE|EPITAXIAL REWORK CHECK|DEPOSIT FIELD OXIDE|DENSIFY OXIDE|MEASURE FILM THICKNESS|SPIN COAT PHOTORESIST|SOFT BAKE|ALIGN MASK LEVEL 3|EXPOSE LITHO LEVEL 3|DEVELOP PHOTORESIST|FIELD PATTERN INSPECTION|FIELD OXIDE ETCH|STRIP RESIST|CLEAN AFTER FIELD ETCH|MEASURE SURFACE UNIFORMITY|IMPLANT SOURCE REGION|IMPLANT DRAIN / CATHODE REGION|RAPID THERMAL ANNEAL|MEASURE SHEET RESISTANCE|DEPOSIT GATE OXIDE OR DIELECTRIC|ANNEAL DIELECTRIC|DEPOSIT POLYSILICON|POLYSILICON ANNEAL|MEASURE POLY THICKNESS|SPIN COAT PHOTORESIST|SOFT BAKE|ALIGN MASK LEVEL 4|EXPOSE LITHO LEVEL 4|DEVELOP PHOTORESIST|POLY PATTERN INSPECTION|HARD BAKE|POLYSILICON ETCH DRY|STRIP PHOTORESIST|CLEAN AFTER POLY ETCH|MEASURE GATE CD|IMPLANT CHANNEL STOP|RAPID THERMAL ANNEAL|MEASURE DEVICE PARAMETER|DEPOSIT INTERLEVEL DIELECTRIC|DENSIFY OXIDE|MEASURE FILM THICKNESS|CMP INTERLAYER DIELECTRIC|MEASURE PLANARITY|SPIN COAT PHOTORESIST|SOFT BAKE|ALIGN MASK LEVEL 5|EXPOSE LITHO LEVEL 5|POST EXPOSE BAKE|DEVELOP PHOTORESIST|VIA INSPECTION|VIA ETCH|STRIP PHOTORESIST|CLEAN AFTER VIA ETCH|MEASURE VIA CD|DEPOSIT BARRIER METAL|DEPOSIT METAL SEED|FILL VIA METAL|CMP METAL|MEASURE VIA RESISTANCE|DEPOSIT METAL 1|ANNEAL METAL 1|SPIN COAT PHOTORESIST|SOFT BAKE|ALIGN MASK LEVEL 6|EXPOSE LITHO LEVEL 6|DEVELOP PHOTORESIST|METAL PATTERN INSPECTION|METAL ETCH DRY|STRIP RESIST|CLEAN AFTER METAL ETCH|DEPOSIT PASSIVATION|DEPOSIT BACKSIDE METAL|CURE PASSIVATION|MEASURE PASSIVATION QUALITY|OPEN BOND PAD WINDOW|PAD WINDOW LITHO|DEVELOP PHOTORESIST|PASSIVATION ETCH PAD OPENING|STRIP PHOTORESIST|CLEAN PAD OPENING|MEASURE PAD OPENING|BACKSIDE GRIND|MEASURE THICKNESS|BACKSIDE ETCH CLEAN|BACKSIDE RINSE|BACKSIDE DRY|BACKSIDE METALLIZATION PREP|BACKSIDE ANNEAL|MEASURE BACKSIDE CONTACT|FINAL CLEAN|FINAL GEOMETRY CHECK|FINAL CD INSPECTION|PARAMETRIC TEST|LEAKAGE TEST|BREAKDOWN VOLTAGE TEST|SWITCHING TEST|WAFER SORT TEST|YIELD ANALYSIS|LOT RELEASE|SHIP LOT,RULE_BACKSIDE_BEFORE_PASSIVATION
anomaly_0190,IGBT,RECEIVE WAFER LOT|LOT IDENTIFICATION|PRE CLEAN INSPECTION|MEASURE INITIAL THICKNESS|MEASURE SURFACE PARTICLES|PRE CLEAN WAFER|BACKSIDE CLEAN|FRONTSIDE CLEAN|RCA CLEAN 1|WET CLEAN RCA2|HF DIP|DRY WAFER|EPITAXIAL WAFER CHECK|MEASURE EPITAXY THICKNESS|MEASURE RESISTIVITY|EPITAXIAL REWORK CHECK|EPITAXIAL LAYER PREP|THERMAL OXIDATION|MEASURE OXIDE THICKNESS|SPIN COAT PHOTORESIST|SOFT BAKE|ALIGN MASK LEVEL 1|EXPOSE LITHO LEVEL 1|DEVELOP PHOTORESIST|INSPECT PATTERN LEVEL 1|OXIDE ETCH DRY|STRIP PHOTORESIST|CLEAN AFTER OXIDE ETCH|IMPLANT P BODY|PRE ANNEAL CHECK|DRIVE IN DIFFUSION|RAPID THERMAL ANNEAL|MEASURE JUNCTION DEPTH|THERMAL OXIDATION|SPIN COAT PHOTORESIST|SOFT BAKE|ALIGN MASK LEVEL 2|EXPOSE LITHO LEVEL 2|DEVELOP PHOTORESIST|P BODY WINDOW INSPECTION|ETCH SILICON OR OXIDE WINDOW|STRIP PHOTORESIST|CLEAN AFTER WINDOW ETCH|MEASURE WINDOW CD|IMPLANT N BUFFER|RAPID THERMAL ANNEAL|MEASURE SHEET RESISTANCE|EPITAXIAL REWORK CHECK|DEPOSIT FIELD OXIDE|DENSIFY OXIDE|MEASURE FILM THICKNESS|SPIN COAT PHOTORESIST|SOFT BAKE|ALIGN MASK LEVEL 3|EXPOSE LITHO LEVEL 3|DEVELOP PHOTORESIST|FIELD PATTERN INSPECTION|HARD BAKE|FIELD OXIDE ETCH|STRIP PHOTORESIST|CLEAN AFTER FIELD ETCH|MEASURE SURFACE UNIFORMITY|IMPLANT SOURCE REGION|IMPLANT DRAIN / CATHODE REGION|PRE ANNEAL CHECK|RAPID THERMAL ANNEAL|MEASURE SHEET RESISTANCE|DEPOSIT GATE OXIDE OR DIELECTRIC|ANNEAL DIELECTRIC|MEASURE OXIDE QUALITY|DEPOSIT POLYSILICON|POLYSILICON ANNEAL|MEASURE POLY THICKNESS|SPIN COAT PHOTORESIST|SOFT BAKE|ALIGN MASK LEVEL 4|EXPOSE LITHO LEVEL 4|DEVELOP PHOTORESIST|POLY PATTERN INSPECTION|POLYSILICON ETCH DRY|STRIP PHOTORESIST|CLEAN AFTER POLY ETCH|MEASURE GATE CD|IMPLANT CHANNEL STOP|PRE ANNEAL CHECK|RAPID THERMAL ANNEAL|MEASURE DEVICE PARAMETER|DEPOSIT INTERLEVEL DIELECTRIC|DENSIFY OXIDE|MEASURE FILM THICKNESS|CMP DIELECTRIC|MEASURE SURFACE PLANARITY|SPIN COAT PHOTORESIST|SOFT BAKE|ALIGN MASK LEVEL 5|EXPOSE LITHO LEVEL 5|DEVELOP PHOTORESIST|VIA INSPECTION|VIA ETCH|STRIP PHOTORESIST|CLEAN AFTER VIA ETCH|MEASURE VIA CD|DEPOSIT BARRIER METAL|DEPOSIT METAL SEED|FILL VIA METAL|CMP VIA FILL|MEASURE CONTACT RESISTANCE|DEPOSIT TOP METAL|ANNEAL METAL|SPIN COAT PHOTORESIST|SOFT BAKE|ALIGN MASK LEVEL 6|EXPOSE LITHO LEVEL 6|POST EXPOSE BAKE|DEVELOP PHOTORESIST|METAL PATTERN INSPECTION|METAL ETCH DRY|STRIP RESIST|CLEAN AFTER METAL ETCH|DEPOSIT PASSIVATION LAYER|SWITCHING TEST|CURE PASSIVATION|MEASURE PASSIVATION QUALITY|OPEN BOND PAD WINDOW|PAD WINDOW LITHO|DEVELOP PHOTORESIST|PASSIVATION ETCH PAD OPENING|STRIP PHOTORESIST|CLEAN PAD OPENING|MEASURE PAD OPENING|BACKSIDE GRIND|MEASURE THICKNESS|BACKSIDE ETCH CLEAN|BACKSIDE RINSE|BACKSIDE DRY|BACKSIDE METALLIZATION PREP|DEPOSIT BACKSIDE METAL|BACKSIDE ANNEAL|MEASURE BACKSIDE CONTACT|FINAL CLEAN|FINAL THICKNESS MEASURE|FINAL GEOMETRY CHECK|FINAL CD INSPECTION|PARAMETRIC TEST|LEAKAGE TEST|BREAKDOWN VOLTAGE TEST|WAFER SORT TEST|YIELD ANALYSIS|FINAL LOT RELEASE|SHIP LOT,RULE_TEST_BEFORE_PASSIVATION
anomaly_0212,IGBT,RECEIVE WAFER LOT|LOT IDENTIFICATION|PRE CLEAN INSPECTION|MEASURE SURFACE PARTICLES|PRE CLEAN WAFER|BACKSIDE CLEAN|FRONTSIDE CLEAN|WET CLEAN RCA1|RCA CLEAN 2|HF DIP|DRY WAFER|EPITAXIAL WAFER CHECK|MEASURE EPITAXY THICKNESS|MEASURE RESISTIVITY|EPITAXIAL LAYER PREP|THERMAL OXIDATION|MEASURE OXIDE THICKNESS|SPIN COAT PHOTORESIST|SOFT BAKE|ALIGN MASK LEVEL 1|EXPOSE LITHO LEVEL 1|DEVELOP PHOTORESIST|INSPECT PATTERN LEVEL 1|OXIDE ETCH DRY|STRIP PHOTORESIST|CLEAN AFTER OXIDE ETCH|MEASURE OPENING CD|IMPLANT P BODY|DRIVE IN DIFFUSION|RAPID THERMAL ANNEAL|MEASURE JUNCTION DEPTH|THERMAL OXIDATION|SPIN COAT PHOTORESIST|SOFT BAKE|ALIGN MASK LEVEL 2|EXPOSE LITHO LEVEL 2|POST EXPOSE BAKE|DEVELOP PHOTORESIST|P BODY WINDOW INSPECTION|ETCH SILICON OR OXIDE WINDOW|STRIP RESIST|CLEAN AFTER WINDOW ETCH|MEASURE WINDOW CD|IMPLANT N BUFFER|PRE ANNEAL CHECK|RAPID THERMAL ANNEAL|MEASURE SHEET RESISTANCE|EPITAXIAL REWORK CHECK|DEPOSIT FIELD OXIDE|DENSIFY OXIDE|MEASURE FILM THICKNESS|SPIN COAT PHOTORESIST|SOFT BAKE|ALIGN MASK LEVEL 3|EXPOSE LITHO LEVEL 3|POST EXPOSE BAKE|DEVELOP PHOTORESIST|FIELD PATTERN INSPECTION|FIELD OXIDE ETCH|STRIP RESIST|CLEAN AFTER FIELD ETCH|IMPLANT SOURCE REGION|IMPLANT DRAIN / CATHODE REGION|RAPID THERMAL ANNEAL|MEASURE SHEET RESISTANCE|DEPOSIT GATE OXIDE OR DIELECTRIC|ANNEAL DIELECTRIC|MEASURE OXIDE QUALITY|DEPOSIT POLYSILICON|POLYSILICON ANNEAL|SPIN COAT PHOTORESIST|SOFT BAKE|ALIGN MASK LEVEL 4|EXPOSE LITHO LEVEL 4|DEVELOP PHOTORESIST|POLY PATTERN INSPECTION|HARD BAKE|POLYSILICON ETCH DRY|STRIP RESIST|CLEAN AFTER POLY ETCH|IMPLANT CHANNEL STOP|PRE ANNEAL CHECK|RAPID THERMAL ANNEAL|MEASURE DEVICE PARAMETER|DEPOSIT INTERLAYER DIELECTRIC|DENSIFY OXIDE|MEASURE DIELECTRIC THICKNESS|CMP DIELECTRIC|MEASURE SURFACE PLANARITY|SPIN COAT PHOTORESIST|SOFT BAKE|ALIGN MASK LEVEL 5|EXPOSE LITHO LEVEL 5|POST EXPOSE BAKE|DEVELOP PHOTORESIST|VIA INSPECTION|VIA ETCH|STRIP PHOTORESIST|CLEAN AFTER VIA ETCH|MEASURE VIA CD|DEPOSIT BARRIER METAL|DEPOSIT METAL SEED|FILL VIA METAL|CMP METAL|MEASURE CONTACT RESISTANCE|DEPOSIT METAL 1|ANNEAL METAL 1|MEASURE METAL THICKNESS|SPIN COAT PHOTORESIST|SOFT BAKE|ALIGN MASK LEVEL 6|POST EXPOSE BAKE|DEVELOP PHOTORESIST|METAL PATTERN INSPECTION|METAL ETCH DRY|STRIP RESIST|CLEAN AFTER METAL ETCH|MEASURE LINE WIDTH|DEPOSIT PASSIVATION LAYER|CURE PASSIVATION|MEASURE PASSIVATION THICKNESS|OPEN PAD WINDOW|OPEN PAD WINDOW LITHO|DEVELOP PAD WINDOW|PASSIVATION ETCH|STRIP RESIST|CLEAN PAD OPENING|MEASURE PAD OPENING|BACKSIDE GRIND|MEASURE WAFER THICKNESS|BACKSIDE ETCH CLEAN|BACKSIDE RINSE|BACKSIDE DRY|BACKSIDE METALLIZATION PREP|DEPOSIT BACKSIDE METAL|BACKSIDE ANNEAL|MEASURE BACKSIDE CONTACT|FINAL CLEAN|FINAL THICKNESS MEASURE|FINAL GEOMETRY CHECK|FINAL CD INSPECTION|FINAL PARTICLE INSPECTION|ELECTRICAL PARAMETRIC TEST|LEAKAGE TEST|BREAKDOWN VOLTAGE TEST|SWITCHING TEST|YIELD ANALYSIS|WAFER SORT TEST|LOT RELEASE|SHIP LOT,RULE_METAL_ETCH_NO_LITHO
anomaly_0894,IC,RECEIVE WAFER LOT|LOT IDENTIFICATION|PRE CLEAN INSPECTION|MEASURE INITIAL GEOMETRY|MEASURE SURFACE PARTICLES|WAFER CLEAN PRE PROCESS|WET CLEAN RCA1|RCA CLEAN 2|HF DIP|DRY WAFER|WAFER CLEAN PRE-GRIND|GRINDING WAFER BACKSIDE|MEASURE INITIAL GEOMETRY|ETCH WET BACKSIDE|RINSE WET WAFER_EDGE|DRY WAFER BACKSIDE|BACKSIDE CLEAN|MEASURE BACKSIDE ROUGHNESS|THERMAL OXIDATION|MEASURE OXIDE THICKNESS|RCA CLEAN 1|WET CLEAN RCA2|HF DIP|OXIDE STRIP|SURFACE PREP FOR DEPOSITION|DEPOSIT PAD OXIDE|ANNEAL OXIDE|MEASURE FILM THICKNESS|SPIN COAT PHOTORESIST|SOFT BAKE|ALIGN MASK LEVEL 1|EXPOSE LITHO LEVEL 1|DEVELOP PHOTORESIST|INSPECT PATTERN LEVEL 1|HARD BAKE|OXIDE ETCH DRY|STRIP RESIST|CLEAN AFTER ETCH|DEPOSIT POLYSILICON|ANNEAL POLYSILICON|SPIN COAT PHOTORESIST|SOFT BAKE|ALIGN MASK LEVEL 2|EXPOSE LITHO LEVEL 2|DEVELOP PHOTORESIST|PATTERN INSPECTION LEVEL 2|POLYSILICON ETCH DRY|STRIP RESIST|CLEAN AFTER POLY ETCH|IMPLANT N-TYPE|RAPID THERMAL ANNEAL|MEASURE SHEET RESISTANCE|DEPOSIT INTERLEVEL DIELECTRIC|DENSIFY OXIDE|MEASURE FILM THICKNESS|CMP INTERLAYER DIELECTRIC|MEASURE SURFACE PLANARITY|SPIN COAT PHOTORESIST|SOFT BAKE|ALIGN MASK LEVEL 3|EXPOSE LITHO LEVEL 3|DEVELOP PHOTORESIST|VIA OPENING INSPECTION|DIELECTRIC ETCH VIA|STRIP PHOTORESIST|CLEAN AFTER VIA ETCH|MEASURE VIA CD|DEPOSIT BARRIER METAL|DEPOSIT TUNGSTEN SEED|FILL VIA TUNGSTEN|CMP VIA FILL|MEASURE VIA RESISTANCE|DEPOSIT METAL 1|ANNEAL METAL|SPIN COAT PHOTORESIST|SOFT BAKE|ALIGN MASK LEVEL 4|EXPOSE LITHO LEVEL 4|DEVELOP PHOTORESIST|METAL PATTERN INSPECTION|METAL ETCH DRY|STRIP RESIST|CLEAN AFTER METAL ETCH|DEPOSIT PASSIVATION LAYER|CURE PASSIVATION|MEASURE PASSIVATION THICKNESS|OPEN BOND PAD WINDOW|OPEN PAD WINDOW LITHO|DEVELOP PHOTORESIST|PASSIVATION ETCH PAD OPENING|STRIP RESIST|CLEAN PAD OPENING|MEASURE PAD OPENING|BACKSIDE THINNING CHECK|BACKSIDE CLEAN FINAL|DEPOSIT BACKSIDE PROTECTION|BACKSIDE ANNEAL|FRONTSIDE CLEAN FINAL|FINAL CLEAN|FINAL THICKNESS MEASURE|FINAL OXIDE CHECK|FINAL CD INSPECTION|FINAL PARTICLE INSPECTION|ELECTRICAL PARAMETRIC TEST|LEAKAGE TEST|THRESHOLD VOLTAGE TEST|SWITCHING TEST|SHIP LOT|YIELD ANALYSIS|LOT RELEASE|PACKAGE PREPARATION|WAFER SORT TEST,RULE_SHIP_BEFORE_TEST
anomaly_0752,IGBT,RECEIVE WAFER LOT|LOT IDENTIFICATION|PRE CLEAN INSPECTION|MEASURE INITIAL THICKNESS|MEASURE SURFACE PARTICLES|PRE CLEAN WAFER|BACKSIDE CLEAN|FRONTSIDE CLEAN|WET CLEAN RCA1|RCA CLEAN 2|HF DIP|EPITAXIAL WAFER CHECK|MEASURE EPITAXY THICKNESS|MEASURE RESISTIVITY|EPITAXIAL LAYER PREP|THERMAL OXIDATION|MEASURE OXIDE THICKNESS|SPIN COAT PHOTORESIST|SOFT BAKE|ALIGN MASK LEVEL 1|EXPOSE LITHO LEVEL 1|DEVELOP PHOTORESIST|INSPECT PATTERN LEVEL 1|HARD BAKE|OXIDE ETCH DRY|STRIP PHOTORESIST|CLEAN AFTER OXIDE ETCH|IMPLANT P BODY|PRE ANNEAL CHECK|DRIVE IN DIFFUSION|RAPID THERMAL ANNEAL|THERMAL OXIDATION|SPIN COAT PHOTORESIST|SOFT BAKE|ALIGN MASK LEVEL 2|EXPOSE LITHO LEVEL 2|POST EXPOSE BAKE|DEVELOP PHOTORESIST|P BODY WINDOW INSPECTION|HARD BAKE|ETCH SILICON OR OXIDE WINDOW|STRIP RESIST|CLEAN AFTER WINDOW ETCH|IMPLANT N BUFFER|RAPID THERMAL ANNEAL|MEASURE SHEET RESISTANCE|DEPOSIT FIELD OXIDE|DENSIFY OXIDE|MEASURE FILM THICKNESS|SPIN COAT PHOTORESIST|SOFT BAKE|ALIGN MASK LEVEL 3|EXPOSE LITHO LEVEL 3|DEVELOP PHOTORESIST|FIELD PATTERN INSPECTION|FIELD OXIDE ETCH|STRIP PHOTORESIST|CLEAN AFTER FIELD ETCH|IMPLANT SOURCE REGION|IMPLANT DRAIN / CATHODE REGION|RAPID THERMAL ANNEAL|MEASURE SHEET RESISTANCE|DEPOSIT GATE OXIDE OR DIELECTRIC|ANNEAL DIELECTRIC|MEASURE OXIDE QUALITY|DEPOSIT POLYSILICON|POLYSILICON ANNEAL|MEASURE POLY THICKNESS|SPIN COAT PHOTORESIST|SOFT BAKE|POST EXPOSE BAKE|DEVELOP PHOTORESIST|POLY PATTERN INSPECTION|POLYSILICON ETCH DRY|STRIP RESIST|CLEAN AFTER POLY ETCH|MEASURE GATE CD|IMPLANT CHANNEL STOP|RAPID THERMAL ANNEAL|DEPOSIT INTERLAYER DIELECTRIC|DENSIFY OXIDE|MEASURE DIELECTRIC THICKNESS|CMP INTERLAYER DIELECTRIC|MEASURE PLANARITY|SPIN COAT PHOTORESIST|SOFT BAKE|ALIGN MASK LEVEL 5|EXPOSE LITHO LEVEL 5|POST EXPOSE BAKE|DEVELOP PHOTORESIST|VIA INSPECTION|HARD BAKE|DIELECTRIC ETCH VIA|STRIP PHOTORESIST|CLEAN AFTER VIA ETCH|MEASURE VIA CD|DEPOSIT BARRIER METAL|DEPOSIT METAL SEED|FILL VIA METAL|CMP METAL|MEASURE CONTACT RESISTANCE|DEPOSIT TOP METAL|ANNEAL METAL 1|SPIN COAT PHOTORESIST|SOFT BAKE|ALIGN MASK LEVEL 6|EXPOSE LITHO LEVEL 6|DEVELOP PHOTORESIST|METAL PATTERN INSPECTION|METAL ETCH DRY|STRIP PHOTORESIST|CLEAN AFTER METAL ETCH|MEASURE LINE WIDTH|DEPOSIT PASSIVATION LAYER|CURE PASSIVATION|MEASURE PASSIVATION THICKNESS|OPEN BOND PAD WINDOW|OPEN PAD WINDOW LITHO|DEVELOP PHOTORESIST|PASSIVATION ETCH PAD OPENING|STRIP RESIST|CLEAN PAD OPENING|MEASURE PAD OPENING|BACKSIDE GRIND|MEASURE THICKNESS|BACKSIDE ETCH CLEAN|BACKSIDE RINSE|BACKSIDE DRY|BACKSIDE METALLIZATION PREP|DEPOSIT BACKSIDE METAL|BACKSIDE ANNEAL|MEASURE BACKSIDE CONTACT|FINAL CLEAN|FINAL THICKNESS MEASURE|FINAL GEOMETRY CHECK|FINAL PARTICLE INSPECTION|ELECTRICAL PARAMETRIC TEST|LEAKAGE TEST|BREAKDOWN VOLTAGE TEST|SWITCHING TEST|YIELD ANALYSIS|WAFER SORT TEST|LOT RELEASE|SHIP LOT,RULE_LITHO_LEVEL_SKIP
anomaly_0654,IGBT,RECEIVE WAFER LOT|LOT IDENTIFICATION|PRE CLEAN INSPECTION|MEASURE INITIAL THICKNESS|MEASURE SURFACE PARTICLES|EPITAXIAL WAFER CHECK|MEASURE EPITAXY THICKNESS|MEASURE RESISTIVITY|EPITAXIAL REWORK CHECK|EPITAXIAL LAYER PREP|THERMAL OXIDATION|MEASURE OXIDE THICKNESS|SPIN COAT PHOTORESIST|SOFT BAKE|ALIGN MASK LEVEL 1|EXPOSE LITHO LEVEL 1|DEVELOP PHOTORESIST|INSPECT PATTERN LEVEL 1|OXIDE ETCH DRY|STRIP RESIST|CLEAN AFTER OXIDE ETCH|IMPLANT P BODY|DRIVE IN DIFFUSION|RAPID THERMAL ANNEAL|MEASURE JUNCTION DEPTH|THERMAL OXIDATION|SPIN COAT PHOTORESIST|SOFT BAKE|ALIGN MASK LEVEL 2|EXPOSE LITHO LEVEL 2|DEVELOP PHOTORESIST|P BODY WINDOW INSPECTION|ETCH SILICON OR OXIDE WINDOW|STRIP PHOTORESIST|CLEAN AFTER WINDOW ETCH|MEASURE WINDOW CD|IMPLANT N BUFFER|PRE ANNEAL CHECK|RAPID THERMAL ANNEAL|MEASURE SHEET RESISTANCE|DEPOSIT FIELD OXIDE|DENSIFY OXIDE|MEASURE FILM THICKNESS|SPIN COAT PHOTORESIST|SOFT BAKE|ALIGN MASK LEVEL 3|EXPOSE LITHO LEVEL 3|DEVELOP PHOTORESIST|FIELD PATTERN INSPECTION|HARD BAKE|FIELD OXIDE ETCH|STRIP PHOTORESIST|CLEAN AFTER FIELD ETCH|MEASURE SURFACE UNIFORMITY|IMPLANT SOURCE REGION|IMPLANT DRAIN / CATHODE REGION|PRE ANNEAL CHECK|RAPID THERMAL ANNEAL|MEASURE SHEET RESISTANCE|DEPOSIT GATE OXIDE OR DIELECTRIC|ANNEAL DIELECTRIC|MEASURE OXIDE QUALITY|DEPOSIT POLYSILICON|POLYSILICON ANNEAL|MEASURE POLY THICKNESS|SPIN COAT PHOTORESIST|SOFT BAKE|ALIGN MASK LEVEL 4|EXPOSE LITHO LEVEL 4|DEVELOP PHOTORESIST|POLY PATTERN INSPECTION|POLYSILICON ETCH DRY|STRIP RESIST|CLEAN AFTER POLY ETCH|IMPLANT CHANNEL STOP|PRE ANNEAL CHECK|RAPID THERMAL ANNEAL|MEASURE DEVICE PARAMETER|DEPOSIT INTERLEVEL DIELECTRIC|DENSIFY DIELECTRIC|MEASURE DIELECTRIC THICKNESS|CMP INTERLAYER DIELECTRIC|MEASURE PLANARITY|SPIN COAT PHOTORESIST|SOFT BAKE|ALIGN MASK LEVEL 5|EXPOSE LITHO LEVEL 5|DEVELOP PHOTORESIST|VIA OPENING INSPECTION|VIA ETCH|STRIP PHOTORESIST|CLEAN AFTER VIA ETCH|DEPOSIT BARRIER METAL|DEPOSIT METAL SEED|FILL VIA METAL|CMP VIA FILL|DEPOSIT METAL 1|ANNEAL METAL 1|MEASURE METAL THICKNESS|SPIN COAT PHOTORESIST|SOFT BAKE|ALIGN MASK LEVEL 6|EXPOSE LITHO LEVEL 6|DEVELOP PHOTORESIST|METAL PATTERN INSPECTION|METAL ETCH DRY|STRIP PHOTORESIST|CLEAN AFTER METAL ETCH|MEASURE LINE WIDTH|DEPOSIT PASSIVATION LAYER|CURE PASSIVATION|MEASURE PASSIVATION THICKNESS|OPEN PAD WINDOW|OPEN PAD WINDOW LITHO|DEVELOP PAD WINDOW|PASSIVATION ETCH|STRIP RESIST|CLEAN PAD OPENING|MEASURE PAD OPENING|BACKSIDE GRIND|MEASURE WAFER THICKNESS|BACKSIDE ETCH CLEAN|BACKSIDE RINSE|BACKSIDE DRY|BACKSIDE METALLIZATION PREP|DEPOSIT BACKSIDE METAL|BACKSIDE ANNEAL|MEASURE BACKSIDE CONTACT|FINAL CLEAN|FINAL THICKNESS MEASURE|FINAL GEOMETRY CHECK|FINAL CD INSPECTION|FINAL PARTICLE INSPECTION|ELECTRICAL PARAMETRIC TEST|LEAKAGE TEST|BREAKDOWN VOLTAGE TEST|SWITCHING TEST|WAFER SORT TEST|YIELD ANALYSIS|LOT RELEASE|SHIP LOT,RULE_DEP_NO_CLEAN
anomaly_0595,IGBT,RECEIVE WAFER LOT|LOT IDENTIFICATION|PRE CLEAN INSPECTION|MEASURE INITIAL THICKNESS|MEASURE SURFACE PARTICLES|PRE CLEAN WAFER|BACKSIDE CLEAN|FRONTSIDE CLEAN|WET CLEAN RCA1|WET CLEAN RCA2|HF DIP|DRY WAFER|EPITAXIAL WAFER CHECK|MEASURE EPITAXY THICKNESS|MEASURE RESISTIVITY|EPITAXIAL REWORK CHECK|EPITAXIAL LAYER PREP|THERMAL OXIDATION|MEASURE OXIDE THICKNESS|SPIN COAT PHOTORESIST|SOFT BAKE|ALIGN MASK LEVEL 1|EXPOSE LITHO LEVEL 1|DEVELOP PHOTORESIST|INSPECT PATTERN LEVEL 1|OXIDE ETCH DRY|STRIP PHOTORESIST|CLEAN AFTER OXIDE ETCH|MEASURE OPENING CD|IMPLANT P BODY|PRE ANNEAL CHECK|DRIVE IN DIFFUSION|RAPID THERMAL ANNEAL|MEASURE JUNCTION DEPTH|THERMAL OXIDATION|SPIN COAT PHOTORESIST|SOFT BAKE|ALIGN MASK LEVEL 2|EXPOSE LITHO LEVEL 2|DEVELOP PHOTORESIST|P BODY WINDOW INSPECTION|ETCH SILICON OR OXIDE WINDOW|STRIP RESIST|CLEAN AFTER WINDOW ETCH|MEASURE WINDOW CD|IMPLANT N BUFFER|RAPID THERMAL ANNEAL|DEPOSIT FIELD OXIDE|DENSIFY OXIDE|MEASURE FILM THICKNESS|SPIN COAT PHOTORESIST|SOFT BAKE|ALIGN MASK LEVEL 3|EXPOSE LITHO LEVEL 3|DEVELOP PHOTORESIST|FIELD PATTERN INSPECTION|FIELD OXIDE ETCH|STRIP RESIST|CLEAN AFTER FIELD ETCH|MEASURE SURFACE UNIFORMITY|IMPLANT SOURCE REGION|IMPLANT DRAIN / CATHODE REGION|PRE ANNEAL CHECK|RAPID THERMAL ANNEAL|DEPOSIT GATE OXIDE OR DIELECTRIC|ANNEAL DIELECTRIC|MEASURE OXIDE QUALITY|DEPOSIT POLYSILICON|POLYSILICON ANNEAL|MEASURE POLY THICKNESS|SPIN COAT PHOTORESIST|SOFT BAKE|ALIGN MASK LEVEL 4|EXPOSE LITHO LEVEL 4|DEVELOP PHOTORESIST|POLY PATTERN INSPECTION|POLYSILICON ETCH DRY|STRIP RESIST|CLEAN AFTER POLY ETCH|MEASURE GATE CD|IMPLANT CHANNEL STOP|PRE ANNEAL CHECK|RAPID THERMAL ANNEAL|MEASURE DEVICE PARAMETER|DEPOSIT INTERLAYER DIELECTRIC|DENSIFY DIELECTRIC|MEASURE FILM THICKNESS|CMP DIELECTRIC|MEASURE SURFACE PLANARITY|SPIN COAT PHOTORESIST|SOFT BAKE|ALIGN MASK LEVEL 5|EXPOSE LITHO LEVEL 5|POST EXPOSE BAKE|DEVELOP PHOTORESIST|VIA OPENING INSPECTION|VIA ETCH THROUGH DIELECTRIC|STRIP RESIST|CLEAN AFTER VIA ETCH|MEASURE VIA CD|DEPOSIT BARRIER METAL|DEPOSIT METAL SEED|FILL VIA METAL|CMP VIA FILL|MEASURE VIA RESISTANCE|DEPOSIT METAL 1|ANNEAL METAL 1|MEASURE METAL THICKNESS|SPIN COAT PHOTORESIST|SOFT BAKE|ALIGN MASK LEVEL 6|EXPOSE LITHO LEVEL 6|POST EXPOSE BAKE|DEVELOP PHOTORESIST|METAL PATTERN INSPECTION|METAL ETCH DRY|STRIP PHOTORESIST|CLEAN AFTER METAL ETCH|MEASURE LINE WIDTH|DEPOSIT PASSIVATION LAYER|CURE PASSIVATION|MEASURE PASSIVATION QUALITY|OPEN BOND PAD WINDOW|PAD WINDOW LITHO|DEVELOP PAD WINDOW|PASSIVATION ETCH|STRIP RESIST|CLEAN PAD OPENING|MEASURE PAD OPENING|BACKSIDE GRIND|MEASURE THICKNESS|BACKSIDE ETCH CLEAN|BACKSIDE RINSE|BACKSIDE DRY|BACKSIDE METALLIZATION PREP|DEPOSIT BACKSIDE METAL|BACKSIDE ANNEAL|MEASURE BACKSIDE CONTACT|FINAL CLEAN|FINAL THICKNESS MEASURE|FINAL GEOMETRY CHECK|FINAL CD INSPECTION|FINAL PARTICLE INSPECTION|PARAMETRIC TEST|LEAKAGE TEST|BREAKDOWN VOLTAGE TEST|SWITCHING TEST|SHIP LOT|YIELD ANALYSIS|FINAL LOT RELEASE|WAFER SORT TEST,RULE_SHIP_BEFORE_TEST
anomaly_0399,MOSFET,RECEIVE WAFER LOT|LOT IDENTIFICATION|PRE CLEAN INSPECTION|MEASURE THICKNESS|MEASURE SURFACE PARTICLES|PRE CLEAN WAFER|BACKSIDE CLEAN|RCA CLEAN 1|WET CLEAN RCA2|HF DIP|DRY WAFER|SUBSTRATE CHECK|EPITAXY PREP|EPITAXIAL DEPOSITION|MEASURE EPITAXY THICKNESS|MEASURE RESISTIVITY|EPITAXY ANNEAL|WAFER SURFACE CLEAN|THERMAL OXIDATION|MEASURE OXIDE THICKNESS|SPIN COAT PHOTORESIST|SOFT BAKE|ALIGN MASK LEVEL 1|EXPOSE LITHO LEVEL 1|DEVELOP PHOTORESIST|PATTERN INSPECTION LEVEL 1|OXIDE ETCH|STRIP RESIST|CLEAN AFTER ETCH|IMPLANT WELL|PRE ANNEAL CHECK|DRIVE IN DIFFUSION|RAPID THERMAL ANNEAL|MEASURE JUNCTION DEPTH|THERMAL OXIDATION|GATE OXIDE PREP|GATE OXIDE GROWTH|MEASURE GATE OXIDE THICKNESS|DEPOSIT POLYSILICON|POLYSILICON ANNEAL|MEASURE POLY THICKNESS|SPIN COAT PHOTORESIST|SOFT BAKE|ALIGN MASK LEVEL 2|EXPOSE LITHO LEVEL 2|DEVELOP PHOTORESIST|POLY PATTERN INSPECTION|HARD BAKE|POLYSILICON ETCH|STRIP PHOTORESIST|CLEAN AFTER POLY ETCH|MEASURE GATE CD|IMPLANT SOURCE DRAIN|LIGHT ANNEAL|DEPOSIT SPACER DIELECTRIC|ANISOTROPIC ETCH SPACER|MEASURE SPACER WIDTH|IMPLANT LDD|PRE ANNEAL CHECK|RAPID THERMAL ANNEAL|MEASURE JUNCTION PROFILE|DEPOSIT INTERLAYER DIELECTRIC|DENSIFY DIELECTRIC|MEASURE DIELECTRIC THICKNESS|CMP DIELECTRIC|MEASURE PLANARITY|SPIN COAT PHOTORESIST|SOFT BAKE|ALIGN MASK LEVEL 3|EXPOSE LITHO LEVEL 3|POST EXPOSE BAKE|DEVELOP PHOTORESIST|VIA OPENING INSPECTION|HARD BAKE|VIA ETCH THROUGH DIELECTRIC|STRIP RESIST|CLEAN AFTER VIA ETCH|MEASURE VIA CD|DEPOSIT BARRIER METAL|DEPOSIT METAL SEED|FILL VIA METAL|CMP VIA FILL|MEASURE VIA RESISTANCE|DEPOSIT METAL 1|ANNEAL METAL|SPIN COAT PHOTORESIST|SOFT BAKE|ALIGN MASK LEVEL 4|DEVELOP PHOTORESIST|METAL PATTERN INSPECTION|METAL ETCH|STRIP RESIST|CLEAN AFTER METAL ETCH|MEASURE LINE WIDTH|DEPOSIT PASSIVATION|CURE PASSIVATION|MEASURE PASSIVATION QUALITY|OPEN BOND PAD WINDOW|OPEN PAD WINDOW LITHO|DEVELOP PHOTORESIST|PASSIVATION ETCH|STRIP RESIST|CLEAN PAD OPENING|MEASURE PAD OPENING|BACKSIDE CLEAN|BACKSIDE GRIND|MEASURE THICKNESS|BACKSIDE ETCH CLEAN|BACKSIDE RINSE|BACKSIDE DRY|BACKSIDE METALLIZATION PREP|DEPOSIT BACKSIDE METAL|BACKSIDE ANNEAL|MEASURE BACKSIDE CONTACT|FINAL CLEAN|FINAL CD INSPECTION|FINAL PARTICLE INSPECTION|ELECTRICAL PARAMETRIC TEST|LEAKAGE TEST|THRESHOLD VOLTAGE TEST|SWITCHING TEST|WAFER SORT TEST|YIELD ANALYSIS|FINAL LOT RELEASE|SHIP LOT,RULE_METAL_ETCH_NO_LITHO
anomaly_0472,IC,RECEIVE WAFER LOT|LOT IDENTIFICATION|PRE CLEAN INSPECTION|MEASURE INITIAL THICKNESS|MEASURE SURFACE PARTICLES|WAFER CLEAN PRE PROCESS|RCA CLEAN 1|RCA CLEAN 2|HF DIP|DRY WAFER|WAFER CLEAN PRE-GRIND|GRINDING WAFER BACKSIDE|MEASURE GEOMETRY|ETCH WET BACKSIDE|RINSE WET WAFER_EDGE|DRY WAFER BACKSIDE|BACKSIDE CLEAN|MEASURE BACKSIDE ROUGHNESS|THERMAL OXIDATION|MEASURE OXIDE THICKNESS|RCA CLEAN 1|RCA CLEAN 2|HF DIP|OXIDE STRIP|SURFACE PREP FOR DEPOSITION|DEPOSIT PAD OXIDE|ANNEAL OXIDE|MEASURE OXIDE THICKNESS|SPIN COAT PHOTORESIST|SOFT BAKE|ALIGN MASK LEVEL 1|EXPOSE LITHO LEVEL 1|DEVELOP PHOTORESIST|INSPECT PATTERN LEVEL 1|HARD BAKE|OXIDE ETCH DRY|STRIP PHOTORESIST|CLEAN AFTER ETCH|MEASURE CD LEVEL 1|DEPOSIT POLYSILICON|ANNEAL POLYSILICON|SPIN COAT PHOTORESIST|SOFT BAKE|ALIGN MASK LEVEL 2|EXPOSE LITHO LEVEL 2|DEVELOP PHOTORESIST|PATTERN INSPECTION LEVEL 2|POLYSILICON ETCH DRY|STRIP RESIST|CLEAN AFTER POLY ETCH|MEASURE CD LEVEL 2|IMPLANT N-TYPE|RAPID THERMAL ANNEAL|DEPOSIT INTERLEVEL DIELECTRIC|DENSIFY DIELECTRIC|MEASURE FILM THICKNESS|CMP INTERLAYER DIELECTRIC|MEASURE SURFACE PLANARITY|SPIN COAT PHOTORESIST|SOFT BAKE|ALIGN MASK LEVEL 3|EXPOSE LITHO LEVEL 3|DEVELOP PHOTORESIST|VIA INSPECTION|HARD BAKE|VIA ETCH THROUGH DIELECTRIC|STRIP PHOTORESIST|CLEAN AFTER VIA ETCH|MEASURE VIA CD|DEPOSIT BARRIER METAL|DEPOSIT TUNGSTEN SEED|FILL VIA TUNGSTEN|CMP METAL|MEASURE VIA RESISTANCE|DEPOSIT METAL 1|ANNEAL METAL|SPIN COAT PHOTORESIST|SOFT BAKE|ALIGN MASK LEVEL 4|EXPOSE LITHO LEVEL 4|DEVELOP PHOTORESIST|METAL PATTERN INSPECTION|METAL ETCH DRY|STRIP RESIST|CLEAN AFTER METAL ETCH|DEPOSIT PASSIVATION|SWITCHING TEST|CURE PASSIVATION|MEASURE PASSIVATION THICKNESS|OPEN BOND PAD WINDOW|OPEN PAD WINDOW LITHO|DEVELOP PHOTORESIST|PASSIVATION ETCH PAD OPENING|STRIP RESIST|CLEAN PAD OPENING|MEASURE PAD OPENING|BACKSIDE CLEAN|DEPOSIT BACKSIDE PROTECTION|BACKSIDE ANNEAL|FRONTSIDE CLEAN FINAL|FINAL CLEAN|FINAL THICKNESS MEASURE|FINAL GEOMETRY CHECK|FINAL OXIDE CHECK|FINAL CD INSPECTION|FINAL PARTICLE INSPECTION|PARAMETRIC TEST|LEAKAGE TEST|WAFER SORT TEST|YIELD ANALYSIS|LOT RELEASE|PACKAGE PREPARATION|SHIP LOT,RULE_TEST_BEFORE_PASSIVATION
anomaly_0811,IC,RECEIVE WAFER LOT|LOT IDENTIFICATION|PRE CLEAN INSPECTION|MEASURE SURFACE PARTICLES|WAFER CLEAN PRE PROCESS|BACKSIDE CLEAN|RCA CLEAN 1|WET CLEAN RCA2|HF DIP|WAFER CLEAN PRE-GRIND|GRINDING WAFER BACKSIDE|MEASURE GEOMETRY|ETCH WET BACKSIDE|RINSE WET WAFER_EDGE|DRY WAFER BACKSIDE|BACKSIDE CLEAN|MEASURE BACKSIDE ROUGHNESS|THERMAL OXIDATION|MEASURE OXIDE THICKNESS|WET CLEAN RCA1|WET CLEAN RCA2|HF DIP|OXIDE STRIP|SURFACE PREP FOR DEPOSITION|DEPOSIT PAD OXIDE|ANNEAL OXIDE|MEASURE OXIDE THICKNESS|SPIN COAT PHOTORESIST|SOFT BAKE|ALIGN MASK LEVEL 1|EXPOSE LITHO LEVEL 1|DEVELOP PHOTORESIST|INSPECT PATTERN LEVEL 1|HARD BAKE|OXIDE ETCH DRY|STRIP RESIST|CLEAN AFTER ETCH|MEASURE CD LEVEL 1|DEPOSIT POLYSILICON|ANNEAL POLYSILICON|SPIN COAT PHOTORESIST|SOFT BAKE|DEVELOP PHOTORESIST|PATTERN INSPECTION LEVEL 2|POLYSILICON ETCH DRY|STRIP RESIST|CLEAN AFTER POLY ETCH|MEASURE CD LEVEL 2|IMPLANT N-TYPE|RAPID THERMAL ANNEAL|MEASURE SHEET RESISTANCE|DEPOSIT INTERLAYER DIELECTRIC|DENSIFY OXIDE|MEASURE DIELECTRIC THICKNESS|CMP DIELECTRIC|MEASURE PLANARITY|SPIN COAT PHOTORESIST|SOFT BAKE|ALIGN MASK LEVEL 3|EXPOSE LITHO LEVEL 3|DEVELOP PHOTORESIST|VIA INSPECTION|VIA ETCH THROUGH DIELECTRIC|STRIP RESIST|CLEAN AFTER VIA ETCH|MEASURE VIA CD|DEPOSIT BARRIER METAL|DEPOSIT TUNGSTEN SEED|FILL VIA TUNGSTEN|CMP METAL|DEPOSIT TOP METAL|ANNEAL METAL|SPIN COAT PHOTORESIST|SOFT BAKE|ALIGN MASK LEVEL 4|EXPOSE LITHO LEVEL 4|POST EXPOSE BAKE|DEVELOP PHOTORESIST|METAL PATTERN INSPECTION|HARD BAKE|METAL ETCH DRY|STRIP RESIST|CLEAN AFTER METAL ETCH|MEASURE LINE WIDTH|DEPOSIT PASSIVATION LAYER|CURE PASSIVATION|MEASURE PASSIVATION THICKNESS|OPEN BOND PAD WINDOW|PAD WINDOW LITHO|DEVELOP PAD WINDOW|PASSIVATION ETCH|STRIP RESIST|CLEAN PAD OPENING|MEASURE PAD OPENING|BACKSIDE THINNING CHECK|BACKSIDE CLEAN|DEPOSIT BACKSIDE PROTECTION|BACKSIDE ANNEAL|FINAL CLEAN|FINAL CD INSPECTION|ELECTRICAL PARAMETRIC TEST|LEAKAGE TEST|PARAMETRIC TEST|SWITCHING TEST|WAFER SORT TEST|YIELD ANALYSIS|FINAL LOT RELEASE|SHIP LOT,RULE_LITHO_LEVEL_SKIP
anomaly_0151,MOSFET,RECEIVE WAFER LOT|LOT IDENTIFICATION|PRE CLEAN INSPECTION|PRE CLEAN WAFER|BACKSIDE CLEAN|RCA CLEAN 1|WET CLEAN RCA2|HF DIP|SUBSTRATE CHECK|EPITAXY PREP|EPITAXIAL DEPOSITION|MEASURE EPITAXY THICKNESS|MEASURE RESISTIVITY|EPITAXY ANNEAL|WAFER SURFACE CLEAN|THERMAL OXIDATION|MEASURE OXIDE THICKNESS|SPIN COAT PHOTORESIST|SOFT BAKE|ALIGN MASK LEVEL 1|EXPOSE LITHO LEVEL 1|POST EXPOSE BAKE|DEVELOP PHOTORESIST|PATTERN INSPECTION LEVEL 1|OXIDE ETCH|STRIP RESIST|CLEAN AFTER ETCH|MEASURE OPENING CD|IMPLANT WELL|PRE ANNEAL CHECK|DRIVE IN DIFFUSION|RAPID THERMAL ANNEAL|MEASURE JUNCTION DEPTH|THERMAL OXIDATION|GATE OXIDE PREP|GATE OXIDE GROWTH|MEASURE GATE OXIDE THICKNESS|DEPOSIT POLYSILICON|POLYSILICON ANNEAL|MEASURE POLY THICKNESS|SPIN COAT PHOTORESIST|SOFT BAKE|ALIGN MASK LEVEL 2|EXPOSE LITHO LEVEL 2|DEVELOP PHOTORESIST|POLY PATTERN INSPECTION|POLYSILICON ETCH|STRIP PHOTORESIST|CLEAN AFTER POLY ETCH|MEASURE GATE CD|IMPLANT SOURCE DRAIN|PRE ANNEAL CHECK|LIGHT ANNEAL|MEASURE SHEET RESISTANCE|DEPOSIT SPACER DIELECTRIC|ANISOTROPIC ETCH SPACER|IMPLANT LDD|RAPID THERMAL ANNEAL|MEASURE JUNCTION PROFILE|DEPOSIT INTERLEVEL DIELECTRIC|DENSIFY DIELECTRIC|MEASURE FILM THICKNESS|CMP INTERLAYER DIELECTRIC|MEASURE PLANARITY|SPIN COAT PHOTORESIST|SOFT BAKE|ALIGN MASK LEVEL 3|EXPOSE LITHO LEVEL 3|DEVELOP PHOTORESIST|VIA OPENING INSPECTION|HARD BAKE|VIA ETCH THROUGH DIELECTRIC|STRIP PHOTORESIST|CLEAN AFTER VIA ETCH|DEPOSIT BARRIER METAL|DEPOSIT METAL SEED|FILL VIA METAL|CMP METAL|MEASURE CONTACT RESISTANCE|DEPOSIT TOP METAL|ANNEAL METAL 1|MEASURE METAL THICKNESS|SPIN COAT PHOTORESIST|SOFT BAKE|ALIGN MASK LEVEL 4|EXPOSE LITHO LEVEL 4|POST EXPOSE BAKE|DEVELOP PHOTORESIST|METAL PATTERN INSPECTION|METAL ETCH|STRIP RESIST|CLEAN AFTER METAL ETCH|MEASURE LINE WIDTH|OPEN PAD WINDOW|DEPOSIT PASSIVATION|CURE PASSIVATION|MEASURE PASSIVATION THICKNESS|OPEN PAD WINDOW LITHO|DEVELOP PAD WINDOW|PASSIVATION ETCH PAD OPENING|STRIP RESIST|CLEAN PAD OPENING|MEASURE PAD OPENING|BACKSIDE CLEAN|BACKSIDE GRIND|MEASURE WAFER THICKNESS|BACKSIDE ETCH CLEAN|BACKSIDE RINSE|BACKSIDE DRY|BACKSIDE METALLIZATION PREP|DEPOSIT BACKSIDE METAL|BACKSIDE ANNEAL|MEASURE BACKSIDE CONTACT|FINAL CLEAN|FINAL THICKNESS MEASURE|FINAL GEOMETRY CHECK|ELECTRICAL PARAMETRIC TEST|LEAKAGE TEST|THRESHOLD VOLTAGE TEST|SWITCHING TEST|WAFER SORT TEST|YIELD ANALYSIS|LOT RELEASE|SHIP LOT,RULE_PAD_OPEN_BEFORE_DEP
anomaly_0457,MOSFET,RECEIVE WAFER LOT|LOT IDENTIFICATION|INITIAL WAFER INSPECTION|MEASURE THICKNESS|PRE CLEAN WAFER|FRONTSIDE CLEAN|WET CLEAN RCA1|RCA CLEAN 2|HF DIP|DRY WAFER|SUBSTRATE CHECK|EPITAXY PREP|EPITAXIAL DEPOSITION|MEASURE EPITAXY THICKNESS|MEASURE RESISTIVITY|EPITAXY ANNEAL|WAFER SURFACE CLEAN|THERMAL OXIDATION|MEASURE OXIDE THICKNESS|SPIN COAT PHOTORESIST|SOFT BAKE|ALIGN MASK LEVEL 1|EXPOSE LITHO LEVEL 1|POST EXPOSE BAKE|DEVELOP PHOTORESIST|PATTERN INSPECTION LEVEL 1|OXIDE ETCH|STRIP RESIST|CLEAN AFTER ETCH|MEASURE OPENING CD|IMPLANT WELL|PRE ANNEAL CHECK|DRIVE IN DIFFUSION|RAPID THERMAL ANNEAL|MEASURE JUNCTION DEPTH|THERMAL OXIDATION|GATE OXIDE PREP|GATE OXIDE GROWTH|MEASURE GATE OXIDE THICKNESS|DEPOSIT POLYSILICON|POLYSILICON ANNEAL|MEASURE POLY THICKNESS|SPIN COAT PHOTORESIST|SOFT BAKE|ALIGN MASK LEVEL 2|EXPOSE LITHO LEVEL 2|POST EXPOSE BAKE|DEVELOP PHOTORESIST|POLY PATTERN INSPECTION|POLYSILICON ETCH|STRIP RESIST|CLEAN AFTER POLY ETCH|MEASURE GATE CD|IMPLANT SOURCE DRAIN|PRE ANNEAL CHECK|LIGHT ANNEAL|MEASURE SHEET RESISTANCE|DEPOSIT SPACER DIELECTRIC|ANISOTROPIC ETCH SPACER|MEASURE SPACER WIDTH|IMPLANT LDD|PRE ANNEAL CHECK|RAPID THERMAL ANNEAL|MEASURE JUNCTION PROFILE|DEPOSIT INTERLEVEL DIELECTRIC|DENSIFY OXIDE|MEASURE DIELECTRIC THICKNESS|CMP INTERLAYER DIELECTRIC|MEASURE SURFACE PLANARITY|SPIN COAT PHOTORESIST|SOFT BAKE|ALIGN MASK LEVEL 3|EXPOSE LITHO LEVEL 3|DEVELOP PHOTORESIST|VIA OPENING INSPECTION|HARD BAKE|DIELECTRIC ETCH VIA|STRIP RESIST|CLEAN AFTER VIA ETCH|MEASURE VIA CD|DEPOSIT BARRIER METAL|DEPOSIT METAL SEED|FILL VIA METAL|CMP VIA FILL|DEPOSIT METAL 1|ANNEAL METAL 1|MEASURE METAL THICKNESS|SPIN COAT PHOTORESIST|SOFT BAKE|ALIGN MASK LEVEL 4|EXPOSE LITHO LEVEL 4|DEVELOP PHOTORESIST|METAL PATTERN INSPECTION|METAL ETCH|STRIP PHOTORESIST|CLEAN AFTER METAL ETCH|OPEN BOND PAD WINDOW|DEPOSIT PASSIVATION|CURE PASSIVATION|MEASURE PASSIVATION THICKNESS|PAD WINDOW LITHO|DEVELOP PHOTORESIST|PASSIVATION ETCH PAD OPENING|STRIP PHOTORESIST|CLEAN PAD OPENING|MEASURE PAD OPENING|BACKSIDE CLEAN|BACKSIDE GRIND|MEASURE WAFER THICKNESS|BACKSIDE ETCH CLEAN|BACKSIDE RINSE|BACKSIDE DRY|BACKSIDE METALLIZATION PREP|DEPOSIT BACKSIDE METAL|BACKSIDE ANNEAL|MEASURE BACKSIDE CONTACT|FINAL CLEAN|FINAL THICKNESS MEASURE|FINAL GEOMETRY CHECK|FINAL CD INSPECTION|FINAL PARTICLE INSPECTION|ELECTRICAL PARAMETRIC TEST|LEAKAGE TEST|THRESHOLD VOLTAGE TEST|SWITCHING TEST|WAFER SORT TEST|YIELD ANALYSIS|LOT RELEASE|SHIP LOT,RULE_PAD_OPEN_BEFORE_DEP
anomaly_0674,IC,RECEIVE WAFER LOT|LOT IDENTIFICATION|PRE CLEAN INSPECTION|MEASURE INITIAL GEOMETRY|WAFER CLEAN PRE PROCESS|FRONTSIDE CLEAN|WET CLEAN RCA1|WET CLEAN RCA2|HF DIP|WAFER CLEAN PRE-GRIND|GRINDING WAFER BACKSIDE|MEASURE GEOMETRY|ETCH WET BACKSIDE|RINSE WET WAFER_EDGE|DRY WAFER BACKSIDE|BACKSIDE CLEAN|MEASURE BACKSIDE ROUGHNESS|THERMAL OXIDATION|MEASURE OXIDE THICKNESS|WET CLEAN RCA1|RCA CLEAN 2|HF DIP|OXIDE STRIP|SURFACE PREP FOR DEPOSITION|DEPOSIT PAD OXIDE|ANNEAL OXIDE|MEASURE OXIDE THICKNESS|SPIN COAT PHOTORESIST|SOFT BAKE|ALIGN MASK LEVEL 1|EXPOSE LITHO LEVEL 1|POST EXPOSE BAKE|DEVELOP PHOTORESIST|INSPECT PATTERN LEVEL 1|HARD BAKE|OXIDE ETCH DRY|STRIP RESIST|CLEAN AFTER ETCH|MEASURE CD LEVEL 1|DEPOSIT POLYSILICON|ANNEAL POLYSILICON|SPIN COAT PHOTORESIST|SOFT BAKE|ALIGN MASK LEVEL 2|EXPOSE LITHO LEVEL 2|DEVELOP PHOTORESIST|PATTERN INSPECTION LEVEL 2|POLYSILICON ETCH DRY|STRIP RESIST|CLEAN AFTER POLY ETCH|MEASURE CD LEVEL 2|IMPLANT N-TYPE|PRE ANNEAL CHECK|RAPID THERMAL ANNEAL|DEPOSIT INTERLEVEL DIELECTRIC|DENSIFY OXIDE|MEASURE FILM THICKNESS|CMP INTERLAYER DIELECTRIC|MEASURE PLANARITY|SPIN COAT PHOTORESIST|SOFT BAKE|ALIGN MASK LEVEL 3|EXPOSE LITHO LEVEL 3|DEVELOP PHOTORESIST|VIA INSPECTION|VIA ETCH THROUGH DIELECTRIC|STRIP RESIST|CLEAN AFTER VIA ETCH|DEPOSIT BARRIER METAL|DEPOSIT TUNGSTEN SEED|FILL VIA TUNGSTEN|CMP METAL|DEPOSIT TOP METAL|ANNEAL METAL 1|SPIN COAT PHOTORESIST|SOFT BAKE|ALIGN MASK LEVEL 4|EXPOSE LITHO LEVEL 4|DEVELOP PHOTORESIST|METAL PATTERN INSPECTION|METAL ETCH DRY|STRIP RESIST|DEPOSIT PASSIVATION|CURE PASSIVATION|MEASURE PASSIVATION THICKNESS|OPEN PAD WINDOW|OPEN PAD WINDOW LITHO|DEVELOP PHOTORESIST|PASSIVATION ETCH PAD OPENING|STRIP PHOTORESIST|CLEAN PAD OPENING|MEASURE PAD OPENING|BACKSIDE THINNING CHECK|BACKSIDE CLEAN FINAL|DEPOSIT BACKSIDE PROTECTION|BACKSIDE ANNEAL|FRONTSIDE CLEAN FINAL|FINAL CLEAN|FINAL THICKNESS MEASURE|FINAL GEOMETRY CHECK|FINAL OXIDE CHECK|FINAL CD INSPECTION|FINAL ELECTRICAL TEST PREP|ELECTRICAL PARAMETRIC TEST|LEAKAGE TEST|THRESHOLD VOLTAGE TEST|SWITCHING TEST|WAFER SORT TEST|YIELD ANALYSIS|FINAL LOT RELEASE|PACKAGE PREPARATION|SHIP LOT,RULE_DEP_NO_CLEAN
anomaly_0328,MOSFET,RECEIVE WAFER LOT|LOT IDENTIFICATION|PRE CLEAN INSPECTION|MEASURE THICKNESS|MEASURE SURFACE PARTICLES|PRE CLEAN WAFER|RCA CLEAN 1|RCA CLEAN 2|HF DIP|DRY WAFER|SUBSTRATE CHECK|EPITAXY PREP|EPITAXIAL DEPOSITION|MEASURE EPITAXY THICKNESS|MEASURE RESISTIVITY|EPITAXY ANNEAL|WAFER SURFACE CLEAN|THERMAL OXIDATION|MEASURE OXIDE THICKNESS|SPIN COAT PHOTORESIST|SOFT BAKE|ALIGN MASK LEVEL 1|EXPOSE LITHO LEVEL 1|DEVELOP PHOTORESIST|PATTERN INSPECTION LEVEL 1|OXIDE ETCH|STRIP RESIST|CLEAN AFTER ETCH|MEASURE OPENING CD|IMPLANT WELL|DRIVE IN DIFFUSION|RAPID THERMAL ANNEAL|THERMAL OXIDATION|GATE OXIDE PREP|GATE OXIDE GROWTH|MEASURE GATE OXIDE THICKNESS|DEPOSIT POLYSILICON|POLYSILICON ANNEAL|MEASURE POLY THICKNESS|SPIN COAT PHOTORESIST|SOFT BAKE|ALIGN MASK LEVEL 2|EXPOSE LITHO LEVEL 2|DEVELOP PHOTORESIST|POLY PATTERN INSPECTION|POLYSILICON ETCH|STRIP RESIST|CLEAN AFTER POLY ETCH|MEASURE GATE CD|IMPLANT SOURCE DRAIN|LIGHT ANNEAL|MEASURE SHEET RESISTANCE|DEPOSIT SPACER DIELECTRIC|ANISOTROPIC ETCH SPACER|MEASURE SPACER WIDTH|IMPLANT LDD|PRE ANNEAL CHECK|RAPID THERMAL ANNEAL|MEASURE JUNCTION PROFILE|DEPOSIT INTERLAYER DIELECTRIC|DENSIFY OXIDE|MEASURE DIELECTRIC THICKNESS|CMP DIELECTRIC|MEASURE SURFACE PLANARITY|SPIN COAT PHOTORESIST|SOFT BAKE|ALIGN MASK LEVEL 3|EXPOSE LITHO LEVEL 3|DEVELOP PHOTORESIST|VIA OPENING INSPECTION|VIA ETCH|STRIP PHOTORESIST|CLEAN AFTER VIA ETCH|MEASURE VIA CD|DEPOSIT BARRIER METAL|DEPOSIT METAL SEED|FILL VIA METAL|CMP VIA FILL|MEASURE CONTACT RESISTANCE|DEPOSIT TOP METAL|ANNEAL METAL 1|MEASURE METAL THICKNESS|SPIN COAT PHOTORESIST|SOFT BAKE|ALIGN MASK LEVEL 4|EXPOSE LITHO LEVEL 4|DEVELOP PHOTORESIST|METAL PATTERN INSPECTION|HARD BAKE|METAL ETCH|STRIP PHOTORESIST|CLEAN AFTER METAL ETCH|DEPOSIT PASSIVATION|THRESHOLD VOLTAGE TEST|CURE PASSIVATION|MEASURE PASSIVATION THICKNESS|OPEN BOND PAD WINDOW|OPEN PAD WINDOW LITHO|DEVELOP PHOTORESIST|PASSIVATION ETCH PAD OPENING|STRIP PHOTORESIST|CLEAN PAD OPENING|MEASURE PAD OPENING|BACKSIDE CLEAN|BACKSIDE GRIND|MEASURE THICKNESS|BACKSIDE ETCH CLEAN|BACKSIDE RINSE|BACKSIDE DRY|BACKSIDE METALLIZATION PREP|DEPOSIT BACKSIDE METAL|BACKSIDE ANNEAL|MEASURE BACKSIDE CONTACT|FINAL CLEAN|FINAL GEOMETRY CHECK|FINAL PARTICLE INSPECTION|ELECTRICAL PARAMETRIC TEST|LEAKAGE TEST|SWITCHING TEST|WAFER SORT TEST|YIELD ANALYSIS|FINAL LOT RELEASE|SHIP LOT,RULE_TEST_BEFORE_PASSIVATION
anomaly_0387,IC,RECEIVE WAFER LOT|LOT IDENTIFICATION|PRE CLEAN INSPECTION|MEASURE INITIAL THICKNESS|MEASURE SURFACE PARTICLES|WAFER CLEAN PRE PROCESS|WET CLEAN RCA1|RCA CLEAN 2|HF DIP|DRY WAFER|WAFER CLEAN PRE-GRIND|GRINDING WAFER BACKSIDE|MEASURE GEOMETRY|ETCH WET BACKSIDE|RINSE WET WAFER_EDGE|DRY WAFER BACKSIDE|BACKSIDE CLEAN|MEASURE BACKSIDE ROUGHNESS|THERMAL OXIDATION|MEASURE OXIDE THICKNESS|WET CLEAN RCA1|RCA CLEAN 2|HF DIP|OXIDE STRIP|SURFACE PREP FOR DEPOSITION|DEPOSIT PAD OXIDE|ANNEAL OXIDE|MEASURE OXIDE THICKNESS|SPIN COAT PHOTORESIST|SOFT BAKE|ALIGN MASK LEVEL 1|EXPOSE LITHO LEVEL 1|DEVELOP PHOTORESIST|INSPECT PATTERN LEVEL 1|HARD BAKE|STRIP PHOTORESIST|CLEAN AFTER ETCH|DEPOSIT POLYSILICON|ANNEAL POLYSILICON|SPIN COAT PHOTORESIST|SOFT BAKE|ALIGN MASK LEVEL 2|EXPOSE LITHO LEVEL 2|PATTERN INSPECTION LEVEL 2|POLYSILICON ETCH DRY|STRIP RESIST|CLEAN AFTER POLY ETCH|MEASURE CD LEVEL 2|IMPLANT N-TYPE|PRE ANNEAL CHECK|RAPID THERMAL ANNEAL|MEASURE SHEET RESISTANCE|DEPOSIT INTERLEVEL DIELECTRIC|DENSIFY OXIDE|MEASURE FILM THICKNESS|CMP DIELECTRIC|MEASURE PLANARITY|SPIN COAT PHOTORESIST|SOFT BAKE|ALIGN MASK LEVEL 3|EXPOSE LITHO LEVEL 3|DEVELOP PHOTORESIST|VIA INSPECTION|HARD BAKE|VIA ETCH THROUGH DIELECTRIC|STRIP PHOTORESIST|CLEAN AFTER VIA ETCH|MEASURE VIA CD|DEPOSIT BARRIER METAL|DEPOSIT TUNGSTEN SEED|FILL VIA TUNGSTEN|CMP VIA FILL|MEASURE CONTACT RESISTANCE|DEPOSIT TOP METAL|ANNEAL METAL 1|SPIN COAT PHOTORESIST|SOFT BAKE|ALIGN MASK LEVEL 4|EXPOSE LITHO LEVEL 4|DEVELOP PHOTORESIST|METAL PATTERN INSPECTION|METAL ETCH DRY|STRIP PHOTORESIST|CLEAN AFTER METAL ETCH|MEASURE LINE WIDTH|DEPOSIT PASSIVATION|CURE PASSIVATION|MEASURE PASSIVATION THICKNESS|OPEN BOND PAD WINDOW|OPEN PAD WINDOW LITHO|DEVELOP PHOTORESIST|PASSIVATION ETCH|STRIP PHOTORESIST|CLEAN PAD OPENING|MEASURE PAD OPENING|BACKSIDE THINNING CHECK|BACKSIDE CLEAN FINAL|DEPOSIT BACKSIDE PROTECTION|BACKSIDE ANNEAL|FINAL CLEAN|FINAL THICKNESS MEASURE|FINAL GEOMETRY CHECK|FINAL OXIDE CHECK|FINAL PARTICLE INSPECTION|FINAL ELECTRICAL TEST PREP|ELECTRICAL PARAMETRIC TEST|LEAKAGE TEST|PARAMETRIC TEST|SWITCHING TEST|WAFER SORT TEST|YIELD ANALYSIS|LOT RELEASE|PACKAGE PREPARATION|SHIP LOT,RULE_IMPLANT_NO_MASK
anomaly_0636,MOSFET,RECEIVE WAFER LOT|LOT IDENTIFICATION|PRE CLEAN INSPECTION|MEASURE THICKNESS|MEASURE SURFACE PARTICLES|PRE CLEAN WAFER|FRONTSIDE CLEAN|WET CLEAN RCA1|RCA CLEAN 2|HF DIP|DRY WAFER|SUBSTRATE CHECK|EPITAXY PREP|EPITAXIAL DEPOSITION|MEASURE EPITAXY THICKNESS|MEASURE RESISTIVITY|EPITAXY ANNEAL|WAFER SURFACE CLEAN|THERMAL OXIDATION|MEASURE OXIDE THICKNESS|SPIN COAT PHOTORESIST|SOFT BAKE|ALIGN MASK LEVEL 1|EXPOSE LITHO LEVEL 1|POST EXPOSE BAKE|DEVELOP PHOTORESIST|PATTERN INSPECTION LEVEL 1|OXIDE ETCH|STRIP PHOTORESIST|CLEAN AFTER ETCH|MEASURE OPENING CD|IMPLANT WELL|PRE ANNEAL CHECK|DRIVE IN DIFFUSION|RAPID THERMAL ANNEAL|MEASURE JUNCTION DEPTH|THERMAL OXIDATION|GATE OXIDE PREP|GATE OXIDE GROWTH|MEASURE GATE OXIDE THICKNESS|DEPOSIT POLYSILICON|POLYSILICON ANNEAL|SPIN COAT PHOTORESIST|SOFT BAKE|DEVELOP PHOTORESIST|POLY PATTERN INSPECTION|POLYSILICON ETCH|STRIP PHOTORESIST|CLEAN AFTER POLY ETCH|MEASURE GATE CD|IMPLANT SOURCE DRAIN|PRE ANNEAL CHECK|LIGHT ANNEAL|DEPOSIT SPACER DIELECTRIC|ANISOTROPIC ETCH SPACER|IMPLANT LDD|PRE ANNEAL CHECK|RAPID THERMAL ANNEAL|DEPOSIT INTERLAYER DIELECTRIC|DENSIFY OXIDE|MEASURE DIELECTRIC THICKNESS|CMP DIELECTRIC|MEASURE PLANARITY|SPIN COAT PHOTORESIST|SOFT BAKE|ALIGN MASK LEVEL 3|EXPOSE LITHO LEVEL 3|POST EXPOSE BAKE|DEVELOP PHOTORESIST|VIA OPENING INSPECTION|VIA ETCH THROUGH DIELECTRIC|STRIP PHOTORESIST|CLEAN AFTER VIA ETCH|MEASURE VIA CD|DEPOSIT BARRIER METAL|DEPOSIT METAL SEED|FILL VIA METAL|CMP METAL|MEASURE CONTACT RESISTANCE|DEPOSIT TOP METAL|ANNEAL METAL|SPIN COAT PHOTORESIST|SOFT BAKE|ALIGN MASK LEVEL 4|EXPOSE LITHO LEVEL 4|DEVELOP PHOTORESIST|METAL PATTERN INSPECTION|METAL ETCH|STRIP PHOTORESIST|CLEAN AFTER METAL ETCH|MEASURE LINE WIDTH|DEPOSIT PASSIVATION LAYER|CURE PASSIVATION|MEASURE PASSIVATION THICKNESS|OPEN BOND PAD WINDOW|PAD WINDOW LITHO|DEVELOP PAD WINDOW|PASSIVATION ETCH PAD OPENING|STRIP PHOTORESIST|CLEAN PAD OPENING|MEASURE PAD OPENING|BACKSIDE CLEAN|BACKSIDE GRIND|MEASURE WAFER THICKNESS|BACKSIDE ETCH CLEAN|BACKSIDE RINSE|BACKSIDE DRY|BACKSIDE METALLIZATION PREP|DEPOSIT BACKSIDE METAL|BACKSIDE ANNEAL|MEASURE BACKSIDE CONTACT|FINAL CLEAN|FINAL THICKNESS MEASURE|FINAL PARTICLE INSPECTION|PARAMETRIC TEST|LEAKAGE TEST|THRESHOLD VOLTAGE TEST|SWITCHING TEST|WAFER SORT TEST|YIELD ANALYSIS|LOT RELEASE|SHIP LOT,RULE_LITHO_LEVEL_SKIP
anomaly_0824,IGBT,RECEIVE WAFER LOT|LOT IDENTIFICATION|INITIAL WAFER INSPECTION|MEASURE INITIAL THICKNESS|MEASURE SURFACE PARTICLES|PRE CLEAN WAFER|BACKSIDE CLEAN|FRONTSIDE CLEAN|WET CLEAN RCA1|WET CLEAN RCA2|HF DIP|EPITAXIAL WAFER CHECK|MEASURE EPITAXY THICKNESS|MEASURE RESISTIVITY|EPITAXIAL LAYER PREP|THERMAL OXIDATION|MEASURE OXIDE THICKNESS|SPIN COAT PHOTORESIST|SOFT BAKE|ALIGN MASK LEVEL 1|EXPOSE LITHO LEVEL 1|DEVELOP PHOTORESIST|INSPECT PATTERN LEVEL 1|OXIDE ETCH DRY|STRIP RESIST|CLEAN AFTER OXIDE ETCH|MEASURE OPENING CD|IMPLANT P BODY|PRE ANNEAL CHECK|DRIVE IN DIFFUSION|RAPID THERMAL ANNEAL|MEASURE JUNCTION DEPTH|THERMAL OXIDATION|SPIN COAT PHOTORESIST|SOFT BAKE|ALIGN MASK LEVEL 2|EXPOSE LITHO LEVEL 2|POST EXPOSE BAKE|DEVELOP PHOTORESIST|P BODY WINDOW INSPECTION|ETCH SILICON OR OXIDE WINDOW|STRIP RESIST|CLEAN AFTER WINDOW ETCH|MEASURE WINDOW CD|IMPLANT N BUFFER|PRE ANNEAL CHECK|RAPID THERMAL ANNEAL|MEASURE SHEET RESISTANCE|EPITAXIAL REWORK CHECK|DEPOSIT FIELD OXIDE|DENSIFY OXIDE|MEASURE FILM THICKNESS|SPIN COAT PHOTORESIST|SOFT BAKE|ALIGN MASK LEVEL 3|EXPOSE LITHO LEVEL 3|POST EXPOSE BAKE|DEVELOP PHOTORESIST|FIELD PATTERN INSPECTION|FIELD OXIDE ETCH|STRIP RESIST|CLEAN AFTER FIELD ETCH|MEASURE SURFACE UNIFORMITY|IMPLANT SOURCE REGION|IMPLANT DRAIN / CATHODE REGION|RAPID THERMAL ANNEAL|MEASURE SHEET RESISTANCE|DEPOSIT GATE OXIDE OR DIELECTRIC|ANNEAL DIELECTRIC|MEASURE OXIDE QUALITY|DEPOSIT POLYSILICON|POLYSILICON ANNEAL|SPIN COAT PHOTORESIST|SOFT BAKE|ALIGN MASK LEVEL 4|EXPOSE LITHO LEVEL 4|POST EXPOSE BAKE|DEVELOP PHOTORESIST|POLY PATTERN INSPECTION|HARD BAKE|POLYSILICON ETCH DRY|STRIP RESIST|CLEAN AFTER POLY ETCH|MEASURE GATE CD|IMPLANT CHANNEL STOP|RAPID THERMAL ANNEAL|DEPOSIT INTERLAYER DIELECTRIC|DENSIFY DIELECTRIC|MEASURE FILM THICKNESS|CMP DIELECTRIC|MEASURE PLANARITY|SPIN COAT PHOTORESIST|SOFT BAKE|ALIGN MASK LEVEL 5|EXPOSE LITHO LEVEL 5|DEVELOP PHOTORESIST|VIA INSPECTION|HARD BAKE|DIELECTRIC ETCH VIA|STRIP PHOTORESIST|CLEAN AFTER VIA ETCH|MEASURE VIA CD|DEPOSIT BARRIER METAL|DEPOSIT METAL SEED|FILL VIA METAL|CMP METAL|MEASURE VIA RESISTANCE|DEPOSIT TOP METAL|ANNEAL METAL|MEASURE METAL THICKNESS|SPIN COAT PHOTORESIST|SOFT BAKE|ALIGN MASK LEVEL 6|EXPOSE LITHO LEVEL 6|POST EXPOSE BAKE|DEVELOP PHOTORESIST|METAL PATTERN INSPECTION|METAL ETCH DRY|STRIP RESIST|CLEAN AFTER METAL ETCH|MEASURE LINE WIDTH|OPEN BOND PAD WINDOW|DEPOSIT PASSIVATION LAYER|CURE PASSIVATION|MEASURE PASSIVATION THICKNESS|OPEN PAD WINDOW LITHO|DEVELOP PAD WINDOW|PASSIVATION ETCH PAD OPENING|STRIP RESIST|CLEAN PAD OPENING|MEASURE PAD OPENING|BACKSIDE GRIND|MEASURE THICKNESS|BACKSIDE ETCH CLEAN|BACKSIDE RINSE|BACKSIDE DRY|BACKSIDE METALLIZATION PREP|DEPOSIT BACKSIDE METAL|BACKSIDE ANNEAL|MEASURE BACKSIDE CONTACT|FINAL CLEAN|FINAL THICKNESS MEASURE|FINAL GEOMETRY CHECK|ELECTRICAL PARAMETRIC TEST|LEAKAGE TEST|BREAKDOWN VOLTAGE TEST|SWITCHING TEST|YIELD ANALYSIS|WAFER SORT TEST|FINAL LOT RELEASE|SHIP LOT,RULE_PAD_OPEN_BEFORE_DEP
anomaly_0199,IGBT,RECEIVE WAFER LOT|LOT IDENTIFICATION|PRE CLEAN INSPECTION|MEASURE INITIAL THICKNESS|PRE CLEAN WAFER|BACKSIDE CLEAN|FRONTSIDE CLEAN|WET CLEAN RCA1|WET CLEAN RCA2|HF DIP|EPITAXIAL WAFER CHECK|MEASURE EPITAXY THICKNESS|MEASURE RESISTIVITY|EPITAXIAL LAYER PREP|THERMAL OXIDATION|MEASURE OXIDE THICKNESS|SPIN COAT PHOTORESIST|SOFT BAKE|ALIGN MASK LEVEL 1|EXPOSE LITHO LEVEL 1|INSPECT PATTERN LEVEL 1|STRIP PHOTORESIST|CLEAN AFTER OXIDE ETCH|MEASURE OPENING CD|IMPLANT P BODY|PRE ANNEAL CHECK|DRIVE IN DIFFUSION|RAPID THERMAL ANNEAL|THERMAL OXIDATION|SPIN COAT PHOTORESIST|SOFT BAKE|ALIGN MASK LEVEL 2|EXPOSE LITHO LEVEL 2|DEVELOP PHOTORESIST|P BODY WINDOW INSPECTION|ETCH SILICON OR OXIDE WINDOW|STRIP PHOTORESIST|CLEAN AFTER WINDOW ETCH|IMPLANT N BUFFER|PRE ANNEAL CHECK|RAPID THERMAL ANNEAL|MEASURE SHEET RESISTANCE|EPITAXIAL REWORK CHECK|DEPOSIT FIELD OXIDE|DENSIFY OXIDE|SPIN COAT PHOTORESIST|SOFT BAKE|ALIGN MASK LEVEL 3|EXPOSE LITHO LEVEL 3|DEVELOP PHOTORESIST|FIELD PATTERN INSPECTION|FIELD OXIDE ETCH|STRIP PHOTORESIST|CLEAN AFTER FIELD ETCH|IMPLANT SOURCE REGION|IMPLANT DRAIN / CATHODE REGION|RAPID THERMAL ANNEAL|MEASURE SHEET RESISTANCE|DEPOSIT GATE OXIDE OR DIELECTRIC|ANNEAL DIELECTRIC|MEASURE OXIDE QUALITY|DEPOSIT POLYSILICON|POLYSILICON ANNEAL|MEASURE POLY THICKNESS|SPIN COAT PHOTORESIST|SOFT BAKE|ALIGN MASK LEVEL 4|EXPOSE LITHO LEVEL 4|DEVELOP PHOTORESIST|POLY PATTERN INSPECTION|POLYSILICON ETCH DRY|STRIP RESIST|CLEAN AFTER POLY ETCH|IMPLANT CHANNEL STOP|PRE ANNEAL CHECK|RAPID THERMAL ANNEAL|MEASURE DEVICE PARAMETER|DEPOSIT INTERLAYER DIELECTRIC|DENSIFY OXIDE|MEASURE DIELECTRIC THICKNESS|CMP DIELECTRIC|MEASURE PLANARITY|SPIN COAT PHOTORESIST|SOFT BAKE|ALIGN MASK LEVEL 5|EXPOSE LITHO LEVEL 5|DEVELOP PHOTORESIST|VIA INSPECTION|HARD BAKE|VIA ETCH THROUGH DIELECTRIC|STRIP PHOTORESIST|CLEAN AFTER VIA ETCH|MEASURE VIA CD|DEPOSIT BARRIER METAL|DEPOSIT METAL SEED|FILL VIA METAL|CMP METAL|MEASURE VIA RESISTANCE|DEPOSIT METAL 1|ANNEAL METAL 1|SPIN COAT PHOTORESIST|SOFT BAKE|ALIGN MASK LEVEL 6|EXPOSE LITHO LEVEL 6|DEVELOP PHOTORESIST|METAL PATTERN INSPECTION|METAL ETCH DRY|STRIP PHOTORESIST|CLEAN AFTER METAL ETCH|DEPOSIT PASSIVATION LAYER|CURE PASSIVATION|MEASURE PASSIVATION QUALITY|OPEN BOND PAD WINDOW|OPEN PAD WINDOW LITHO|DEVELOP PHOTORESIST|PASSIVATION ETCH|STRIP PHOTORESIST|CLEAN PAD OPENING|MEASURE PAD OPENING|BACKSIDE GRIND|MEASURE WAFER THICKNESS|BACKSIDE ETCH CLEAN|BACKSIDE RINSE|BACKSIDE DRY|BACKSIDE METALLIZATION PREP|DEPOSIT BACKSIDE METAL|BACKSIDE ANNEAL|MEASURE BACKSIDE CONTACT|FINAL CLEAN|FINAL THICKNESS MEASURE|FINAL GEOMETRY CHECK|FINAL PARTICLE INSPECTION|PARAMETRIC TEST|LEAKAGE TEST|BREAKDOWN VOLTAGE TEST|SWITCHING TEST|YIELD ANALYSIS|WAFER SORT TEST|LOT RELEASE|SHIP LOT,RULE_IMPLANT_NO_MASK
anomaly_0067,IC,RECEIVE WAFER LOT|LOT IDENTIFICATION|INITIAL WAFER INSPECTION|MEASURE INITIAL GEOMETRY|WAFER CLEAN PRE PROCESS|RCA CLEAN 1|WET CLEAN RCA2|HF DIP|WAFER CLEAN PRE-GRIND|GRINDING WAFER BACKSIDE|MEASURE GEOMETRY|ETCH WET BACKSIDE|RINSE WET WAFER_EDGE|DRY WAFER BACKSIDE|BACKSIDE CLEAN|MEASURE BACKSIDE ROUGHNESS|THERMAL OXIDATION|MEASURE OXIDE THICKNESS|RCA CLEAN 1|WET CLEAN RCA2|HF DIP|OXIDE STRIP|SURFACE PREP FOR DEPOSITION|DEPOSIT PAD OXIDE|ANNEAL OXIDE|MEASURE OXIDE THICKNESS|SPIN COAT PHOTORESIST|SOFT BAKE|ALIGN MASK LEVEL 1|EXPOSE LITHO LEVEL 1|DEVELOP PHOTORESIST|INSPECT PATTERN LEVEL 1|HARD BAKE|OXIDE ETCH DRY|STRIP RESIST|CLEAN AFTER ETCH|MEASURE CD LEVEL 1|DEPOSIT POLYSILICON|ANNEAL POLYSILICON|SPIN COAT PHOTORESIST|SOFT BAKE|ALIGN MASK LEVEL 2|EXPOSE LITHO LEVEL 2|DEVELOP PHOTORESIST|PATTERN INSPECTION LEVEL 2|POLYSILICON ETCH DRY|STRIP RESIST LEVEL 2|CLEAN AFTER POLY ETCH|MEASURE CD LEVEL 2|IMPLANT N-TYPE|PRE ANNEAL CHECK|RAPID THERMAL ANNEAL|MEASURE SHEET RESISTANCE|DEPOSIT INTERLEVEL DIELECTRIC|DENSIFY OXIDE|MEASURE FILM THICKNESS|CMP INTERLAYER DIELECTRIC|MEASURE PLANARITY|SPIN COAT PHOTORESIST|SOFT BAKE|POST EXPOSE BAKE|DEVELOP PHOTORESIST|VIA OPENING INSPECTION|HARD BAKE|DIELECTRIC ETCH VIA|STRIP PHOTORESIST|CLEAN AFTER VIA ETCH|DEPOSIT BARRIER METAL|DEPOSIT TUNGSTEN SEED|FILL VIA TUNGSTEN|CMP VIA FILL|MEASURE VIA RESISTANCE|DEPOSIT TOP METAL|ANNEAL METAL 1|MEASURE METAL THICKNESS|SPIN COAT PHOTORESIST|SOFT BAKE|ALIGN MASK LEVEL 4|EXPOSE LITHO LEVEL 4|DEVELOP PHOTORESIST|METAL PATTERN INSPECTION|METAL ETCH DRY|STRIP RESIST|CLEAN AFTER METAL ETCH|MEASURE LINE WIDTH|DEPOSIT PASSIVATION|CURE PASSIVATION|MEASURE PASSIVATION THICKNESS|OPEN PAD WINDOW|OPEN PAD WINDOW LITHO|DEVELOP PAD WINDOW|PASSIVATION ETCH|STRIP RESIST|CLEAN PAD OPENING|MEASURE PAD OPENING|BACKSIDE CLEAN|DEPOSIT BACKSIDE PROTECTION|BACKSIDE ANNEAL|FRONTSIDE CLEAN FINAL|FINAL CLEAN|FINAL OXIDE CHECK|FINAL CD INSPECTION|FINAL ELECTRICAL TEST PREP|ELECTRICAL PARAMETRIC TEST|LEAKAGE TEST|PARAMETRIC TEST|SWITCHING TEST|WAFER SORT TEST|YIELD ANALYSIS|LOT RELEASE|SHIP LOT,RULE_LITHO_LEVEL_SKIP
anomaly_0354,IGBT,RECEIVE WAFER LOT|LOT IDENTIFICATION|INITIAL WAFER INSPECTION|MEASURE INITIAL THICKNESS|MEASURE SURFACE PARTICLES|PRE CLEAN WAFER|BACKSIDE CLEAN|FRONTSIDE CLEAN|RCA CLEAN 1|RCA CLEAN 2|HF DIP|DRY WAFER|EPITAXIAL WAFER CHECK|MEASURE EPITAXY THICKNESS|MEASURE RESISTIVITY|EPITAXIAL REWORK CHECK|EPITAXIAL LAYER PREP|THERMAL OXIDATION|MEASURE OXIDE THICKNESS|SPIN COAT PHOTORESIST|SOFT BAKE|ALIGN MASK LEVEL 1|EXPOSE LITHO LEVEL 1|POST EXPOSE BAKE|DEVELOP PHOTORESIST|INSPECT PATTERN LEVEL 1|OXIDE ETCH DRY|STRIP RESIST|CLEAN AFTER OXIDE ETCH|MEASURE OPENING CD|IMPLANT P BODY|DRIVE IN DIFFUSION|RAPID THERMAL ANNEAL|MEASURE JUNCTION DEPTH|THERMAL OXIDATION|SPIN COAT PHOTORESIST|SOFT BAKE|ALIGN MASK LEVEL 2|EXPOSE LITHO LEVEL 2|DEVELOP PHOTORESIST|P BODY WINDOW INSPECTION|ETCH SILICON OR OXIDE WINDOW|STRIP PHOTORESIST|CLEAN AFTER WINDOW ETCH|IMPLANT N BUFFER|PRE ANNEAL CHECK|RAPID THERMAL ANNEAL|MEASURE SHEET RESISTANCE|DEPOSIT FIELD OXIDE|DENSIFY OXIDE|MEASURE FILM THICKNESS|SPIN COAT PHOTORESIST|SOFT BAKE|ALIGN MASK LEVEL 3|EXPOSE LITHO LEVEL 3|POST EXPOSE BAKE|DEVELOP PHOTORESIST|FIELD PATTERN INSPECTION|FIELD OXIDE ETCH|STRIP RESIST|MEASURE SURFACE UNIFORMITY|IMPLANT SOURCE REGION|IMPLANT DRAIN / CATHODE REGION|PRE ANNEAL CHECK|MEASURE SHEET RESISTANCE|DEPOSIT GATE OXIDE OR DIELECTRIC|ANNEAL DIELECTRIC|DEPOSIT POLYSILICON|POLYSILICON ANNEAL|MEASURE POLY THICKNESS|SPIN COAT PHOTORESIST|SOFT BAKE|ALIGN MASK LEVEL 4|EXPOSE LITHO LEVEL 4|DEVELOP PHOTORESIST|POLY PATTERN INSPECTION|HARD BAKE|POLYSILICON ETCH DRY|STRIP PHOTORESIST|CLEAN AFTER POLY ETCH|IMPLANT CHANNEL STOP|PRE ANNEAL CHECK|RAPID THERMAL ANNEAL|MEASURE DEVICE PARAMETER|DEPOSIT INTERLAYER DIELECTRIC|DENSIFY OXIDE|MEASURE FILM THICKNESS|CMP INTERLAYER DIELECTRIC|MEASURE PLANARITY|SPIN COAT PHOTORESIST|SOFT BAKE|ALIGN MASK LEVEL 5|EXPOSE LITHO LEVEL 5|DEVELOP PHOTORESIST|VIA INSPECTION|VIA ETCH|STRIP PHOTORESIST|CLEAN AFTER VIA ETCH|MEASURE VIA CD|DEPOSIT BARRIER METAL|DEPOSIT METAL SEED|FILL VIA METAL|CMP METAL|MEASURE CONTACT RESISTANCE|DEPOSIT TOP METAL|ANNEAL METAL 1|SPIN COAT PHOTORESIST|SOFT BAKE|ALIGN MASK LEVEL 6|EXPOSE LITHO LEVEL 6|POST EXPOSE BAKE|DEVELOP PHOTORESIST|METAL PATTERN INSPECTION|METAL ETCH DRY|STRIP RESIST|CLEAN AFTER METAL ETCH|DEPOSIT PASSIVATION LAYER|CURE PASSIVATION|MEASURE PASSIVATION QUALITY|OPEN BOND PAD WINDOW|PAD WINDOW LITHO|DEVELOP PAD WINDOW|PASSIVATION ETCH PAD OPENING|STRIP PHOTORESIST|CLEAN PAD OPENING|MEASURE PAD OPENING|BACKSIDE GRIND|MEASURE THICKNESS|BACKSIDE ETCH CLEAN|BACKSIDE RINSE|BACKSIDE DRY|BACKSIDE METALLIZATION PREP|DEPOSIT BACKSIDE METAL|BACKSIDE ANNEAL|MEASURE BACKSIDE CONTACT|FINAL CLEAN|FINAL THICKNESS MEASURE|FINAL GEOMETRY CHECK|FINAL PARTICLE INSPECTION|ELECTRICAL PARAMETRIC TEST|LEAKAGE TEST|BREAKDOWN VOLTAGE TEST|SWITCHING TEST|WAFER SORT TEST|YIELD ANALYSIS|LOT RELEASE|SHIP LOT,RULE_DEP_NO_CLEAN
anomaly_0908,MOSFET,RECEIVE WAFER LOT|LOT IDENTIFICATION|INITIAL WAFER INSPECTION|MEASURE THICKNESS|MEASURE SURFACE PARTICLES|PRE CLEAN WAFER|BACKSIDE CLEAN|FRONTSIDE CLEAN|RCA CLEAN 1|RCA CLEAN 2|HF DIP|DRY WAFER|SUBSTRATE CHECK|EPITAXY PREP|EPITAXIAL DEPOSITION|MEASURE EPITAXY THICKNESS|MEASURE RESISTIVITY|EPITAXY ANNEAL|WAFER SURFACE CLEAN|THERMAL OXIDATION|MEASURE OXIDE THICKNESS|SPIN COAT PHOTORESIST|SOFT BAKE|ALIGN MASK LEVEL 1|EXPOSE LITHO LEVEL 1|POST EXPOSE BAKE|DEVELOP PHOTORESIST|PATTERN INSPECTION LEVEL 1|OXIDE ETCH|STRIP PHOTORESIST|CLEAN AFTER ETCH|MEASURE OPENING CD|IMPLANT WELL|PRE ANNEAL CHECK|DRIVE IN DIFFUSION|RAPID THERMAL ANNEAL|THERMAL OXIDATION|GATE OXIDE PREP|GATE OXIDE GROWTH|MEASURE GATE OXIDE THICKNESS|DEPOSIT POLYSILICON|POLYSILICON ANNEAL|MEASURE POLY THICKNESS|SPIN COAT PHOTORESIST|SOFT BAKE|ALIGN MASK LEVEL 2|EXPOSE LITHO LEVEL 2|DEVELOP PHOTORESIST|POLY PATTERN INSPECTION|POLYSILICON ETCH|STRIP PHOTORESIST|CLEAN AFTER POLY ETCH|MEASURE GATE CD|IMPLANT SOURCE DRAIN|PRE ANNEAL CHECK|LIGHT ANNEAL|DEPOSIT SPACER DIELECTRIC|ANISOTROPIC ETCH SPACER|IMPLANT LDD|PRE ANNEAL CHECK|RAPID THERMAL ANNEAL|MEASURE JUNCTION PROFILE|DEPOSIT INTERLEVEL DIELECTRIC|DENSIFY DIELECTRIC|MEASURE FILM THICKNESS|CMP DIELECTRIC|MEASURE SURFACE PLANARITY|SPIN COAT PHOTORESIST|SOFT BAKE|ALIGN MASK LEVEL 3|EXPOSE LITHO LEVEL 3|DEVELOP PHOTORESIST|VIA INSPECTION|DIELECTRIC ETCH VIA|STRIP RESIST|CLEAN AFTER VIA ETCH|DEPOSIT BARRIER METAL|DEPOSIT METAL SEED|FILL VIA METAL|CMP METAL|DEPOSIT TOP METAL|ANNEAL METAL|MEASURE METAL THICKNESS|SPIN COAT PHOTORESIST|SOFT BAKE|ALIGN MASK LEVEL 4|POST EXPOSE BAKE|DEVELOP PHOTORESIST|METAL PATTERN INSPECTION|METAL ETCH|STRIP PHOTORESIST|CLEAN AFTER METAL ETCH|DEPOSIT PASSIVATION LAYER|CURE PASSIVATION|MEASURE PASSIVATION THICKNESS|OPEN BOND PAD WINDOW|OPEN PAD WINDOW LITHO|DEVELOP PAD WINDOW|PASSIVATION ETCH PAD OPENING|STRIP RESIST|CLEAN PAD OPENING|MEASURE PAD OPENING|BACKSIDE CLEAN|BACKSIDE GRIND|MEASURE THICKNESS|BACKSIDE ETCH CLEAN|BACKSIDE RINSE|BACKSIDE DRY|BACKSIDE METALLIZATION PREP|DEPOSIT BACKSIDE METAL|BACKSIDE ANNEAL|MEASURE BACKSIDE CONTACT|FINAL CLEAN|FINAL GEOMETRY CHECK|FINAL CD INSPECTION|FINAL PARTICLE INSPECTION|ELECTRICAL PARAMETRIC TEST|LEAKAGE TEST|THRESHOLD VOLTAGE TEST|SWITCHING TEST|WAFER SORT TEST|YIELD ANALYSIS|LOT RELEASE|SHIP LOT,RULE_METAL_ETCH_NO_LITHO
anomaly_0819,IC,RECEIVE WAFER LOT|LOT IDENTIFICATION|PRE CLEAN INSPECTION|MEASURE SURFACE DEFECTS|WAFER CLEAN PRE PROCESS|BACKSIDE CLEAN|RCA CLEAN 1|WET CLEAN RCA2|HF DIP|WAFER CLEAN PRE-GRIND|GRINDING WAFER BACKSIDE|MEASURE GEOMETRY|ETCH WET BACKSIDE|RINSE WET WAFER_EDGE|DRY WAFER BACKSIDE|BACKSIDE CLEAN|MEASURE BACKSIDE ROUGHNESS|THERMAL OXIDATION|MEASURE OXIDE THICKNESS|WET CLEAN RCA1|WET CLEAN RCA2|HF DIP|OXIDE STRIP|SURFACE PREP FOR DEPOSITION|DEPOSIT PAD OXIDE|ANNEAL OXIDE|MEASURE FILM THICKNESS|SPIN COAT PHOTORESIST|SOFT BAKE|ALIGN MASK LEVEL 1|EXPOSE LITHO LEVEL 1|DEVELOP PHOTORESIST|INSPECT PATTERN LEVEL 1|HARD BAKE|OXIDE ETCH DRY|STRIP PHOTORESIST|CLEAN AFTER ETCH|MEASURE CD LEVEL 1|DEPOSIT POLYSILICON|ANNEAL POLYSILICON|SPIN COAT PHOTORESIST|SOFT BAKE|ALIGN MASK LEVEL 2|EXPOSE LITHO LEVEL 2|DEVELOP PHOTORESIST|PATTERN INSPECTION LEVEL 2|HARD BAKE|POLYSILICON ETCH DRY|STRIP RESIST|CLEAN AFTER POLY ETCH|MEASURE CD LEVEL 2|IMPLANT N-TYPE|PRE ANNEAL CHECK|RAPID THERMAL ANNEAL|DEPOSIT INTERLEVEL DIELECTRIC|DENSIFY DIELECTRIC|MEASURE FILM THICKNESS|CMP DIELECTRIC|MEASURE SURFACE PLANARITY|SPIN COAT PHOTORESIST|SOFT BAKE|ALIGN MASK LEVEL 3|EXPOSE LITHO LEVEL 3|DEVELOP PHOTORESIST|VIA INSPECTION|DIELECTRIC ETCH VIA|STRIP PHOTORESIST|CLEAN AFTER VIA ETCH|MEASURE VIA CD|DEPOSIT BARRIER METAL|DEPOSIT TUNGSTEN SEED|FILL VIA TUNGSTEN|CMP VIA FILL|MEASURE CONTACT RESISTANCE|DEPOSIT TOP METAL|ANNEAL METAL|MEASURE METAL THICKNESS|SPIN COAT PHOTORESIST|SOFT BAKE|ALIGN MASK LEVEL 4|EXPOSE LITHO LEVEL 4|DEVELOP PHOTORESIST|METAL PATTERN INSPECTION|METAL ETCH DRY|STRIP RESIST|CLEAN AFTER METAL ETCH|MEASURE LINE WIDTH|OPEN BOND PAD WINDOW|DEPOSIT PASSIVATION|CURE PASSIVATION|MEASURE PASSIVATION QUALITY|OPEN PAD WINDOW LITHO|DEVELOP PAD WINDOW|PASSIVATION ETCH|STRIP RESIST|CLEAN PAD OPENING|MEASURE PAD OPENING|BACKSIDE THINNING CHECK|BACKSIDE CLEAN FINAL|DEPOSIT BACKSIDE PROTECTION|BACKSIDE ANNEAL|FRONTSIDE CLEAN FINAL|FINAL CLEAN|FINAL THICKNESS MEASURE|FINAL CD INSPECTION|FINAL PARTICLE INSPECTION|PARAMETRIC TEST|LEAKAGE TEST|THRESHOLD VOLTAGE TEST|SWITCHING TEST|WAFER SORT TEST|YIELD ANALYSIS|LOT RELEASE|SHIP LOT,RULE_PAD_OPEN_BEFORE_DEP
anomaly_0327,IC,RECEIVE WAFER LOT|LOT IDENTIFICATION|PRE CLEAN INSPECTION|MEASURE INITIAL THICKNESS|WAFER CLEAN PRE PROCESS|BACKSIDE CLEAN|WET CLEAN RCA1|RCA CLEAN 2|HF DIP|DRY WAFER|WAFER CLEAN PRE-GRIND|GRINDING WAFER BACKSIDE|MEASURE GEOMETRY|ETCH WET BACKSIDE|RINSE WET WAFER_EDGE|DRY WAFER BACKSIDE|BACKSIDE CLEAN|MEASURE BACKSIDE ROUGHNESS|THERMAL OXIDATION|MEASURE OXIDE THICKNESS|RCA CLEAN 1|RCA CLEAN 2|HF DIP|OXIDE STRIP|SURFACE PREP FOR DEPOSITION|DEPOSIT PAD OXIDE|ANNEAL OXIDE|MEASURE OXIDE THICKNESS|SPIN COAT PHOTORESIST|SOFT BAKE|ALIGN MASK LEVEL 1|EXPOSE LITHO LEVEL 1|DEVELOP PHOTORESIST|INSPECT PATTERN LEVEL 1|HARD BAKE|OXIDE ETCH DRY|STRIP RESIST|CLEAN AFTER ETCH|MEASURE CD LEVEL 1|DEPOSIT POLYSILICON|ANNEAL POLYSILICON|SPIN COAT PHOTORESIST|SOFT BAKE|ALIGN MASK LEVEL 2|EXPOSE LITHO LEVEL 2|DEVELOP PHOTORESIST|PATTERN INSPECTION LEVEL 2|POLYSILICON ETCH DRY|STRIP RESIST|CLEAN AFTER POLY ETCH|MEASURE CD LEVEL 2|IMPLANT N-TYPE|RAPID THERMAL ANNEAL|MEASURE SHEET RESISTANCE|DEPOSIT INTERLEVEL DIELECTRIC|DENSIFY OXIDE|MEASURE DIELECTRIC THICKNESS|CMP INTERLAYER DIELECTRIC|MEASURE PLANARITY|SPIN COAT PHOTORESIST|SOFT BAKE|DEVELOP PHOTORESIST|VIA OPENING INSPECTION|HARD BAKE|VIA ETCH THROUGH DIELECTRIC|STRIP PHOTORESIST|CLEAN AFTER VIA ETCH|MEASURE VIA CD|DEPOSIT BARRIER METAL|DEPOSIT TUNGSTEN SEED|FILL VIA TUNGSTEN|CMP VIA FILL|MEASURE VIA RESISTANCE|DEPOSIT TOP METAL|ANNEAL METAL|SPIN COAT PHOTORESIST|SOFT BAKE|ALIGN MASK LEVEL 4|EXPOSE LITHO LEVEL 4|DEVELOP PHOTORESIST|METAL PATTERN INSPECTION|METAL ETCH DRY|STRIP PHOTORESIST|CLEAN AFTER METAL ETCH|MEASURE LINE WIDTH|DEPOSIT PASSIVATION LAYER|CURE PASSIVATION|MEASURE PASSIVATION THICKNESS|OPEN BOND PAD WINDOW|OPEN PAD WINDOW LITHO|DEVELOP PHOTORESIST|PASSIVATION ETCH|STRIP RESIST|CLEAN PAD OPENING|MEASURE PAD OPENING|BACKSIDE THINNING CHECK|BACKSIDE CLEAN FINAL|DEPOSIT BACKSIDE PROTECTION|BACKSIDE ANNEAL|FRONTSIDE CLEAN FINAL|FINAL CLEAN|FINAL THICKNESS MEASURE|FINAL GEOMETRY CHECK|FINAL OXIDE CHECK|ELECTRICAL PARAMETRIC TEST|LEAKAGE TEST|PARAMETRIC TEST|SWITCHING TEST|WAFER SORT TEST|YIELD ANALYSIS|FINAL LOT RELEASE|SHIP LOT,RULE_LITHO_LEVEL_SKIP
anomaly_0309,IGBT,RECEIVE WAFER LOT|LOT IDENTIFICATION|INITIAL WAFER INSPECTION|MEASURE INITIAL THICKNESS|MEASURE SURFACE PARTICLES|PRE CLEAN WAFER|BACKSIDE CLEAN|FRONTSIDE CLEAN|RCA CLEAN 1|RCA CLEAN 2|HF DIP|EPITAXIAL WAFER CHECK|MEASURE EPITAXY THICKNESS|MEASURE RESISTIVITY|EPITAXIAL REWORK CHECK|EPITAXIAL LAYER PREP|THERMAL OXIDATION|MEASURE OXIDE THICKNESS|SPIN COAT PHOTORESIST|SOFT BAKE|ALIGN MASK LEVEL 1|EXPOSE LITHO LEVEL 1|POST EXPOSE BAKE|DEVELOP PHOTORESIST|INSPECT PATTERN LEVEL 1|HARD BAKE|OXIDE ETCH DRY|STRIP RESIST|CLEAN AFTER OXIDE ETCH|MEASURE OPENING CD|IMPLANT P BODY|PRE ANNEAL CHECK|DRIVE IN DIFFUSION|RAPID THERMAL ANNEAL|THERMAL OXIDATION|SPIN COAT PHOTORESIST|SOFT BAKE|ALIGN MASK LEVEL 2|EXPOSE LITHO LEVEL 2|DEVELOP PHOTORESIST|P BODY WINDOW INSPECTION|ETCH SILICON OR OXIDE WINDOW|STRIP PHOTORESIST|CLEAN AFTER WINDOW ETCH|IMPLANT N BUFFER|RAPID THERMAL ANNEAL|MEASURE SHEET RESISTANCE|DEPOSIT FIELD OXIDE|DENSIFY OXIDE|MEASURE FILM THICKNESS|SPIN COAT PHOTORESIST|SOFT BAKE|ALIGN MASK LEVEL 3|EXPOSE LITHO LEVEL 3|DEVELOP PHOTORESIST|FIELD PATTERN INSPECTION|FIELD OXIDE ETCH|STRIP PHOTORESIST|CLEAN AFTER FIELD ETCH|MEASURE SURFACE UNIFORMITY|IMPLANT SOURCE REGION|IMPLANT DRAIN / CATHODE REGION|PRE ANNEAL CHECK|RAPID THERMAL ANNEAL|MEASURE SHEET RESISTANCE|DEPOSIT GATE OXIDE OR DIELECTRIC|ANNEAL DIELECTRIC|DEPOSIT POLYSILICON|POLYSILICON ANNEAL|MEASURE POLY THICKNESS|SPIN COAT PHOTORESIST|SOFT BAKE|ALIGN MASK LEVEL 4|EXPOSE LITHO LEVEL 4|DEVELOP PHOTORESIST|POLY PATTERN INSPECTION|POLYSILICON ETCH DRY|STRIP RESIST|CLEAN AFTER POLY ETCH|MEASURE GATE CD|IMPLANT CHANNEL STOP|RAPID THERMAL ANNEAL|DEPOSIT INTERLAYER DIELECTRIC|DENSIFY DIELECTRIC|MEASURE FILM THICKNESS|CMP INTERLAYER DIELECTRIC|MEASURE PLANARITY|SPIN COAT PHOTORESIST|SOFT BAKE|ALIGN MASK LEVEL 5|EXPOSE LITHO LEVEL 5|POST EXPOSE BAKE|DEVELOP PHOTORESIST|VIA OPENING INSPECTION|DIELECTRIC ETCH VIA|STRIP RESIST|CLEAN AFTER VIA ETCH|MEASURE VIA CD|DEPOSIT BARRIER METAL|DEPOSIT METAL SEED|FILL VIA METAL|CMP METAL|DEPOSIT TOP METAL|ANNEAL METAL|MEASURE METAL THICKNESS|SPIN COAT PHOTORESIST|SOFT BAKE|ALIGN MASK LEVEL 6|EXPOSE LITHO LEVEL 6|DEVELOP PHOTORESIST|METAL PATTERN INSPECTION|METAL ETCH DRY|STRIP RESIST|CLEAN AFTER METAL ETCH|MEASURE LINE WIDTH|DEPOSIT PASSIVATION|DEPOSIT BACKSIDE METAL|CURE PASSIVATION|MEASURE PASSIVATION QUALITY|OPEN PAD WINDOW|PAD WINDOW LITHO|DEVELOP PAD WINDOW|PASSIVATION ETCH PAD OPENING|STRIP PHOTORESIST|CLEAN PAD OPENING|MEASURE PAD OPENING|BACKSIDE GRIND|MEASURE THICKNESS|BACKSIDE ETCH CLEAN|BACKSIDE RINSE|BACKSIDE DRY|BACKSIDE METALLIZATION PREP|BACKSIDE ANNEAL|MEASURE BACKSIDE CONTACT|FINAL CLEAN|FINAL THICKNESS MEASURE|FINAL CD INSPECTION|FINAL PARTICLE INSPECTION|ELECTRICAL PARAMETRIC TEST|LEAKAGE TEST|BREAKDOWN VOLTAGE TEST|SWITCHING TEST|WAFER SORT TEST|YIELD ANALYSIS|LOT RELEASE|SHIP LOT,RULE_BACKSIDE_BEFORE_PASSIVATION
anomaly_0150,MOSFET,RECEIVE WAFER LOT|LOT IDENTIFICATION|INITIAL WAFER INSPECTION|MEASURE THICKNESS|MEASURE SURFACE PARTICLES|PRE CLEAN WAFER|BACKSIDE CLEAN|FRONTSIDE CLEAN|RCA CLEAN 1|RCA CLEAN 2|HF DIP|DRY WAFER|SUBSTRATE CHECK|EPITAXY PREP|EPITAXIAL DEPOSITION|MEASURE EPITAXY THICKNESS|MEASURE RESISTIVITY|EPITAXY ANNEAL|WAFER SURFACE CLEAN|THERMAL OXIDATION|MEASURE OXIDE THICKNESS|SPIN COAT PHOTORESIST|SOFT BAKE|ALIGN MASK LEVEL 1|EXPOSE LITHO LEVEL 1|DEVELOP PHOTORESIST|PATTERN INSPECTION LEVEL 1|HARD BAKE|OXIDE ETCH|STRIP RESIST|CLEAN AFTER ETCH|MEASURE OPENING CD|IMPLANT WELL|PRE ANNEAL CHECK|DRIVE IN DIFFUSION|RAPID THERMAL ANNEAL|THERMAL OXIDATION|GATE OXIDE PREP|GATE OXIDE GROWTH|MEASURE GATE OXIDE THICKNESS|DEPOSIT POLYSILICON|POLYSILICON ANNEAL|MEASURE POLY THICKNESS|SPIN COAT PHOTORESIST|SOFT BAKE|ALIGN MASK LEVEL 2|EXPOSE LITHO LEVEL 2|POST EXPOSE BAKE|DEVELOP PHOTORESIST|POLY PATTERN INSPECTION|HARD BAKE|POLYSILICON ETCH|STRIP PHOTORESIST|CLEAN AFTER POLY ETCH|MEASURE GATE CD|IMPLANT SOURCE DRAIN|LIGHT ANNEAL|DEPOSIT SPACER DIELECTRIC|ANISOTROPIC ETCH SPACER|IMPLANT LDD|PRE ANNEAL CHECK|RAPID THERMAL ANNEAL|DEPOSIT INTERLEVEL DIELECTRIC|DENSIFY OXIDE|MEASURE FILM THICKNESS|CMP INTERLAYER DIELECTRIC|MEASURE PLANARITY|SPIN COAT PHOTORESIST|SOFT BAKE|DEVELOP PHOTORESIST|VIA OPENING INSPECTION|DIELECTRIC ETCH VIA|STRIP PHOTORESIST|CLEAN AFTER VIA ETCH|MEASURE VIA CD|DEPOSIT BARRIER METAL|DEPOSIT METAL SEED|FILL VIA METAL|CMP VIA FILL|MEASURE CONTACT RESISTANCE|DEPOSIT METAL 1|ANNEAL METAL 1|SPIN COAT PHOTORESIST|SOFT BAKE|ALIGN MASK LEVEL 4|EXPOSE LITHO LEVEL 4|DEVELOP PHOTORESIST|METAL PATTERN INSPECTION|METAL ETCH|STRIP RESIST|CLEAN AFTER METAL ETCH|MEASURE LINE WIDTH|DEPOSIT PASSIVATION LAYER|CURE PASSIVATION|MEASURE PASSIVATION QUALITY|OPEN BOND PAD WINDOW|OPEN PAD WINDOW LITHO|DEVELOP PHOTORESIST|PASSIVATION ETCH PAD OPENING|STRIP RESIST|CLEAN PAD OPENING|MEASURE PAD OPENING|BACKSIDE CLEAN|BACKSIDE GRIND|MEASURE THICKNESS|BACKSIDE ETCH CLEAN|BACKSIDE RINSE|BACKSIDE DRY|BACKSIDE METALLIZATION PREP|DEPOSIT BACKSIDE METAL|BACKSIDE ANNEAL|MEASURE BACKSIDE CONTACT|FINAL CLEAN|FINAL THICKNESS MEASURE|FINAL GEOMETRY CHECK|FINAL CD INSPECTION|ELECTRICAL PARAMETRIC TEST|LEAKAGE TEST|THRESHOLD VOLTAGE TEST|SWITCHING TEST|WAFER SORT TEST|YIELD ANALYSIS|FINAL LOT RELEASE|SHIP LOT,RULE_LITHO_LEVEL_SKIP
anomaly_0252,MOSFET,RECEIVE WAFER LOT|LOT IDENTIFICATION|PRE CLEAN INSPECTION|MEASURE THICKNESS|MEASURE SURFACE PARTICLES|PRE CLEAN WAFER|FRONTSIDE CLEAN|RCA CLEAN 1|RCA CLEAN 2|HF DIP|SUBSTRATE CHECK|EPITAXY PREP|EPITAXIAL DEPOSITION|MEASURE EPITAXY THICKNESS|MEASURE RESISTIVITY|EPITAXY ANNEAL|WAFER SURFACE CLEAN|THERMAL OXIDATION|MEASURE OXIDE THICKNESS|SPIN COAT PHOTORESIST|SOFT BAKE|ALIGN MASK LEVEL 1|EXPOSE LITHO LEVEL 1|POST EXPOSE BAKE|DEVELOP PHOTORESIST|PATTERN INSPECTION LEVEL 1|HARD BAKE|OXIDE ETCH|STRIP RESIST|CLEAN AFTER ETCH|MEASURE OPENING CD|IMPLANT WELL|PRE ANNEAL CHECK|DRIVE IN DIFFUSION|RAPID THERMAL ANNEAL|MEASURE JUNCTION DEPTH|THERMAL OXIDATION|GATE OXIDE PREP|GATE OXIDE GROWTH|MEASURE GATE OXIDE THICKNESS|DEPOSIT POLYSILICON|POLYSILICON ANNEAL|MEASURE POLY THICKNESS|SPIN COAT PHOTORESIST|SOFT BAKE|ALIGN MASK LEVEL 2|EXPOSE LITHO LEVEL 2|DEVELOP PHOTORESIST|POLY PATTERN INSPECTION|POLYSILICON ETCH|STRIP RESIST|CLEAN AFTER POLY ETCH|MEASURE GATE CD|IMPLANT SOURCE DRAIN|PRE ANNEAL CHECK|LIGHT ANNEAL|MEASURE SHEET RESISTANCE|DEPOSIT SPACER DIELECTRIC|ANISOTROPIC ETCH SPACER|MEASURE SPACER WIDTH|IMPLANT LDD|RAPID THERMAL ANNEAL|DEPOSIT INTERLEVEL DIELECTRIC|DENSIFY DIELECTRIC|MEASURE FILM THICKNESS|CMP DIELECTRIC|MEASURE SURFACE PLANARITY|SPIN COAT PHOTORESIST|SOFT BAKE|ALIGN MASK LEVEL 3|EXPOSE LITHO LEVEL 3|DEVELOP PHOTORESIST|VIA OPENING INSPECTION|DIELECTRIC ETCH VIA|STRIP PHOTORESIST|CLEAN AFTER VIA ETCH|DEPOSIT BARRIER METAL|DEPOSIT METAL SEED|FILL VIA METAL|CMP METAL|MEASURE CONTACT RESISTANCE|DEPOSIT METAL 1|ANNEAL METAL 1|MEASURE METAL THICKNESS|SPIN COAT PHOTORESIST|SOFT BAKE|ALIGN MASK LEVEL 4|EXPOSE LITHO LEVEL 4|DEVELOP PHOTORESIST|METAL PATTERN INSPECTION|HARD BAKE|METAL ETCH|STRIP PHOTORESIST|CLEAN AFTER METAL ETCH|MEASURE LINE WIDTH|DEPOSIT PASSIVATION LAYER|CURE PASSIVATION|MEASURE PASSIVATION QUALITY|OPEN BOND PAD WINDOW|OPEN PAD WINDOW LITHO|DEVELOP PAD WINDOW|PASSIVATION ETCH PAD OPENING|STRIP RESIST|CLEAN PAD OPENING|MEASURE PAD OPENING|BACKSIDE CLEAN|BACKSIDE GRIND|MEASURE THICKNESS|BACKSIDE ETCH CLEAN|BACKSIDE RINSE|BACKSIDE DRY|BACKSIDE METALLIZATION PREP|DEPOSIT BACKSIDE METAL|BACKSIDE ANNEAL|MEASURE BACKSIDE CONTACT|FINAL CLEAN|FINAL THICKNESS MEASURE|FINAL GEOMETRY CHECK|FINAL PARTICLE INSPECTION|ELECTRICAL PARAMETRIC TEST|LEAKAGE TEST|THRESHOLD VOLTAGE TEST|SWITCHING TEST|SHIP LOT|YIELD ANALYSIS|FINAL LOT RELEASE|WAFER SORT TEST,RULE_SHIP_BEFORE_TEST
anomaly_0343,IC,RECEIVE WAFER LOT|LOT IDENTIFICATION|INITIAL WAFER INSPECTION|MEASURE INITIAL GEOMETRY|MEASURE SURFACE PARTICLES|WAFER CLEAN PRE PROCESS|WET CLEAN RCA1|RCA CLEAN 2|HF DIP|DRY WAFER|WAFER CLEAN PRE-GRIND|GRINDING WAFER BACKSIDE|MEASURE INITIAL GEOMETRY|ETCH WET BACKSIDE|RINSE WET WAFER_EDGE|DRY WAFER BACKSIDE|BACKSIDE CLEAN|MEASURE BACKSIDE ROUGHNESS|THERMAL OXIDATION|MEASURE OXIDE THICKNESS|WET CLEAN RCA1|RCA CLEAN 2|HF DIP|OXIDE STRIP|SURFACE PREP FOR DEPOSITION|DEPOSIT PAD OXIDE|ANNEAL OXIDE|MEASURE OXIDE THICKNESS|SPIN COAT PHOTORESIST|SOFT BAKE|ALIGN MASK LEVEL 1|EXPOSE LITHO LEVEL 1|DEVELOP PHOTORESIST|INSPECT PATTERN LEVEL 1|HARD BAKE|OXIDE ETCH DRY|STRIP RESIST|CLEAN AFTER ETCH|MEASURE CD LEVEL 1|DEPOSIT POLYSILICON|ANNEAL POLYSILICON|SPIN COAT PHOTORESIST|SOFT BAKE|ALIGN MASK LEVEL 2|EXPOSE LITHO LEVEL 2|POST EXPOSE BAKE|DEVELOP PHOTORESIST|PATTERN INSPECTION LEVEL 2|HARD BAKE|POLYSILICON ETCH DRY|STRIP RESIST|CLEAN AFTER POLY ETCH|MEASURE CD LEVEL 2|IMPLANT N-TYPE|PRE ANNEAL CHECK|RAPID THERMAL ANNEAL|DEPOSIT INTERLEVEL DIELECTRIC|DENSIFY DIELECTRIC|MEASURE FILM THICKNESS|CMP DIELECTRIC|MEASURE PLANARITY|SPIN COAT PHOTORESIST|SOFT BAKE|ALIGN MASK LEVEL 3|EXPOSE LITHO LEVEL 3|DEVELOP PHOTORESIST|VIA OPENING INSPECTION|HARD BAKE|VIA ETCH THROUGH DIELECTRIC|STRIP PHOTORESIST|CLEAN AFTER VIA ETCH|MEASURE VIA CD|DEPOSIT BARRIER METAL|DEPOSIT TUNGSTEN SEED|FILL VIA TUNGSTEN|CMP VIA FILL|MEASURE VIA RESISTANCE|DEPOSIT METAL 1|ANNEAL METAL|SPIN COAT PHOTORESIST|SOFT BAKE|ALIGN MASK LEVEL 4|DEVELOP PHOTORESIST|METAL PATTERN INSPECTION|HARD BAKE|METAL ETCH DRY|STRIP PHOTORESIST|CLEAN AFTER METAL ETCH|MEASURE LINE WIDTH|DEPOSIT PASSIVATION|CURE PASSIVATION|MEASURE PASSIVATION QUALITY|OPEN BOND PAD WINDOW|OPEN PAD WINDOW LITHO|DEVELOP PAD WINDOW|PASSIVATION ETCH|STRIP PHOTORESIST|CLEAN PAD OPENING|MEASURE PAD OPENING|BACKSIDE THINNING CHECK|BACKSIDE CLEAN FINAL|DEPOSIT BACKSIDE PROTECTION|BACKSIDE ANNEAL|FRONTSIDE CLEAN FINAL|FINAL CLEAN|FINAL GEOMETRY CHECK|FINAL OXIDE CHECK|FINAL PARTICLE INSPECTION|ELECTRICAL PARAMETRIC TEST|LEAKAGE TEST|PARAMETRIC TEST|SWITCHING TEST|WAFER SORT TEST|YIELD ANALYSIS|FINAL LOT RELEASE|PACKAGE PREPARATION|SHIP LOT,RULE_METAL_ETCH_NO_LITHO
anomaly_0743,IC,RECEIVE WAFER LOT|LOT IDENTIFICATION|INITIAL WAFER INSPECTION|MEASURE INITIAL THICKNESS|MEASURE SURFACE PARTICLES|WAFER CLEAN PRE PROCESS|BACKSIDE CLEAN|FRONTSIDE CLEAN|RCA CLEAN 1|WET CLEAN RCA2|HF DIP|WAFER CLEAN PRE-GRIND|GRINDING WAFER BACKSIDE|MEASURE GEOMETRY|ETCH WET BACKSIDE|RINSE WET WAFER_EDGE|DRY WAFER BACKSIDE|BACKSIDE CLEAN|MEASURE BACKSIDE ROUGHNESS|THERMAL OXIDATION|MEASURE OXIDE THICKNESS|RCA CLEAN 1|RCA CLEAN 2|HF DIP|OXIDE STRIP|SURFACE PREP FOR DEPOSITION|DEPOSIT PAD OXIDE|ANNEAL OXIDE|MEASURE FILM THICKNESS|SPIN COAT PHOTORESIST|SOFT BAKE|ALIGN MASK LEVEL 1|EXPOSE LITHO LEVEL 1|DEVELOP PHOTORESIST|INSPECT PATTERN LEVEL 1|HARD BAKE|OXIDE ETCH DRY|STRIP RESIST|CLEAN AFTER ETCH|MEASURE CD LEVEL 1|DEPOSIT POLYSILICON|ANNEAL POLYSILICON|SPIN COAT PHOTORESIST|SOFT BAKE|ALIGN MASK LEVEL 2|EXPOSE LITHO LEVEL 2|DEVELOP PHOTORESIST|PATTERN INSPECTION LEVEL 2|POLYSILICON ETCH DRY|STRIP RESIST LEVEL 2|MEASURE CD LEVEL 2|IMPLANT N-TYPE|PRE ANNEAL CHECK|MEASURE SHEET RESISTANCE|DEPOSIT INTERLEVEL DIELECTRIC|DENSIFY DIELECTRIC|MEASURE FILM THICKNESS|CMP DIELECTRIC|MEASURE PLANARITY|SPIN COAT PHOTORESIST|SOFT BAKE|ALIGN MASK LEVEL 3|EXPOSE LITHO LEVEL 3|DEVELOP PHOTORESIST|VIA OPENING INSPECTION|HARD BAKE|DIELECTRIC ETCH VIA|STRIP PHOTORESIST|CLEAN AFTER VIA ETCH|DEPOSIT BARRIER METAL|DEPOSIT TUNGSTEN SEED|FILL VIA TUNGSTEN|CMP METAL|MEASURE VIA RESISTANCE|DEPOSIT METAL 1|ANNEAL METAL 1|MEASURE METAL THICKNESS|SPIN COAT PHOTORESIST|SOFT BAKE|ALIGN MASK LEVEL 4|EXPOSE LITHO LEVEL 4|DEVELOP PHOTORESIST|METAL PATTERN INSPECTION|METAL ETCH DRY|STRIP PHOTORESIST|CLEAN AFTER METAL ETCH|MEASURE LINE WIDTH|DEPOSIT PASSIVATION|CURE PASSIVATION|MEASURE PASSIVATION THICKNESS|OPEN BOND PAD WINDOW|PAD WINDOW LITHO|DEVELOP PHOTORESIST|PASSIVATION ETCH PAD OPENING|STRIP RESIST|CLEAN PAD OPENING|MEASURE PAD OPENING|BACKSIDE THINNING CHECK|BACKSIDE CLEAN FINAL|DEPOSIT BACKSIDE PROTECTION|BACKSIDE ANNEAL|FRONTSIDE CLEAN FINAL|FINAL CLEAN|FINAL THICKNESS MEASURE|FINAL OXIDE CHECK|FINAL CD INSPECTION|FINAL PARTICLE INSPECTION|PARAMETRIC TEST|LEAKAGE TEST|THRESHOLD VOLTAGE TEST|SWITCHING TEST|WAFER SORT TEST|YIELD ANALYSIS|FINAL LOT RELEASE|SHIP LOT,RULE_DEP_NO_CLEAN
anomaly_0730,IC,RECEIVE WAFER LOT|LOT IDENTIFICATION|INITIAL WAFER INSPECTION|MEASURE INITIAL THICKNESS|MEASURE SURFACE PARTICLES|WAFER CLEAN PRE PROCESS|BACKSIDE CLEAN|FRONTSIDE CLEAN|WET CLEAN RCA1|WET CLEAN RCA2|HF DIP|DRY WAFER|WAFER CLEAN PRE-GRIND|GRINDING WAFER BACKSIDE|MEASURE INITIAL GEOMETRY|ETCH WET BACKSIDE|RINSE WET WAFER_EDGE|DRY WAFER BACKSIDE|BACKSIDE CLEAN|MEASURE BACKSIDE ROUGHNESS|THERMAL OXIDATION|MEASURE OXIDE THICKNESS|WET CLEAN RCA1|WET CLEAN RCA2|HF DIP|OXIDE STRIP|SURFACE PREP FOR DEPOSITION|DEPOSIT PAD OXIDE|ANNEAL OXIDE|MEASURE OXIDE THICKNESS|SPIN COAT PHOTORESIST|SOFT BAKE|ALIGN MASK LEVEL 1|EXPOSE LITHO LEVEL 1|DEVELOP PHOTORESIST|INSPECT PATTERN LEVEL 1|HARD BAKE|OXIDE ETCH DRY|STRIP RESIST|CLEAN AFTER ETCH|MEASURE CD LEVEL 1|DEPOSIT POLYSILICON|ANNEAL POLYSILICON|SPIN COAT PHOTORESIST|SOFT BAKE|ALIGN MASK LEVEL 2|EXPOSE LITHO LEVEL 2|POST EXPOSE BAKE|DEVELOP PHOTORESIST|PATTERN INSPECTION LEVEL 2|HARD BAKE|POLYSILICON ETCH DRY|STRIP RESIST|CLEAN AFTER POLY ETCH|MEASURE CD LEVEL 2|IMPLANT N-TYPE|RAPID THERMAL ANNEAL|DEPOSIT INTERLEVEL DIELECTRIC|DENSIFY OXIDE|MEASURE DIELECTRIC THICKNESS|CMP INTERLAYER DIELECTRIC|MEASURE PLANARITY|SPIN COAT PHOTORESIST|SOFT BAKE|ALIGN MASK LEVEL 3|EXPOSE LITHO LEVEL 3|DEVELOP PHOTORESIST|VIA INSPECTION|HARD BAKE|VIA ETCH|STRIP RESIST|CLEAN AFTER VIA ETCH|DEPOSIT BARRIER METAL|DEPOSIT TUNGSTEN SEED|FILL VIA TUNGSTEN|CMP METAL|MEASURE CONTACT RESISTANCE|DEPOSIT METAL 1|ANNEAL METAL 1|SPIN COAT PHOTORESIST|SOFT BAKE|ALIGN MASK LEVEL 4|EXPOSE LITHO LEVEL 4|DEVELOP PHOTORESIST|METAL PATTERN INSPECTION|METAL ETCH DRY|STRIP PHOTORESIST|CLEAN AFTER METAL ETCH|MEASURE LINE WIDTH|DEPOSIT PASSIVATION|THRESHOLD VOLTAGE TEST|CURE PASSIVATION|MEASURE PASSIVATION THICKNESS|OPEN BOND PAD WINDOW|OPEN PAD WINDOW LITHO|DEVELOP PAD WINDOW|PASSIVATION ETCH PAD OPENING|STRIP PHOTORESIST|CLEAN PAD OPENING|MEASURE PAD OPENING|BACKSIDE CLEAN FINAL|DEPOSIT BACKSIDE PROTECTION|BACKSIDE ANNEAL|FRONTSIDE CLEAN FINAL|FINAL CLEAN|FINAL THICKNESS MEASURE|FINAL GEOMETRY CHECK|FINAL OXIDE CHECK|FINAL CD INSPECTION|FINAL PARTICLE INSPECTION|PARAMETRIC TEST|LEAKAGE TEST|SWITCHING TEST|WAFER SORT TEST|YIELD ANALYSIS|FINAL LOT RELEASE|SHIP LOT,RULE_TEST_BEFORE_PASSIVATION
anomaly_0917,IGBT,RECEIVE WAFER LOT|LOT IDENTIFICATION|PRE CLEAN INSPECTION|MEASURE INITIAL THICKNESS|MEASURE SURFACE PARTICLES|PRE CLEAN WAFER|BACKSIDE CLEAN|FRONTSIDE CLEAN|WET CLEAN RCA1|WET CLEAN RCA2|HF DIP|DRY WAFER|EPITAXIAL WAFER CHECK|MEASURE EPITAXY THICKNESS|MEASURE RESISTIVITY|EPITAXIAL REWORK CHECK|EPITAXIAL LAYER PREP|THERMAL OXIDATION|MEASURE OXIDE THICKNESS|SPIN COAT PHOTORESIST|SOFT BAKE|ALIGN MASK LEVEL 1|EXPOSE LITHO LEVEL 1|DEVELOP PHOTORESIST|INSPECT PATTERN LEVEL 1|OXIDE ETCH DRY|STRIP RESIST|CLEAN AFTER OXIDE ETCH|MEASURE OPENING CD|IMPLANT P BODY|PRE ANNEAL CHECK|DRIVE IN DIFFUSION|RAPID THERMAL ANNEAL|MEASURE JUNCTION DEPTH|THERMAL OXIDATION|SPIN COAT PHOTORESIST|SOFT BAKE|ALIGN MASK LEVEL 2|EXPOSE LITHO LEVEL 2|DEVELOP PHOTORESIST|P BODY WINDOW INSPECTION|HARD BAKE|ETCH SILICON OR OXIDE WINDOW|STRIP RESIST|CLEAN AFTER WINDOW ETCH|MEASURE WINDOW CD|IMPLANT N BUFFER|RAPID THERMAL ANNEAL|EPITAXIAL REWORK CHECK|DEPOSIT FIELD OXIDE|DENSIFY OXIDE|MEASURE FILM THICKNESS|SPIN COAT PHOTORESIST|SOFT BAKE|ALIGN MASK LEVEL 3|EXPOSE LITHO LEVEL 3|DEVELOP PHOTORESIST|FIELD PATTERN INSPECTION|HARD BAKE|FIELD OXIDE ETCH|STRIP RESIST|CLEAN AFTER FIELD ETCH|MEASURE SURFACE UNIFORMITY|IMPLANT SOURCE REGION|IMPLANT DRAIN / CATHODE REGION|PRE ANNEAL CHECK|RAPID THERMAL ANNEAL|DEPOSIT GATE OXIDE OR DIELECTRIC|ANNEAL DIELECTRIC|MEASURE OXIDE QUALITY|DEPOSIT POLYSILICON|POLYSILICON ANNEAL|MEASURE POLY THICKNESS|SPIN COAT PHOTORESIST|SOFT BAKE|ALIGN MASK LEVEL 4|EXPOSE LITHO LEVEL 4|POST EXPOSE BAKE|DEVELOP PHOTORESIST|POLY PATTERN INSPECTION|POLYSILICON ETCH DRY|STRIP PHOTORESIST|CLEAN AFTER POLY ETCH|MEASURE GATE CD|IMPLANT CHANNEL STOP|PRE ANNEAL CHECK|RAPID THERMAL ANNEAL|MEASURE DEVICE PARAMETER|DEPOSIT INTERLEVEL DIELECTRIC|DENSIFY OXIDE|MEASURE DIELECTRIC THICKNESS|CMP DIELECTRIC|MEASURE SURFACE PLANARITY|SPIN COAT PHOTORESIST|SOFT BAKE|ALIGN MASK LEVEL 5|EXPOSE LITHO LEVEL 5|DEVELOP PHOTORESIST|VIA INSPECTION|HARD BAKE|DIELECTRIC ETCH VIA|STRIP RESIST|CLEAN AFTER VIA ETCH|MEASURE VIA CD|DEPOSIT BARRIER METAL|DEPOSIT METAL SEED|FILL VIA METAL|CMP METAL|MEASURE VIA RESISTANCE|DEPOSIT METAL 1|ANNEAL METAL|MEASURE METAL THICKNESS|SPIN COAT PHOTORESIST|SOFT BAKE|ALIGN MASK LEVEL 6|EXPOSE LITHO LEVEL 6|DEVELOP PHOTORESIST|METAL PATTERN INSPECTION|METAL ETCH DRY|STRIP RESIST|CLEAN AFTER METAL ETCH|DEPOSIT PASSIVATION|CURE PASSIVATION|MEASURE PASSIVATION THICKNESS|OPEN PAD WINDOW|PAD WINDOW LITHO|DEVELOP PAD WINDOW|PASSIVATION ETCH PAD OPENING|STRIP RESIST|CLEAN PAD OPENING|MEASURE PAD OPENING|BACKSIDE GRIND|MEASURE WAFER THICKNESS|BACKSIDE ETCH CLEAN|BACKSIDE RINSE|BACKSIDE DRY|BACKSIDE METALLIZATION PREP|DEPOSIT BACKSIDE METAL|BACKSIDE ANNEAL|MEASURE BACKSIDE CONTACT|FINAL CLEAN|FINAL THICKNESS MEASURE|FINAL GEOMETRY CHECK|FINAL CD INSPECTION|FINAL PARTICLE INSPECTION|ELECTRICAL PARAMETRIC TEST|LEAKAGE TEST|BREAKDOWN VOLTAGE TEST|SWITCHING TEST|YIELD ANALYSIS|SHIP LOT|LOT RELEASE|WAFER SORT TEST,RULE_SHIP_BEFORE_TEST
anomaly_0393,IC,RECEIVE WAFER LOT|LOT IDENTIFICATION|INITIAL WAFER INSPECTION|MEASURE INITIAL THICKNESS|MEASURE SURFACE DEFECTS|WAFER CLEAN PRE PROCESS|FRONTSIDE CLEAN|RCA CLEAN 1|WET CLEAN RCA2|HF DIP|DRY WAFER|WAFER CLEAN PRE-GRIND|GRINDING WAFER BACKSIDE|MEASURE INITIAL GEOMETRY|ETCH WET BACKSIDE|RINSE WET WAFER_EDGE|DRY WAFER BACKSIDE|BACKSIDE CLEAN|MEASURE BACKSIDE ROUGHNESS|THERMAL OXIDATION|MEASURE OXIDE THICKNESS|RCA CLEAN 1|WET CLEAN RCA2|HF DIP|OXIDE STRIP|SURFACE PREP FOR DEPOSITION|DEPOSIT PAD OXIDE|ANNEAL OXIDE|MEASURE OXIDE THICKNESS|SPIN COAT PHOTORESIST|SOFT BAKE|ALIGN MASK LEVEL 1|EXPOSE LITHO LEVEL 1|POST EXPOSE BAKE|DEVELOP PHOTORESIST|INSPECT PATTERN LEVEL 1|HARD BAKE|OXIDE ETCH DRY|STRIP PHOTORESIST|CLEAN AFTER ETCH|DEPOSIT POLYSILICON|ANNEAL POLYSILICON|SPIN COAT PHOTORESIST|SOFT BAKE|ALIGN MASK LEVEL 2|EXPOSE LITHO LEVEL 2|POST EXPOSE BAKE|DEVELOP PHOTORESIST|PATTERN INSPECTION LEVEL 2|HARD BAKE|POLYSILICON ETCH DRY|STRIP RESIST|CLEAN AFTER POLY ETCH|IMPLANT N-TYPE|RAPID THERMAL ANNEAL|DEPOSIT INTERLEVEL DIELECTRIC|DENSIFY OXIDE|MEASURE DIELECTRIC THICKNESS|CMP INTERLAYER DIELECTRIC|MEASURE PLANARITY|SPIN COAT PHOTORESIST|SOFT BAKE|ALIGN MASK LEVEL 3|EXPOSE LITHO LEVEL 3|VIA OPENING INSPECTION|VIA ETCH|STRIP PHOTORESIST|CLEAN AFTER VIA ETCH|MEASURE VIA CD|DEPOSIT BARRIER METAL|DEPOSIT TUNGSTEN SEED|FILL VIA TUNGSTEN|CMP VIA FILL|MEASURE CONTACT RESISTANCE|DEPOSIT METAL 1|ANNEAL METAL 1|MEASURE METAL THICKNESS|SPIN COAT PHOTORESIST|SOFT BAKE|ALIGN MASK LEVEL 4|EXPOSE LITHO LEVEL 4|DEVELOP PHOTORESIST|METAL PATTERN INSPECTION|HARD BAKE|METAL ETCH DRY|STRIP RESIST|CLEAN AFTER METAL ETCH|DEPOSIT PASSIVATION|CURE PASSIVATION|MEASURE PASSIVATION THICKNESS|OPEN PAD WINDOW|PAD WINDOW LITHO|DEVELOP PAD WINDOW|PASSIVATION ETCH|STRIP PHOTORESIST|CLEAN PAD OPENING|MEASURE PAD OPENING|BACKSIDE THINNING CHECK|BACKSIDE CLEAN|DEPOSIT BACKSIDE PROTECTION|BACKSIDE ANNEAL|FINAL CLEAN|FINAL THICKNESS MEASURE|FINAL GEOMETRY CHECK|FINAL CD INSPECTION|FINAL ELECTRICAL TEST PREP|ELECTRICAL PARAMETRIC TEST|LEAKAGE TEST|PARAMETRIC TEST|SWITCHING TEST|WAFER SORT TEST|YIELD ANALYSIS|FINAL LOT RELEASE|PACKAGE PREPARATION|SHIP LOT,RULE_ETCH_NO_MASK
anomaly_0680,IGBT,RECEIVE WAFER LOT|LOT IDENTIFICATION|INITIAL WAFER INSPECTION|MEASURE INITIAL THICKNESS|MEASURE SURFACE PARTICLES|PRE CLEAN WAFER|BACKSIDE CLEAN|FRONTSIDE CLEAN|RCA CLEAN 1|RCA CLEAN 2|HF DIP|DRY WAFER|EPITAXIAL WAFER CHECK|MEASURE EPITAXY THICKNESS|MEASURE RESISTIVITY|EPITAXIAL REWORK CHECK|EPITAXIAL LAYER PREP|THERMAL OXIDATION|MEASURE OXIDE THICKNESS|SPIN COAT PHOTORESIST|SOFT BAKE|ALIGN MASK LEVEL 1|EXPOSE LITHO LEVEL 1|DEVELOP PHOTORESIST|INSPECT PATTERN LEVEL 1|OXIDE ETCH DRY|STRIP RESIST|CLEAN AFTER OXIDE ETCH|IMPLANT P BODY|PRE ANNEAL CHECK|DRIVE IN DIFFUSION|RAPID THERMAL ANNEAL|MEASURE JUNCTION DEPTH|THERMAL OXIDATION|SPIN COAT PHOTORESIST|SOFT BAKE|ALIGN MASK LEVEL 2|EXPOSE LITHO LEVEL 2|DEVELOP PHOTORESIST|P BODY WINDOW INSPECTION|ETCH SILICON OR OXIDE WINDOW|STRIP PHOTORESIST|CLEAN AFTER WINDOW ETCH|IMPLANT N BUFFER|PRE ANNEAL CHECK|RAPID THERMAL ANNEAL|DEPOSIT FIELD OXIDE|DENSIFY OXIDE|MEASURE FILM THICKNESS|SPIN COAT PHOTORESIST|SOFT BAKE|ALIGN MASK LEVEL 3|EXPOSE LITHO LEVEL 3|POST EXPOSE BAKE|DEVELOP PHOTORESIST|FIELD PATTERN INSPECTION|FIELD OXIDE ETCH|STRIP RESIST|CLEAN AFTER FIELD ETCH|IMPLANT SOURCE REGION|IMPLANT DRAIN / CATHODE REGION|PRE ANNEAL CHECK|RAPID THERMAL ANNEAL|MEASURE SHEET RESISTANCE|DEPOSIT GATE OXIDE OR DIELECTRIC|ANNEAL DIELECTRIC|MEASURE OXIDE QUALITY|DEPOSIT POLYSILICON|POLYSILICON ANNEAL|SPIN COAT PHOTORESIST|SOFT BAKE|ALIGN MASK LEVEL 4|EXPOSE LITHO LEVEL 4|DEVELOP PHOTORESIST|POLY PATTERN INSPECTION|POLYSILICON ETCH DRY|STRIP PHOTORESIST|CLEAN AFTER POLY ETCH|MEASURE GATE CD|IMPLANT CHANNEL STOP|PRE ANNEAL CHECK|RAPID THERMAL ANNEAL|DEPOSIT INTERLEVEL DIELECTRIC|DENSIFY OXIDE|MEASURE FILM THICKNESS|CMP INTERLAYER DIELECTRIC|MEASURE PLANARITY|SPIN COAT PHOTORESIST|SOFT BAKE|ALIGN MASK LEVEL 5|EXPOSE LITHO LEVEL 5|POST EXPOSE BAKE|DEVELOP PHOTORESIST|VIA OPENING INSPECTION|HARD BAKE|VIA ETCH|STRIP RESIST|CLEAN AFTER VIA ETCH|MEASURE VIA CD|DEPOSIT BARRIER METAL|DEPOSIT METAL SEED|FILL VIA METAL|CMP METAL|DEPOSIT TOP METAL|ANNEAL METAL|SPIN COAT PHOTORESIST|SOFT BAKE|ALIGN MASK LEVEL 6|EXPOSE LITHO LEVEL 6|POST EXPOSE BAKE|DEVELOP PHOTORESIST|METAL PATTERN INSPECTION|METAL ETCH DRY|STRIP RESIST|CLEAN AFTER METAL ETCH|MEASURE LINE WIDTH|DEPOSIT PASSIVATION LAYER|DEPOSIT BACKSIDE METAL|CURE PASSIVATION|MEASURE PASSIVATION QUALITY|OPEN PAD WINDOW|PAD WINDOW LITHO|DEVELOP PAD WINDOW|PASSIVATION ETCH|STRIP RESIST|CLEAN PAD OPENING|MEASURE PAD OPENING|BACKSIDE GRIND|MEASURE WAFER THICKNESS|BACKSIDE ETCH CLEAN|BACKSIDE RINSE|BACKSIDE DRY|BACKSIDE METALLIZATION PREP|BACKSIDE ANNEAL|MEASURE BACKSIDE CONTACT|FINAL CLEAN|FINAL THICKNESS MEASURE|FINAL GEOMETRY CHECK|FINAL PARTICLE INSPECTION|PARAMETRIC TEST|LEAKAGE TEST|BREAKDOWN VOLTAGE TEST|SWITCHING TEST|WAFER SORT TEST|YIELD ANALYSIS|LOT RELEASE|SHIP LOT,RULE_BACKSIDE_BEFORE_PASSIVATION
anomaly_0865,MOSFET,RECEIVE WAFER LOT|LOT IDENTIFICATION|PRE CLEAN INSPECTION|MEASURE SURFACE PARTICLES|PRE CLEAN WAFER|FRONTSIDE CLEAN|WET CLEAN RCA1|WET CLEAN RCA2|HF DIP|DRY WAFER|SUBSTRATE CHECK|EPITAXY PREP|EPITAXIAL DEPOSITION|MEASURE EPITAXY THICKNESS|MEASURE RESISTIVITY|EPITAXY ANNEAL|WAFER SURFACE CLEAN|THERMAL OXIDATION|MEASURE OXIDE THICKNESS|SPIN COAT PHOTORESIST|SOFT BAKE|ALIGN MASK LEVEL 1|EXPOSE LITHO LEVEL 1|DEVELOP PHOTORESIST|PATTERN INSPECTION LEVEL 1|OXIDE ETCH|STRIP RESIST|CLEAN AFTER ETCH|IMPLANT WELL|DRIVE IN DIFFUSION|RAPID THERMAL ANNEAL|MEASURE JUNCTION DEPTH|THERMAL OXIDATION|GATE OXIDE PREP|GATE OXIDE GROWTH|MEASURE GATE OXIDE THICKNESS|DEPOSIT POLYSILICON|POLYSILICON ANNEAL|MEASURE POLY THICKNESS|SPIN COAT PHOTORESIST|SOFT BAKE|ALIGN MASK LEVEL 2|EXPOSE LITHO LEVEL 2|DEVELOP PHOTORESIST|POLY PATTERN INSPECTION|POLYSILICON ETCH|STRIP PHOTORESIST|CLEAN AFTER POLY ETCH|MEASURE GATE CD|IMPLANT SOURCE DRAIN|PRE ANNEAL CHECK|LIGHT ANNEAL|MEASURE SHEET RESISTANCE|DEPOSIT SPACER DIELECTRIC|ANISOTROPIC ETCH SPACER|IMPLANT LDD|RAPID THERMAL ANNEAL|MEASURE JUNCTION PROFILE|DEPOSIT INTERLEVEL DIELECTRIC|DENSIFY DIELECTRIC|MEASURE FILM THICKNESS|CMP DIELECTRIC|MEASURE PLANARITY|SPIN COAT PHOTORESIST|SOFT BAKE|ALIGN MASK LEVEL 3|EXPOSE LITHO LEVEL 3|DEVELOP PHOTORESIST|VIA OPENING INSPECTION|HARD BAKE|VIA ETCH THROUGH DIELECTRIC|STRIP PHOTORESIST|CLEAN AFTER VIA ETCH|DEPOSIT BARRIER METAL|DEPOSIT METAL SEED|FILL VIA METAL|CMP VIA FILL|MEASURE CONTACT RESISTANCE|DEPOSIT METAL 1|ANNEAL METAL|SPIN COAT PHOTORESIST|SOFT BAKE|ALIGN MASK LEVEL 4|EXPOSE LITHO LEVEL 4|DEVELOP PHOTORESIST|METAL PATTERN INSPECTION|METAL ETCH|STRIP PHOTORESIST|CLEAN AFTER METAL ETCH|MEASURE LINE WIDTH|DEPOSIT PASSIVATION|DEPOSIT BACKSIDE METAL|CURE PASSIVATION|MEASURE PASSIVATION THICKNESS|OPEN PAD WINDOW|PAD WINDOW LITHO|DEVELOP PAD WINDOW|PASSIVATION ETCH|STRIP PHOTORESIST|CLEAN PAD OPENING|MEASURE PAD OPENING|BACKSIDE CLEAN|BACKSIDE GRIND|MEASURE THICKNESS|BACKSIDE ETCH CLEAN|BACKSIDE RINSE|BACKSIDE DRY|BACKSIDE METALLIZATION PREP|BACKSIDE ANNEAL|MEASURE BACKSIDE CONTACT|FINAL CLEAN|FINAL THICKNESS MEASURE|FINAL GEOMETRY CHECK|FINAL CD INSPECTION|FINAL PARTICLE INSPECTION|ELECTRICAL PARAMETRIC TEST|LEAKAGE TEST|THRESHOLD VOLTAGE TEST|SWITCHING TEST|WAFER SORT TEST|YIELD ANALYSIS|LOT RELEASE|SHIP LOT,RULE_BACKSIDE_BEFORE_PASSIVATION
anomaly_0248,IGBT,RECEIVE WAFER LOT|LOT IDENTIFICATION|INITIAL WAFER INSPECTION|MEASURE INITIAL THICKNESS|MEASURE SURFACE PARTICLES|PRE CLEAN WAFER|BACKSIDE CLEAN|FRONTSIDE CLEAN|WET CLEAN RCA1|RCA CLEAN 2|HF DIP|DRY WAFER|EPITAXIAL WAFER CHECK|MEASURE EPITAXY THICKNESS|MEASURE RESISTIVITY|EPITAXIAL LAYER PREP|THERMAL OXIDATION|MEASURE OXIDE THICKNESS|SPIN COAT PHOTORESIST|SOFT BAKE|ALIGN MASK LEVEL 1|EXPOSE LITHO LEVEL 1|DEVELOP PHOTORESIST|INSPECT PATTERN LEVEL 1|HARD BAKE|OXIDE ETCH DRY|STRIP PHOTORESIST|CLEAN AFTER OXIDE ETCH|MEASURE OPENING CD|IMPLANT P BODY|PRE ANNEAL CHECK|DRIVE IN DIFFUSION|RAPID THERMAL ANNEAL|MEASURE JUNCTION DEPTH|THERMAL OXIDATION|SPIN COAT PHOTORESIST|SOFT BAKE|ALIGN MASK LEVEL 2|EXPOSE LITHO LEVEL 2|POST EXPOSE BAKE|DEVELOP PHOTORESIST|P BODY WINDOW INSPECTION|HARD BAKE|ETCH SILICON OR OXIDE WINDOW|STRIP PHOTORESIST|CLEAN AFTER WINDOW ETCH|MEASURE WINDOW CD|IMPLANT N BUFFER|RAPID THERMAL ANNEAL|MEASURE SHEET RESISTANCE|EPITAXIAL REWORK CHECK|DEPOSIT FIELD OXIDE|DENSIFY OXIDE|MEASURE FILM THICKNESS|SPIN COAT PHOTORESIST|SOFT BAKE|ALIGN MASK LEVEL 3|EXPOSE LITHO LEVEL 3|DEVELOP PHOTORESIST|FIELD PATTERN INSPECTION|FIELD OXIDE ETCH|STRIP PHOTORESIST|CLEAN AFTER FIELD ETCH|MEASURE SURFACE UNIFORMITY|IMPLANT SOURCE REGION|IMPLANT DRAIN / CATHODE REGION|PRE ANNEAL CHECK|RAPID THERMAL ANNEAL|DEPOSIT GATE OXIDE OR DIELECTRIC|ANNEAL DIELECTRIC|DEPOSIT POLYSILICON|POLYSILICON ANNEAL|MEASURE POLY THICKNESS|SPIN COAT PHOTORESIST|SOFT BAKE|ALIGN MASK LEVEL 4|EXPOSE LITHO LEVEL 4|DEVELOP PHOTORESIST|POLY PATTERN INSPECTION|POLYSILICON ETCH DRY|STRIP PHOTORESIST|CLEAN AFTER POLY ETCH|MEASURE GATE CD|IMPLANT CHANNEL STOP|PRE ANNEAL CHECK|RAPID THERMAL ANNEAL|DEPOSIT INTERLEVEL DIELECTRIC|DENSIFY DIELECTRIC|MEASURE FILM THICKNESS|CMP DIELECTRIC|MEASURE SURFACE PLANARITY|SPIN COAT PHOTORESIST|SOFT BAKE|ALIGN MASK LEVEL 5|EXPOSE LITHO LEVEL 5|DEVELOP PHOTORESIST|VIA OPENING INSPECTION|DIELECTRIC ETCH VIA|STRIP PHOTORESIST|CLEAN AFTER VIA ETCH|MEASURE VIA CD|DEPOSIT BARRIER METAL|DEPOSIT METAL SEED|FILL VIA METAL|CMP VIA FILL|MEASURE CONTACT RESISTANCE|DEPOSIT METAL 1|ANNEAL METAL|MEASURE METAL THICKNESS|SPIN COAT PHOTORESIST|SOFT BAKE|ALIGN MASK LEVEL 6|EXPOSE LITHO LEVEL 6|POST EXPOSE BAKE|DEVELOP PHOTORESIST|METAL PATTERN INSPECTION|METAL ETCH DRY|STRIP RESIST|CLEAN AFTER METAL ETCH|MEASURE LINE WIDTH|DEPOSIT PASSIVATION LAYER|CURE PASSIVATION|MEASURE PASSIVATION THICKNESS|OPEN BOND PAD WINDOW|PAD WINDOW LITHO|DEVELOP PHOTORESIST|PASSIVATION ETCH PAD OPENING|STRIP RESIST|CLEAN PAD OPENING|MEASURE PAD OPENING|BACKSIDE GRIND|MEASURE WAFER THICKNESS|BACKSIDE ETCH CLEAN|BACKSIDE RINSE|BACKSIDE DRY|BACKSIDE METALLIZATION PREP|DEPOSIT BACKSIDE METAL|BACKSIDE ANNEAL|MEASURE BACKSIDE CONTACT|FINAL CLEAN|FINAL THICKNESS MEASURE|FINAL PARTICLE INSPECTION|PARAMETRIC TEST|LEAKAGE TEST|BREAKDOWN VOLTAGE TEST|SWITCHING TEST|SHIP LOT|YIELD ANALYSIS|FINAL LOT RELEASE|WAFER SORT TEST,RULE_SHIP_BEFORE_TEST
anomaly_0758,MOSFET,RECEIVE WAFER LOT|LOT IDENTIFICATION|PRE CLEAN INSPECTION|MEASURE THICKNESS|MEASURE SURFACE PARTICLES|PRE CLEAN WAFER|BACKSIDE CLEAN|RCA CLEAN 1|RCA CLEAN 2|HF DIP|SUBSTRATE CHECK|EPITAXY PREP|EPITAXIAL DEPOSITION|MEASURE EPITAXY THICKNESS|MEASURE RESISTIVITY|EPITAXY ANNEAL|WAFER SURFACE CLEAN|THERMAL OXIDATION|MEASURE OXIDE THICKNESS|SPIN COAT PHOTORESIST|SOFT BAKE|ALIGN MASK LEVEL 1|EXPOSE LITHO LEVEL 1|DEVELOP PHOTORESIST|PATTERN INSPECTION LEVEL 1|OXIDE ETCH|STRIP RESIST|CLEAN AFTER ETCH|IMPLANT WELL|DRIVE IN DIFFUSION|RAPID THERMAL ANNEAL|THERMAL OXIDATION|GATE OXIDE PREP|GATE OXIDE GROWTH|MEASURE GATE OXIDE THICKNESS|DEPOSIT POLYSILICON|POLYSILICON ANNEAL|MEASURE POLY THICKNESS|SPIN COAT PHOTORESIST|SOFT BAKE|ALIGN MASK LEVEL 2|EXPOSE LITHO LEVEL 2|POST EXPOSE BAKE|DEVELOP PHOTORESIST|POLY PATTERN INSPECTION|HARD BAKE|POLYSILICON ETCH|STRIP RESIST|CLEAN AFTER POLY ETCH|MEASURE GATE CD|IMPLANT SOURCE DRAIN|LIGHT ANNEAL|MEASURE SHEET RESISTANCE|DEPOSIT SPACER DIELECTRIC|ANISOTROPIC ETCH SPACER|IMPLANT LDD|PRE ANNEAL CHECK|RAPID THERMAL ANNEAL|MEASURE JUNCTION PROFILE|DEPOSIT INTERLEVEL DIELECTRIC|DENSIFY OXIDE|MEASURE DIELECTRIC THICKNESS|CMP DIELECTRIC|MEASURE SURFACE PLANARITY|SPIN COAT PHOTORESIST|SOFT BAKE|ALIGN MASK LEVEL 3|EXPOSE LITHO LEVEL 3|POST EXPOSE BAKE|DEVELOP PHOTORESIST|VIA INSPECTION|HARD BAKE|VIA ETCH|STRIP RESIST|CLEAN AFTER VIA ETCH|DEPOSIT BARRIER METAL|DEPOSIT METAL SEED|FILL VIA METAL|CMP METAL|MEASURE CONTACT RESISTANCE|DEPOSIT METAL 1|ANNEAL METAL 1|MEASURE METAL THICKNESS|SPIN COAT PHOTORESIST|SOFT BAKE|ALIGN MASK LEVEL 4|DEVELOP PHOTORESIST|METAL PATTERN INSPECTION|METAL ETCH|STRIP RESIST|CLEAN AFTER METAL ETCH|MEASURE LINE WIDTH|DEPOSIT PASSIVATION|CURE PASSIVATION|MEASURE PASSIVATION QUALITY|OPEN BOND PAD WINDOW|PAD WINDOW LITHO|DEVELOP PAD WINDOW|PASSIVATION ETCH|STRIP RESIST|CLEAN PAD OPENING|MEASURE PAD OPENING|BACKSIDE CLEAN|BACKSIDE GRIND|MEASURE THICKNESS|BACKSIDE ETCH CLEAN|BACKSIDE RINSE|BACKSIDE DRY|BACKSIDE METALLIZATION PREP|DEPOSIT BACKSIDE METAL|BACKSIDE ANNEAL|MEASURE BACKSIDE CONTACT|FINAL CLEAN|FINAL CD INSPECTION|FINAL PARTICLE INSPECTION|ELECTRICAL PARAMETRIC TEST|LEAKAGE TEST|THRESHOLD VOLTAGE TEST|SWITCHING TEST|WAFER SORT TEST|YIELD ANALYSIS|FINAL LOT RELEASE|SHIP LOT,RULE_METAL_ETCH_NO_LITHO
anomaly_0503,IC,RECEIVE WAFER LOT|LOT IDENTIFICATION|PRE CLEAN INSPECTION|MEASURE INITIAL THICKNESS|MEASURE SURFACE PARTICLES|WAFER CLEAN PRE PROCESS|BACKSIDE CLEAN|FRONTSIDE CLEAN|WET CLEAN RCA1|RCA CLEAN 2|HF DIP|WAFER CLEAN PRE-GRIND|GRINDING WAFER BACKSIDE|MEASURE GEOMETRY|ETCH WET BACKSIDE|RINSE WET WAFER_EDGE|DRY WAFER BACKSIDE|BACKSIDE CLEAN|MEASURE BACKSIDE ROUGHNESS|THERMAL OXIDATION|MEASURE OXIDE THICKNESS|RCA CLEAN 1|RCA CLEAN 2|HF DIP|OXIDE STRIP|SURFACE PREP FOR DEPOSITION|DEPOSIT PAD OXIDE|ANNEAL OXIDE|MEASURE FILM THICKNESS|SPIN COAT PHOTORESIST|SOFT BAKE|ALIGN MASK LEVEL 1|EXPOSE LITHO LEVEL 1|DEVELOP PHOTORESIST|INSPECT PATTERN LEVEL 1|HARD BAKE|OXIDE ETCH DRY|STRIP PHOTORESIST|CLEAN AFTER ETCH|MEASURE CD LEVEL 1|DEPOSIT POLYSILICON|ANNEAL POLYSILICON|SPIN COAT PHOTORESIST|SOFT BAKE|ALIGN MASK LEVEL 2|EXPOSE LITHO LEVEL 2|DEVELOP PHOTORESIST|PATTERN INSPECTION LEVEL 2|HARD BAKE|POLYSILICON ETCH DRY|STRIP RESIST LEVEL 2|CLEAN AFTER POLY ETCH|MEASURE CD LEVEL 2|IMPLANT N-TYPE|PRE ANNEAL CHECK|RAPID THERMAL ANNEAL|MEASURE SHEET RESISTANCE|DEPOSIT INTERLEVEL DIELECTRIC|DENSIFY OXIDE|MEASURE FILM THICKNESS|CMP INTERLAYER DIELECTRIC|MEASURE PLANARITY|SPIN COAT PHOTORESIST|SOFT BAKE|ALIGN MASK LEVEL 3|EXPOSE LITHO LEVEL 3|POST EXPOSE BAKE|DEVELOP PHOTORESIST|VIA OPENING INSPECTION|DIELECTRIC ETCH VIA|STRIP PHOTORESIST|CLEAN AFTER VIA ETCH|MEASURE VIA CD|CMP VIA FILL|DEPOSIT METAL 1|ANNEAL METAL|MEASURE METAL THICKNESS|SPIN COAT PHOTORESIST|SOFT BAKE|ALIGN MASK LEVEL 4|EXPOSE LITHO LEVEL 4|DEVELOP PHOTORESIST|METAL PATTERN INSPECTION|METAL ETCH DRY|STRIP RESIST|CLEAN AFTER METAL ETCH|MEASURE LINE WIDTH|DEPOSIT PASSIVATION|CURE PASSIVATION|MEASURE PASSIVATION QUALITY|OPEN BOND PAD WINDOW|OPEN PAD WINDOW LITHO|DEVELOP PHOTORESIST|PASSIVATION ETCH PAD OPENING|STRIP PHOTORESIST|CLEAN PAD OPENING|MEASURE PAD OPENING|BACKSIDE THINNING CHECK|BACKSIDE CLEAN FINAL|DEPOSIT BACKSIDE PROTECTION|BACKSIDE ANNEAL|FRONTSIDE CLEAN FINAL|FINAL CLEAN|FINAL THICKNESS MEASURE|FINAL PARTICLE INSPECTION|ELECTRICAL PARAMETRIC TEST|LEAKAGE TEST|PARAMETRIC TEST|SWITCHING TEST|WAFER SORT TEST|YIELD ANALYSIS|FINAL LOT RELEASE|SHIP LOT,RULE_CMP_NO_DEP
anomaly_0334,MOSFET,RECEIVE WAFER LOT|LOT IDENTIFICATION|INITIAL WAFER INSPECTION|MEASURE THICKNESS|MEASURE SURFACE PARTICLES|PRE CLEAN WAFER|WET CLEAN RCA1|WET CLEAN RCA2|HF DIP|DRY WAFER|SUBSTRATE CHECK|EPITAXY PREP|EPITAXIAL DEPOSITION|MEASURE EPITAXY THICKNESS|MEASURE RESISTIVITY|EPITAXY ANNEAL|WAFER SURFACE CLEAN|THERMAL OXIDATION|MEASURE OXIDE THICKNESS|SPIN COAT PHOTORESIST|SOFT BAKE|ALIGN MASK LEVEL 1|EXPOSE LITHO LEVEL 1|PATTERN INSPECTION LEVEL 1|OXIDE ETCH|STRIP RESIST|CLEAN AFTER ETCH|MEASURE OPENING CD|IMPLANT WELL|DRIVE IN DIFFUSION|RAPID THERMAL ANNEAL|THERMAL OXIDATION|GATE OXIDE PREP|GATE OXIDE GROWTH|MEASURE GATE OXIDE THICKNESS|DEPOSIT POLYSILICON|POLYSILICON ANNEAL|MEASURE POLY THICKNESS|SPIN COAT PHOTORESIST|SOFT BAKE|ALIGN MASK LEVEL 2|EXPOSE LITHO LEVEL 2|DEVELOP PHOTORESIST|POLY PATTERN INSPECTION|HARD BAKE|POLYSILICON ETCH|STRIP PHOTORESIST|CLEAN AFTER POLY ETCH|MEASURE GATE CD|IMPLANT SOURCE DRAIN|LIGHT ANNEAL|DEPOSIT SPACER DIELECTRIC|ANISOTROPIC ETCH SPACER|MEASURE SPACER WIDTH|IMPLANT LDD|PRE ANNEAL CHECK|RAPID THERMAL ANNEAL|MEASURE JUNCTION PROFILE|DEPOSIT INTERLEVEL DIELECTRIC|DENSIFY DIELECTRIC|MEASURE FILM THICKNESS|CMP INTERLAYER DIELECTRIC|MEASURE SURFACE PLANARITY|SPIN COAT PHOTORESIST|SOFT BAKE|ALIGN MASK LEVEL 3|EXPOSE LITHO LEVEL 3|DEVELOP PHOTORESIST|VIA OPENING INSPECTION|DIELECTRIC ETCH VIA|STRIP PHOTORESIST|CLEAN AFTER VIA ETCH|MEASURE VIA CD|DEPOSIT BARRIER METAL|DEPOSIT METAL SEED|FILL VIA METAL|CMP VIA FILL|DEPOSIT METAL 1|ANNEAL METAL|SPIN COAT PHOTORESIST|SOFT BAKE|ALIGN MASK LEVEL 4|EXPOSE LITHO LEVEL 4|DEVELOP PHOTORESIST|METAL PATTERN INSPECTION|METAL ETCH|STRIP RESIST|CLEAN AFTER METAL ETCH|MEASURE LINE WIDTH|DEPOSIT PASSIVATION|CURE PASSIVATION|MEASURE PASSIVATION THICKNESS|OPEN PAD WINDOW|PAD WINDOW LITHO|DEVELOP PAD WINDOW|PASSIVATION ETCH|STRIP PHOTORESIST|CLEAN PAD OPENING|MEASURE PAD OPENING|BACKSIDE CLEAN|BACKSIDE GRIND|MEASURE THICKNESS|BACKSIDE ETCH CLEAN|BACKSIDE RINSE|BACKSIDE DRY|BACKSIDE METALLIZATION PREP|DEPOSIT BACKSIDE METAL|BACKSIDE ANNEAL|MEASURE BACKSIDE CONTACT|FINAL CLEAN|FINAL GEOMETRY CHECK|FINAL PARTICLE INSPECTION|ELECTRICAL PARAMETRIC TEST|LEAKAGE TEST|THRESHOLD VOLTAGE TEST|SWITCHING TEST|WAFER SORT TEST|YIELD ANALYSIS|FINAL LOT RELEASE|SHIP LOT,RULE_ETCH_NO_MASK
anomaly_0431,IC,RECEIVE WAFER LOT|LOT IDENTIFICATION|INITIAL WAFER INSPECTION|MEASURE INITIAL THICKNESS|MEASURE SURFACE DEFECTS|WAFER CLEAN PRE PROCESS|BACKSIDE CLEAN|RCA CLEAN 1|WET CLEAN RCA2|HF DIP|DRY WAFER|WAFER CLEAN PRE-GRIND|GRINDING WAFER BACKSIDE|MEASURE GEOMETRY|ETCH WET BACKSIDE|RINSE WET WAFER_EDGE|DRY WAFER BACKSIDE|BACKSIDE CLEAN|MEASURE BACKSIDE ROUGHNESS|THERMAL OXIDATION|MEASURE OXIDE THICKNESS|RCA CLEAN 1|RCA CLEAN 2|HF DIP|OXIDE STRIP|SURFACE PREP FOR DEPOSITION|DEPOSIT PAD OXIDE|ANNEAL OXIDE|MEASURE FILM THICKNESS|SPIN COAT PHOTORESIST|SOFT BAKE|ALIGN MASK LEVEL 1|EXPOSE LITHO LEVEL 1|INSPECT PATTERN LEVEL 1|HARD BAKE|OXIDE ETCH DRY|STRIP RESIST|CLEAN AFTER ETCH|MEASURE CD LEVEL 1|DEPOSIT POLYSILICON|ANNEAL POLYSILICON|SPIN COAT PHOTORESIST|SOFT BAKE|ALIGN MASK LEVEL 2|EXPOSE LITHO LEVEL 2|DEVELOP PHOTORESIST|PATTERN INSPECTION LEVEL 2|HARD BAKE|POLYSILICON ETCH DRY|STRIP RESIST|CLEAN AFTER POLY ETCH|MEASURE CD LEVEL 2|IMPLANT N-TYPE|PRE ANNEAL CHECK|RAPID THERMAL ANNEAL|MEASURE SHEET RESISTANCE|DEPOSIT INTERLEVEL DIELECTRIC|DENSIFY DIELECTRIC|MEASURE FILM THICKNESS|CMP INTERLAYER DIELECTRIC|MEASURE PLANARITY|SPIN COAT PHOTORESIST|SOFT BAKE|ALIGN MASK LEVEL 3|EXPOSE LITHO LEVEL 3|DEVELOP PHOTORESIST|VIA INSPECTION|VIA ETCH THROUGH DIELECTRIC|STRIP RESIST|CLEAN AFTER VIA ETCH|DEPOSIT BARRIER METAL|DEPOSIT TUNGSTEN SEED|FILL VIA TUNGSTEN|CMP METAL|MEASURE VIA RESISTANCE|DEPOSIT METAL 1|ANNEAL METAL 1|MEASURE METAL THICKNESS|SPIN COAT PHOTORESIST|SOFT BAKE|ALIGN MASK LEVEL 4|EXPOSE LITHO LEVEL 4|DEVELOP PHOTORESIST|METAL PATTERN INSPECTION|METAL ETCH DRY|STRIP RESIST|CLEAN AFTER METAL ETCH|MEASURE LINE WIDTH|DEPOSIT PASSIVATION|CURE PASSIVATION|MEASURE PASSIVATION THICKNESS|OPEN BOND PAD WINDOW|PAD WINDOW LITHO|DEVELOP PHOTORESIST|PASSIVATION ETCH PAD OPENING|STRIP PHOTORESIST|CLEAN PAD OPENING|MEASURE PAD OPENING|BACKSIDE THINNING CHECK|BACKSIDE CLEAN FINAL|DEPOSIT BACKSIDE PROTECTION|BACKSIDE ANNEAL|FINAL CLEAN|FINAL GEOMETRY CHECK|FINAL OXIDE CHECK|FINAL ELECTRICAL TEST PREP|ELECTRICAL PARAMETRIC TEST|LEAKAGE TEST|PARAMETRIC TEST|SWITCHING TEST|WAFER SORT TEST|YIELD ANALYSIS|LOT RELEASE|PACKAGE PREPARATION|SHIP LOT,RULE_ETCH_NO_MASK
anomaly_0179,MOSFET,RECEIVE WAFER LOT|LOT IDENTIFICATION|PRE CLEAN INSPECTION|MEASURE THICKNESS|MEASURE SURFACE PARTICLES|PRE CLEAN WAFER|BACKSIDE CLEAN|RCA CLEAN 1|WET CLEAN RCA2|HF DIP|DRY WAFER|SUBSTRATE CHECK|EPITAXY PREP|EPITAXIAL DEPOSITION|MEASURE EPITAXY THICKNESS|MEASURE RESISTIVITY|EPITAXY ANNEAL|WAFER SURFACE CLEAN|THERMAL OXIDATION|MEASURE OXIDE THICKNESS|SPIN COAT PHOTORESIST|SOFT BAKE|ALIGN MASK LEVEL 1|EXPOSE LITHO LEVEL 1|PATTERN INSPECTION LEVEL 1|OXIDE ETCH|STRIP RESIST|CLEAN AFTER ETCH|MEASURE OPENING CD|IMPLANT WELL|DRIVE IN DIFFUSION|RAPID THERMAL ANNEAL|MEASURE JUNCTION DEPTH|THERMAL OXIDATION|GATE OXIDE PREP|GATE OXIDE GROWTH|MEASURE GATE OXIDE THICKNESS|DEPOSIT POLYSILICON|POLYSILICON ANNEAL|SPIN COAT PHOTORESIST|SOFT BAKE|ALIGN MASK LEVEL 2|EXPOSE LITHO LEVEL 2|DEVELOP PHOTORESIST|POLY PATTERN INSPECTION|POLYSILICON ETCH|STRIP PHOTORESIST|CLEAN AFTER POLY ETCH|IMPLANT SOURCE DRAIN|LIGHT ANNEAL|DEPOSIT SPACER DIELECTRIC|ANISOTROPIC ETCH SPACER|IMPLANT LDD|PRE ANNEAL CHECK|RAPID THERMAL ANNEAL|MEASURE JUNCTION PROFILE|DEPOSIT INTERLEVEL DIELECTRIC|DENSIFY OXIDE|MEASURE FILM THICKNESS|CMP DIELECTRIC|MEASURE SURFACE PLANARITY|SPIN COAT PHOTORESIST|SOFT BAKE|ALIGN MASK LEVEL 3|EXPOSE LITHO LEVEL 3|POST EXPOSE BAKE|DEVELOP PHOTORESIST|VIA INSPECTION|HARD BAKE|DIELECTRIC ETCH VIA|STRIP RESIST|CLEAN AFTER VIA ETCH|DEPOSIT BARRIER METAL|DEPOSIT METAL SEED|FILL VIA METAL|CMP VIA FILL|DEPOSIT METAL 1|ANNEAL METAL|SPIN COAT PHOTORESIST|SOFT BAKE|ALIGN MASK LEVEL 4|EXPOSE LITHO LEVEL 4|DEVELOP PHOTORESIST|METAL PATTERN INSPECTION|METAL ETCH|STRIP PHOTORESIST|CLEAN AFTER METAL ETCH|MEASURE LINE WIDTH|DEPOSIT PASSIVATION LAYER|CURE PASSIVATION|MEASURE PASSIVATION THICKNESS|OPEN PAD WINDOW|OPEN PAD WINDOW LITHO|DEVELOP PHOTORESIST|PASSIVATION ETCH|STRIP RESIST|CLEAN PAD OPENING|MEASURE PAD OPENING|BACKSIDE CLEAN|BACKSIDE GRIND|MEASURE THICKNESS|BACKSIDE ETCH CLEAN|BACKSIDE RINSE|BACKSIDE DRY|BACKSIDE METALLIZATION PREP|DEPOSIT BACKSIDE METAL|BACKSIDE ANNEAL|MEASURE BACKSIDE CONTACT|FINAL CLEAN|FINAL THICKNESS MEASURE|FINAL GEOMETRY CHECK|FINAL CD INSPECTION|FINAL PARTICLE INSPECTION|ELECTRICAL PARAMETRIC TEST|LEAKAGE TEST|THRESHOLD VOLTAGE TEST|SWITCHING TEST|WAFER SORT TEST|YIELD ANALYSIS|LOT RELEASE|SHIP LOT,RULE_ETCH_NO_MASK
anomaly_0435,IC,RECEIVE WAFER LOT|LOT IDENTIFICATION|PRE CLEAN INSPECTION|MEASURE INITIAL GEOMETRY|MEASURE SURFACE DEFECTS|WAFER CLEAN PRE PROCESS|WET CLEAN RCA1|RCA CLEAN 2|HF DIP|DRY WAFER|WAFER CLEAN PRE-GRIND|GRINDING WAFER BACKSIDE|MEASURE INITIAL GEOMETRY|ETCH WET BACKSIDE|RINSE WET WAFER_EDGE|DRY WAFER BACKSIDE|BACKSIDE CLEAN|MEASURE BACKSIDE ROUGHNESS|THERMAL OXIDATION|MEASURE OXIDE THICKNESS|WET CLEAN RCA1|RCA CLEAN 2|HF DIP|OXIDE STRIP|SURFACE PREP FOR DEPOSITION|DEPOSIT PAD OXIDE|ANNEAL OXIDE|MEASURE OXIDE THICKNESS|SPIN COAT PHOTORESIST|SOFT BAKE|ALIGN MASK LEVEL 1|EXPOSE LITHO LEVEL 1|INSPECT PATTERN LEVEL 1|HARD BAKE|OXIDE ETCH DRY|STRIP PHOTORESIST|CLEAN AFTER ETCH|MEASURE CD LEVEL 1|DEPOSIT POLYSILICON|ANNEAL POLYSILICON|SPIN COAT PHOTORESIST|SOFT BAKE|ALIGN MASK LEVEL 2|EXPOSE LITHO LEVEL 2|DEVELOP PHOTORESIST|PATTERN INSPECTION LEVEL 2|POLYSILICON ETCH DRY|STRIP RESIST|CLEAN AFTER POLY ETCH|IMPLANT N-TYPE|RAPID THERMAL ANNEAL|MEASURE SHEET RESISTANCE|DEPOSIT INTERLAYER DIELECTRIC|DENSIFY DIELECTRIC|MEASURE DIELECTRIC THICKNESS|CMP DIELECTRIC|MEASURE PLANARITY|SPIN COAT PHOTORESIST|SOFT BAKE|ALIGN MASK LEVEL 3|EXPOSE LITHO LEVEL 3|DEVELOP PHOTORESIST|VIA OPENING INSPECTION|DIELECTRIC ETCH VIA|STRIP PHOTORESIST|CLEAN AFTER VIA ETCH|MEASURE VIA CD|DEPOSIT BARRIER METAL|DEPOSIT TUNGSTEN SEED|FILL VIA TUNGSTEN|CMP METAL|MEASURE CONTACT RESISTANCE|DEPOSIT TOP METAL|ANNEAL METAL 1|SPIN COAT PHOTORESIST|SOFT BAKE|ALIGN MASK LEVEL 4|EXPOSE LITHO LEVEL 4|DEVELOP PHOTORESIST|METAL PATTERN INSPECTION|METAL ETCH DRY|STRIP RESIST|CLEAN AFTER METAL ETCH|MEASURE LINE WIDTH|DEPOSIT PASSIVATION|CURE PASSIVATION|MEASURE PASSIVATION QUALITY|OPEN BOND PAD WINDOW|OPEN PAD WINDOW LITHO|DEVELOP PHOTORESIST|PASSIVATION ETCH|STRIP RESIST|CLEAN PAD OPENING|MEASURE PAD OPENING|BACKSIDE THINNING CHECK|BACKSIDE CLEAN FINAL|DEPOSIT BACKSIDE PROTECTION|BACKSIDE ANNEAL|FINAL CLEAN|FINAL THICKNESS MEASURE|FINAL GEOMETRY CHECK|FINAL PARTICLE INSPECTION|FINAL ELECTRICAL TEST PREP|PARAMETRIC TEST|LEAKAGE TEST|THRESHOLD VOLTAGE TEST|SWITCHING TEST|WAFER SORT TEST|YIELD ANALYSIS|LOT RELEASE|SHIP LOT,RULE_ETCH_NO_MASK
anomaly_0051,IC,RECEIVE WAFER LOT|LOT IDENTIFICATION|PRE CLEAN INSPECTION|MEASURE SURFACE DEFECTS|WAFER CLEAN PRE PROCESS|BACKSIDE CLEAN|WET CLEAN RCA1|RCA CLEAN 2|HF DIP|WAFER CLEAN PRE-GRIND|GRINDING WAFER BACKSIDE|MEASURE INITIAL GEOMETRY|ETCH WET BACKSIDE|RINSE WET WAFER_EDGE|DRY WAFER BACKSIDE|BACKSIDE CLEAN|MEASURE BACKSIDE ROUGHNESS|THERMAL OXIDATION|MEASURE OXIDE THICKNESS|RCA CLEAN 1|RCA CLEAN 2|HF DIP|OXIDE STRIP|SURFACE PREP FOR DEPOSITION|DEPOSIT PAD OXIDE|ANNEAL OXIDE|MEASURE OXIDE THICKNESS|SPIN COAT PHOTORESIST|SOFT BAKE|ALIGN MASK LEVEL 1|EXPOSE LITHO LEVEL 1|DEVELOP PHOTORESIST|INSPECT PATTERN LEVEL 1|HARD BAKE|OXIDE ETCH DRY|STRIP RESIST|CLEAN AFTER ETCH|DEPOSIT POLYSILICON|ANNEAL POLYSILICON|SPIN COAT PHOTORESIST|SOFT BAKE|ALIGN MASK LEVEL 2|EXPOSE LITHO LEVEL 2|POST EXPOSE BAKE|DEVELOP PHOTORESIST|PATTERN INSPECTION LEVEL 2|HARD BAKE|POLYSILICON ETCH DRY|STRIP RESIST|CLEAN AFTER POLY ETCH|MEASURE CD LEVEL 2|IMPLANT N-TYPE|PRE ANNEAL CHECK|RAPID THERMAL ANNEAL|DEPOSIT INTERLAYER DIELECTRIC|DENSIFY OXIDE|MEASURE FILM THICKNESS|CMP DIELECTRIC|MEASURE PLANARITY|SPIN COAT PHOTORESIST|SOFT BAKE|ALIGN MASK LEVEL 3|EXPOSE LITHO LEVEL 3|DEVELOP PHOTORESIST|VIA OPENING INSPECTION|VIA ETCH|STRIP RESIST|CLEAN AFTER VIA ETCH|MEASURE VIA CD|DEPOSIT BARRIER METAL|DEPOSIT TUNGSTEN SEED|FILL VIA TUNGSTEN|CMP METAL|DEPOSIT METAL 1|ANNEAL METAL 1|SPIN COAT PHOTORESIST|SOFT BAKE|ALIGN MASK LEVEL 4|EXPOSE LITHO LEVEL 4|POST EXPOSE BAKE|DEVELOP PHOTORESIST|METAL PATTERN INSPECTION|METAL ETCH DRY|STRIP PHOTORESIST|CLEAN AFTER METAL ETCH|OPEN BOND PAD WINDOW|DEPOSIT PASSIVATION LAYER|CURE PASSIVATION|MEASURE PASSIVATION QUALITY|PAD WINDOW LITHO|DEVELOP PHOTORESIST|PASSIVATION ETCH|STRIP PHOTORESIST|CLEAN PAD OPENING|MEASURE PAD OPENING|BACKSIDE THINNING CHECK|BACKSIDE CLEAN FINAL|DEPOSIT BACKSIDE PROTECTION|BACKSIDE ANNEAL|FINAL CLEAN|FINAL GEOMETRY CHECK|FINAL PARTICLE INSPECTION|FINAL ELECTRICAL TEST PREP|ELECTRICAL PARAMETRIC TEST|LEAKAGE TEST|PARAMETRIC TEST|SWITCHING TEST|WAFER SORT TEST|YIELD ANALYSIS|LOT RELEASE|SHIP LOT,RULE_PAD_OPEN_BEFORE_DEP
anomaly_0852,IGBT,RECEIVE WAFER LOT|LOT IDENTIFICATION|INITIAL WAFER INSPECTION|MEASURE SURFACE PARTICLES|PRE CLEAN WAFER|BACKSIDE CLEAN|FRONTSIDE CLEAN|RCA CLEAN 1|WET CLEAN RCA2|HF DIP|EPITAXIAL WAFER CHECK|MEASURE EPITAXY THICKNESS|MEASURE RESISTIVITY|EPITAXIAL LAYER PREP|THERMAL OXIDATION|MEASURE OXIDE THICKNESS|SPIN COAT PHOTORESIST|SOFT BAKE|ALIGN MASK LEVEL 1|EXPOSE LITHO LEVEL 1|DEVELOP PHOTORESIST|INSPECT PATTERN LEVEL 1|OXIDE ETCH DRY|STRIP RESIST|CLEAN AFTER OXIDE ETCH|MEASURE OPENING CD|IMPLANT P BODY|PRE ANNEAL CHECK|DRIVE IN DIFFUSION|RAPID THERMAL ANNEAL|MEASURE JUNCTION DEPTH|THERMAL OXIDATION|SPIN COAT PHOTORESIST|SOFT BAKE|ALIGN MASK LEVEL 2|EXPOSE LITHO LEVEL 2|POST EXPOSE BAKE|DEVELOP PHOTORESIST|P BODY WINDOW INSPECTION|ETCH SILICON OR OXIDE WINDOW|STRIP RESIST|CLEAN AFTER WINDOW ETCH|IMPLANT N BUFFER|PRE ANNEAL CHECK|RAPID THERMAL ANNEAL|DEPOSIT FIELD OXIDE|DENSIFY OXIDE|MEASURE FILM THICKNESS|SPIN COAT PHOTORESIST|SOFT BAKE|DEVELOP PHOTORESIST|FIELD PATTERN INSPECTION|HARD BAKE|FIELD OXIDE ETCH|STRIP PHOTORESIST|CLEAN AFTER FIELD ETCH|IMPLANT SOURCE REGION|IMPLANT DRAIN / CATHODE REGION|PRE ANNEAL CHECK|RAPID THERMAL ANNEAL|MEASURE SHEET RESISTANCE|DEPOSIT GATE OXIDE OR DIELECTRIC|ANNEAL DIELECTRIC|MEASURE OXIDE QUALITY|DEPOSIT POLYSILICON|POLYSILICON ANNEAL|MEASURE POLY THICKNESS|SPIN COAT PHOTORESIST|SOFT BAKE|ALIGN MASK LEVEL 4|EXPOSE LITHO LEVEL 4|DEVELOP PHOTORESIST|POLY PATTERN INSPECTION|POLYSILICON ETCH DRY|STRIP RESIST|CLEAN AFTER POLY ETCH|MEASURE GATE CD|IMPLANT CHANNEL STOP|PRE ANNEAL CHECK|RAPID THERMAL ANNEAL|MEASURE DEVICE PARAMETER|DEPOSIT INTERLAYER DIELECTRIC|DENSIFY OXIDE|MEASURE FILM THICKNESS|CMP DIELECTRIC|MEASURE PLANARITY|SPIN COAT PHOTORESIST|SOFT BAKE|ALIGN MASK LEVEL 5|EXPOSE LITHO LEVEL 5|DEVELOP PHOTORESIST|VIA INSPECTION|VIA ETCH|STRIP PHOTORESIST|CLEAN AFTER VIA ETCH|MEASURE VIA CD|DEPOSIT BARRIER METAL|DEPOSIT METAL SEED|FILL VIA METAL|CMP METAL|MEASURE CONTACT RESISTANCE|DEPOSIT TOP METAL|ANNEAL METAL|MEASURE METAL THICKNESS|SPIN COAT PHOTORESIST|SOFT BAKE|ALIGN MASK LEVEL 6|EXPOSE LITHO LEVEL 6|DEVELOP PHOTORESIST|METAL PATTERN INSPECTION|METAL ETCH DRY|STRIP PHOTORESIST|CLEAN AFTER METAL ETCH|DEPOSIT PASSIVATION LAYER|CURE PASSIVATION|MEASURE PASSIVATION QUALITY|OPEN PAD WINDOW|PAD WINDOW LITHO|DEVELOP PAD WINDOW|PASSIVATION ETCH PAD OPENING|STRIP RESIST|CLEAN PAD OPENING|MEASURE PAD OPENING|BACKSIDE GRIND|MEASURE THICKNESS|BACKSIDE ETCH CLEAN|BACKSIDE RINSE|BACKSIDE DRY|BACKSIDE METALLIZATION PREP|DEPOSIT BACKSIDE METAL|BACKSIDE ANNEAL|MEASURE BACKSIDE CONTACT|FINAL CLEAN|FINAL THICKNESS MEASURE|FINAL GEOMETRY CHECK|FINAL CD INSPECTION|PARAMETRIC TEST|LEAKAGE TEST|BREAKDOWN VOLTAGE TEST|SWITCHING TEST|YIELD ANALYSIS|WAFER SORT TEST|FINAL LOT RELEASE|SHIP LOT,RULE_LITHO_LEVEL_SKIP
anomaly_0945,MOSFET,RECEIVE WAFER LOT|LOT IDENTIFICATION|INITIAL WAFER INSPECTION|MEASURE THICKNESS|PRE CLEAN WAFER|RCA CLEAN 1|WET CLEAN RCA2|HF DIP|SUBSTRATE CHECK|EPITAXY PREP|EPITAXIAL DEPOSITION|MEASURE EPITAXY THICKNESS|MEASURE RESISTIVITY|EPITAXY ANNEAL|WAFER SURFACE CLEAN|THERMAL OXIDATION|MEASURE OXIDE THICKNESS|SPIN COAT PHOTORESIST|SOFT BAKE|ALIGN MASK LEVEL 1|EXPOSE LITHO LEVEL 1|DEVELOP PHOTORESIST|PATTERN INSPECTION LEVEL 1|HARD BAKE|OXIDE ETCH|STRIP RESIST|CLEAN AFTER ETCH|MEASURE OPENING CD|IMPLANT WELL|PRE ANNEAL CHECK|DRIVE IN DIFFUSION|RAPID THERMAL ANNEAL|MEASURE JUNCTION DEPTH|THERMAL OXIDATION|GATE OXIDE PREP|GATE OXIDE GROWTH|MEASURE GATE OXIDE THICKNESS|DEPOSIT POLYSILICON|POLYSILICON ANNEAL|MEASURE POLY THICKNESS|SPIN COAT PHOTORESIST|SOFT BAKE|ALIGN MASK LEVEL 2|EXPOSE LITHO LEVEL 2|DEVELOP PHOTORESIST|POLY PATTERN INSPECTION|POLYSILICON ETCH|STRIP PHOTORESIST|CLEAN AFTER POLY ETCH|MEASURE GATE CD|IMPLANT SOURCE DRAIN|LIGHT ANNEAL|MEASURE SHEET RESISTANCE|DEPOSIT SPACER DIELECTRIC|ANISOTROPIC ETCH SPACER|MEASURE SPACER WIDTH|IMPLANT LDD|RAPID THERMAL ANNEAL|MEASURE JUNCTION PROFILE|DEPOSIT INTERLAYER DIELECTRIC|DENSIFY DIELECTRIC|MEASURE DIELECTRIC THICKNESS|CMP INTERLAYER DIELECTRIC|MEASURE PLANARITY|SPIN COAT PHOTORESIST|SOFT BAKE|ALIGN MASK LEVEL 3|EXPOSE LITHO LEVEL 3|POST EXPOSE BAKE|DEVELOP PHOTORESIST|VIA OPENING INSPECTION|DIELECTRIC ETCH VIA|STRIP PHOTORESIST|CLEAN AFTER VIA ETCH|DEPOSIT BARRIER METAL|DEPOSIT METAL SEED|FILL VIA METAL|CMP VIA FILL|MEASURE CONTACT RESISTANCE|DEPOSIT METAL 1|ANNEAL METAL 1|SPIN COAT PHOTORESIST|SOFT BAKE|ALIGN MASK LEVEL 4|EXPOSE LITHO LEVEL 4|DEVELOP PHOTORESIST|METAL PATTERN INSPECTION|METAL ETCH|STRIP PHOTORESIST|CLEAN AFTER METAL ETCH|MEASURE LINE WIDTH|DEPOSIT PASSIVATION|CURE PASSIVATION|MEASURE PASSIVATION THICKNESS|OPEN PAD WINDOW|PAD WINDOW LITHO|DEVELOP PHOTORESIST|PASSIVATION ETCH PAD OPENING|STRIP RESIST|MEASURE PAD OPENING|BACKSIDE GRIND|MEASURE THICKNESS|BACKSIDE DRY|BACKSIDE METALLIZATION PREP|DEPOSIT BACKSIDE METAL|BACKSIDE ANNEAL|MEASURE BACKSIDE CONTACT|FINAL CLEAN|FINAL THICKNESS MEASURE|FINAL GEOMETRY CHECK|FINAL CD INSPECTION|ELECTRICAL PARAMETRIC TEST|LEAKAGE TEST|THRESHOLD VOLTAGE TEST|SWITCHING TEST|WAFER SORT TEST|YIELD ANALYSIS|FINAL LOT RELEASE|SHIP LOT,RULE_DEP_NO_CLEAN
anomaly_0587,IC,RECEIVE WAFER LOT|LOT IDENTIFICATION|INITIAL WAFER INSPECTION|MEASURE INITIAL THICKNESS|MEASURE SURFACE PARTICLES|WAFER CLEAN PRE PROCESS|FRONTSIDE CLEAN|RCA CLEAN 1|WET CLEAN RCA2|HF DIP|DRY WAFER|WAFER CLEAN PRE-GRIND|GRINDING WAFER BACKSIDE|MEASURE INITIAL GEOMETRY|ETCH WET BACKSIDE|RINSE WET WAFER_EDGE|DRY WAFER BACKSIDE|BACKSIDE CLEAN|MEASURE BACKSIDE ROUGHNESS|THERMAL OXIDATION|MEASURE OXIDE THICKNESS|RCA CLEAN 1|RCA CLEAN 2|HF DIP|OXIDE STRIP|SURFACE PREP FOR DEPOSITION|DEPOSIT PAD OXIDE|ANNEAL OXIDE|MEASURE FILM THICKNESS|SPIN COAT PHOTORESIST|SOFT BAKE|ALIGN MASK LEVEL 1|EXPOSE LITHO LEVEL 1|INSPECT PATTERN LEVEL 1|HARD BAKE|OXIDE ETCH DRY|STRIP PHOTORESIST|CLEAN AFTER ETCH|MEASURE CD LEVEL 1|DEPOSIT POLYSILICON|ANNEAL POLYSILICON|SPIN COAT PHOTORESIST|SOFT BAKE|ALIGN MASK LEVEL 2|EXPOSE LITHO LEVEL 2|POST EXPOSE BAKE|DEVELOP PHOTORESIST|PATTERN INSPECTION LEVEL 2|HARD BAKE|POLYSILICON ETCH DRY|STRIP RESIST LEVEL 2|CLEAN AFTER POLY ETCH|IMPLANT N-TYPE|PRE ANNEAL CHECK|RAPID THERMAL ANNEAL|MEASURE SHEET RESISTANCE|DEPOSIT INTERLEVEL DIELECTRIC|DENSIFY DIELECTRIC|MEASURE DIELECTRIC THICKNESS|CMP INTERLAYER DIELECTRIC|MEASURE SURFACE PLANARITY|SPIN COAT PHOTORESIST|SOFT BAKE|ALIGN MASK LEVEL 3|EXPOSE LITHO LEVEL 3|POST EXPOSE BAKE|DEVELOP PHOTORESIST|VIA OPENING INSPECTION|HARD BAKE|VIA ETCH|STRIP RESIST|CLEAN AFTER VIA ETCH|MEASURE VIA CD|DEPOSIT BARRIER METAL|DEPOSIT TUNGSTEN SEED|FILL VIA TUNGSTEN|CMP METAL|MEASURE VIA RESISTANCE|DEPOSIT TOP METAL|ANNEAL METAL|SPIN COAT PHOTORESIST|SOFT BAKE|ALIGN MASK LEVEL 4|EXPOSE LITHO LEVEL 4|DEVELOP PHOTORESIST|METAL PATTERN INSPECTION|METAL ETCH DRY|STRIP RESIST|CLEAN AFTER METAL ETCH|MEASURE LINE WIDTH|DEPOSIT PASSIVATION LAYER|CURE PASSIVATION|MEASURE PASSIVATION THICKNESS|OPEN BOND PAD WINDOW|PAD WINDOW LITHO|DEVELOP PHOTORESIST|PASSIVATION ETCH PAD OPENING|STRIP PHOTORESIST|CLEAN PAD OPENING|MEASURE PAD OPENING|BACKSIDE CLEAN FINAL|DEPOSIT BACKSIDE PROTECTION|BACKSIDE ANNEAL|FINAL CLEAN|FINAL THICKNESS MEASURE|FINAL GEOMETRY CHECK|FINAL OXIDE CHECK|FINAL CD INSPECTION|FINAL ELECTRICAL TEST PREP|ELECTRICAL PARAMETRIC TEST|LEAKAGE TEST|THRESHOLD VOLTAGE TEST|SWITCHING TEST|WAFER SORT TEST|YIELD ANALYSIS|FINAL LOT RELEASE|SHIP LOT,RULE_ETCH_NO_MASK
anomaly_0211,IC,RECEIVE WAFER LOT|LOT IDENTIFICATION|INITIAL WAFER INSPECTION|MEASURE INITIAL GEOMETRY|MEASURE SURFACE PARTICLES|WAFER CLEAN PRE PROCESS|WET CLEAN RCA1|WET CLEAN RCA2|HF DIP|DRY WAFER|WAFER CLEAN PRE-GRIND|GRINDING WAFER BACKSIDE|MEASURE INITIAL GEOMETRY|ETCH WET BACKSIDE|RINSE WET WAFER_EDGE|DRY WAFER BACKSIDE|BACKSIDE CLEAN|MEASURE BACKSIDE ROUGHNESS|THERMAL OXIDATION|MEASURE OXIDE THICKNESS|WET CLEAN RCA1|RCA CLEAN 2|HF DIP|OXIDE STRIP|SURFACE PREP FOR DEPOSITION|DEPOSIT PAD OXIDE|ANNEAL OXIDE|MEASURE FILM THICKNESS|SPIN COAT PHOTORESIST|SOFT BAKE|ALIGN MASK LEVEL 1|EXPOSE LITHO LEVEL 1|DEVELOP PHOTORESIST|INSPECT PATTERN LEVEL 1|HARD BAKE|OXIDE ETCH DRY|STRIP RESIST|CLEAN AFTER ETCH|MEASURE CD LEVEL 1|DEPOSIT POLYSILICON|ANNEAL POLYSILICON|SPIN COAT PHOTORESIST|SOFT BAKE|ALIGN MASK LEVEL 2|EXPOSE LITHO LEVEL 2|DEVELOP PHOTORESIST|PATTERN INSPECTION LEVEL 2|POLYSILICON ETCH DRY|STRIP RESIST LEVEL 2|CLEAN AFTER POLY ETCH|MEASURE CD LEVEL 2|IMPLANT N-TYPE|PRE ANNEAL CHECK|RAPID THERMAL ANNEAL|DEPOSIT INTERLEVEL DIELECTRIC|DENSIFY DIELECTRIC|MEASURE FILM THICKNESS|CMP DIELECTRIC|MEASURE SURFACE PLANARITY|SPIN COAT PHOTORESIST|SOFT BAKE|ALIGN MASK LEVEL 3|EXPOSE LITHO LEVEL 3|POST EXPOSE BAKE|DEVELOP PHOTORESIST|VIA INSPECTION|DIELECTRIC ETCH VIA|STRIP RESIST|CLEAN AFTER VIA ETCH|DEPOSIT BARRIER METAL|DEPOSIT TUNGSTEN SEED|FILL VIA TUNGSTEN|CMP METAL|MEASURE CONTACT RESISTANCE|DEPOSIT TOP METAL|ANNEAL METAL 1|SPIN COAT PHOTORESIST|SOFT BAKE|ALIGN MASK LEVEL 4|EXPOSE LITHO LEVEL 4|DEVELOP PHOTORESIST|METAL PATTERN INSPECTION|METAL ETCH DRY|STRIP RESIST|CLEAN AFTER METAL ETCH|MEASURE LINE WIDTH|DEPOSIT PASSIVATION|CURE PASSIVATION|MEASURE PASSIVATION THICKNESS|OPEN PAD WINDOW|OPEN PAD WINDOW LITHO|DEVELOP PAD WINDOW|PASSIVATION ETCH PAD OPENING|STRIP RESIST|CLEAN PAD OPENING|MEASURE PAD OPENING|BACKSIDE THINNING CHECK|BACKSIDE CLEAN|DEPOSIT BACKSIDE PROTECTION|BACKSIDE ANNEAL|FRONTSIDE CLEAN FINAL|FINAL CLEAN|FINAL THICKNESS MEASURE|FINAL GEOMETRY CHECK|FINAL PARTICLE INSPECTION|ELECTRICAL PARAMETRIC TEST|LEAKAGE TEST|PARAMETRIC TEST|SWITCHING TEST|SHIP LOT|YIELD ANALYSIS|LOT RELEASE|WAFER SORT TEST,RULE_SHIP_BEFORE_TEST
anomaly_0555,IGBT,RECEIVE WAFER LOT|LOT IDENTIFICATION|INITIAL WAFER INSPECTION|MEASURE INITIAL THICKNESS|MEASURE SURFACE PARTICLES|PRE CLEAN WAFER|BACKSIDE CLEAN|FRONTSIDE CLEAN|RCA CLEAN 1|RCA CLEAN 2|HF DIP|EPITAXIAL WAFER CHECK|MEASURE EPITAXY THICKNESS|MEASURE RESISTIVITY|EPITAXIAL LAYER PREP|THERMAL OXIDATION|MEASURE OXIDE THICKNESS|SPIN COAT PHOTORESIST|SOFT BAKE|ALIGN MASK LEVEL 1|EXPOSE LITHO LEVEL 1|POST EXPOSE BAKE|DEVELOP PHOTORESIST|INSPECT PATTERN LEVEL 1|OXIDE ETCH DRY|STRIP RESIST|CLEAN AFTER OXIDE ETCH|IMPLANT P BODY|DRIVE IN DIFFUSION|RAPID THERMAL ANNEAL|THERMAL OXIDATION|SPIN COAT PHOTORESIST|SOFT BAKE|ALIGN MASK LEVEL 2|EXPOSE LITHO LEVEL 2|DEVELOP PHOTORESIST|P BODY WINDOW INSPECTION|HARD BAKE|ETCH SILICON OR OXIDE WINDOW|STRIP RESIST|CLEAN AFTER WINDOW ETCH|IMPLANT N BUFFER|PRE ANNEAL CHECK|RAPID THERMAL ANNEAL|MEASURE SHEET RESISTANCE|DEPOSIT FIELD OXIDE|DENSIFY OXIDE|SPIN COAT PHOTORESIST|SOFT BAKE|ALIGN MASK LEVEL 3|EXPOSE LITHO LEVEL 3|DEVELOP PHOTORESIST|FIELD PATTERN INSPECTION|FIELD OXIDE ETCH|STRIP PHOTORESIST|CLEAN AFTER FIELD ETCH|MEASURE SURFACE UNIFORMITY|IMPLANT SOURCE REGION|IMPLANT DRAIN / CATHODE REGION|PRE ANNEAL CHECK|RAPID THERMAL ANNEAL|MEASURE SHEET RESISTANCE|DEPOSIT GATE OXIDE OR DIELECTRIC|ANNEAL DIELECTRIC|MEASURE OXIDE QUALITY|DEPOSIT POLYSILICON|POLYSILICON ANNEAL|MEASURE POLY THICKNESS|SPIN COAT PHOTORESIST|SOFT BAKE|ALIGN MASK LEVEL 4|EXPOSE LITHO LEVEL 4|DEVELOP PHOTORESIST|POLY PATTERN INSPECTION|HARD BAKE|POLYSILICON ETCH DRY|STRIP RESIST|CLEAN AFTER POLY ETCH|MEASURE GATE CD|IMPLANT CHANNEL STOP|PRE ANNEAL CHECK|RAPID THERMAL ANNEAL|MEASURE DEVICE PARAMETER|DEPOSIT INTERLEVEL DIELECTRIC|DENSIFY DIELECTRIC|MEASURE FILM THICKNESS|CMP DIELECTRIC|MEASURE SURFACE PLANARITY|SPIN COAT PHOTORESIST|SOFT BAKE|ALIGN MASK LEVEL 5|EXPOSE LITHO LEVEL 5|POST EXPOSE BAKE|DEVELOP PHOTORESIST|VIA INSPECTION|VIA ETCH|STRIP RESIST|CLEAN AFTER VIA ETCH|MEASURE VIA CD|DEPOSIT BARRIER METAL|DEPOSIT METAL SEED|FILL VIA METAL|CMP VIA FILL|DEPOSIT TOP METAL|ANNEAL METAL 1|SPIN COAT PHOTORESIST|SOFT BAKE|ALIGN MASK LEVEL 6|DEVELOP PHOTORESIST|METAL PATTERN INSPECTION|HARD BAKE|METAL ETCH DRY|STRIP PHOTORESIST|CLEAN AFTER METAL ETCH|MEASURE LINE WIDTH|DEPOSIT PASSIVATION LAYER|CURE PASSIVATION|MEASURE PASSIVATION QUALITY|OPEN BOND PAD WINDOW|PAD WINDOW LITHO|DEVELOP PAD WINDOW|PASSIVATION ETCH|STRIP RESIST|CLEAN PAD OPENING|MEASURE PAD OPENING|BACKSIDE GRIND|MEASURE WAFER THICKNESS|BACKSIDE ETCH CLEAN|BACKSIDE RINSE|BACKSIDE DRY|BACKSIDE METALLIZATION PREP|DEPOSIT BACKSIDE METAL|BACKSIDE ANNEAL|MEASURE BACKSIDE CONTACT|FINAL CLEAN|FINAL THICKNESS MEASURE|FINAL GEOMETRY CHECK|FINAL CD INSPECTION|FINAL PARTICLE INSPECTION|ELECTRICAL PARAMETRIC TEST|LEAKAGE TEST|BREAKDOWN VOLTAGE TEST|SWITCHING TEST|YIELD ANALYSIS|WAFER SORT TEST|FINAL LOT RELEASE|SHIP LOT,RULE_METAL_ETCH_NO_LITHO
anomaly_0613,MOSFET,RECEIVE WAFER LOT|LOT IDENTIFICATION|INITIAL WAFER INSPECTION|MEASURE SURFACE PARTICLES|PRE CLEAN WAFER|BACKSIDE CLEAN|RCA CLEAN 1|WET CLEAN RCA2|HF DIP|DRY WAFER|SUBSTRATE CHECK|EPITAXY PREP|EPITAXIAL DEPOSITION|MEASURE EPITAXY THICKNESS|MEASURE RESISTIVITY|EPITAXY ANNEAL|WAFER SURFACE CLEAN|THERMAL OXIDATION|MEASURE OXIDE THICKNESS|SPIN COAT PHOTORESIST|SOFT BAKE|ALIGN MASK LEVEL 1|EXPOSE LITHO LEVEL 1|DEVELOP PHOTORESIST|PATTERN INSPECTION LEVEL 1|HARD BAKE|OXIDE ETCH|STRIP PHOTORESIST|CLEAN AFTER ETCH|MEASURE OPENING CD|IMPLANT WELL|PRE ANNEAL CHECK|DRIVE IN DIFFUSION|RAPID THERMAL ANNEAL|THERMAL OXIDATION|GATE OXIDE PREP|GATE OXIDE GROWTH|MEASURE GATE OXIDE THICKNESS|DEPOSIT POLYSILICON|POLYSILICON ANNEAL|MEASURE POLY THICKNESS|SPIN COAT PHOTORESIST|SOFT BAKE|ALIGN MASK LEVEL 2|EXPOSE LITHO LEVEL 2|DEVELOP PHOTORESIST|POLY PATTERN INSPECTION|POLYSILICON ETCH|STRIP PHOTORESIST|CLEAN AFTER POLY ETCH|MEASURE GATE CD|IMPLANT SOURCE DRAIN|PRE ANNEAL CHECK|LIGHT ANNEAL|MEASURE SHEET RESISTANCE|DEPOSIT SPACER DIELECTRIC|ANISOTROPIC ETCH SPACER|MEASURE SPACER WIDTH|IMPLANT LDD|PRE ANNEAL CHECK|RAPID THERMAL ANNEAL|MEASURE JUNCTION PROFILE|DEPOSIT INTERLEVEL DIELECTRIC|DENSIFY DIELECTRIC|MEASURE FILM THICKNESS|CMP INTERLAYER DIELECTRIC|MEASURE PLANARITY|SPIN COAT PHOTORESIST|SOFT BAKE|ALIGN MASK LEVEL 3|EXPOSE LITHO LEVEL 3|DEVELOP PHOTORESIST|VIA OPENING INSPECTION|DIELECTRIC ETCH VIA|STRIP RESIST|CLEAN AFTER VIA ETCH|MEASURE VIA CD|DEPOSIT BARRIER METAL|DEPOSIT METAL SEED|FILL VIA METAL|CMP VIA FILL|DEPOSIT METAL 1|ANNEAL METAL 1|MEASURE METAL THICKNESS|SPIN COAT PHOTORESIST|SOFT BAKE|ALIGN MASK LEVEL 4|EXPOSE LITHO LEVEL 4|POST EXPOSE BAKE|DEVELOP PHOTORESIST|METAL PATTERN INSPECTION|HARD BAKE|METAL ETCH|STRIP PHOTORESIST|CLEAN AFTER METAL ETCH|DEPOSIT PASSIVATION|PARAMETRIC TEST|CURE PASSIVATION|MEASURE PASSIVATION QUALITY|OPEN BOND PAD WINDOW|PAD WINDOW LITHO|DEVELOP PHOTORESIST|PASSIVATION ETCH|STRIP RESIST|CLEAN PAD OPENING|MEASURE PAD OPENING|BACKSIDE CLEAN|BACKSIDE GRIND|MEASURE THICKNESS|BACKSIDE ETCH CLEAN|BACKSIDE RINSE|BACKSIDE DRY|BACKSIDE METALLIZATION PREP|DEPOSIT BACKSIDE METAL|BACKSIDE ANNEAL|MEASURE BACKSIDE CONTACT|FINAL CLEAN|FINAL THICKNESS MEASURE|FINAL GEOMETRY CHECK|FINAL PARTICLE INSPECTION|LEAKAGE TEST|THRESHOLD VOLTAGE TEST|SWITCHING TEST|WAFER SORT TEST|YIELD ANALYSIS|LOT RELEASE|SHIP LOT,RULE_TEST_BEFORE_PASSIVATION
anomaly_0120,MOSFET,RECEIVE WAFER LOT|LOT IDENTIFICATION|INITIAL WAFER INSPECTION|MEASURE THICKNESS|MEASURE SURFACE PARTICLES|PRE CLEAN WAFER|BACKSIDE CLEAN|FRONTSIDE CLEAN|WET CLEAN RCA1|RCA CLEAN 2|HF DIP|SUBSTRATE CHECK|EPITAXY PREP|EPITAXIAL DEPOSITION|MEASURE EPITAXY THICKNESS|MEASURE RESISTIVITY|EPITAXY ANNEAL|WAFER SURFACE CLEAN|THERMAL OXIDATION|MEASURE OXIDE THICKNESS|SPIN COAT PHOTORESIST|SOFT BAKE|ALIGN MASK LEVEL 1|EXPOSE LITHO LEVEL 1|DEVELOP PHOTORESIST|PATTERN INSPECTION LEVEL 1|HARD BAKE|OXIDE ETCH|STRIP RESIST|CLEAN AFTER ETCH|MEASURE OPENING CD|IMPLANT WELL|DRIVE IN DIFFUSION|RAPID THERMAL ANNEAL|THERMAL OXIDATION|GATE OXIDE PREP|GATE OXIDE GROWTH|MEASURE GATE OXIDE THICKNESS|DEPOSIT POLYSILICON|POLYSILICON ANNEAL|MEASURE POLY THICKNESS|SPIN COAT PHOTORESIST|SOFT BAKE|ALIGN MASK LEVEL 2|EXPOSE LITHO LEVEL 2|POST EXPOSE BAKE|DEVELOP PHOTORESIST|POLY PATTERN INSPECTION|POLYSILICON ETCH|STRIP RESIST|CLEAN AFTER POLY ETCH|MEASURE GATE CD|IMPLANT SOURCE DRAIN|LIGHT ANNEAL|DEPOSIT SPACER DIELECTRIC|ANISOTROPIC ETCH SPACER|MEASURE SPACER WIDTH|IMPLANT LDD|PRE ANNEAL CHECK|RAPID THERMAL ANNEAL|MEASURE JUNCTION PROFILE|DEPOSIT INTERLAYER DIELECTRIC|DENSIFY OXIDE|MEASURE FILM THICKNESS|CMP DIELECTRIC|MEASURE PLANARITY|SPIN COAT PHOTORESIST|SOFT BAKE|ALIGN MASK LEVEL 3|EXPOSE LITHO LEVEL 3|POST EXPOSE BAKE|DEVELOP PHOTORESIST|VIA OPENING INSPECTION|HARD BAKE|VIA ETCH|STRIP PHOTORESIST|CLEAN AFTER VIA ETCH|MEASURE VIA CD|DEPOSIT BARRIER METAL|DEPOSIT METAL SEED|FILL VIA METAL|CMP METAL|DEPOSIT METAL 1|ANNEAL METAL|SPIN COAT PHOTORESIST|SOFT BAKE|ALIGN MASK LEVEL 4|DEVELOP PHOTORESIST|METAL PATTERN INSPECTION|METAL ETCH|STRIP RESIST|CLEAN AFTER METAL ETCH|MEASURE LINE WIDTH|DEPOSIT PASSIVATION LAYER|CURE PASSIVATION|MEASURE PASSIVATION THICKNESS|OPEN BOND PAD WINDOW|PAD WINDOW LITHO|DEVELOP PHOTORESIST|PASSIVATION ETCH PAD OPENING|STRIP RESIST|CLEAN PAD OPENING|MEASURE PAD OPENING|BACKSIDE CLEAN|BACKSIDE GRIND|MEASURE THICKNESS|BACKSIDE ETCH CLEAN|BACKSIDE RINSE|BACKSIDE DRY|BACKSIDE METALLIZATION PREP|DEPOSIT BACKSIDE METAL|BACKSIDE ANNEAL|MEASURE BACKSIDE CONTACT|FINAL CLEAN|FINAL THICKNESS MEASURE|FINAL CD INSPECTION|FINAL PARTICLE INSPECTION|PARAMETRIC TEST|LEAKAGE TEST|THRESHOLD VOLTAGE TEST|SWITCHING TEST|WAFER SORT TEST|YIELD ANALYSIS|LOT RELEASE|SHIP LOT,RULE_METAL_ETCH_NO_LITHO
anomaly_0597,IGBT,RECEIVE WAFER LOT|LOT IDENTIFICATION|PRE CLEAN INSPECTION|MEASURE INITIAL THICKNESS|MEASURE SURFACE PARTICLES|PRE CLEAN WAFER|BACKSIDE CLEAN|FRONTSIDE CLEAN|WET CLEAN RCA1|WET CLEAN RCA2|HF DIP|EPITAXIAL WAFER CHECK|MEASURE EPITAXY THICKNESS|MEASURE RESISTIVITY|EPITAXIAL LAYER PREP|THERMAL OXIDATION|MEASURE OXIDE THICKNESS|SPIN COAT PHOTORESIST|SOFT BAKE|ALIGN MASK LEVEL 1|EXPOSE LITHO LEVEL 1|DEVELOP PHOTORESIST|INSPECT PATTERN LEVEL 1|OXIDE ETCH DRY|STRIP RESIST|CLEAN AFTER OXIDE ETCH|MEASURE OPENING CD|IMPLANT P BODY|DRIVE IN DIFFUSION|RAPID THERMAL ANNEAL|MEASURE JUNCTION DEPTH|THERMAL OXIDATION|SPIN COAT PHOTORESIST|SOFT BAKE|ALIGN MASK LEVEL 2|EXPOSE LITHO LEVEL 2|POST EXPOSE BAKE|DEVELOP PHOTORESIST|P BODY WINDOW INSPECTION|ETCH SILICON OR OXIDE WINDOW|STRIP PHOTORESIST|CLEAN AFTER WINDOW ETCH|MEASURE WINDOW CD|IMPLANT N BUFFER|RAPID THERMAL ANNEAL|MEASURE SHEET RESISTANCE|DEPOSIT FIELD OXIDE|DENSIFY OXIDE|MEASURE FILM THICKNESS|SPIN COAT PHOTORESIST|SOFT BAKE|ALIGN MASK LEVEL 3|EXPOSE LITHO LEVEL 3|POST EXPOSE BAKE|DEVELOP PHOTORESIST|FIELD PATTERN INSPECTION|FIELD OXIDE ETCH|STRIP RESIST|CLEAN AFTER FIELD ETCH|MEASURE SURFACE UNIFORMITY|IMPLANT SOURCE REGION|IMPLANT DRAIN / CATHODE REGION|RAPID THERMAL ANNEAL|DEPOSIT GATE OXIDE OR DIELECTRIC|ANNEAL DIELECTRIC|MEASURE OXIDE QUALITY|DEPOSIT POLYSILICON|POLYSILICON ANNEAL|SPIN COAT PHOTORESIST|SOFT BAKE|ALIGN MASK LEVEL 4|EXPOSE LITHO LEVEL 4|POST EXPOSE BAKE|DEVELOP PHOTORESIST|POLY PATTERN INSPECTION|HARD BAKE|POLYSILICON ETCH DRY|STRIP RESIST|CLEAN AFTER POLY ETCH|MEASURE GATE CD|IMPLANT CHANNEL STOP|PRE ANNEAL CHECK|RAPID THERMAL ANNEAL|MEASURE DEVICE PARAMETER|DENSIFY DIELECTRIC|MEASURE DIELECTRIC THICKNESS|CMP INTERLAYER DIELECTRIC|MEASURE SURFACE PLANARITY|SPIN COAT PHOTORESIST|SOFT BAKE|ALIGN MASK LEVEL 5|EXPOSE LITHO LEVEL 5|DEVELOP PHOTORESIST|VIA INSPECTION|VIA ETCH|STRIP RESIST|CLEAN AFTER VIA ETCH|DEPOSIT BARRIER METAL|DEPOSIT METAL SEED|FILL VIA METAL|CMP VIA FILL|DEPOSIT METAL 1|ANNEAL METAL 1|MEASURE METAL THICKNESS|SPIN COAT PHOTORESIST|SOFT BAKE|ALIGN MASK LEVEL 6|EXPOSE LITHO LEVEL 6|DEVELOP PHOTORESIST|METAL PATTERN INSPECTION|METAL ETCH DRY|STRIP PHOTORESIST|CLEAN AFTER METAL ETCH|DEPOSIT PASSIVATION|CURE PASSIVATION|MEASURE PASSIVATION THICKNESS|OPEN PAD WINDOW|OPEN PAD WINDOW LITHO|DEVELOP PAD WINDOW|PASSIVATION ETCH|STRIP PHOTORESIST|CLEAN PAD OPENING|MEASURE PAD OPENING|BACKSIDE GRIND|MEASURE THICKNESS|BACKSIDE ETCH CLEAN|BACKSIDE RINSE|BACKSIDE DRY|BACKSIDE METALLIZATION PREP|DEPOSIT BACKSIDE METAL|BACKSIDE ANNEAL|MEASURE BACKSIDE CONTACT|FINAL CLEAN|FINAL THICKNESS MEASURE|FINAL PARTICLE INSPECTION|PARAMETRIC TEST|LEAKAGE TEST|BREAKDOWN VOLTAGE TEST|SWITCHING TEST|YIELD ANALYSIS|WAFER SORT TEST|LOT RELEASE|SHIP LOT,RULE_CMP_NO_DEP
anomaly_0764,MOSFET,RECEIVE WAFER LOT|LOT IDENTIFICATION|PRE CLEAN INSPECTION|MEASURE SURFACE PARTICLES|PRE CLEAN WAFER|BACKSIDE CLEAN|FRONTSIDE CLEAN|RCA CLEAN 1|WET CLEAN RCA2|HF DIP|SUBSTRATE CHECK|EPITAXY PREP|EPITAXIAL DEPOSITION|MEASURE EPITAXY THICKNESS|MEASURE RESISTIVITY|EPITAXY ANNEAL|WAFER SURFACE CLEAN|THERMAL OXIDATION|MEASURE OXIDE THICKNESS|SPIN COAT PHOTORESIST|SOFT BAKE|ALIGN MASK LEVEL 1|EXPOSE LITHO LEVEL 1|DEVELOP PHOTORESIST|PATTERN INSPECTION LEVEL 1|OXIDE ETCH|STRIP PHOTORESIST|CLEAN AFTER ETCH|MEASURE OPENING CD|IMPLANT WELL|DRIVE IN DIFFUSION|RAPID THERMAL ANNEAL|MEASURE JUNCTION DEPTH|THERMAL OXIDATION|GATE OXIDE PREP|GATE OXIDE GROWTH|MEASURE GATE OXIDE THICKNESS|DEPOSIT POLYSILICON|POLYSILICON ANNEAL|SPIN COAT PHOTORESIST|SOFT BAKE|ALIGN MASK LEVEL 2|EXPOSE LITHO LEVEL 2|POST EXPOSE BAKE|DEVELOP PHOTORESIST|POLY PATTERN INSPECTION|POLYSILICON ETCH|STRIP PHOTORESIST|CLEAN AFTER POLY ETCH|MEASURE GATE CD|IMPLANT SOURCE DRAIN|PRE ANNEAL CHECK|LIGHT ANNEAL|MEASURE SHEET RESISTANCE|DEPOSIT SPACER DIELECTRIC|ANISOTROPIC ETCH SPACER|IMPLANT LDD|PRE ANNEAL CHECK|RAPID THERMAL ANNEAL|MEASURE JUNCTION PROFILE|DEPOSIT INTERLAYER DIELECTRIC|DENSIFY OXIDE|MEASURE DIELECTRIC THICKNESS|CMP INTERLAYER DIELECTRIC|MEASURE PLANARITY|SPIN COAT PHOTORESIST|SOFT BAKE|ALIGN MASK LEVEL 3|EXPOSE LITHO LEVEL 3|DEVELOP PHOTORESIST|VIA INSPECTION|VIA ETCH THROUGH DIELECTRIC|STRIP RESIST|CLEAN AFTER VIA ETCH|MEASURE VIA CD|DEPOSIT BARRIER METAL|DEPOSIT METAL SEED|FILL VIA METAL|CMP METAL|MEASURE VIA RESISTANCE|DEPOSIT TOP METAL|ANNEAL METAL|SPIN COAT PHOTORESIST|SOFT BAKE|ALIGN MASK LEVEL 4|EXPOSE LITHO LEVEL 4|POST EXPOSE BAKE|DEVELOP PHOTORESIST|METAL PATTERN INSPECTION|METAL ETCH|STRIP PHOTORESIST|CLEAN AFTER METAL ETCH|MEASURE LINE WIDTH|DEPOSIT PASSIVATION|CURE PASSIVATION|MEASURE PASSIVATION THICKNESS|OPEN BOND PAD WINDOW|OPEN PAD WINDOW LITHO|DEVELOP PHOTORESIST|PASSIVATION ETCH PAD OPENING|STRIP PHOTORESIST|CLEAN PAD OPENING|MEASURE PAD OPENING|BACKSIDE CLEAN|BACKSIDE GRIND|MEASURE WAFER THICKNESS|BACKSIDE ETCH CLEAN|BACKSIDE RINSE|BACKSIDE DRY|BACKSIDE METALLIZATION PREP|DEPOSIT BACKSIDE METAL|BACKSIDE ANNEAL|MEASURE BACKSIDE CONTACT|FINAL CLEAN|FINAL THICKNESS MEASURE|FINAL GEOMETRY CHECK|FINAL CD INSPECTION|FINAL PARTICLE INSPECTION|PARAMETRIC TEST|LEAKAGE TEST|THRESHOLD VOLTAGE TEST|SWITCHING TEST|SHIP LOT|YIELD ANALYSIS|LOT RELEASE|WAFER SORT TEST,RULE_SHIP_BEFORE_TEST
anomaly_0122,MOSFET,RECEIVE WAFER LOT|LOT IDENTIFICATION|PRE CLEAN INSPECTION|MEASURE THICKNESS|PRE CLEAN WAFER|BACKSIDE CLEAN|WET CLEAN RCA1|RCA CLEAN 2|HF DIP|DRY WAFER|SUBSTRATE CHECK|EPITAXY PREP|EPITAXIAL DEPOSITION|MEASURE EPITAXY THICKNESS|MEASURE RESISTIVITY|EPITAXY ANNEAL|WAFER SURFACE CLEAN|THERMAL OXIDATION|MEASURE OXIDE THICKNESS|SPIN COAT PHOTORESIST|SOFT BAKE|ALIGN MASK LEVEL 1|EXPOSE LITHO LEVEL 1|POST EXPOSE BAKE|DEVELOP PHOTORESIST|PATTERN INSPECTION LEVEL 1|OXIDE ETCH|STRIP RESIST|CLEAN AFTER ETCH|MEASURE OPENING CD|IMPLANT WELL|PRE ANNEAL CHECK|DRIVE IN DIFFUSION|RAPID THERMAL ANNEAL|THERMAL OXIDATION|GATE OXIDE PREP|GATE OXIDE GROWTH|MEASURE GATE OXIDE THICKNESS|DEPOSIT POLYSILICON|POLYSILICON ANNEAL|MEASURE POLY THICKNESS|SPIN COAT PHOTORESIST|SOFT BAKE|ALIGN MASK LEVEL 2|EXPOSE LITHO LEVEL 2|POST EXPOSE BAKE|DEVELOP PHOTORESIST|POLY PATTERN INSPECTION|POLYSILICON ETCH|STRIP PHOTORESIST|CLEAN AFTER POLY ETCH|MEASURE GATE CD|IMPLANT SOURCE DRAIN|PRE ANNEAL CHECK|LIGHT ANNEAL|MEASURE SHEET RESISTANCE|DEPOSIT SPACER DIELECTRIC|ANISOTROPIC ETCH SPACER|IMPLANT LDD|RAPID THERMAL ANNEAL|DEPOSIT INTERLAYER DIELECTRIC|DENSIFY DIELECTRIC|MEASURE FILM THICKNESS|CMP INTERLAYER DIELECTRIC|MEASURE PLANARITY|SPIN COAT PHOTORESIST|SOFT BAKE|ALIGN MASK LEVEL 3|EXPOSE LITHO LEVEL 3|DEVELOP PHOTORESIST|VIA INSPECTION|HARD BAKE|VIA ETCH THROUGH DIELECTRIC|STRIP RESIST|CLEAN AFTER VIA ETCH|MEASURE VIA CD|DEPOSIT BARRIER METAL|DEPOSIT METAL SEED|FILL VIA METAL|CMP METAL|DEPOSIT METAL 1|ANNEAL METAL 1|MEASURE METAL THICKNESS|SPIN COAT PHOTORESIST|SOFT BAKE|ALIGN MASK LEVEL 4|EXPOSE LITHO LEVEL 4|DEVELOP PHOTORESIST|METAL PATTERN INSPECTION|HARD BAKE|METAL ETCH|STRIP PHOTORESIST|CLEAN AFTER METAL ETCH|MEASURE LINE WIDTH|DEPOSIT PASSIVATION LAYER|LEAKAGE TEST|CURE PASSIVATION|MEASURE PASSIVATION QUALITY|OPEN PAD WINDOW|PAD WINDOW LITHO|DEVELOP PAD WINDOW|PASSIVATION ETCH PAD OPENING|STRIP RESIST|CLEAN PAD OPENING|MEASURE PAD OPENING|BACKSIDE CLEAN|BACKSIDE GRIND|MEASURE WAFER THICKNESS|BACKSIDE ETCH CLEAN|BACKSIDE RINSE|BACKSIDE DRY|BACKSIDE METALLIZATION PREP|DEPOSIT BACKSIDE METAL|BACKSIDE ANNEAL|MEASURE BACKSIDE CONTACT|FINAL CLEAN|FINAL THICKNESS MEASURE|FINAL GEOMETRY CHECK|FINAL CD INSPECTION|FINAL PARTICLE INSPECTION|ELECTRICAL PARAMETRIC TEST|THRESHOLD VOLTAGE TEST|SWITCHING TEST|WAFER SORT TEST|YIELD ANALYSIS|FINAL LOT RELEASE|SHIP LOT,RULE_TEST_BEFORE_PASSIVATION
anomaly_0712,IC,RECEIVE WAFER LOT|LOT IDENTIFICATION|PRE CLEAN INSPECTION|MEASURE SURFACE DEFECTS|WAFER CLEAN PRE PROCESS|FRONTSIDE CLEAN|RCA CLEAN 1|RCA CLEAN 2|HF DIP|DRY WAFER|WAFER CLEAN PRE-GRIND|GRINDING WAFER BACKSIDE|MEASURE INITIAL GEOMETRY|ETCH WET BACKSIDE|RINSE WET WAFER_EDGE|DRY WAFER BACKSIDE|BACKSIDE CLEAN|MEASURE BACKSIDE ROUGHNESS|THERMAL OXIDATION|MEASURE OXIDE THICKNESS|RCA CLEAN 1|WET CLEAN RCA2|HF DIP|OXIDE STRIP|SURFACE PREP FOR DEPOSITION|DEPOSIT PAD OXIDE|ANNEAL OXIDE|MEASURE FILM THICKNESS|SPIN COAT PHOTORESIST|SOFT BAKE|ALIGN MASK LEVEL 1|EXPOSE LITHO LEVEL 1|DEVELOP PHOTORESIST|INSPECT PATTERN LEVEL 1|HARD BAKE|OXIDE ETCH DRY|STRIP PHOTORESIST|CLEAN AFTER ETCH|DEPOSIT POLYSILICON|ANNEAL POLYSILICON|SPIN COAT PHOTORESIST|SOFT BAKE|ALIGN MASK LEVEL 2|EXPOSE LITHO LEVEL 2|DEVELOP PHOTORESIST|PATTERN INSPECTION LEVEL 2|HARD BAKE|POLYSILICON ETCH DRY|STRIP RESIST LEVEL 2|CLEAN AFTER POLY ETCH|MEASURE CD LEVEL 2|IMPLANT N-TYPE|PRE ANNEAL CHECK|RAPID THERMAL ANNEAL|MEASURE SHEET RESISTANCE|DEPOSIT INTERLEVEL DIELECTRIC|DENSIFY OXIDE|MEASURE FILM THICKNESS|CMP DIELECTRIC|MEASURE PLANARITY|SPIN COAT PHOTORESIST|SOFT BAKE|ALIGN MASK LEVEL 3|EXPOSE LITHO LEVEL 3|POST EXPOSE BAKE|DEVELOP PHOTORESIST|VIA INSPECTION|HARD BAKE|DIELECTRIC ETCH VIA|STRIP PHOTORESIST|CLEAN AFTER VIA ETCH|MEASURE VIA CD|DEPOSIT BARRIER METAL|DEPOSIT TUNGSTEN SEED|FILL VIA TUNGSTEN|CMP VIA FILL|MEASURE VIA RESISTANCE|DEPOSIT METAL 1|ANNEAL METAL|SPIN COAT PHOTORESIST|SOFT BAKE|ALIGN MASK LEVEL 4|DEVELOP PHOTORESIST|METAL PATTERN INSPECTION|METAL ETCH DRY|STRIP PHOTORESIST|CLEAN AFTER METAL ETCH|DEPOSIT PASSIVATION|CURE PASSIVATION|MEASURE PASSIVATION THICKNESS|OPEN BOND PAD WINDOW|PAD WINDOW LITHO|DEVELOP PAD WINDOW|PASSIVATION ETCH|STRIP PHOTORESIST|CLEAN PAD OPENING|MEASURE PAD OPENING|BACKSIDE CLEAN|DEPOSIT BACKSIDE PROTECTION|BACKSIDE ANNEAL|FINAL CLEAN|FINAL THICKNESS MEASURE|FINAL GEOMETRY CHECK|FINAL PARTICLE INSPECTION|PARAMETRIC TEST|LEAKAGE TEST|THRESHOLD VOLTAGE TEST|SWITCHING TEST|WAFER SORT TEST|YIELD ANALYSIS|FINAL LOT RELEASE|SHIP LOT,RULE_METAL_ETCH_NO_LITHO
anomaly_0920,IGBT,RECEIVE WAFER LOT|LOT IDENTIFICATION|PRE CLEAN INSPECTION|MEASURE INITIAL THICKNESS|MEASURE SURFACE PARTICLES|PRE CLEAN WAFER|BACKSIDE CLEAN|FRONTSIDE CLEAN|RCA CLEAN 1|RCA CLEAN 2|HF DIP|EPITAXIAL WAFER CHECK|MEASURE EPITAXY THICKNESS|MEASURE RESISTIVITY|EPITAXIAL REWORK CHECK|EPITAXIAL LAYER PREP|THERMAL OXIDATION|MEASURE OXIDE THICKNESS|SPIN COAT PHOTORESIST|SOFT BAKE|ALIGN MASK LEVEL 1|EXPOSE LITHO LEVEL 1|DEVELOP PHOTORESIST|INSPECT PATTERN LEVEL 1|OXIDE ETCH DRY|STRIP RESIST|CLEAN AFTER OXIDE ETCH|MEASURE OPENING CD|IMPLANT P BODY|PRE ANNEAL CHECK|DRIVE IN DIFFUSION|RAPID THERMAL ANNEAL|MEASURE JUNCTION DEPTH|THERMAL OXIDATION|SPIN COAT PHOTORESIST|SOFT BAKE|ALIGN MASK LEVEL 2|EXPOSE LITHO LEVEL 2|POST EXPOSE BAKE|DEVELOP PHOTORESIST|P BODY WINDOW INSPECTION|ETCH SILICON OR OXIDE WINDOW|STRIP PHOTORESIST|CLEAN AFTER WINDOW ETCH|MEASURE WINDOW CD|IMPLANT N BUFFER|RAPID THERMAL ANNEAL|EPITAXIAL REWORK CHECK|DEPOSIT FIELD OXIDE|DENSIFY OXIDE|MEASURE FILM THICKNESS|SPIN COAT PHOTORESIST|SOFT BAKE|ALIGN MASK LEVEL 3|EXPOSE LITHO LEVEL 3|DEVELOP PHOTORESIST|FIELD PATTERN INSPECTION|HARD BAKE|FIELD OXIDE ETCH|STRIP PHOTORESIST|CLEAN AFTER FIELD ETCH|MEASURE SURFACE UNIFORMITY|IMPLANT SOURCE REGION|IMPLANT DRAIN / CATHODE REGION|PRE ANNEAL CHECK|RAPID THERMAL ANNEAL|DEPOSIT GATE OXIDE OR DIELECTRIC|ANNEAL DIELECTRIC|DEPOSIT POLYSILICON|POLYSILICON ANNEAL|SPIN COAT PHOTORESIST|SOFT BAKE|ALIGN MASK LEVEL 4|EXPOSE LITHO LEVEL 4|DEVELOP PHOTORESIST|POLY PATTERN INSPECTION|POLYSILICON ETCH DRY|STRIP PHOTORESIST|CLEAN AFTER POLY ETCH|MEASURE GATE CD|IMPLANT CHANNEL STOP|PRE ANNEAL CHECK|RAPID THERMAL ANNEAL|MEASURE DEVICE PARAMETER|DEPOSIT INTERLEVEL DIELECTRIC|DENSIFY DIELECTRIC|MEASURE DIELECTRIC THICKNESS|CMP DIELECTRIC|MEASURE PLANARITY|SPIN COAT PHOTORESIST|SOFT BAKE|ALIGN MASK LEVEL 5|EXPOSE LITHO LEVEL 5|DEVELOP PHOTORESIST|VIA INSPECTION|VIA ETCH THROUGH DIELECTRIC|STRIP PHOTORESIST|CLEAN AFTER VIA ETCH|MEASURE VIA CD|DEPOSIT BARRIER METAL|DEPOSIT METAL SEED|FILL VIA METAL|CMP METAL|DEPOSIT TOP METAL|ANNEAL METAL 1|MEASURE METAL THICKNESS|SPIN COAT PHOTORESIST|SOFT BAKE|ALIGN MASK LEVEL 6|EXPOSE LITHO LEVEL 6|DEVELOP PHOTORESIST|METAL PATTERN INSPECTION|METAL ETCH DRY|STRIP RESIST|CLEAN AFTER METAL ETCH|DEPOSIT PASSIVATION|CURE PASSIVATION|MEASURE PASSIVATION THICKNESS|OPEN PAD WINDOW|PAD WINDOW LITHO|DEVELOP PAD WINDOW|PASSIVATION ETCH PAD OPENING|STRIP PHOTORESIST|MEASURE PAD OPENING|BACKSIDE GRIND|MEASURE WAFER THICKNESS|BACKSIDE DRY|BACKSIDE METALLIZATION PREP|DEPOSIT BACKSIDE METAL|BACKSIDE ANNEAL|MEASURE BACKSIDE CONTACT|FINAL CLEAN|FINAL THICKNESS MEASURE|FINAL GEOMETRY CHECK|FINAL CD INSPECTION|FINAL PARTICLE INSPECTION|PARAMETRIC TEST|LEAKAGE TEST|BREAKDOWN VOLTAGE TEST|SWITCHING TEST|WAFER SORT TEST|YIELD ANALYSIS|LOT RELEASE|SHIP LOT,RULE_DEP_NO_CLEAN
anomaly_0673,IGBT,RECEIVE WAFER LOT|LOT IDENTIFICATION|INITIAL WAFER INSPECTION|MEASURE SURFACE PARTICLES|PRE CLEAN WAFER|BACKSIDE CLEAN|FRONTSIDE CLEAN|WET CLEAN RCA1|WET CLEAN RCA2|HF DIP|EPITAXIAL WAFER CHECK|MEASURE EPITAXY THICKNESS|MEASURE RESISTIVITY|EPITAXIAL LAYER PREP|THERMAL OXIDATION|MEASURE OXIDE THICKNESS|SPIN COAT PHOTORESIST|SOFT BAKE|ALIGN MASK LEVEL 1|EXPOSE LITHO LEVEL 1|DEVELOP PHOTORESIST|INSPECT PATTERN LEVEL 1|OXIDE ETCH DRY|STRIP RESIST|CLEAN AFTER OXIDE ETCH|MEASURE OPENING CD|IMPLANT P BODY|PRE ANNEAL CHECK|DRIVE IN DIFFUSION|RAPID THERMAL ANNEAL|MEASURE JUNCTION DEPTH|THERMAL OXIDATION|SPIN COAT PHOTORESIST|SOFT BAKE|ALIGN MASK LEVEL 2|EXPOSE LITHO LEVEL 2|DEVELOP PHOTORESIST|P BODY WINDOW INSPECTION|ETCH SILICON OR OXIDE WINDOW|STRIP RESIST|CLEAN AFTER WINDOW ETCH|IMPLANT N BUFFER|PRE ANNEAL CHECK|RAPID THERMAL ANNEAL|MEASURE SHEET RESISTANCE|DEPOSIT FIELD OXIDE|DENSIFY OXIDE|MEASURE FILM THICKNESS|SPIN COAT PHOTORESIST|SOFT BAKE|ALIGN MASK LEVEL 3|EXPOSE LITHO LEVEL 3|POST EXPOSE BAKE|DEVELOP PHOTORESIST|FIELD PATTERN INSPECTION|HARD BAKE|FIELD OXIDE ETCH|STRIP PHOTORESIST|CLEAN AFTER FIELD ETCH|MEASURE SURFACE UNIFORMITY|IMPLANT SOURCE REGION|IMPLANT DRAIN / CATHODE REGION|PRE ANNEAL CHECK|RAPID THERMAL ANNEAL|DEPOSIT GATE OXIDE OR DIELECTRIC|ANNEAL DIELECTRIC|MEASURE OXIDE QUALITY|DEPOSIT POLYSILICON|POLYSILICON ANNEAL|MEASURE POLY THICKNESS|SPIN COAT PHOTORESIST|SOFT BAKE|ALIGN MASK LEVEL 4|EXPOSE LITHO LEVEL 4|DEVELOP PHOTORESIST|POLY PATTERN INSPECTION|HARD BAKE|POLYSILICON ETCH DRY|STRIP PHOTORESIST|CLEAN AFTER POLY ETCH|MEASURE GATE CD|IMPLANT CHANNEL STOP|PRE ANNEAL CHECK|RAPID THERMAL ANNEAL|DEPOSIT INTERLAYER DIELECTRIC|DENSIFY DIELECTRIC|MEASURE DIELECTRIC THICKNESS|CMP INTERLAYER DIELECTRIC|MEASURE PLANARITY|SPIN COAT PHOTORESIST|SOFT BAKE|ALIGN MASK LEVEL 5|EXPOSE LITHO LEVEL 5|DEVELOP PHOTORESIST|VIA OPENING INSPECTION|DIELECTRIC ETCH VIA|STRIP PHOTORESIST|CLEAN AFTER VIA ETCH|DEPOSIT BARRIER METAL|DEPOSIT METAL SEED|FILL VIA METAL|CMP VIA FILL|MEASURE VIA RESISTANCE|DEPOSIT METAL 1|ANNEAL METAL|SPIN COAT PHOTORESIST|SOFT BAKE|ALIGN MASK LEVEL 6|EXPOSE LITHO LEVEL 6|DEVELOP PHOTORESIST|METAL PATTERN INSPECTION|METAL ETCH DRY|STRIP PHOTORESIST|CLEAN AFTER METAL ETCH|DEPOSIT PASSIVATION LAYER|DEPOSIT BACKSIDE METAL|CURE PASSIVATION|MEASURE PASSIVATION QUALITY|OPEN PAD WINDOW|OPEN PAD WINDOW LITHO|DEVELOP PAD WINDOW|PASSIVATION ETCH|STRIP RESIST|CLEAN PAD OPENING|MEASURE PAD OPENING|BACKSIDE GRIND|MEASURE THICKNESS|BACKSIDE ETCH CLEAN|BACKSIDE RINSE|BACKSIDE DRY|BACKSIDE METALLIZATION PREP|BACKSIDE ANNEAL|MEASURE BACKSIDE CONTACT|FINAL CLEAN|FINAL GEOMETRY CHECK|FINAL PARTICLE INSPECTION|PARAMETRIC TEST|LEAKAGE TEST|BREAKDOWN VOLTAGE TEST|SWITCHING TEST|YIELD ANALYSIS|WAFER SORT TEST|FINAL LOT RELEASE|SHIP LOT,RULE_BACKSIDE_BEFORE_PASSIVATION
anomaly_0863,MOSFET,RECEIVE WAFER LOT|LOT IDENTIFICATION|PRE CLEAN INSPECTION|MEASURE THICKNESS|MEASURE SURFACE PARTICLES|PRE CLEAN WAFER|RCA CLEAN 1|WET CLEAN RCA2|HF DIP|SUBSTRATE CHECK|EPITAXY PREP|EPITAXIAL DEPOSITION|MEASURE EPITAXY THICKNESS|MEASURE RESISTIVITY|EPITAXY ANNEAL|WAFER SURFACE CLEAN|THERMAL OXIDATION|MEASURE OXIDE THICKNESS|SPIN COAT PHOTORESIST|SOFT BAKE|ALIGN MASK LEVEL 1|EXPOSE LITHO LEVEL 1|DEVELOP PHOTORESIST|PATTERN INSPECTION LEVEL 1|OXIDE ETCH|STRIP PHOTORESIST|CLEAN AFTER ETCH|IMPLANT WELL|PRE ANNEAL CHECK|DRIVE IN DIFFUSION|RAPID THERMAL ANNEAL|THERMAL OXIDATION|GATE OXIDE PREP|GATE OXIDE GROWTH|MEASURE GATE OXIDE THICKNESS|DEPOSIT POLYSILICON|POLYSILICON ANNEAL|SPIN COAT PHOTORESIST|SOFT BAKE|ALIGN MASK LEVEL 2|EXPOSE LITHO LEVEL 2|DEVELOP PHOTORESIST|POLY PATTERN INSPECTION|HARD BAKE|POLYSILICON ETCH|STRIP PHOTORESIST|CLEAN AFTER POLY ETCH|MEASURE GATE CD|IMPLANT SOURCE DRAIN|PRE ANNEAL CHECK|LIGHT ANNEAL|MEASURE SHEET RESISTANCE|DEPOSIT SPACER DIELECTRIC|ANISOTROPIC ETCH SPACER|IMPLANT LDD|PRE ANNEAL CHECK|RAPID THERMAL ANNEAL|MEASURE JUNCTION PROFILE|DEPOSIT INTERLAYER DIELECTRIC|DENSIFY OXIDE|MEASURE DIELECTRIC THICKNESS|CMP INTERLAYER DIELECTRIC|MEASURE PLANARITY|SPIN COAT PHOTORESIST|SOFT BAKE|ALIGN MASK LEVEL 3|EXPOSE LITHO LEVEL 3|POST EXPOSE BAKE|VIA INSPECTION|DIELECTRIC ETCH VIA|STRIP RESIST|CLEAN AFTER VIA ETCH|MEASURE VIA CD|DEPOSIT BARRIER METAL|DEPOSIT METAL SEED|FILL VIA METAL|CMP VIA FILL|MEASURE VIA RESISTANCE|DEPOSIT TOP METAL|ANNEAL METAL|MEASURE METAL THICKNESS|SPIN COAT PHOTORESIST|SOFT BAKE|ALIGN MASK LEVEL 4|EXPOSE LITHO LEVEL 4|DEVELOP PHOTORESIST|METAL PATTERN INSPECTION|HARD BAKE|METAL ETCH|STRIP PHOTORESIST|CLEAN AFTER METAL ETCH|MEASURE LINE WIDTH|DEPOSIT PASSIVATION LAYER|CURE PASSIVATION|MEASURE PASSIVATION QUALITY|OPEN PAD WINDOW|PAD WINDOW LITHO|DEVELOP PAD WINDOW|PASSIVATION ETCH PAD OPENING|STRIP RESIST|CLEAN PAD OPENING|MEASURE PAD OPENING|BACKSIDE CLEAN|BACKSIDE GRIND|MEASURE WAFER THICKNESS|BACKSIDE ETCH CLEAN|BACKSIDE RINSE|BACKSIDE DRY|BACKSIDE METALLIZATION PREP|DEPOSIT BACKSIDE METAL|BACKSIDE ANNEAL|MEASURE BACKSIDE CONTACT|FINAL CLEAN|FINAL THICKNESS MEASURE|FINAL GEOMETRY CHECK|FINAL PARTICLE INSPECTION|PARAMETRIC TEST|LEAKAGE TEST|THRESHOLD VOLTAGE TEST|SWITCHING TEST|WAFER SORT TEST|YIELD ANALYSIS|FINAL LOT RELEASE|SHIP LOT,RULE_ETCH_NO_MASK
anomaly_0618,IC,RECEIVE WAFER LOT|LOT IDENTIFICATION|INITIAL WAFER INSPECTION|MEASURE INITIAL GEOMETRY|MEASURE SURFACE PARTICLES|WAFER CLEAN PRE PROCESS|BACKSIDE CLEAN|RCA CLEAN 1|RCA CLEAN 2|HF DIP|DRY WAFER|WAFER CLEAN PRE-GRIND|GRINDING WAFER BACKSIDE|MEASURE GEOMETRY|ETCH WET BACKSIDE|RINSE WET WAFER_EDGE|DRY WAFER BACKSIDE|BACKSIDE CLEAN|MEASURE BACKSIDE ROUGHNESS|THERMAL OXIDATION|MEASURE OXIDE THICKNESS|WET CLEAN RCA1|RCA CLEAN 2|HF DIP|OXIDE STRIP|SURFACE PREP FOR DEPOSITION|DEPOSIT PAD OXIDE|ANNEAL OXIDE|MEASURE FILM THICKNESS|SPIN COAT PHOTORESIST|SOFT BAKE|ALIGN MASK LEVEL 1|EXPOSE LITHO LEVEL 1|POST EXPOSE BAKE|DEVELOP PHOTORESIST|INSPECT PATTERN LEVEL 1|HARD BAKE|OXIDE ETCH DRY|STRIP RESIST|CLEAN AFTER ETCH|MEASURE CD LEVEL 1|DEPOSIT POLYSILICON|ANNEAL POLYSILICON|SPIN COAT PHOTORESIST|SOFT BAKE|ALIGN MASK LEVEL 2|EXPOSE LITHO LEVEL 2|POST EXPOSE BAKE|DEVELOP PHOTORESIST|PATTERN INSPECTION LEVEL 2|POLYSILICON ETCH DRY|STRIP RESIST|CLEAN AFTER POLY ETCH|MEASURE CD LEVEL 2|IMPLANT N-TYPE|PRE ANNEAL CHECK|RAPID THERMAL ANNEAL|MEASURE SHEET RESISTANCE|DEPOSIT INTERLAYER DIELECTRIC|DENSIFY OXIDE|MEASURE DIELECTRIC THICKNESS|CMP INTERLAYER DIELECTRIC|MEASURE SURFACE PLANARITY|SPIN COAT PHOTORESIST|SOFT BAKE|ALIGN MASK LEVEL 3|EXPOSE LITHO LEVEL 3|DEVELOP PHOTORESIST|VIA INSPECTION|VIA ETCH|STRIP PHOTORESIST|CLEAN AFTER VIA ETCH|MEASURE VIA CD|DEPOSIT BARRIER METAL|DEPOSIT TUNGSTEN SEED|FILL VIA TUNGSTEN|CMP METAL|MEASURE CONTACT RESISTANCE|DEPOSIT METAL 1|ANNEAL METAL 1|SPIN COAT PHOTORESIST|SOFT BAKE|ALIGN MASK LEVEL 4|EXPOSE LITHO LEVEL 4|DEVELOP PHOTORESIST|METAL PATTERN INSPECTION|METAL ETCH DRY|STRIP RESIST|CLEAN AFTER METAL ETCH|MEASURE LINE WIDTH|DEPOSIT PASSIVATION LAYER|ELECTRICAL PARAMETRIC TEST|CURE PASSIVATION|MEASURE PASSIVATION THICKNESS|OPEN PAD WINDOW|OPEN PAD WINDOW LITHO|DEVELOP PHOTORESIST|PASSIVATION ETCH|STRIP PHOTORESIST|CLEAN PAD OPENING|MEASURE PAD OPENING|BACKSIDE CLEAN|DEPOSIT BACKSIDE PROTECTION|BACKSIDE ANNEAL|FINAL CLEAN|FINAL THICKNESS MEASURE|FINAL GEOMETRY CHECK|FINAL OXIDE CHECK|FINAL CD INSPECTION|FINAL ELECTRICAL TEST PREP|LEAKAGE TEST|THRESHOLD VOLTAGE TEST|SWITCHING TEST|WAFER SORT TEST|YIELD ANALYSIS|FINAL LOT RELEASE|PACKAGE PREPARATION|SHIP LOT,RULE_TEST_BEFORE_PASSIVATION
anomaly_0005,MOSFET,RECEIVE WAFER LOT|LOT IDENTIFICATION|PRE CLEAN INSPECTION|MEASURE THICKNESS|MEASURE SURFACE PARTICLES|PRE CLEAN WAFER|BACKSIDE CLEAN|WET CLEAN RCA1|RCA CLEAN 2|HF DIP|DRY WAFER|SUBSTRATE CHECK|EPITAXY PREP|EPITAXIAL DEPOSITION|MEASURE EPITAXY THICKNESS|MEASURE RESISTIVITY|EPITAXY ANNEAL|WAFER SURFACE CLEAN|THERMAL OXIDATION|MEASURE OXIDE THICKNESS|SPIN COAT PHOTORESIST|SOFT BAKE|ALIGN MASK LEVEL 1|EXPOSE LITHO LEVEL 1|POST EXPOSE BAKE|DEVELOP PHOTORESIST|PATTERN INSPECTION LEVEL 1|OXIDE ETCH|STRIP RESIST|CLEAN AFTER ETCH|MEASURE OPENING CD|IMPLANT WELL|PRE ANNEAL CHECK|DRIVE IN DIFFUSION|RAPID THERMAL ANNEAL|MEASURE JUNCTION DEPTH|THERMAL OXIDATION|GATE OXIDE PREP|GATE OXIDE GROWTH|MEASURE GATE OXIDE THICKNESS|DEPOSIT POLYSILICON|POLYSILICON ANNEAL|MEASURE POLY THICKNESS|SPIN COAT PHOTORESIST|SOFT BAKE|ALIGN MASK LEVEL 2|EXPOSE LITHO LEVEL 2|POST EXPOSE BAKE|DEVELOP PHOTORESIST|POLY PATTERN INSPECTION|POLYSILICON ETCH|STRIP RESIST|CLEAN AFTER POLY ETCH|IMPLANT SOURCE DRAIN|PRE ANNEAL CHECK|LIGHT ANNEAL|DEPOSIT SPACER DIELECTRIC|ANISOTROPIC ETCH SPACER|MEASURE SPACER WIDTH|IMPLANT LDD|PRE ANNEAL CHECK|RAPID THERMAL ANNEAL|DENSIFY OXIDE|MEASURE FILM THICKNESS|CMP DIELECTRIC|MEASURE PLANARITY|SPIN COAT PHOTORESIST|SOFT BAKE|ALIGN MASK LEVEL 3|EXPOSE LITHO LEVEL 3|POST EXPOSE BAKE|DEVELOP PHOTORESIST|VIA INSPECTION|VIA ETCH THROUGH DIELECTRIC|STRIP RESIST|CLEAN AFTER VIA ETCH|MEASURE VIA CD|DEPOSIT BARRIER METAL|DEPOSIT METAL SEED|FILL VIA METAL|CMP METAL|MEASURE CONTACT RESISTANCE|DEPOSIT TOP METAL|ANNEAL METAL 1|SPIN COAT PHOTORESIST|SOFT BAKE|ALIGN MASK LEVEL 4|EXPOSE LITHO LEVEL 4|POST EXPOSE BAKE|DEVELOP PHOTORESIST|METAL PATTERN INSPECTION|METAL ETCH|STRIP PHOTORESIST|CLEAN AFTER METAL ETCH|MEASURE LINE WIDTH|DEPOSIT PASSIVATION|CURE PASSIVATION|MEASURE PASSIVATION THICKNESS|OPEN PAD WINDOW|OPEN PAD WINDOW LITHO|DEVELOP PHOTORESIST|PASSIVATION ETCH PAD OPENING|STRIP PHOTORESIST|CLEAN PAD OPENING|MEASURE PAD OPENING|BACKSIDE CLEAN|BACKSIDE GRIND|MEASURE WAFER THICKNESS|BACKSIDE ETCH CLEAN|BACKSIDE RINSE|BACKSIDE DRY|BACKSIDE METALLIZATION PREP|DEPOSIT BACKSIDE METAL|BACKSIDE ANNEAL|MEASURE BACKSIDE CONTACT|FINAL CLEAN|FINAL THICKNESS MEASURE|FINAL PARTICLE INSPECTION|ELECTRICAL PARAMETRIC TEST|LEAKAGE TEST|THRESHOLD VOLTAGE TEST|SWITCHING TEST|WAFER SORT TEST|YIELD ANALYSIS|LOT RELEASE|SHIP LOT,RULE_CMP_NO_DEP
anomaly_0317,IC,RECEIVE WAFER LOT|LOT IDENTIFICATION|INITIAL WAFER INSPECTION|MEASURE INITIAL GEOMETRY|WAFER CLEAN PRE PROCESS|WET CLEAN RCA1|WET CLEAN RCA2|HF DIP|WAFER CLEAN PRE-GRIND|GRINDING WAFER BACKSIDE|MEASURE GEOMETRY|ETCH WET BACKSIDE|RINSE WET WAFER_EDGE|DRY WAFER BACKSIDE|BACKSIDE CLEAN|MEASURE BACKSIDE ROUGHNESS|THERMAL OXIDATION|MEASURE OXIDE THICKNESS|WET CLEAN RCA1|RCA CLEAN 2|HF DIP|OXIDE STRIP|SURFACE PREP FOR DEPOSITION|DEPOSIT PAD OXIDE|ANNEAL OXIDE|MEASURE FILM THICKNESS|SPIN COAT PHOTORESIST|SOFT BAKE|ALIGN MASK LEVEL 1|EXPOSE LITHO LEVEL 1|DEVELOP PHOTORESIST|INSPECT PATTERN LEVEL 1|HARD BAKE|OXIDE ETCH DRY|STRIP RESIST|CLEAN AFTER ETCH|DEPOSIT POLYSILICON|ANNEAL POLYSILICON|SPIN COAT PHOTORESIST|SOFT BAKE|ALIGN MASK LEVEL 2|EXPOSE LITHO LEVEL 2|DEVELOP PHOTORESIST|PATTERN INSPECTION LEVEL 2|POLYSILICON ETCH DRY|STRIP RESIST LEVEL 2|CLEAN AFTER POLY ETCH|MEASURE CD LEVEL 2|IMPLANT N-TYPE|PRE ANNEAL CHECK|RAPID THERMAL ANNEAL|MEASURE SHEET RESISTANCE|DEPOSIT INTERLEVEL DIELECTRIC|DENSIFY DIELECTRIC|MEASURE DIELECTRIC THICKNESS|CMP INTERLAYER DIELECTRIC|MEASURE PLANARITY|SPIN COAT PHOTORESIST|SOFT BAKE|ALIGN MASK LEVEL 3|EXPOSE LITHO LEVEL 3|DEVELOP PHOTORESIST|VIA INSPECTION|VIA ETCH THROUGH DIELECTRIC|STRIP RESIST|CLEAN AFTER VIA ETCH|DEPOSIT BARRIER METAL|DEPOSIT TUNGSTEN SEED|FILL VIA TUNGSTEN|CMP METAL|MEASURE CONTACT RESISTANCE|DEPOSIT TOP METAL|ANNEAL METAL|SPIN COAT PHOTORESIST|SOFT BAKE|ALIGN MASK LEVEL 4|DEVELOP PHOTORESIST|METAL PATTERN INSPECTION|METAL ETCH DRY|STRIP PHOTORESIST|CLEAN AFTER METAL ETCH|MEASURE LINE WIDTH|DEPOSIT PASSIVATION LAYER|CURE PASSIVATION|MEASURE PASSIVATION THICKNESS|OPEN PAD WINDOW|OPEN PAD WINDOW LITHO|DEVELOP PHOTORESIST|PASSIVATION ETCH|STRIP RESIST|CLEAN PAD OPENING|MEASURE PAD OPENING|BACKSIDE THINNING CHECK|BACKSIDE CLEAN|DEPOSIT BACKSIDE PROTECTION|BACKSIDE ANNEAL|FINAL CLEAN|FINAL THICKNESS MEASURE|FINAL GEOMETRY CHECK|FINAL PARTICLE INSPECTION|ELECTRICAL PARAMETRIC TEST|LEAKAGE TEST|PARAMETRIC TEST|SWITCHING TEST|WAFER SORT TEST|YIELD ANALYSIS|FINAL LOT RELEASE|PACKAGE PREPARATION|SHIP LOT,RULE_METAL_ETCH_NO_LITHO
anomaly_0214,MOSFET,RECEIVE WAFER LOT|LOT IDENTIFICATION|INITIAL WAFER INSPECTION|MEASURE THICKNESS|PRE CLEAN WAFER|BACKSIDE CLEAN|RCA CLEAN 1|WET CLEAN RCA2|HF DIP|SUBSTRATE CHECK|EPITAXY PREP|EPITAXIAL DEPOSITION|MEASURE EPITAXY THICKNESS|MEASURE RESISTIVITY|EPITAXY ANNEAL|WAFER SURFACE CLEAN|THERMAL OXIDATION|MEASURE OXIDE THICKNESS|SPIN COAT PHOTORESIST|SOFT BAKE|ALIGN MASK LEVEL 1|EXPOSE LITHO LEVEL 1|POST EXPOSE BAKE|DEVELOP PHOTORESIST|PATTERN INSPECTION LEVEL 1|OXIDE ETCH|STRIP PHOTORESIST|CLEAN AFTER ETCH|IMPLANT WELL|DRIVE IN DIFFUSION|RAPID THERMAL ANNEAL|MEASURE JUNCTION DEPTH|THERMAL OXIDATION|GATE OXIDE PREP|GATE OXIDE GROWTH|MEASURE GATE OXIDE THICKNESS|DEPOSIT POLYSILICON|POLYSILICON ANNEAL|SPIN COAT PHOTORESIST|SOFT BAKE|ALIGN MASK LEVEL 2|EXPOSE LITHO LEVEL 2|DEVELOP PHOTORESIST|POLY PATTERN INSPECTION|POLYSILICON ETCH|STRIP PHOTORESIST|CLEAN AFTER POLY ETCH|MEASURE GATE CD|IMPLANT SOURCE DRAIN|PRE ANNEAL CHECK|LIGHT ANNEAL|MEASURE SHEET RESISTANCE|DEPOSIT SPACER DIELECTRIC|ANISOTROPIC ETCH SPACER|MEASURE SPACER WIDTH|IMPLANT LDD|PRE ANNEAL CHECK|RAPID THERMAL ANNEAL|MEASURE JUNCTION PROFILE|DEPOSIT INTERLEVEL DIELECTRIC|DENSIFY DIELECTRIC|MEASURE FILM THICKNESS|CMP DIELECTRIC|MEASURE SURFACE PLANARITY|SPIN COAT PHOTORESIST|SOFT BAKE|ALIGN MASK LEVEL 3|EXPOSE LITHO LEVEL 3|DEVELOP PHOTORESIST|VIA OPENING INSPECTION|DIELECTRIC ETCH VIA|STRIP RESIST|CLEAN AFTER VIA ETCH|MEASURE VIA CD|DEPOSIT BARRIER METAL|DEPOSIT METAL SEED|FILL VIA METAL|CMP METAL|DEPOSIT METAL 1|ANNEAL METAL|SPIN COAT PHOTORESIST|SOFT BAKE|ALIGN MASK LEVEL 4|EXPOSE LITHO LEVEL 4|DEVELOP PHOTORESIST|METAL PATTERN INSPECTION|METAL ETCH|STRIP PHOTORESIST|CLEAN AFTER METAL ETCH|MEASURE LINE WIDTH|DEPOSIT PASSIVATION LAYER|DEPOSIT BACKSIDE METAL|CURE PASSIVATION|MEASURE PASSIVATION QUALITY|OPEN BOND PAD WINDOW|PAD WINDOW LITHO|DEVELOP PHOTORESIST|PASSIVATION ETCH PAD OPENING|STRIP RESIST|CLEAN PAD OPENING|MEASURE PAD OPENING|BACKSIDE CLEAN|BACKSIDE GRIND|MEASURE WAFER THICKNESS|BACKSIDE ETCH CLEAN|BACKSIDE RINSE|BACKSIDE DRY|BACKSIDE METALLIZATION PREP|BACKSIDE ANNEAL|MEASURE BACKSIDE CONTACT|FINAL CLEAN|FINAL THICKNESS MEASURE|FINAL PARTICLE INSPECTION|PARAMETRIC TEST|LEAKAGE TEST|THRESHOLD VOLTAGE TEST|SWITCHING TEST|WAFER SORT TEST|YIELD ANALYSIS|FINAL LOT RELEASE|SHIP LOT,RULE_BACKSIDE_BEFORE_PASSIVATION
anomaly_0065,MOSFET,RECEIVE WAFER LOT|LOT IDENTIFICATION|PRE CLEAN INSPECTION|MEASURE THICKNESS|MEASURE SURFACE PARTICLES|PRE CLEAN WAFER|BACKSIDE CLEAN|RCA CLEAN 1|WET CLEAN RCA2|HF DIP|DRY WAFER|SUBSTRATE CHECK|EPITAXY PREP|EPITAXIAL DEPOSITION|MEASURE EPITAXY THICKNESS|MEASURE RESISTIVITY|EPITAXY ANNEAL|WAFER SURFACE CLEAN|THERMAL OXIDATION|MEASURE OXIDE THICKNESS|SPIN COAT PHOTORESIST|SOFT BAKE|ALIGN MASK LEVEL 1|EXPOSE LITHO LEVEL 1|DEVELOP PHOTORESIST|PATTERN INSPECTION LEVEL 1|HARD BAKE|OXIDE ETCH|STRIP PHOTORESIST|CLEAN AFTER ETCH|MEASURE OPENING CD|IMPLANT WELL|PRE ANNEAL CHECK|DRIVE IN DIFFUSION|RAPID THERMAL ANNEAL|MEASURE JUNCTION DEPTH|THERMAL OXIDATION|GATE OXIDE PREP|GATE OXIDE GROWTH|MEASURE GATE OXIDE THICKNESS|DEPOSIT POLYSILICON|POLYSILICON ANNEAL|MEASURE POLY THICKNESS|SPIN COAT PHOTORESIST|SOFT BAKE|ALIGN MASK LEVEL 2|EXPOSE LITHO LEVEL 2|POST EXPOSE BAKE|DEVELOP PHOTORESIST|POLY PATTERN INSPECTION|POLYSILICON ETCH|STRIP RESIST|CLEAN AFTER POLY ETCH|MEASURE GATE CD|IMPLANT SOURCE DRAIN|PRE ANNEAL CHECK|LIGHT ANNEAL|MEASURE SHEET RESISTANCE|DEPOSIT SPACER DIELECTRIC|ANISOTROPIC ETCH SPACER|MEASURE SPACER WIDTH|IMPLANT LDD|PRE ANNEAL CHECK|RAPID THERMAL ANNEAL|MEASURE JUNCTION PROFILE|DEPOSIT INTERLEVEL DIELECTRIC|DENSIFY DIELECTRIC|MEASURE DIELECTRIC THICKNESS|CMP DIELECTRIC|MEASURE PLANARITY|SPIN COAT PHOTORESIST|SOFT BAKE|DEVELOP PHOTORESIST|VIA OPENING INSPECTION|VIA ETCH THROUGH DIELECTRIC|STRIP RESIST|CLEAN AFTER VIA ETCH|MEASURE VIA CD|DEPOSIT BARRIER METAL|DEPOSIT METAL SEED|FILL VIA METAL|CMP VIA FILL|MEASURE VIA RESISTANCE|DEPOSIT METAL 1|ANNEAL METAL 1|SPIN COAT PHOTORESIST|SOFT BAKE|ALIGN MASK LEVEL 4|EXPOSE LITHO LEVEL 4|POST EXPOSE BAKE|DEVELOP PHOTORESIST|METAL PATTERN INSPECTION|HARD BAKE|METAL ETCH|STRIP RESIST|CLEAN AFTER METAL ETCH|MEASURE LINE WIDTH|DEPOSIT PASSIVATION|CURE PASSIVATION|MEASURE PASSIVATION QUALITY|OPEN BOND PAD WINDOW|PAD WINDOW LITHO|DEVELOP PHOTORESIST|PASSIVATION ETCH|STRIP PHOTORESIST|CLEAN PAD OPENING|MEASURE PAD OPENING|BACKSIDE CLEAN|BACKSIDE GRIND|MEASURE THICKNESS|BACKSIDE ETCH CLEAN|BACKSIDE RINSE|BACKSIDE DRY|BACKSIDE METALLIZATION PREP|DEPOSIT BACKSIDE METAL|BACKSIDE ANNEAL|MEASURE BACKSIDE CONTACT|FINAL CLEAN|FINAL THICKNESS MEASURE|FINAL GEOMETRY CHECK|FINAL CD INSPECTION|FINAL PARTICLE INSPECTION|PARAMETRIC TEST|LEAKAGE TEST|THRESHOLD VOLTAGE TEST|SWITCHING TEST|WAFER SORT TEST|YIELD ANALYSIS|LOT RELEASE|SHIP LOT,RULE_LITHO_LEVEL_SKIP
anomaly_0405,IC,RECEIVE WAFER LOT|LOT IDENTIFICATION|PRE CLEAN INSPECTION|MEASURE INITIAL THICKNESS|WAFER CLEAN PRE PROCESS|WET CLEAN RCA1|RCA CLEAN 2|HF DIP|WAFER CLEAN PRE-GRIND|GRINDING WAFER BACKSIDE|MEASURE INITIAL GEOMETRY|ETCH WET BACKSIDE|RINSE WET WAFER_EDGE|DRY WAFER BACKSIDE|BACKSIDE CLEAN|MEASURE BACKSIDE ROUGHNESS|THERMAL OXIDATION|MEASURE OXIDE THICKNESS|WET CLEAN RCA1|RCA CLEAN 2|HF DIP|OXIDE STRIP|SURFACE PREP FOR DEPOSITION|DEPOSIT PAD OXIDE|ANNEAL OXIDE|MEASURE OXIDE THICKNESS|SPIN COAT PHOTORESIST|SOFT BAKE|ALIGN MASK LEVEL 1|EXPOSE LITHO LEVEL 1|DEVELOP PHOTORESIST|INSPECT PATTERN LEVEL 1|HARD BAKE|OXIDE ETCH DRY|STRIP RESIST|CLEAN AFTER ETCH|DEPOSIT POLYSILICON|ANNEAL POLYSILICON|SPIN COAT PHOTORESIST|SOFT BAKE|ALIGN MASK LEVEL 2|EXPOSE LITHO LEVEL 2|DEVELOP PHOTORESIST|PATTERN INSPECTION LEVEL 2|HARD BAKE|POLYSILICON ETCH DRY|STRIP RESIST LEVEL 2|CLEAN AFTER POLY ETCH|MEASURE CD LEVEL 2|IMPLANT N-TYPE|PRE ANNEAL CHECK|RAPID THERMAL ANNEAL|MEASURE SHEET RESISTANCE|DEPOSIT INTERLAYER DIELECTRIC|DENSIFY DIELECTRIC|MEASURE DIELECTRIC THICKNESS|CMP INTERLAYER DIELECTRIC|MEASURE PLANARITY|SPIN COAT PHOTORESIST|SOFT BAKE|ALIGN MASK LEVEL 3|EXPOSE LITHO LEVEL 3|POST EXPOSE BAKE|DEVELOP PHOTORESIST|VIA INSPECTION|VIA ETCH THROUGH DIELECTRIC|STRIP PHOTORESIST|CLEAN AFTER VIA ETCH|DEPOSIT BARRIER METAL|DEPOSIT TUNGSTEN SEED|FILL VIA TUNGSTEN|CMP METAL|DEPOSIT TOP METAL|ANNEAL METAL|SPIN COAT PHOTORESIST|SOFT BAKE|ALIGN MASK LEVEL 4|EXPOSE LITHO LEVEL 4|DEVELOP PHOTORESIST|METAL PATTERN INSPECTION|METAL ETCH DRY|STRIP RESIST|CLEAN AFTER METAL ETCH|MEASURE LINE WIDTH|DEPOSIT PASSIVATION LAYER|ELECTRICAL PARAMETRIC TEST|CURE PASSIVATION|MEASURE PASSIVATION QUALITY|OPEN BOND PAD WINDOW|OPEN PAD WINDOW LITHO|DEVELOP PAD WINDOW|PASSIVATION ETCH PAD OPENING|STRIP PHOTORESIST|CLEAN PAD OPENING|MEASURE PAD OPENING|BACKSIDE THINNING CHECK|BACKSIDE CLEAN FINAL|DEPOSIT BACKSIDE PROTECTION|BACKSIDE ANNEAL|FINAL CLEAN|FINAL GEOMETRY CHECK|FINAL OXIDE CHECK|FINAL CD INSPECTION|FINAL PARTICLE INSPECTION|FINAL ELECTRICAL TEST PREP|LEAKAGE TEST|PARAMETRIC TEST|SWITCHING TEST|WAFER SORT TEST|YIELD ANALYSIS|LOT RELEASE|SHIP LOT,RULE_TEST_BEFORE_PASSIVATION
anomaly_0299,IC,RECEIVE WAFER LOT|LOT IDENTIFICATION|INITIAL WAFER INSPECTION|MEASURE INITIAL GEOMETRY|MEASURE SURFACE PARTICLES|WAFER CLEAN PRE PROCESS|WET CLEAN RCA1|RCA CLEAN 2|HF DIP|WAFER CLEAN PRE-GRIND|GRINDING WAFER BACKSIDE|MEASURE GEOMETRY|ETCH WET BACKSIDE|RINSE WET WAFER_EDGE|DRY WAFER BACKSIDE|BACKSIDE CLEAN|MEASURE BACKSIDE ROUGHNESS|THERMAL OXIDATION|MEASURE OXIDE THICKNESS|RCA CLEAN 1|WET CLEAN RCA2|HF DIP|OXIDE STRIP|SURFACE PREP FOR DEPOSITION|DEPOSIT PAD OXIDE|ANNEAL OXIDE|MEASURE OXIDE THICKNESS|SPIN COAT PHOTORESIST|SOFT BAKE|ALIGN MASK LEVEL 1|EXPOSE LITHO LEVEL 1|POST EXPOSE BAKE|DEVELOP PHOTORESIST|INSPECT PATTERN LEVEL 1|HARD BAKE|OXIDE ETCH DRY|STRIP PHOTORESIST|CLEAN AFTER ETCH|MEASURE CD LEVEL 1|DEPOSIT POLYSILICON|ANNEAL POLYSILICON|SPIN COAT PHOTORESIST|SOFT BAKE|ALIGN MASK LEVEL 2|EXPOSE LITHO LEVEL 2|DEVELOP PHOTORESIST|PATTERN INSPECTION LEVEL 2|POLYSILICON ETCH DRY|STRIP RESIST|CLEAN AFTER POLY ETCH|IMPLANT N-TYPE|RAPID THERMAL ANNEAL|DEPOSIT INTERLEVEL DIELECTRIC|DENSIFY OXIDE|MEASURE FILM THICKNESS|CMP DIELECTRIC|MEASURE SURFACE PLANARITY|SPIN COAT PHOTORESIST|SOFT BAKE|ALIGN MASK LEVEL 3|EXPOSE LITHO LEVEL 3|DEVELOP PHOTORESIST|VIA OPENING INSPECTION|VIA ETCH THROUGH DIELECTRIC|STRIP PHOTORESIST|CLEAN AFTER VIA ETCH|MEASURE VIA CD|DEPOSIT BARRIER METAL|DEPOSIT TUNGSTEN SEED|FILL VIA TUNGSTEN|CMP METAL|MEASURE VIA RESISTANCE|DEPOSIT METAL 1|ANNEAL METAL|MEASURE METAL THICKNESS|SPIN COAT PHOTORESIST|SOFT BAKE|ALIGN MASK LEVEL 4|EXPOSE LITHO LEVEL 4|POST EXPOSE BAKE|DEVELOP PHOTORESIST|METAL PATTERN INSPECTION|METAL ETCH DRY|STRIP PHOTORESIST|CLEAN AFTER METAL ETCH|MEASURE LINE WIDTH|OPEN PAD WINDOW|DEPOSIT PASSIVATION|CURE PASSIVATION|MEASURE PASSIVATION QUALITY|PAD WINDOW LITHO|DEVELOP PHOTORESIST|PASSIVATION ETCH PAD OPENING|STRIP PHOTORESIST|CLEAN PAD OPENING|MEASURE PAD OPENING|BACKSIDE THINNING CHECK|BACKSIDE CLEAN|DEPOSIT BACKSIDE PROTECTION|BACKSIDE ANNEAL|FINAL CLEAN|FINAL THICKNESS MEASURE|FINAL GEOMETRY CHECK|FINAL CD INSPECTION|FINAL PARTICLE INSPECTION|ELECTRICAL PARAMETRIC TEST|LEAKAGE TEST|THRESHOLD VOLTAGE TEST|SWITCHING TEST|WAFER SORT TEST|YIELD ANALYSIS|FINAL LOT RELEASE|PACKAGE PREPARATION|SHIP LOT,RULE_PAD_OPEN_BEFORE_DEP
anomaly_0330,IC,RECEIVE WAFER LOT|LOT IDENTIFICATION|PRE CLEAN INSPECTION|MEASURE INITIAL GEOMETRY|MEASURE SURFACE DEFECTS|WAFER CLEAN PRE PROCESS|BACKSIDE CLEAN|WET CLEAN RCA1|WET CLEAN RCA2|HF DIP|WAFER CLEAN PRE-GRIND|GRINDING WAFER BACKSIDE|MEASURE INITIAL GEOMETRY|ETCH WET BACKSIDE|RINSE WET WAFER_EDGE|DRY WAFER BACKSIDE|BACKSIDE CLEAN|MEASURE BACKSIDE ROUGHNESS|THERMAL OXIDATION|MEASURE OXIDE THICKNESS|RCA CLEAN 1|RCA CLEAN 2|HF DIP|OXIDE STRIP|SURFACE PREP FOR DEPOSITION|DEPOSIT PAD OXIDE|ANNEAL OXIDE|MEASURE FILM THICKNESS|SPIN COAT PHOTORESIST|SOFT BAKE|ALIGN MASK LEVEL 1|EXPOSE LITHO LEVEL 1|DEVELOP PHOTORESIST|INSPECT PATTERN LEVEL 1|HARD BAKE|OXIDE ETCH DRY|STRIP RESIST|CLEAN AFTER ETCH|MEASURE CD LEVEL 1|DEPOSIT POLYSILICON|ANNEAL POLYSILICON|SPIN COAT PHOTORESIST|SOFT BAKE|ALIGN MASK LEVEL 2|EXPOSE LITHO LEVEL 2|DEVELOP PHOTORESIST|PATTERN INSPECTION LEVEL 2|POLYSILICON ETCH DRY|STRIP RESIST LEVEL 2|CLEAN AFTER POLY ETCH|IMPLANT N-TYPE|PRE ANNEAL CHECK|RAPID THERMAL ANNEAL|MEASURE SHEET RESISTANCE|DENSIFY OXIDE|MEASURE DIELECTRIC THICKNESS|CMP DIELECTRIC|MEASURE SURFACE PLANARITY|SPIN COAT PHOTORESIST|SOFT BAKE|ALIGN MASK LEVEL 3|EXPOSE LITHO LEVEL 3|POST EXPOSE BAKE|DEVELOP PHOTORESIST|VIA OPENING INSPECTION|DIELECTRIC ETCH VIA|STRIP PHOTORESIST|CLEAN AFTER VIA ETCH|MEASURE VIA CD|DEPOSIT BARRIER METAL|DEPOSIT TUNGSTEN SEED|FILL VIA TUNGSTEN|CMP VIA FILL|MEASURE VIA RESISTANCE|DEPOSIT TOP METAL|ANNEAL METAL 1|SPIN COAT PHOTORESIST|SOFT BAKE|ALIGN MASK LEVEL 4|EXPOSE LITHO LEVEL 4|POST EXPOSE BAKE|DEVELOP PHOTORESIST|METAL PATTERN INSPECTION|METAL ETCH DRY|STRIP RESIST|CLEAN AFTER METAL ETCH|MEASURE LINE WIDTH|DEPOSIT PASSIVATION|CURE PASSIVATION|MEASURE PASSIVATION THICKNESS|OPEN PAD WINDOW|OPEN PAD WINDOW LITHO|DEVELOP PAD WINDOW|PASSIVATION ETCH|STRIP PHOTORESIST|CLEAN PAD OPENING|MEASURE PAD OPENING|BACKSIDE CLEAN FINAL|DEPOSIT BACKSIDE PROTECTION|BACKSIDE ANNEAL|FINAL CLEAN|FINAL THICKNESS MEASURE|FINAL CD INSPECTION|FINAL PARTICLE INSPECTION|FINAL ELECTRICAL TEST PREP|PARAMETRIC TEST|LEAKAGE TEST|SWITCHING TEST|WAFER SORT TEST|YIELD ANALYSIS|FINAL LOT RELEASE|SHIP LOT,RULE_CMP_NO_DEP
anomaly_0456,IC,RECEIVE WAFER LOT|LOT IDENTIFICATION|PRE CLEAN INSPECTION|MEASURE INITIAL GEOMETRY|MEASURE SURFACE PARTICLES|WAFER CLEAN PRE PROCESS|BACKSIDE CLEAN|FRONTSIDE CLEAN|WET CLEAN RCA1|WET CLEAN RCA2|HF DIP|DRY WAFER|WAFER CLEAN PRE-GRIND|GRINDING WAFER BACKSIDE|MEASURE INITIAL GEOMETRY|ETCH WET BACKSIDE|RINSE WET WAFER_EDGE|DRY WAFER BACKSIDE|BACKSIDE CLEAN|MEASURE BACKSIDE ROUGHNESS|THERMAL OXIDATION|MEASURE OXIDE THICKNESS|WET CLEAN RCA1|RCA CLEAN 2|HF DIP|OXIDE STRIP|SURFACE PREP FOR DEPOSITION|DEPOSIT PAD OXIDE|ANNEAL OXIDE|MEASURE FILM THICKNESS|SPIN COAT PHOTORESIST|SOFT BAKE|ALIGN MASK LEVEL 1|EXPOSE LITHO LEVEL 1|POST EXPOSE BAKE|DEVELOP PHOTORESIST|INSPECT PATTERN LEVEL 1|HARD BAKE|OXIDE ETCH DRY|STRIP PHOTORESIST|CLEAN AFTER ETCH|MEASURE CD LEVEL 1|DEPOSIT POLYSILICON|ANNEAL POLYSILICON|SPIN COAT PHOTORESIST|SOFT BAKE|ALIGN MASK LEVEL 2|EXPOSE LITHO LEVEL 2|POST EXPOSE BAKE|DEVELOP PHOTORESIST|PATTERN INSPECTION LEVEL 2|POLYSILICON ETCH DRY|STRIP RESIST|CLEAN AFTER POLY ETCH|MEASURE CD LEVEL 2|IMPLANT N-TYPE|PRE ANNEAL CHECK|RAPID THERMAL ANNEAL|MEASURE SHEET RESISTANCE|DEPOSIT INTERLEVEL DIELECTRIC|DENSIFY OXIDE|MEASURE FILM THICKNESS|CMP DIELECTRIC|MEASURE PLANARITY|SPIN COAT PHOTORESIST|SOFT BAKE|ALIGN MASK LEVEL 3|EXPOSE LITHO LEVEL 3|POST EXPOSE BAKE|DEVELOP PHOTORESIST|VIA INSPECTION|VIA ETCH THROUGH DIELECTRIC|STRIP RESIST|CLEAN AFTER VIA ETCH|DEPOSIT BARRIER METAL|DEPOSIT TUNGSTEN SEED|FILL VIA TUNGSTEN|CMP VIA FILL|MEASURE VIA RESISTANCE|DEPOSIT TOP METAL|ANNEAL METAL|SPIN COAT PHOTORESIST|SOFT BAKE|ALIGN MASK LEVEL 4|EXPOSE LITHO LEVEL 4|DEVELOP PHOTORESIST|METAL PATTERN INSPECTION|METAL ETCH DRY|STRIP PHOTORESIST|CLEAN AFTER METAL ETCH|MEASURE LINE WIDTH|DEPOSIT PASSIVATION|CURE PASSIVATION|MEASURE PASSIVATION THICKNESS|OPEN PAD WINDOW|PAD WINDOW LITHO|DEVELOP PAD WINDOW|PASSIVATION ETCH PAD OPENING|STRIP PHOTORESIST|CLEAN PAD OPENING|MEASURE PAD OPENING|BACKSIDE CLEAN|DEPOSIT BACKSIDE PROTECTION|BACKSIDE ANNEAL|FINAL CLEAN|FINAL GEOMETRY CHECK|FINAL CD INSPECTION|FINAL ELECTRICAL TEST PREP|ELECTRICAL PARAMETRIC TEST|LEAKAGE TEST|THRESHOLD VOLTAGE TEST|SWITCHING TEST|SHIP LOT|YIELD ANALYSIS|FINAL LOT RELEASE|PACKAGE PREPARATION|WAFER SORT TEST,RULE_SHIP_BEFORE_TEST
anomaly_0436,MOSFET,RECEIVE WAFER LOT|LOT IDENTIFICATION|INITIAL WAFER INSPECTION|MEASURE THICKNESS|MEASURE SURFACE PARTICLES|PRE CLEAN WAFER|FRONTSIDE CLEAN|RCA CLEAN 1|RCA CLEAN 2|HF DIP|SUBSTRATE CHECK|EPITAXY PREP|EPITAXIAL DEPOSITION|MEASURE EPITAXY THICKNESS|MEASURE RESISTIVITY|EPITAXY ANNEAL|WAFER SURFACE CLEAN|THERMAL OXIDATION|MEASURE OXIDE THICKNESS|SPIN COAT PHOTORESIST|SOFT BAKE|ALIGN MASK LEVEL 1|EXPOSE LITHO LEVEL 1|DEVELOP PHOTORESIST|PATTERN INSPECTION LEVEL 1|OXIDE ETCH|STRIP RESIST|IMPLANT WELL|DRIVE IN DIFFUSION|MEASURE JUNCTION DEPTH|MEASURE GATE OXIDE THICKNESS|DEPOSIT POLYSILICON|POLYSILICON ANNEAL|MEASURE POLY THICKNESS|SPIN COAT PHOTORESIST|SOFT BAKE|ALIGN MASK LEVEL 2|EXPOSE LITHO LEVEL 2|DEVELOP PHOTORESIST|POLY PATTERN INSPECTION|POLYSILICON ETCH|STRIP PHOTORESIST|CLEAN AFTER POLY ETCH|MEASURE GATE CD|IMPLANT SOURCE DRAIN|LIGHT ANNEAL|MEASURE SHEET RESISTANCE|DEPOSIT SPACER DIELECTRIC|ANISOTROPIC ETCH SPACER|MEASURE SPACER WIDTH|IMPLANT LDD|PRE ANNEAL CHECK|RAPID THERMAL ANNEAL|DEPOSIT INTERLEVEL DIELECTRIC|DENSIFY OXIDE|MEASURE FILM THICKNESS|CMP INTERLAYER DIELECTRIC|MEASURE PLANARITY|SPIN COAT PHOTORESIST|SOFT BAKE|ALIGN MASK LEVEL 3|EXPOSE LITHO LEVEL 3|POST EXPOSE BAKE|DEVELOP PHOTORESIST|VIA INSPECTION|VIA ETCH|STRIP RESIST|CLEAN AFTER VIA ETCH|MEASURE VIA CD|DEPOSIT BARRIER METAL|DEPOSIT METAL SEED|FILL VIA METAL|CMP METAL|MEASURE CONTACT RESISTANCE|DEPOSIT TOP METAL|ANNEAL METAL|SPIN COAT PHOTORESIST|SOFT BAKE|ALIGN MASK LEVEL 4|EXPOSE LITHO LEVEL 4|DEVELOP PHOTORESIST|METAL PATTERN INSPECTION|METAL ETCH|STRIP RESIST|CLEAN AFTER METAL ETCH|MEASURE LINE WIDTH|DEPOSIT PASSIVATION LAYER|CURE PASSIVATION|MEASURE PASSIVATION QUALITY|OPEN BOND PAD WINDOW|OPEN PAD WINDOW LITHO|DEVELOP PHOTORESIST|PASSIVATION ETCH PAD OPENING|STRIP PHOTORESIST|CLEAN PAD OPENING|MEASURE PAD OPENING|BACKSIDE CLEAN|BACKSIDE GRIND|MEASURE THICKNESS|BACKSIDE ETCH CLEAN|BACKSIDE RINSE|BACKSIDE DRY|BACKSIDE METALLIZATION PREP|DEPOSIT BACKSIDE METAL|BACKSIDE ANNEAL|MEASURE BACKSIDE CONTACT|FINAL CLEAN|FINAL THICKNESS MEASURE|FINAL CD INSPECTION|FINAL PARTICLE INSPECTION|ELECTRICAL PARAMETRIC TEST|LEAKAGE TEST|THRESHOLD VOLTAGE TEST|SWITCHING TEST|WAFER SORT TEST|YIELD ANALYSIS|LOT RELEASE|SHIP LOT,RULE_DEP_NO_CLEAN
anomaly_0483,MOSFET,RECEIVE WAFER LOT|LOT IDENTIFICATION|INITIAL WAFER INSPECTION|MEASURE THICKNESS|PRE CLEAN WAFER|BACKSIDE CLEAN|WET CLEAN RCA1|RCA CLEAN 2|HF DIP|DRY WAFER|SUBSTRATE CHECK|EPITAXY PREP|EPITAXIAL DEPOSITION|MEASURE EPITAXY THICKNESS|MEASURE RESISTIVITY|EPITAXY ANNEAL|WAFER SURFACE CLEAN|THERMAL OXIDATION|MEASURE OXIDE THICKNESS|SPIN COAT PHOTORESIST|SOFT BAKE|ALIGN MASK LEVEL 1|EXPOSE LITHO LEVEL 1|POST EXPOSE BAKE|DEVELOP PHOTORESIST|PATTERN INSPECTION LEVEL 1|OXIDE ETCH|STRIP PHOTORESIST|CLEAN AFTER ETCH|MEASURE OPENING CD|IMPLANT WELL|DRIVE IN DIFFUSION|RAPID THERMAL ANNEAL|MEASURE JUNCTION DEPTH|THERMAL OXIDATION|GATE OXIDE PREP|GATE OXIDE GROWTH|MEASURE GATE OXIDE THICKNESS|DEPOSIT POLYSILICON|POLYSILICON ANNEAL|MEASURE POLY THICKNESS|SPIN COAT PHOTORESIST|SOFT BAKE|ALIGN MASK LEVEL 2|EXPOSE LITHO LEVEL 2|DEVELOP PHOTORESIST|POLY PATTERN INSPECTION|HARD BAKE|POLYSILICON ETCH|STRIP RESIST|CLEAN AFTER POLY ETCH|MEASURE GATE CD|IMPLANT SOURCE DRAIN|PRE ANNEAL CHECK|LIGHT ANNEAL|MEASURE SHEET RESISTANCE|DEPOSIT SPACER DIELECTRIC|ANISOTROPIC ETCH SPACER|IMPLANT LDD|RAPID THERMAL ANNEAL|DEPOSIT INTERLAYER DIELECTRIC|DENSIFY OXIDE|MEASURE DIELECTRIC THICKNESS|CMP DIELECTRIC|MEASURE SURFACE PLANARITY|SPIN COAT PHOTORESIST|SOFT BAKE|ALIGN MASK LEVEL 3|EXPOSE LITHO LEVEL 3|POST EXPOSE BAKE|DEVELOP PHOTORESIST|VIA INSPECTION|HARD BAKE|DIELECTRIC ETCH VIA|STRIP PHOTORESIST|CLEAN AFTER VIA ETCH|MEASURE VIA CD|DEPOSIT BARRIER METAL|DEPOSIT METAL SEED|FILL VIA METAL|CMP METAL|MEASURE CONTACT RESISTANCE|DEPOSIT METAL 1|ANNEAL METAL|MEASURE METAL THICKNESS|SPIN COAT PHOTORESIST|SOFT BAKE|ALIGN MASK LEVEL 4|EXPOSE LITHO LEVEL 4|DEVELOP PHOTORESIST|METAL PATTERN INSPECTION|HARD BAKE|METAL ETCH|STRIP PHOTORESIST|CLEAN AFTER METAL ETCH|DEPOSIT PASSIVATION|PARAMETRIC TEST|CURE PASSIVATION|MEASURE PASSIVATION QUALITY|OPEN BOND PAD WINDOW|PAD WINDOW LITHO|DEVELOP PAD WINDOW|PASSIVATION ETCH PAD OPENING|STRIP RESIST|CLEAN PAD OPENING|MEASURE PAD OPENING|BACKSIDE CLEAN|BACKSIDE GRIND|MEASURE THICKNESS|BACKSIDE ETCH CLEAN|BACKSIDE RINSE|BACKSIDE DRY|BACKSIDE METALLIZATION PREP|DEPOSIT BACKSIDE METAL|BACKSIDE ANNEAL|MEASURE BACKSIDE CONTACT|FINAL CLEAN|FINAL THICKNESS MEASURE|FINAL GEOMETRY CHECK|FINAL CD INSPECTION|FINAL PARTICLE INSPECTION|LEAKAGE TEST|THRESHOLD VOLTAGE TEST|SWITCHING TEST|WAFER SORT TEST|YIELD ANALYSIS|FINAL LOT RELEASE|SHIP LOT,RULE_TEST_BEFORE_PASSIVATION
anomaly_0621,IGBT,RECEIVE WAFER LOT|LOT IDENTIFICATION|INITIAL WAFER INSPECTION|MEASURE INITIAL THICKNESS|PRE CLEAN WAFER|BACKSIDE CLEAN|FRONTSIDE CLEAN|WET CLEAN RCA1|RCA CLEAN 2|HF DIP|DRY WAFER|EPITAXIAL WAFER CHECK|MEASURE EPITAXY THICKNESS|MEASURE RESISTIVITY|EPITAXIAL LAYER PREP|THERMAL OXIDATION|MEASURE OXIDE THICKNESS|SPIN COAT PHOTORESIST|SOFT BAKE|ALIGN MASK LEVEL 1|EXPOSE LITHO LEVEL 1|DEVELOP PHOTORESIST|INSPECT PATTERN LEVEL 1|HARD BAKE|OXIDE ETCH DRY|STRIP PHOTORESIST|CLEAN AFTER OXIDE ETCH|MEASURE OPENING CD|IMPLANT P BODY|PRE ANNEAL CHECK|DRIVE IN DIFFUSION|RAPID THERMAL ANNEAL|MEASURE JUNCTION DEPTH|THERMAL OXIDATION|SPIN COAT PHOTORESIST|SOFT BAKE|ALIGN MASK LEVEL 2|EXPOSE LITHO LEVEL 2|POST EXPOSE BAKE|DEVELOP PHOTORESIST|P BODY WINDOW INSPECTION|HARD BAKE|ETCH SILICON OR OXIDE WINDOW|STRIP PHOTORESIST|CLEAN AFTER WINDOW ETCH|MEASURE WINDOW CD|IMPLANT N BUFFER|PRE ANNEAL CHECK|RAPID THERMAL ANNEAL|MEASURE SHEET RESISTANCE|DEPOSIT FIELD OXIDE|DENSIFY OXIDE|MEASURE FILM THICKNESS|SPIN COAT PHOTORESIST|SOFT BAKE|ALIGN MASK LEVEL 3|EXPOSE LITHO LEVEL 3|POST EXPOSE BAKE|DEVELOP PHOTORESIST|FIELD PATTERN INSPECTION|HARD BAKE|FIELD OXIDE ETCH|STRIP RESIST|CLEAN AFTER FIELD ETCH|IMPLANT SOURCE REGION|IMPLANT DRAIN / CATHODE REGION|PRE ANNEAL CHECK|RAPID THERMAL ANNEAL|MEASURE SHEET RESISTANCE|DEPOSIT GATE OXIDE OR DIELECTRIC|ANNEAL DIELECTRIC|MEASURE OXIDE QUALITY|DEPOSIT POLYSILICON|POLYSILICON ANNEAL|SPIN COAT PHOTORESIST|SOFT BAKE|ALIGN MASK LEVEL 4|EXPOSE LITHO LEVEL 4|POST EXPOSE BAKE|DEVELOP PHOTORESIST|POLY PATTERN INSPECTION|HARD BAKE|POLYSILICON ETCH DRY|STRIP RESIST|CLEAN AFTER POLY ETCH|MEASURE GATE CD|IMPLANT CHANNEL STOP|RAPID THERMAL ANNEAL|MEASURE DEVICE PARAMETER|DEPOSIT INTERLAYER DIELECTRIC|DENSIFY DIELECTRIC|MEASURE DIELECTRIC THICKNESS|CMP DIELECTRIC|MEASURE PLANARITY|SPIN COAT PHOTORESIST|SOFT BAKE|ALIGN MASK LEVEL 5|EXPOSE LITHO LEVEL 5|DEVELOP PHOTORESIST|VIA OPENING INSPECTION|VIA ETCH|STRIP PHOTORESIST|CLEAN AFTER VIA ETCH|MEASURE VIA CD|DEPOSIT BARRIER METAL|DEPOSIT METAL SEED|FILL VIA METAL|CMP METAL|MEASURE VIA RESISTANCE|DEPOSIT TOP METAL|ANNEAL METAL 1|MEASURE METAL THICKNESS|SPIN COAT PHOTORESIST|SOFT BAKE|ALIGN MASK LEVEL 6|EXPOSE LITHO LEVEL 6|DEVELOP PHOTORESIST|METAL PATTERN INSPECTION|METAL ETCH DRY|STRIP RESIST|CLEAN AFTER METAL ETCH|MEASURE LINE WIDTH|DEPOSIT PASSIVATION|CURE PASSIVATION|MEASURE PASSIVATION THICKNESS|OPEN PAD WINDOW|OPEN PAD WINDOW LITHO|DEVELOP PHOTORESIST|PASSIVATION ETCH|STRIP PHOTORESIST|CLEAN PAD OPENING|MEASURE PAD OPENING|BACKSIDE GRIND|MEASURE WAFER THICKNESS|BACKSIDE ETCH CLEAN|BACKSIDE RINSE|BACKSIDE DRY|BACKSIDE METALLIZATION PREP|DEPOSIT BACKSIDE METAL|BACKSIDE ANNEAL|MEASURE BACKSIDE CONTACT|FINAL CLEAN|FINAL THICKNESS MEASURE|FINAL GEOMETRY CHECK|FINAL CD INSPECTION|FINAL PARTICLE INSPECTION|PARAMETRIC TEST|LEAKAGE TEST|BREAKDOWN VOLTAGE TEST|SWITCHING TEST|SHIP LOT|YIELD ANALYSIS|LOT RELEASE|WAFER SORT TEST,RULE_SHIP_BEFORE_TEST
anomaly_0426,IC,RECEIVE WAFER LOT|LOT IDENTIFICATION|PRE CLEAN INSPECTION|MEASURE INITIAL THICKNESS|MEASURE SURFACE DEFECTS|WAFER CLEAN PRE PROCESS|BACKSIDE CLEAN|WET CLEAN RCA1|RCA CLEAN 2|HF DIP|DRY WAFER|WAFER CLEAN PRE-GRIND|GRINDING WAFER BACKSIDE|MEASURE GEOMETRY|ETCH WET BACKSIDE|RINSE WET WAFER_EDGE|DRY WAFER BACKSIDE|BACKSIDE CLEAN|MEASURE BACKSIDE ROUGHNESS|THERMAL OXIDATION|MEASURE OXIDE THICKNESS|WET CLEAN RCA1|RCA CLEAN 2|HF DIP|OXIDE STRIP|SURFACE PREP FOR DEPOSITION|DEPOSIT PAD OXIDE|ANNEAL OXIDE|MEASURE OXIDE THICKNESS|SPIN COAT PHOTORESIST|SOFT BAKE|ALIGN MASK LEVEL 1|EXPOSE LITHO LEVEL 1|POST EXPOSE BAKE|INSPECT PATTERN LEVEL 1|HARD BAKE|OXIDE ETCH DRY|STRIP RESIST|CLEAN AFTER ETCH|MEASURE CD LEVEL 1|DEPOSIT POLYSILICON|ANNEAL POLYSILICON|SPIN COAT PHOTORESIST|SOFT BAKE|ALIGN MASK LEVEL 2|EXPOSE LITHO LEVEL 2|DEVELOP PHOTORESIST|PATTERN INSPECTION LEVEL 2|HARD BAKE|POLYSILICON ETCH DRY|STRIP RESIST LEVEL 2|CLEAN AFTER POLY ETCH|IMPLANT N-TYPE|RAPID THERMAL ANNEAL|DEPOSIT INTERLEVEL DIELECTRIC|DENSIFY OXIDE|MEASURE DIELECTRIC THICKNESS|CMP DIELECTRIC|MEASURE SURFACE PLANARITY|SPIN COAT PHOTORESIST|SOFT BAKE|ALIGN MASK LEVEL 3|EXPOSE LITHO LEVEL 3|DEVELOP PHOTORESIST|VIA INSPECTION|VIA ETCH THROUGH DIELECTRIC|STRIP RESIST|CLEAN AFTER VIA ETCH|MEASURE VIA CD|DEPOSIT BARRIER METAL|DEPOSIT TUNGSTEN SEED|FILL VIA TUNGSTEN|CMP METAL|MEASURE CONTACT RESISTANCE|DEPOSIT METAL 1|ANNEAL METAL|MEASURE METAL THICKNESS|SPIN COAT PHOTORESIST|SOFT BAKE|ALIGN MASK LEVEL 4|EXPOSE LITHO LEVEL 4|DEVELOP PHOTORESIST|METAL PATTERN INSPECTION|HARD BAKE|METAL ETCH DRY|STRIP PHOTORESIST|CLEAN AFTER METAL ETCH|MEASURE LINE WIDTH|DEPOSIT PASSIVATION LAYER|CURE PASSIVATION|MEASURE PASSIVATION QUALITY|OPEN BOND PAD WINDOW|PAD WINDOW LITHO|DEVELOP PHOTORESIST|PASSIVATION ETCH PAD OPENING|STRIP RESIST|CLEAN PAD OPENING|MEASURE PAD OPENING|BACKSIDE THINNING CHECK|BACKSIDE CLEAN|DEPOSIT BACKSIDE PROTECTION|BACKSIDE ANNEAL|FRONTSIDE CLEAN FINAL|FINAL CLEAN|FINAL THICKNESS MEASURE|FINAL GEOMETRY CHECK|FINAL CD INSPECTION|FINAL PARTICLE INSPECTION|PARAMETRIC TEST|LEAKAGE TEST|SWITCHING TEST|WAFER SORT TEST|YIELD ANALYSIS|FINAL LOT RELEASE|PACKAGE PREPARATION|SHIP LOT,RULE_ETCH_NO_MASK
anomaly_0947,MOSFET,RECEIVE WAFER LOT|LOT IDENTIFICATION|INITIAL WAFER INSPECTION|MEASURE THICKNESS|MEASURE SURFACE PARTICLES|PRE CLEAN WAFER|RCA CLEAN 1|RCA CLEAN 2|HF DIP|SUBSTRATE CHECK|EPITAXY PREP|EPITAXIAL DEPOSITION|MEASURE EPITAXY THICKNESS|MEASURE RESISTIVITY|EPITAXY ANNEAL|WAFER SURFACE CLEAN|THERMAL OXIDATION|MEASURE OXIDE THICKNESS|SPIN COAT PHOTORESIST|SOFT BAKE|ALIGN MASK LEVEL 1|EXPOSE LITHO LEVEL 1|POST EXPOSE BAKE|DEVELOP PHOTORESIST|PATTERN INSPECTION LEVEL 1|OXIDE ETCH|STRIP RESIST|CLEAN AFTER ETCH|MEASURE OPENING CD|IMPLANT WELL|DRIVE IN DIFFUSION|RAPID THERMAL ANNEAL|MEASURE JUNCTION DEPTH|THERMAL OXIDATION|GATE OXIDE PREP|GATE OXIDE GROWTH|MEASURE GATE OXIDE THICKNESS|DEPOSIT POLYSILICON|POLYSILICON ANNEAL|SPIN COAT PHOTORESIST|SOFT BAKE|ALIGN MASK LEVEL 2|EXPOSE LITHO LEVEL 2|DEVELOP PHOTORESIST|POLY PATTERN INSPECTION|POLYSILICON ETCH|STRIP PHOTORESIST|CLEAN AFTER POLY ETCH|MEASURE GATE CD|IMPLANT SOURCE DRAIN|PRE ANNEAL CHECK|LIGHT ANNEAL|MEASURE SHEET RESISTANCE|DEPOSIT SPACER DIELECTRIC|ANISOTROPIC ETCH SPACER|MEASURE SPACER WIDTH|IMPLANT LDD|PRE ANNEAL CHECK|RAPID THERMAL ANNEAL|DEPOSIT INTERLAYER DIELECTRIC|DENSIFY OXIDE|MEASURE DIELECTRIC THICKNESS|CMP INTERLAYER DIELECTRIC|MEASURE PLANARITY|SPIN COAT PHOTORESIST|SOFT BAKE|ALIGN MASK LEVEL 3|EXPOSE LITHO LEVEL 3|DEVELOP PHOTORESIST|VIA OPENING INSPECTION|VIA ETCH|STRIP PHOTORESIST|CLEAN AFTER VIA ETCH|MEASURE VIA CD|DEPOSIT BARRIER METAL|DEPOSIT METAL SEED|FILL VIA METAL|CMP VIA FILL|MEASURE VIA RESISTANCE|DEPOSIT TOP METAL|ANNEAL METAL|MEASURE METAL THICKNESS|SPIN COAT PHOTORESIST|SOFT BAKE|ALIGN MASK LEVEL 4|EXPOSE LITHO LEVEL 4|DEVELOP PHOTORESIST|METAL PATTERN INSPECTION|HARD BAKE|METAL ETCH|STRIP RESIST|CLEAN AFTER METAL ETCH|MEASURE LINE WIDTH|DEPOSIT PASSIVATION|SWITCHING TEST|CURE PASSIVATION|MEASURE PASSIVATION THICKNESS|OPEN BOND PAD WINDOW|PAD WINDOW LITHO|DEVELOP PHOTORESIST|PASSIVATION ETCH PAD OPENING|STRIP PHOTORESIST|CLEAN PAD OPENING|MEASURE PAD OPENING|BACKSIDE CLEAN|BACKSIDE GRIND|MEASURE WAFER THICKNESS|BACKSIDE ETCH CLEAN|BACKSIDE RINSE|BACKSIDE DRY|BACKSIDE METALLIZATION PREP|DEPOSIT BACKSIDE METAL|BACKSIDE ANNEAL|MEASURE BACKSIDE CONTACT|FINAL CLEAN|FINAL THICKNESS MEASURE|FINAL CD INSPECTION|FINAL PARTICLE INSPECTION|PARAMETRIC TEST|LEAKAGE TEST|THRESHOLD VOLTAGE TEST|WAFER SORT TEST|YIELD ANALYSIS|FINAL LOT RELEASE|SHIP LOT,RULE_TEST_BEFORE_PASSIVATION
anomaly_0237,MOSFET,RECEIVE WAFER LOT|LOT IDENTIFICATION|PRE CLEAN INSPECTION|MEASURE THICKNESS|MEASURE SURFACE PARTICLES|PRE CLEAN WAFER|BACKSIDE CLEAN|FRONTSIDE CLEAN|RCA CLEAN 1|WET CLEAN RCA2|HF DIP|DRY WAFER|SUBSTRATE CHECK|EPITAXY PREP|EPITAXIAL DEPOSITION|MEASURE EPITAXY THICKNESS|MEASURE RESISTIVITY|EPITAXY ANNEAL|WAFER SURFACE CLEAN|THERMAL OXIDATION|MEASURE OXIDE THICKNESS|SPIN COAT PHOTORESIST|SOFT BAKE|ALIGN MASK LEVEL 1|EXPOSE LITHO LEVEL 1|DEVELOP PHOTORESIST|PATTERN INSPECTION LEVEL 1|HARD BAKE|OXIDE ETCH|STRIP PHOTORESIST|CLEAN AFTER ETCH|MEASURE OPENING CD|IMPLANT WELL|PRE ANNEAL CHECK|DRIVE IN DIFFUSION|RAPID THERMAL ANNEAL|THERMAL OXIDATION|GATE OXIDE PREP|GATE OXIDE GROWTH|MEASURE GATE OXIDE THICKNESS|DEPOSIT POLYSILICON|POLYSILICON ANNEAL|MEASURE POLY THICKNESS|SPIN COAT PHOTORESIST|SOFT BAKE|ALIGN MASK LEVEL 2|EXPOSE LITHO LEVEL 2|POST EXPOSE BAKE|DEVELOP PHOTORESIST|POLY PATTERN INSPECTION|POLYSILICON ETCH|STRIP RESIST|CLEAN AFTER POLY ETCH|MEASURE GATE CD|IMPLANT SOURCE DRAIN|PRE ANNEAL CHECK|LIGHT ANNEAL|DEPOSIT SPACER DIELECTRIC|ANISOTROPIC ETCH SPACER|MEASURE SPACER WIDTH|IMPLANT LDD|PRE ANNEAL CHECK|RAPID THERMAL ANNEAL|MEASURE JUNCTION PROFILE|DENSIFY OXIDE|MEASURE DIELECTRIC THICKNESS|CMP DIELECTRIC|MEASURE SURFACE PLANARITY|SPIN COAT PHOTORESIST|SOFT BAKE|ALIGN MASK LEVEL 3|EXPOSE LITHO LEVEL 3|POST EXPOSE BAKE|DEVELOP PHOTORESIST|VIA INSPECTION|VIA ETCH THROUGH DIELECTRIC|STRIP RESIST|CLEAN AFTER VIA ETCH|MEASURE VIA CD|DEPOSIT BARRIER METAL|DEPOSIT METAL SEED|FILL VIA METAL|CMP VIA FILL|MEASURE VIA RESISTANCE|DEPOSIT METAL 1|ANNEAL METAL|SPIN COAT PHOTORESIST|SOFT BAKE|ALIGN MASK LEVEL 4|EXPOSE LITHO LEVEL 4|DEVELOP PHOTORESIST|METAL PATTERN INSPECTION|HARD BAKE|METAL ETCH|STRIP RESIST|CLEAN AFTER METAL ETCH|DEPOSIT PASSIVATION|CURE PASSIVATION|MEASURE PASSIVATION THICKNESS|OPEN BOND PAD WINDOW|PAD WINDOW LITHO|DEVELOP PHOTORESIST|PASSIVATION ETCH|STRIP RESIST|CLEAN PAD OPENING|MEASURE PAD OPENING|BACKSIDE CLEAN|BACKSIDE GRIND|MEASURE THICKNESS|BACKSIDE ETCH CLEAN|BACKSIDE RINSE|BACKSIDE DRY|BACKSIDE METALLIZATION PREP|DEPOSIT BACKSIDE METAL|BACKSIDE ANNEAL|MEASURE BACKSIDE CONTACT|FINAL CLEAN|FINAL THICKNESS MEASURE|FINAL PARTICLE INSPECTION|ELECTRICAL PARAMETRIC TEST|LEAKAGE TEST|THRESHOLD VOLTAGE TEST|SWITCHING TEST|WAFER SORT TEST|YIELD ANALYSIS|LOT RELEASE|SHIP LOT,RULE_CMP_NO_DEP
anomaly_0871,MOSFET,RECEIVE WAFER LOT|LOT IDENTIFICATION|INITIAL WAFER INSPECTION|MEASURE THICKNESS|MEASURE SURFACE PARTICLES|SUBSTRATE CHECK|EPITAXY PREP|EPITAXIAL DEPOSITION|MEASURE EPITAXY THICKNESS|MEASURE RESISTIVITY|EPITAXY ANNEAL|WAFER SURFACE CLEAN|THERMAL OXIDATION|MEASURE OXIDE THICKNESS|SPIN COAT PHOTORESIST|SOFT BAKE|ALIGN MASK LEVEL 1|EXPOSE LITHO LEVEL 1|DEVELOP PHOTORESIST|PATTERN INSPECTION LEVEL 1|OXIDE ETCH|STRIP PHOTORESIST|CLEAN AFTER ETCH|IMPLANT WELL|DRIVE IN DIFFUSION|RAPID THERMAL ANNEAL|THERMAL OXIDATION|GATE OXIDE PREP|GATE OXIDE GROWTH|MEASURE GATE OXIDE THICKNESS|DEPOSIT POLYSILICON|POLYSILICON ANNEAL|MEASURE POLY THICKNESS|SPIN COAT PHOTORESIST|SOFT BAKE|ALIGN MASK LEVEL 2|EXPOSE LITHO LEVEL 2|DEVELOP PHOTORESIST|POLY PATTERN INSPECTION|POLYSILICON ETCH|STRIP PHOTORESIST|CLEAN AFTER POLY ETCH|MEASURE GATE CD|IMPLANT SOURCE DRAIN|PRE ANNEAL CHECK|LIGHT ANNEAL|MEASURE SHEET RESISTANCE|DEPOSIT SPACER DIELECTRIC|ANISOTROPIC ETCH SPACER|MEASURE SPACER WIDTH|IMPLANT LDD|RAPID THERMAL ANNEAL|MEASURE JUNCTION PROFILE|DEPOSIT INTERLEVEL DIELECTRIC|DENSIFY OXIDE|MEASURE DIELECTRIC THICKNESS|CMP DIELECTRIC|MEASURE SURFACE PLANARITY|SPIN COAT PHOTORESIST|SOFT BAKE|ALIGN MASK LEVEL 3|EXPOSE LITHO LEVEL 3|POST EXPOSE BAKE|DEVELOP PHOTORESIST|VIA INSPECTION|VIA ETCH THROUGH DIELECTRIC|STRIP RESIST|CLEAN AFTER VIA ETCH|MEASURE VIA CD|DEPOSIT BARRIER METAL|DEPOSIT METAL SEED|FILL VIA METAL|CMP VIA FILL|DEPOSIT METAL 1|ANNEAL METAL 1|SPIN COAT PHOTORESIST|SOFT BAKE|ALIGN MASK LEVEL 4|EXPOSE LITHO LEVEL 4|DEVELOP PHOTORESIST|METAL PATTERN INSPECTION|METAL ETCH|STRIP PHOTORESIST|CLEAN AFTER METAL ETCH|MEASURE LINE WIDTH|DEPOSIT PASSIVATION|CURE PASSIVATION|MEASURE PASSIVATION THICKNESS|OPEN BOND PAD WINDOW|OPEN PAD WINDOW LITHO|DEVELOP PAD WINDOW|PASSIVATION ETCH|STRIP PHOTORESIST|CLEAN PAD OPENING|MEASURE PAD OPENING|BACKSIDE CLEAN|BACKSIDE GRIND|MEASURE WAFER THICKNESS|BACKSIDE ETCH CLEAN|BACKSIDE RINSE|BACKSIDE DRY|BACKSIDE METALLIZATION PREP|DEPOSIT BACKSIDE METAL|BACKSIDE ANNEAL|MEASURE BACKSIDE CONTACT|FINAL CLEAN|FINAL THICKNESS MEASURE|FINAL GEOMETRY CHECK|FINAL PARTICLE INSPECTION|ELECTRICAL PARAMETRIC TEST|LEAKAGE TEST|THRESHOLD VOLTAGE TEST|SWITCHING TEST|WAFER SORT TEST|YIELD ANALYSIS|FINAL LOT RELEASE|SHIP LOT,RULE_DEP_NO_CLEAN
anomaly_0560,MOSFET,RECEIVE WAFER LOT|LOT IDENTIFICATION|PRE CLEAN INSPECTION|MEASURE THICKNESS|MEASURE SURFACE PARTICLES|PRE CLEAN WAFER|BACKSIDE CLEAN|RCA CLEAN 1|RCA CLEAN 2|HF DIP|SUBSTRATE CHECK|EPITAXY PREP|EPITAXIAL DEPOSITION|MEASURE EPITAXY THICKNESS|MEASURE RESISTIVITY|EPITAXY ANNEAL|WAFER SURFACE CLEAN|THERMAL OXIDATION|MEASURE OXIDE THICKNESS|SPIN COAT PHOTORESIST|SOFT BAKE|ALIGN MASK LEVEL 1|EXPOSE LITHO LEVEL 1|DEVELOP PHOTORESIST|PATTERN INSPECTION LEVEL 1|OXIDE ETCH|STRIP PHOTORESIST|CLEAN AFTER ETCH|MEASURE OPENING CD|IMPLANT WELL|DRIVE IN DIFFUSION|RAPID THERMAL ANNEAL|MEASURE JUNCTION DEPTH|THERMAL OXIDATION|GATE OXIDE PREP|GATE OXIDE GROWTH|MEASURE GATE OXIDE THICKNESS|DEPOSIT POLYSILICON|POLYSILICON ANNEAL|MEASURE POLY THICKNESS|SPIN COAT PHOTORESIST|SOFT BAKE|ALIGN MASK LEVEL 2|EXPOSE LITHO LEVEL 2|DEVELOP PHOTORESIST|POLY PATTERN INSPECTION|POLYSILICON ETCH|STRIP RESIST|CLEAN AFTER POLY ETCH|MEASURE GATE CD|IMPLANT SOURCE DRAIN|PRE ANNEAL CHECK|LIGHT ANNEAL|MEASURE SHEET RESISTANCE|DEPOSIT SPACER DIELECTRIC|ANISOTROPIC ETCH SPACER|MEASURE SPACER WIDTH|IMPLANT LDD|RAPID THERMAL ANNEAL|MEASURE JUNCTION PROFILE|DEPOSIT INTERLAYER DIELECTRIC|DENSIFY OXIDE|MEASURE FILM THICKNESS|CMP DIELECTRIC|MEASURE SURFACE PLANARITY|SPIN COAT PHOTORESIST|SOFT BAKE|ALIGN MASK LEVEL 3|EXPOSE LITHO LEVEL 3|DEVELOP PHOTORESIST|VIA INSPECTION|HARD BAKE|DIELECTRIC ETCH VIA|STRIP PHOTORESIST|CLEAN AFTER VIA ETCH|MEASURE VIA CD|CMP METAL|DEPOSIT METAL 1|ANNEAL METAL 1|MEASURE METAL THICKNESS|SPIN COAT PHOTORESIST|SOFT BAKE|ALIGN MASK LEVEL 4|EXPOSE LITHO LEVEL 4|DEVELOP PHOTORESIST|METAL PATTERN INSPECTION|METAL ETCH|STRIP PHOTORESIST|CLEAN AFTER METAL ETCH|DEPOSIT PASSIVATION|CURE PASSIVATION|MEASURE PASSIVATION QUALITY|OPEN BOND PAD WINDOW|PAD WINDOW LITHO|DEVELOP PAD WINDOW|PASSIVATION ETCH PAD OPENING|STRIP PHOTORESIST|CLEAN PAD OPENING|MEASURE PAD OPENING|BACKSIDE CLEAN|BACKSIDE GRIND|MEASURE WAFER THICKNESS|BACKSIDE ETCH CLEAN|BACKSIDE RINSE|BACKSIDE DRY|BACKSIDE METALLIZATION PREP|DEPOSIT BACKSIDE METAL|BACKSIDE ANNEAL|MEASURE BACKSIDE CONTACT|FINAL CLEAN|FINAL THICKNESS MEASURE|FINAL GEOMETRY CHECK|FINAL CD INSPECTION|FINAL PARTICLE INSPECTION|PARAMETRIC TEST|LEAKAGE TEST|THRESHOLD VOLTAGE TEST|SWITCHING TEST|WAFER SORT TEST|YIELD ANALYSIS|LOT RELEASE|SHIP LOT,RULE_CMP_NO_DEP
anomaly_0202,IC,RECEIVE WAFER LOT|LOT IDENTIFICATION|PRE CLEAN INSPECTION|MEASURE INITIAL GEOMETRY|MEASURE SURFACE DEFECTS|WAFER CLEAN PRE PROCESS|BACKSIDE CLEAN|RCA CLEAN 1|RCA CLEAN 2|HF DIP|WAFER CLEAN PRE-GRIND|GRINDING WAFER BACKSIDE|MEASURE GEOMETRY|ETCH WET BACKSIDE|RINSE WET WAFER_EDGE|DRY WAFER BACKSIDE|BACKSIDE CLEAN|MEASURE BACKSIDE ROUGHNESS|THERMAL OXIDATION|MEASURE OXIDE THICKNESS|RCA CLEAN 1|WET CLEAN RCA2|HF DIP|OXIDE STRIP|SURFACE PREP FOR DEPOSITION|DEPOSIT PAD OXIDE|ANNEAL OXIDE|MEASURE FILM THICKNESS|SPIN COAT PHOTORESIST|SOFT BAKE|ALIGN MASK LEVEL 1|EXPOSE LITHO LEVEL 1|POST EXPOSE BAKE|DEVELOP PHOTORESIST|INSPECT PATTERN LEVEL 1|HARD BAKE|STRIP PHOTORESIST|CLEAN AFTER ETCH|DEPOSIT POLYSILICON|ANNEAL POLYSILICON|SPIN COAT PHOTORESIST|SOFT BAKE|ALIGN MASK LEVEL 2|EXPOSE LITHO LEVEL 2|PATTERN INSPECTION LEVEL 2|POLYSILICON ETCH DRY|STRIP RESIST|CLEAN AFTER POLY ETCH|MEASURE CD LEVEL 2|IMPLANT N-TYPE|RAPID THERMAL ANNEAL|MEASURE SHEET RESISTANCE|DEPOSIT INTERLEVEL DIELECTRIC|DENSIFY DIELECTRIC|MEASURE FILM THICKNESS|CMP DIELECTRIC|MEASURE PLANARITY|SPIN COAT PHOTORESIST|SOFT BAKE|ALIGN MASK LEVEL 3|EXPOSE LITHO LEVEL 3|POST EXPOSE BAKE|DEVELOP PHOTORESIST|VIA OPENING INSPECTION|VIA ETCH THROUGH DIELECTRIC|STRIP PHOTORESIST|CLEAN AFTER VIA ETCH|DEPOSIT BARRIER METAL|DEPOSIT TUNGSTEN SEED|FILL VIA TUNGSTEN|CMP METAL|MEASURE CONTACT RESISTANCE|DEPOSIT METAL 1|ANNEAL METAL 1|SPIN COAT PHOTORESIST|SOFT BAKE|ALIGN MASK LEVEL 4|EXPOSE LITHO LEVEL 4|DEVELOP PHOTORESIST|METAL PATTERN INSPECTION|HARD BAKE|METAL ETCH DRY|STRIP PHOTORESIST|CLEAN AFTER METAL ETCH|MEASURE LINE WIDTH|DEPOSIT PASSIVATION|CURE PASSIVATION|MEASURE PASSIVATION THICKNESS|OPEN PAD WINDOW|OPEN PAD WINDOW LITHO|DEVELOP PHOTORESIST|PASSIVATION ETCH|STRIP RESIST|CLEAN PAD OPENING|MEASURE PAD OPENING|BACKSIDE CLEAN|DEPOSIT BACKSIDE PROTECTION|BACKSIDE ANNEAL|FRONTSIDE CLEAN FINAL|FINAL CLEAN|FINAL THICKNESS MEASURE|FINAL GEOMETRY CHECK|FINAL CD INSPECTION|FINAL PARTICLE INSPECTION|FINAL ELECTRICAL TEST PREP|ELECTRICAL PARAMETRIC TEST|LEAKAGE TEST|PARAMETRIC TEST|SWITCHING TEST|WAFER SORT TEST|YIELD ANALYSIS|LOT RELEASE|PACKAGE PREPARATION|SHIP LOT,RULE_IMPLANT_NO_MASK
anomaly_0240,MOSFET,RECEIVE WAFER LOT|LOT IDENTIFICATION|INITIAL WAFER INSPECTION|MEASURE THICKNESS|MEASURE SURFACE PARTICLES|PRE CLEAN WAFER|BACKSIDE CLEAN|RCA CLEAN 1|WET CLEAN RCA2|HF DIP|DRY WAFER|SUBSTRATE CHECK|EPITAXY PREP|EPITAXIAL DEPOSITION|MEASURE EPITAXY THICKNESS|MEASURE RESISTIVITY|EPITAXY ANNEAL|WAFER SURFACE CLEAN|THERMAL OXIDATION|MEASURE OXIDE THICKNESS|SPIN COAT PHOTORESIST|SOFT BAKE|ALIGN MASK LEVEL 1|EXPOSE LITHO LEVEL 1|DEVELOP PHOTORESIST|PATTERN INSPECTION LEVEL 1|HARD BAKE|OXIDE ETCH|STRIP RESIST|CLEAN AFTER ETCH|MEASURE OPENING CD|IMPLANT WELL|PRE ANNEAL CHECK|DRIVE IN DIFFUSION|RAPID THERMAL ANNEAL|THERMAL OXIDATION|GATE OXIDE PREP|GATE OXIDE GROWTH|MEASURE GATE OXIDE THICKNESS|DEPOSIT POLYSILICON|POLYSILICON ANNEAL|MEASURE POLY THICKNESS|SPIN COAT PHOTORESIST|SOFT BAKE|ALIGN MASK LEVEL 2|EXPOSE LITHO LEVEL 2|DEVELOP PHOTORESIST|POLY PATTERN INSPECTION|HARD BAKE|POLYSILICON ETCH|STRIP PHOTORESIST|CLEAN AFTER POLY ETCH|MEASURE GATE CD|IMPLANT SOURCE DRAIN|LIGHT ANNEAL|MEASURE SHEET RESISTANCE|DEPOSIT SPACER DIELECTRIC|ANISOTROPIC ETCH SPACER|IMPLANT LDD|PRE ANNEAL CHECK|RAPID THERMAL ANNEAL|MEASURE JUNCTION PROFILE|DEPOSIT INTERLEVEL DIELECTRIC|DENSIFY DIELECTRIC|MEASURE DIELECTRIC THICKNESS|CMP DIELECTRIC|MEASURE PLANARITY|SPIN COAT PHOTORESIST|SOFT BAKE|ALIGN MASK LEVEL 3|EXPOSE LITHO LEVEL 3|DEVELOP PHOTORESIST|VIA INSPECTION|VIA ETCH|STRIP PHOTORESIST|CLEAN AFTER VIA ETCH|MEASURE VIA CD|DEPOSIT BARRIER METAL|DEPOSIT METAL SEED|FILL VIA METAL|CMP METAL|MEASURE CONTACT RESISTANCE|DEPOSIT TOP METAL|ANNEAL METAL 1|SPIN COAT PHOTORESIST|SOFT BAKE|ALIGN MASK LEVEL 4|EXPOSE LITHO LEVEL 4|DEVELOP PHOTORESIST|METAL PATTERN INSPECTION|METAL ETCH|STRIP PHOTORESIST|CLEAN AFTER METAL ETCH|MEASURE LINE WIDTH|DEPOSIT PASSIVATION|DEPOSIT BACKSIDE METAL|CURE PASSIVATION|MEASURE PASSIVATION QUALITY|OPEN BOND PAD WINDOW|PAD WINDOW LITHO|DEVELOP PAD WINDOW|PASSIVATION ETCH|STRIP PHOTORESIST|CLEAN PAD OPENING|MEASURE PAD OPENING|BACKSIDE CLEAN|BACKSIDE GRIND|MEASURE THICKNESS|BACKSIDE ETCH CLEAN|BACKSIDE RINSE|BACKSIDE DRY|BACKSIDE METALLIZATION PREP|BACKSIDE ANNEAL|MEASURE BACKSIDE CONTACT|FINAL CLEAN|FINAL GEOMETRY CHECK|FINAL CD INSPECTION|PARAMETRIC TEST|LEAKAGE TEST|THRESHOLD VOLTAGE TEST|SWITCHING TEST|WAFER SORT TEST|YIELD ANALYSIS|LOT RELEASE|SHIP LOT,RULE_BACKSIDE_BEFORE_PASSIVATION
anomaly_0288,MOSFET,RECEIVE WAFER LOT|LOT IDENTIFICATION|PRE CLEAN INSPECTION|MEASURE THICKNESS|MEASURE SURFACE PARTICLES|PRE CLEAN WAFER|BACKSIDE CLEAN|WET CLEAN RCA1|RCA CLEAN 2|HF DIP|SUBSTRATE CHECK|EPITAXY PREP|EPITAXIAL DEPOSITION|MEASURE EPITAXY THICKNESS|MEASURE RESISTIVITY|EPITAXY ANNEAL|WAFER SURFACE CLEAN|THERMAL OXIDATION|MEASURE OXIDE THICKNESS|SPIN COAT PHOTORESIST|SOFT BAKE|ALIGN MASK LEVEL 1|EXPOSE LITHO LEVEL 1|POST EXPOSE BAKE|DEVELOP PHOTORESIST|PATTERN INSPECTION LEVEL 1|OXIDE ETCH|STRIP RESIST|CLEAN AFTER ETCH|MEASURE OPENING CD|IMPLANT WELL|PRE ANNEAL CHECK|DRIVE IN DIFFUSION|RAPID THERMAL ANNEAL|MEASURE JUNCTION DEPTH|THERMAL OXIDATION|GATE OXIDE PREP|GATE OXIDE GROWTH|MEASURE GATE OXIDE THICKNESS|DEPOSIT POLYSILICON|POLYSILICON ANNEAL|MEASURE POLY THICKNESS|SPIN COAT PHOTORESIST|SOFT BAKE|ALIGN MASK LEVEL 2|EXPOSE LITHO LEVEL 2|POST EXPOSE BAKE|DEVELOP PHOTORESIST|POLY PATTERN INSPECTION|POLYSILICON ETCH|STRIP PHOTORESIST|CLEAN AFTER POLY ETCH|MEASURE GATE CD|IMPLANT SOURCE DRAIN|PRE ANNEAL CHECK|LIGHT ANNEAL|DEPOSIT SPACER DIELECTRIC|ANISOTROPIC ETCH SPACER|IMPLANT LDD|PRE ANNEAL CHECK|RAPID THERMAL ANNEAL|DEPOSIT INTERLAYER DIELECTRIC|DENSIFY OXIDE|MEASURE DIELECTRIC THICKNESS|CMP INTERLAYER DIELECTRIC|MEASURE PLANARITY|SPIN COAT PHOTORESIST|SOFT BAKE|DEVELOP PHOTORESIST|VIA OPENING INSPECTION|DIELECTRIC ETCH VIA|STRIP RESIST|CLEAN AFTER VIA ETCH|DEPOSIT BARRIER METAL|DEPOSIT METAL SEED|FILL VIA METAL|CMP VIA FILL|DEPOSIT METAL 1|ANNEAL METAL 1|SPIN COAT PHOTORESIST|SOFT BAKE|ALIGN MASK LEVEL 4|EXPOSE LITHO LEVEL 4|POST EXPOSE BAKE|DEVELOP PHOTORESIST|METAL PATTERN INSPECTION|HARD BAKE|METAL ETCH|STRIP PHOTORESIST|CLEAN AFTER METAL ETCH|MEASURE LINE WIDTH|DEPOSIT PASSIVATION LAYER|CURE PASSIVATION|MEASURE PASSIVATION THICKNESS|OPEN BOND PAD WINDOW|OPEN PAD WINDOW LITHO|DEVELOP PAD WINDOW|PASSIVATION ETCH PAD OPENING|STRIP RESIST|CLEAN PAD OPENING|MEASURE PAD OPENING|BACKSIDE CLEAN|BACKSIDE GRIND|MEASURE THICKNESS|BACKSIDE ETCH CLEAN|BACKSIDE RINSE|BACKSIDE DRY|BACKSIDE METALLIZATION PREP|DEPOSIT BACKSIDE METAL|BACKSIDE ANNEAL|MEASURE BACKSIDE CONTACT|FINAL CLEAN|FINAL GEOMETRY CHECK|FINAL PARTICLE INSPECTION|ELECTRICAL PARAMETRIC TEST|LEAKAGE TEST|THRESHOLD VOLTAGE TEST|SWITCHING TEST|WAFER SORT TEST|YIELD ANALYSIS|LOT RELEASE|SHIP LOT,RULE_LITHO_LEVEL_SKIP
anomaly_0477,IGBT,RECEIVE WAFER LOT|LOT IDENTIFICATION|PRE CLEAN INSPECTION|MEASURE INITIAL THICKNESS|MEASURE SURFACE PARTICLES|PRE CLEAN WAFER|BACKSIDE CLEAN|FRONTSIDE CLEAN|RCA CLEAN 1|RCA CLEAN 2|HF DIP|DRY WAFER|EPITAXIAL WAFER CHECK|MEASURE EPITAXY THICKNESS|MEASURE RESISTIVITY|EPITAXIAL LAYER PREP|THERMAL OXIDATION|MEASURE OXIDE THICKNESS|SPIN COAT PHOTORESIST|SOFT BAKE|ALIGN MASK LEVEL 1|EXPOSE LITHO LEVEL 1|POST EXPOSE BAKE|DEVELOP PHOTORESIST|INSPECT PATTERN LEVEL 1|OXIDE ETCH DRY|STRIP RESIST|CLEAN AFTER OXIDE ETCH|MEASURE OPENING CD|IMPLANT P BODY|DRIVE IN DIFFUSION|RAPID THERMAL ANNEAL|MEASURE JUNCTION DEPTH|THERMAL OXIDATION|SPIN COAT PHOTORESIST|SOFT BAKE|ALIGN MASK LEVEL 2|EXPOSE LITHO LEVEL 2|P BODY WINDOW INSPECTION|STRIP PHOTORESIST|CLEAN AFTER WINDOW ETCH|MEASURE WINDOW CD|IMPLANT N BUFFER|PRE ANNEAL CHECK|RAPID THERMAL ANNEAL|MEASURE SHEET RESISTANCE|DEPOSIT FIELD OXIDE|DENSIFY OXIDE|MEASURE FILM THICKNESS|SPIN COAT PHOTORESIST|SOFT BAKE|ALIGN MASK LEVEL 3|EXPOSE LITHO LEVEL 3|POST EXPOSE BAKE|DEVELOP PHOTORESIST|FIELD PATTERN INSPECTION|FIELD OXIDE ETCH|STRIP RESIST|CLEAN AFTER FIELD ETCH|IMPLANT SOURCE REGION|IMPLANT DRAIN / CATHODE REGION|PRE ANNEAL CHECK|RAPID THERMAL ANNEAL|MEASURE SHEET RESISTANCE|DEPOSIT GATE OXIDE OR DIELECTRIC|ANNEAL DIELECTRIC|DEPOSIT POLYSILICON|POLYSILICON ANNEAL|MEASURE POLY THICKNESS|SPIN COAT PHOTORESIST|SOFT BAKE|ALIGN MASK LEVEL 4|EXPOSE LITHO LEVEL 4|DEVELOP PHOTORESIST|POLY PATTERN INSPECTION|POLYSILICON ETCH DRY|STRIP RESIST|CLEAN AFTER POLY ETCH|MEASURE GATE CD|IMPLANT CHANNEL STOP|RAPID THERMAL ANNEAL|MEASURE DEVICE PARAMETER|DEPOSIT INTERLEVEL DIELECTRIC|DENSIFY DIELECTRIC|MEASURE DIELECTRIC THICKNESS|CMP INTERLAYER DIELECTRIC|MEASURE PLANARITY|SPIN COAT PHOTORESIST|SOFT BAKE|ALIGN MASK LEVEL 5|EXPOSE LITHO LEVEL 5|DEVELOP PHOTORESIST|VIA OPENING INSPECTION|VIA ETCH|STRIP RESIST|CLEAN AFTER VIA ETCH|DEPOSIT BARRIER METAL|DEPOSIT METAL SEED|FILL VIA METAL|CMP METAL|MEASURE CONTACT RESISTANCE|DEPOSIT TOP METAL|ANNEAL METAL 1|MEASURE METAL THICKNESS|SPIN COAT PHOTORESIST|SOFT BAKE|ALIGN MASK LEVEL 6|EXPOSE LITHO LEVEL 6|DEVELOP PHOTORESIST|METAL PATTERN INSPECTION|METAL ETCH DRY|STRIP PHOTORESIST|CLEAN AFTER METAL ETCH|MEASURE LINE WIDTH|DEPOSIT PASSIVATION|CURE PASSIVATION|MEASURE PASSIVATION QUALITY|OPEN BOND PAD WINDOW|OPEN PAD WINDOW LITHO|DEVELOP PAD WINDOW|PASSIVATION ETCH PAD OPENING|STRIP PHOTORESIST|CLEAN PAD OPENING|MEASURE PAD OPENING|BACKSIDE GRIND|MEASURE WAFER THICKNESS|BACKSIDE ETCH CLEAN|BACKSIDE RINSE|BACKSIDE DRY|BACKSIDE METALLIZATION PREP|DEPOSIT BACKSIDE METAL|BACKSIDE ANNEAL|MEASURE BACKSIDE CONTACT|FINAL CLEAN|FINAL THICKNESS MEASURE|FINAL GEOMETRY CHECK|FINAL CD INSPECTION|FINAL PARTICLE INSPECTION|ELECTRICAL PARAMETRIC TEST|LEAKAGE TEST|BREAKDOWN VOLTAGE TEST|SWITCHING TEST|YIELD ANALYSIS|WAFER SORT TEST|LOT RELEASE|SHIP LOT,RULE_IMPLANT_NO_MASK
anomaly_0596,IC,RECEIVE WAFER LOT|LOT IDENTIFICATION|INITIAL WAFER INSPECTION|MEASURE INITIAL THICKNESS|WAFER CLEAN PRE PROCESS|WET CLEAN RCA1|RCA CLEAN 2|HF DIP|WAFER CLEAN PRE-GRIND|GRINDING WAFER BACKSIDE|MEASURE GEOMETRY|ETCH WET BACKSIDE|RINSE WET WAFER_EDGE|DRY WAFER BACKSIDE|BACKSIDE CLEAN|MEASURE BACKSIDE ROUGHNESS|THERMAL OXIDATION|MEASURE OXIDE THICKNESS|WET CLEAN RCA1|WET CLEAN RCA2|HF DIP|OXIDE STRIP|SURFACE PREP FOR DEPOSITION|DEPOSIT PAD OXIDE|ANNEAL OXIDE|MEASURE FILM THICKNESS|SPIN COAT PHOTORESIST|SOFT BAKE|ALIGN MASK LEVEL 1|EXPOSE LITHO LEVEL 1|DEVELOP PHOTORESIST|INSPECT PATTERN LEVEL 1|HARD BAKE|OXIDE ETCH DRY|STRIP RESIST|CLEAN AFTER ETCH|DEPOSIT POLYSILICON|ANNEAL POLYSILICON|SPIN COAT PHOTORESIST|SOFT BAKE|ALIGN MASK LEVEL 2|EXPOSE LITHO LEVEL 2|DEVELOP PHOTORESIST|PATTERN INSPECTION LEVEL 2|HARD BAKE|POLYSILICON ETCH DRY|STRIP RESIST LEVEL 2|CLEAN AFTER POLY ETCH|IMPLANT N-TYPE|PRE ANNEAL CHECK|RAPID THERMAL ANNEAL|MEASURE SHEET RESISTANCE|DEPOSIT INTERLAYER DIELECTRIC|DENSIFY DIELECTRIC|MEASURE DIELECTRIC THICKNESS|CMP INTERLAYER DIELECTRIC|MEASURE SURFACE PLANARITY|SPIN COAT PHOTORESIST|SOFT BAKE|ALIGN MASK LEVEL 3|EXPOSE LITHO LEVEL 3|DEVELOP PHOTORESIST|VIA OPENING INSPECTION|HARD BAKE|VIA ETCH THROUGH DIELECTRIC|STRIP PHOTORESIST|CLEAN AFTER VIA ETCH|MEASURE VIA CD|DEPOSIT BARRIER METAL|DEPOSIT TUNGSTEN SEED|FILL VIA TUNGSTEN|CMP METAL|MEASURE CONTACT RESISTANCE|DEPOSIT METAL 1|ANNEAL METAL|MEASURE METAL THICKNESS|SPIN COAT PHOTORESIST|SOFT BAKE|ALIGN MASK LEVEL 4|EXPOSE LITHO LEVEL 4|DEVELOP PHOTORESIST|METAL PATTERN INSPECTION|METAL ETCH DRY|STRIP RESIST|CLEAN AFTER METAL ETCH|MEASURE LINE WIDTH|OPEN BOND PAD WINDOW|DEPOSIT PASSIVATION|CURE PASSIVATION|MEASURE PASSIVATION QUALITY|OPEN PAD WINDOW LITHO|DEVELOP PHOTORESIST|PASSIVATION ETCH|STRIP PHOTORESIST|CLEAN PAD OPENING|MEASURE PAD OPENING|BACKSIDE THINNING CHECK|BACKSIDE CLEAN FINAL|DEPOSIT BACKSIDE PROTECTION|BACKSIDE ANNEAL|FRONTSIDE CLEAN FINAL|FINAL CLEAN|FINAL THICKNESS MEASURE|FINAL GEOMETRY CHECK|FINAL PARTICLE INSPECTION|FINAL ELECTRICAL TEST PREP|ELECTRICAL PARAMETRIC TEST|LEAKAGE TEST|THRESHOLD VOLTAGE TEST|SWITCHING TEST|WAFER SORT TEST|YIELD ANALYSIS|FINAL LOT RELEASE|PACKAGE PREPARATION|SHIP LOT,RULE_PAD_OPEN_BEFORE_DEP
anomaly_0452,IGBT,RECEIVE WAFER LOT|LOT IDENTIFICATION|PRE CLEAN INSPECTION|MEASURE INITIAL THICKNESS|PRE CLEAN WAFER|BACKSIDE CLEAN|FRONTSIDE CLEAN|RCA CLEAN 1|WET CLEAN RCA2|HF DIP|DRY WAFER|EPITAXIAL WAFER CHECK|MEASURE EPITAXY THICKNESS|MEASURE RESISTIVITY|EPITAXIAL REWORK CHECK|EPITAXIAL LAYER PREP|THERMAL OXIDATION|MEASURE OXIDE THICKNESS|SPIN COAT PHOTORESIST|SOFT BAKE|ALIGN MASK LEVEL 1|EXPOSE LITHO LEVEL 1|DEVELOP PHOTORESIST|INSPECT PATTERN LEVEL 1|OXIDE ETCH DRY|STRIP RESIST|CLEAN AFTER OXIDE ETCH|IMPLANT P BODY|DRIVE IN DIFFUSION|RAPID THERMAL ANNEAL|THERMAL OXIDATION|SPIN COAT PHOTORESIST|SOFT BAKE|ALIGN MASK LEVEL 2|EXPOSE LITHO LEVEL 2|POST EXPOSE BAKE|DEVELOP PHOTORESIST|P BODY WINDOW INSPECTION|ETCH SILICON OR OXIDE WINDOW|STRIP RESIST|CLEAN AFTER WINDOW ETCH|IMPLANT N BUFFER|RAPID THERMAL ANNEAL|MEASURE SHEET RESISTANCE|EPITAXIAL REWORK CHECK|DEPOSIT FIELD OXIDE|DENSIFY OXIDE|MEASURE FILM THICKNESS|SPIN COAT PHOTORESIST|SOFT BAKE|ALIGN MASK LEVEL 3|EXPOSE LITHO LEVEL 3|DEVELOP PHOTORESIST|FIELD PATTERN INSPECTION|FIELD OXIDE ETCH|STRIP PHOTORESIST|CLEAN AFTER FIELD ETCH|IMPLANT SOURCE REGION|IMPLANT DRAIN / CATHODE REGION|PRE ANNEAL CHECK|RAPID THERMAL ANNEAL|MEASURE SHEET RESISTANCE|DEPOSIT GATE OXIDE OR DIELECTRIC|ANNEAL DIELECTRIC|MEASURE OXIDE QUALITY|DEPOSIT POLYSILICON|POLYSILICON ANNEAL|MEASURE POLY THICKNESS|SPIN COAT PHOTORESIST|SOFT BAKE|ALIGN MASK LEVEL 4|EXPOSE LITHO LEVEL 4|DEVELOP PHOTORESIST|POLY PATTERN INSPECTION|POLYSILICON ETCH DRY|STRIP PHOTORESIST|CLEAN AFTER POLY ETCH|IMPLANT CHANNEL STOP|PRE ANNEAL CHECK|RAPID THERMAL ANNEAL|MEASURE DEVICE PARAMETER|DEPOSIT INTERLEVEL DIELECTRIC|DENSIFY DIELECTRIC|MEASURE FILM THICKNESS|CMP DIELECTRIC|MEASURE SURFACE PLANARITY|SPIN COAT PHOTORESIST|SOFT BAKE|ALIGN MASK LEVEL 5|EXPOSE LITHO LEVEL 5|DEVELOP PHOTORESIST|VIA INSPECTION|DIELECTRIC ETCH VIA|STRIP PHOTORESIST|CLEAN AFTER VIA ETCH|MEASURE VIA CD|DEPOSIT BARRIER METAL|DEPOSIT METAL SEED|FILL VIA METAL|CMP METAL|MEASURE VIA RESISTANCE|DEPOSIT METAL 1|ANNEAL METAL|MEASURE METAL THICKNESS|SPIN COAT PHOTORESIST|SOFT BAKE|ALIGN MASK LEVEL 6|EXPOSE LITHO LEVEL 6|DEVELOP PHOTORESIST|METAL PATTERN INSPECTION|HARD BAKE|METAL ETCH DRY|STRIP PHOTORESIST|CLEAN AFTER METAL ETCH|MEASURE LINE WIDTH|DEPOSIT PASSIVATION LAYER|SWITCHING TEST|CURE PASSIVATION|MEASURE PASSIVATION THICKNESS|OPEN BOND PAD WINDOW|PAD WINDOW LITHO|DEVELOP PHOTORESIST|PASSIVATION ETCH|STRIP RESIST|CLEAN PAD OPENING|MEASURE PAD OPENING|BACKSIDE GRIND|MEASURE THICKNESS|BACKSIDE ETCH CLEAN|BACKSIDE RINSE|BACKSIDE DRY|BACKSIDE METALLIZATION PREP|DEPOSIT BACKSIDE METAL|BACKSIDE ANNEAL|MEASURE BACKSIDE CONTACT|FINAL CLEAN|FINAL THICKNESS MEASURE|FINAL GEOMETRY CHECK|PARAMETRIC TEST|LEAKAGE TEST|BREAKDOWN VOLTAGE TEST|YIELD ANALYSIS|WAFER SORT TEST|LOT RELEASE|SHIP LOT,RULE_TEST_BEFORE_PASSIVATION
anomaly_0578,MOSFET,RECEIVE WAFER LOT|LOT IDENTIFICATION|INITIAL WAFER INSPECTION|MEASURE THICKNESS|MEASURE SURFACE PARTICLES|PRE CLEAN WAFER|FRONTSIDE CLEAN|RCA CLEAN 1|WET CLEAN RCA2|HF DIP|SUBSTRATE CHECK|EPITAXY PREP|EPITAXIAL DEPOSITION|MEASURE EPITAXY THICKNESS|MEASURE RESISTIVITY|EPITAXY ANNEAL|WAFER SURFACE CLEAN|THERMAL OXIDATION|MEASURE OXIDE THICKNESS|SPIN COAT PHOTORESIST|SOFT BAKE|ALIGN MASK LEVEL 1|EXPOSE LITHO LEVEL 1|DEVELOP PHOTORESIST|PATTERN INSPECTION LEVEL 1|OXIDE ETCH|STRIP RESIST|CLEAN AFTER ETCH|IMPLANT WELL|DRIVE IN DIFFUSION|RAPID THERMAL ANNEAL|MEASURE JUNCTION DEPTH|THERMAL OXIDATION|GATE OXIDE PREP|GATE OXIDE GROWTH|MEASURE GATE OXIDE THICKNESS|DEPOSIT POLYSILICON|POLYSILICON ANNEAL|SPIN COAT PHOTORESIST|SOFT BAKE|ALIGN MASK LEVEL 2|EXPOSE LITHO LEVEL 2|DEVELOP PHOTORESIST|POLY PATTERN INSPECTION|HARD BAKE|POLYSILICON ETCH|STRIP RESIST|CLEAN AFTER POLY ETCH|IMPLANT SOURCE DRAIN|PRE ANNEAL CHECK|LIGHT ANNEAL|MEASURE SHEET RESISTANCE|DEPOSIT SPACER DIELECTRIC|ANISOTROPIC ETCH SPACER|MEASURE SPACER WIDTH|IMPLANT LDD|PRE ANNEAL CHECK|RAPID THERMAL ANNEAL|MEASURE JUNCTION PROFILE|DEPOSIT INTERLAYER DIELECTRIC|DENSIFY OXIDE|MEASURE DIELECTRIC THICKNESS|CMP INTERLAYER DIELECTRIC|MEASURE PLANARITY|SPIN COAT PHOTORESIST|SOFT BAKE|ALIGN MASK LEVEL 3|EXPOSE LITHO LEVEL 3|DEVELOP PHOTORESIST|VIA OPENING INSPECTION|VIA ETCH|STRIP PHOTORESIST|CLEAN AFTER VIA ETCH|MEASURE VIA CD|DEPOSIT BARRIER METAL|DEPOSIT METAL SEED|FILL VIA METAL|CMP VIA FILL|DEPOSIT TOP METAL|ANNEAL METAL 1|MEASURE METAL THICKNESS|SPIN COAT PHOTORESIST|SOFT BAKE|ALIGN MASK LEVEL 4|EXPOSE LITHO LEVEL 4|DEVELOP PHOTORESIST|METAL PATTERN INSPECTION|METAL ETCH|STRIP PHOTORESIST|CLEAN AFTER METAL ETCH|MEASURE LINE WIDTH|DEPOSIT PASSIVATION|DEPOSIT BACKSIDE METAL|CURE PASSIVATION|MEASURE PASSIVATION QUALITY|OPEN PAD WINDOW|PAD WINDOW LITHO|DEVELOP PHOTORESIST|PASSIVATION ETCH|STRIP RESIST|CLEAN PAD OPENING|MEASURE PAD OPENING|BACKSIDE CLEAN|BACKSIDE GRIND|MEASURE WAFER THICKNESS|BACKSIDE ETCH CLEAN|BACKSIDE RINSE|BACKSIDE DRY|BACKSIDE METALLIZATION PREP|BACKSIDE ANNEAL|MEASURE BACKSIDE CONTACT|FINAL CLEAN|FINAL THICKNESS MEASURE|FINAL GEOMETRY CHECK|FINAL PARTICLE INSPECTION|PARAMETRIC TEST|LEAKAGE TEST|THRESHOLD VOLTAGE TEST|SWITCHING TEST|WAFER SORT TEST|YIELD ANALYSIS|FINAL LOT RELEASE|SHIP LOT,RULE_BACKSIDE_BEFORE_PASSIVATION
anomaly_0889,MOSFET,RECEIVE WAFER LOT|LOT IDENTIFICATION|PRE CLEAN INSPECTION|MEASURE THICKNESS|PRE CLEAN WAFER|WET CLEAN RCA1|WET CLEAN RCA2|HF DIP|SUBSTRATE CHECK|EPITAXY PREP|EPITAXIAL DEPOSITION|MEASURE EPITAXY THICKNESS|MEASURE RESISTIVITY|EPITAXY ANNEAL|WAFER SURFACE CLEAN|THERMAL OXIDATION|MEASURE OXIDE THICKNESS|SPIN COAT PHOTORESIST|SOFT BAKE|ALIGN MASK LEVEL 1|EXPOSE LITHO LEVEL 1|DEVELOP PHOTORESIST|PATTERN INSPECTION LEVEL 1|OXIDE ETCH|STRIP PHOTORESIST|CLEAN AFTER ETCH|MEASURE OPENING CD|IMPLANT WELL|PRE ANNEAL CHECK|DRIVE IN DIFFUSION|RAPID THERMAL ANNEAL|MEASURE JUNCTION DEPTH|THERMAL OXIDATION|GATE OXIDE PREP|GATE OXIDE GROWTH|MEASURE GATE OXIDE THICKNESS|DEPOSIT POLYSILICON|POLYSILICON ANNEAL|MEASURE POLY THICKNESS|SPIN COAT PHOTORESIST|SOFT BAKE|ALIGN MASK LEVEL 2|EXPOSE LITHO LEVEL 2|POST EXPOSE BAKE|DEVELOP PHOTORESIST|POLY PATTERN INSPECTION|POLYSILICON ETCH|STRIP PHOTORESIST|CLEAN AFTER POLY ETCH|MEASURE GATE CD|IMPLANT SOURCE DRAIN|LIGHT ANNEAL|MEASURE SHEET RESISTANCE|DEPOSIT SPACER DIELECTRIC|ANISOTROPIC ETCH SPACER|MEASURE SPACER WIDTH|IMPLANT LDD|RAPID THERMAL ANNEAL|MEASURE JUNCTION PROFILE|DEPOSIT INTERLEVEL DIELECTRIC|DENSIFY DIELECTRIC|MEASURE DIELECTRIC THICKNESS|CMP INTERLAYER DIELECTRIC|MEASURE SURFACE PLANARITY|SPIN COAT PHOTORESIST|SOFT BAKE|ALIGN MASK LEVEL 3|EXPOSE LITHO LEVEL 3|DEVELOP PHOTORESIST|VIA OPENING INSPECTION|DIELECTRIC ETCH VIA|STRIP PHOTORESIST|CLEAN AFTER VIA ETCH|DEPOSIT BARRIER METAL|DEPOSIT METAL SEED|FILL VIA METAL|CMP METAL|DEPOSIT TOP METAL|ANNEAL METAL|SPIN COAT PHOTORESIST|SOFT BAKE|ALIGN MASK LEVEL 4|POST EXPOSE BAKE|DEVELOP PHOTORESIST|METAL PATTERN INSPECTION|METAL ETCH|STRIP RESIST|CLEAN AFTER METAL ETCH|MEASURE LINE WIDTH|DEPOSIT PASSIVATION LAYER|CURE PASSIVATION|MEASURE PASSIVATION THICKNESS|OPEN PAD WINDOW|PAD WINDOW LITHO|DEVELOP PAD WINDOW|PASSIVATION ETCH PAD OPENING|STRIP PHOTORESIST|CLEAN PAD OPENING|MEASURE PAD OPENING|BACKSIDE CLEAN|BACKSIDE GRIND|MEASURE THICKNESS|BACKSIDE ETCH CLEAN|BACKSIDE RINSE|BACKSIDE DRY|BACKSIDE METALLIZATION PREP|DEPOSIT BACKSIDE METAL|BACKSIDE ANNEAL|MEASURE BACKSIDE CONTACT|FINAL CLEAN|FINAL GEOMETRY CHECK|ELECTRICAL PARAMETRIC TEST|LEAKAGE TEST|THRESHOLD VOLTAGE TEST|SWITCHING TEST|WAFER SORT TEST|YIELD ANALYSIS|LOT RELEASE|SHIP LOT,RULE_METAL_ETCH_NO_LITHO
anomaly_0526,IGBT,RECEIVE WAFER LOT|LOT IDENTIFICATION|PRE CLEAN INSPECTION|MEASURE INITIAL THICKNESS|MEASURE SURFACE PARTICLES|PRE CLEAN WAFER|BACKSIDE CLEAN|FRONTSIDE CLEAN|RCA CLEAN 1|WET CLEAN RCA2|HF DIP|DRY WAFER|EPITAXIAL WAFER CHECK|MEASURE EPITAXY THICKNESS|MEASURE RESISTIVITY|EPITAXIAL REWORK CHECK|EPITAXIAL LAYER PREP|THERMAL OXIDATION|MEASURE OXIDE THICKNESS|SPIN COAT PHOTORESIST|SOFT BAKE|ALIGN MASK LEVEL 1|EXPOSE LITHO LEVEL 1|DEVELOP PHOTORESIST|INSPECT PATTERN LEVEL 1|HARD BAKE|OXIDE ETCH DRY|STRIP PHOTORESIST|CLEAN AFTER OXIDE ETCH|MEASURE OPENING CD|IMPLANT P BODY|DRIVE IN DIFFUSION|RAPID THERMAL ANNEAL|MEASURE JUNCTION DEPTH|THERMAL OXIDATION|SPIN COAT PHOTORESIST|SOFT BAKE|ALIGN MASK LEVEL 2|EXPOSE LITHO LEVEL 2|DEVELOP PHOTORESIST|P BODY WINDOW INSPECTION|ETCH SILICON OR OXIDE WINDOW|STRIP RESIST|CLEAN AFTER WINDOW ETCH|IMPLANT N BUFFER|PRE ANNEAL CHECK|RAPID THERMAL ANNEAL|MEASURE SHEET RESISTANCE|EPITAXIAL REWORK CHECK|DEPOSIT FIELD OXIDE|DENSIFY OXIDE|SPIN COAT PHOTORESIST|SOFT BAKE|ALIGN MASK LEVEL 3|EXPOSE LITHO LEVEL 3|POST EXPOSE BAKE|DEVELOP PHOTORESIST|FIELD PATTERN INSPECTION|HARD BAKE|FIELD OXIDE ETCH|STRIP PHOTORESIST|CLEAN AFTER FIELD ETCH|MEASURE SURFACE UNIFORMITY|IMPLANT SOURCE REGION|IMPLANT DRAIN / CATHODE REGION|PRE ANNEAL CHECK|RAPID THERMAL ANNEAL|DEPOSIT GATE OXIDE OR DIELECTRIC|ANNEAL DIELECTRIC|MEASURE OXIDE QUALITY|DEPOSIT POLYSILICON|POLYSILICON ANNEAL|MEASURE POLY THICKNESS|SPIN COAT PHOTORESIST|SOFT BAKE|ALIGN MASK LEVEL 4|EXPOSE LITHO LEVEL 4|POST EXPOSE BAKE|DEVELOP PHOTORESIST|POLY PATTERN INSPECTION|POLYSILICON ETCH DRY|STRIP PHOTORESIST|CLEAN AFTER POLY ETCH|IMPLANT CHANNEL STOP|PRE ANNEAL CHECK|RAPID THERMAL ANNEAL|MEASURE DEVICE PARAMETER|DEPOSIT INTERLAYER DIELECTRIC|DENSIFY OXIDE|MEASURE DIELECTRIC THICKNESS|CMP DIELECTRIC|MEASURE PLANARITY|SPIN COAT PHOTORESIST|SOFT BAKE|ALIGN MASK LEVEL 5|EXPOSE LITHO LEVEL 5|DEVELOP PHOTORESIST|VIA INSPECTION|HARD BAKE|VIA ETCH THROUGH DIELECTRIC|STRIP RESIST|CLEAN AFTER VIA ETCH|DEPOSIT BARRIER METAL|DEPOSIT METAL SEED|FILL VIA METAL|CMP VIA FILL|MEASURE CONTACT RESISTANCE|DEPOSIT METAL 1|ANNEAL METAL|SPIN COAT PHOTORESIST|SOFT BAKE|ALIGN MASK LEVEL 6|EXPOSE LITHO LEVEL 6|DEVELOP PHOTORESIST|METAL PATTERN INSPECTION|METAL ETCH DRY|STRIP PHOTORESIST|CLEAN AFTER METAL ETCH|MEASURE LINE WIDTH|DEPOSIT PASSIVATION LAYER|LEAKAGE TEST|CURE PASSIVATION|MEASURE PASSIVATION THICKNESS|OPEN PAD WINDOW|PAD WINDOW LITHO|DEVELOP PHOTORESIST|PASSIVATION ETCH PAD OPENING|STRIP PHOTORESIST|CLEAN PAD OPENING|MEASURE PAD OPENING|BACKSIDE GRIND|MEASURE THICKNESS|BACKSIDE ETCH CLEAN|BACKSIDE RINSE|BACKSIDE DRY|BACKSIDE METALLIZATION PREP|DEPOSIT BACKSIDE METAL|BACKSIDE ANNEAL|MEASURE BACKSIDE CONTACT|FINAL CLEAN|FINAL CD INSPECTION|ELECTRICAL PARAMETRIC TEST|BREAKDOWN VOLTAGE TEST|SWITCHING TEST|WAFER SORT TEST|YIELD ANALYSIS|FINAL LOT RELEASE|SHIP LOT,RULE_TEST_BEFORE_PASSIVATION
anomaly_0505,MOSFET,RECEIVE WAFER LOT|LOT IDENTIFICATION|PRE CLEAN INSPECTION|MEASURE THICKNESS|MEASURE SURFACE PARTICLES|PRE CLEAN WAFER|BACKSIDE CLEAN|RCA CLEAN 1|WET CLEAN RCA2|HF DIP|DRY WAFER|SUBSTRATE CHECK|EPITAXY PREP|EPITAXIAL DEPOSITION|MEASURE EPITAXY THICKNESS|MEASURE RESISTIVITY|EPITAXY ANNEAL|WAFER SURFACE CLEAN|THERMAL OXIDATION|MEASURE OXIDE THICKNESS|SPIN COAT PHOTORESIST|SOFT BAKE|ALIGN MASK LEVEL 1|EXPOSE LITHO LEVEL 1|DEVELOP PHOTORESIST|PATTERN INSPECTION LEVEL 1|OXIDE ETCH|STRIP RESIST|CLEAN AFTER ETCH|MEASURE OPENING CD|IMPLANT WELL|PRE ANNEAL CHECK|DRIVE IN DIFFUSION|RAPID THERMAL ANNEAL|MEASURE JUNCTION DEPTH|THERMAL OXIDATION|GATE OXIDE PREP|GATE OXIDE GROWTH|MEASURE GATE OXIDE THICKNESS|DEPOSIT POLYSILICON|POLYSILICON ANNEAL|MEASURE POLY THICKNESS|SPIN COAT PHOTORESIST|SOFT BAKE|ALIGN MASK LEVEL 2|EXPOSE LITHO LEVEL 2|DEVELOP PHOTORESIST|POLY PATTERN INSPECTION|POLYSILICON ETCH|STRIP PHOTORESIST|CLEAN AFTER POLY ETCH|MEASURE GATE CD|IMPLANT SOURCE DRAIN|PRE ANNEAL CHECK|LIGHT ANNEAL|DEPOSIT SPACER DIELECTRIC|ANISOTROPIC ETCH SPACER|MEASURE SPACER WIDTH|IMPLANT LDD|RAPID THERMAL ANNEAL|MEASURE JUNCTION PROFILE|DEPOSIT INTERLEVEL DIELECTRIC|DENSIFY DIELECTRIC|MEASURE DIELECTRIC THICKNESS|CMP DIELECTRIC|MEASURE PLANARITY|SPIN COAT PHOTORESIST|SOFT BAKE|ALIGN MASK LEVEL 3|EXPOSE LITHO LEVEL 3|DEVELOP PHOTORESIST|VIA OPENING INSPECTION|HARD BAKE|DIELECTRIC ETCH VIA|STRIP PHOTORESIST|CLEAN AFTER VIA ETCH|MEASURE VIA CD|DEPOSIT BARRIER METAL|DEPOSIT METAL SEED|FILL VIA METAL|CMP METAL|DEPOSIT TOP METAL|ANNEAL METAL|SPIN COAT PHOTORESIST|SOFT BAKE|ALIGN MASK LEVEL 4|POST EXPOSE BAKE|DEVELOP PHOTORESIST|METAL PATTERN INSPECTION|METAL ETCH|STRIP RESIST|CLEAN AFTER METAL ETCH|MEASURE LINE WIDTH|DEPOSIT PASSIVATION LAYER|CURE PASSIVATION|MEASURE PASSIVATION THICKNESS|OPEN PAD WINDOW|OPEN PAD WINDOW LITHO|DEVELOP PHOTORESIST|PASSIVATION ETCH|STRIP PHOTORESIST|CLEAN PAD OPENING|MEASURE PAD OPENING|BACKSIDE CLEAN|BACKSIDE GRIND|MEASURE WAFER THICKNESS|BACKSIDE ETCH CLEAN|BACKSIDE RINSE|BACKSIDE DRY|BACKSIDE METALLIZATION PREP|DEPOSIT BACKSIDE METAL|BACKSIDE ANNEAL|MEASURE BACKSIDE CONTACT|FINAL CLEAN|FINAL GEOMETRY CHECK|FINAL PARTICLE INSPECTION|ELECTRICAL PARAMETRIC TEST|LEAKAGE TEST|THRESHOLD VOLTAGE TEST|SWITCHING TEST|WAFER SORT TEST|YIELD ANALYSIS|FINAL LOT RELEASE|SHIP LOT,RULE_METAL_ETCH_NO_LITHO
anomaly_0528,IC,RECEIVE WAFER LOT|LOT IDENTIFICATION|PRE CLEAN INSPECTION|MEASURE SURFACE PARTICLES|WAFER CLEAN PRE PROCESS|BACKSIDE CLEAN|WET CLEAN RCA1|WET CLEAN RCA2|HF DIP|DRY WAFER|WAFER CLEAN PRE-GRIND|GRINDING WAFER BACKSIDE|MEASURE INITIAL GEOMETRY|ETCH WET BACKSIDE|RINSE WET WAFER_EDGE|DRY WAFER BACKSIDE|BACKSIDE CLEAN|MEASURE BACKSIDE ROUGHNESS|THERMAL OXIDATION|MEASURE OXIDE THICKNESS|RCA CLEAN 1|RCA CLEAN 2|HF DIP|OXIDE STRIP|SURFACE PREP FOR DEPOSITION|DEPOSIT PAD OXIDE|ANNEAL OXIDE|MEASURE OXIDE THICKNESS|SPIN COAT PHOTORESIST|SOFT BAKE|ALIGN MASK LEVEL 1|EXPOSE LITHO LEVEL 1|DEVELOP PHOTORESIST|INSPECT PATTERN LEVEL 1|HARD BAKE|OXIDE ETCH DRY|STRIP PHOTORESIST|CLEAN AFTER ETCH|MEASURE CD LEVEL 1|DEPOSIT POLYSILICON|ANNEAL POLYSILICON|SPIN COAT PHOTORESIST|SOFT BAKE|POST EXPOSE BAKE|DEVELOP PHOTORESIST|PATTERN INSPECTION LEVEL 2|POLYSILICON ETCH DRY|STRIP RESIST LEVEL 2|CLEAN AFTER POLY ETCH|MEASURE CD LEVEL 2|IMPLANT N-TYPE|PRE ANNEAL CHECK|RAPID THERMAL ANNEAL|MEASURE SHEET RESISTANCE|DEPOSIT INTERLAYER DIELECTRIC|DENSIFY DIELECTRIC|MEASURE DIELECTRIC THICKNESS|CMP DIELECTRIC|MEASURE SURFACE PLANARITY|SPIN COAT PHOTORESIST|SOFT BAKE|ALIGN MASK LEVEL 3|EXPOSE LITHO LEVEL 3|DEVELOP PHOTORESIST|VIA INSPECTION|VIA ETCH|STRIP RESIST|CLEAN AFTER VIA ETCH|MEASURE VIA CD|DEPOSIT BARRIER METAL|DEPOSIT TUNGSTEN SEED|FILL VIA TUNGSTEN|CMP METAL|MEASURE VIA RESISTANCE|DEPOSIT METAL 1|ANNEAL METAL 1|SPIN COAT PHOTORESIST|SOFT BAKE|ALIGN MASK LEVEL 4|EXPOSE LITHO LEVEL 4|DEVELOP PHOTORESIST|METAL PATTERN INSPECTION|METAL ETCH DRY|STRIP RESIST|CLEAN AFTER METAL ETCH|MEASURE LINE WIDTH|DEPOSIT PASSIVATION|CURE PASSIVATION|MEASURE PASSIVATION THICKNESS|OPEN BOND PAD WINDOW|OPEN PAD WINDOW LITHO|DEVELOP PHOTORESIST|PASSIVATION ETCH PAD OPENING|STRIP PHOTORESIST|CLEAN PAD OPENING|MEASURE PAD OPENING|BACKSIDE CLEAN|DEPOSIT BACKSIDE PROTECTION|BACKSIDE ANNEAL|FRONTSIDE CLEAN FINAL|FINAL CLEAN|FINAL GEOMETRY CHECK|FINAL CD INSPECTION|FINAL PARTICLE INSPECTION|ELECTRICAL PARAMETRIC TEST|LEAKAGE TEST|THRESHOLD VOLTAGE TEST|SWITCHING TEST|WAFER SORT TEST|YIELD ANALYSIS|LOT RELEASE|PACKAGE PREPARATION|SHIP LOT,RULE_LITHO_LEVEL_SKIP
anomaly_0713,IGBT,RECEIVE WAFER LOT|LOT IDENTIFICATION|INITIAL WAFER INSPECTION|MEASURE INITIAL THICKNESS|PRE CLEAN WAFER|BACKSIDE CLEAN|FRONTSIDE CLEAN|RCA CLEAN 1|RCA CLEAN 2|HF DIP|DRY WAFER|EPITAXIAL WAFER CHECK|MEASURE EPITAXY THICKNESS|MEASURE RESISTIVITY|EPITAXIAL LAYER PREP|THERMAL OXIDATION|MEASURE OXIDE THICKNESS|SPIN COAT PHOTORESIST|SOFT BAKE|ALIGN MASK LEVEL 1|EXPOSE LITHO LEVEL 1|DEVELOP PHOTORESIST|INSPECT PATTERN LEVEL 1|HARD BAKE|OXIDE ETCH DRY|STRIP RESIST|CLEAN AFTER OXIDE ETCH|MEASURE OPENING CD|IMPLANT P BODY|PRE ANNEAL CHECK|DRIVE IN DIFFUSION|RAPID THERMAL ANNEAL|MEASURE JUNCTION DEPTH|THERMAL OXIDATION|SPIN COAT PHOTORESIST|SOFT BAKE|ALIGN MASK LEVEL 2|EXPOSE LITHO LEVEL 2|DEVELOP PHOTORESIST|P BODY WINDOW INSPECTION|ETCH SILICON OR OXIDE WINDOW|STRIP RESIST|CLEAN AFTER WINDOW ETCH|MEASURE WINDOW CD|IMPLANT N BUFFER|RAPID THERMAL ANNEAL|MEASURE SHEET RESISTANCE|DEPOSIT FIELD OXIDE|DENSIFY OXIDE|MEASURE FILM THICKNESS|SPIN COAT PHOTORESIST|SOFT BAKE|ALIGN MASK LEVEL 3|EXPOSE LITHO LEVEL 3|DEVELOP PHOTORESIST|FIELD PATTERN INSPECTION|HARD BAKE|FIELD OXIDE ETCH|STRIP RESIST|CLEAN AFTER FIELD ETCH|MEASURE SURFACE UNIFORMITY|IMPLANT SOURCE REGION|IMPLANT DRAIN / CATHODE REGION|PRE ANNEAL CHECK|RAPID THERMAL ANNEAL|MEASURE SHEET RESISTANCE|DEPOSIT GATE OXIDE OR DIELECTRIC|ANNEAL DIELECTRIC|MEASURE OXIDE QUALITY|DEPOSIT POLYSILICON|POLYSILICON ANNEAL|MEASURE POLY THICKNESS|SPIN COAT PHOTORESIST|SOFT BAKE|ALIGN MASK LEVEL 4|EXPOSE LITHO LEVEL 4|POST EXPOSE BAKE|DEVELOP PHOTORESIST|POLY PATTERN INSPECTION|POLYSILICON ETCH DRY|STRIP RESIST|CLEAN AFTER POLY ETCH|IMPLANT CHANNEL STOP|PRE ANNEAL CHECK|RAPID THERMAL ANNEAL|MEASURE DEVICE PARAMETER|DEPOSIT INTERLAYER DIELECTRIC|DENSIFY DIELECTRIC|MEASURE FILM THICKNESS|CMP DIELECTRIC|MEASURE SURFACE PLANARITY|SPIN COAT PHOTORESIST|SOFT BAKE|ALIGN MASK LEVEL 5|EXPOSE LITHO LEVEL 5|DEVELOP PHOTORESIST|VIA INSPECTION|VIA ETCH THROUGH DIELECTRIC|STRIP PHOTORESIST|CLEAN AFTER VIA ETCH|MEASURE VIA CD|DEPOSIT BARRIER METAL|DEPOSIT METAL SEED|FILL VIA METAL|CMP METAL|MEASURE VIA RESISTANCE|DEPOSIT TOP METAL|ANNEAL METAL 1|SPIN COAT PHOTORESIST|SOFT BAKE|ALIGN MASK LEVEL 6|EXPOSE LITHO LEVEL 6|DEVELOP PHOTORESIST|METAL PATTERN INSPECTION|METAL ETCH DRY|STRIP PHOTORESIST|CLEAN AFTER METAL ETCH|MEASURE LINE WIDTH|DEPOSIT PASSIVATION LAYER|LEAKAGE TEST|CURE PASSIVATION|MEASURE PASSIVATION QUALITY|OPEN BOND PAD WINDOW|OPEN PAD WINDOW LITHO|DEVELOP PAD WINDOW|PASSIVATION ETCH|STRIP PHOTORESIST|CLEAN PAD OPENING|MEASURE PAD OPENING|BACKSIDE GRIND|MEASURE WAFER THICKNESS|BACKSIDE ETCH CLEAN|BACKSIDE RINSE|BACKSIDE DRY|BACKSIDE METALLIZATION PREP|DEPOSIT BACKSIDE METAL|BACKSIDE ANNEAL|MEASURE BACKSIDE CONTACT|FINAL CLEAN|FINAL THICKNESS MEASURE|FINAL GEOMETRY CHECK|FINAL CD INSPECTION|FINAL PARTICLE INSPECTION|PARAMETRIC TEST|BREAKDOWN VOLTAGE TEST|SWITCHING TEST|YIELD ANALYSIS|WAFER SORT TEST|LOT RELEASE|SHIP LOT,RULE_TEST_BEFORE_PASSIVATION
anomaly_0382,MOSFET,RECEIVE WAFER LOT|LOT IDENTIFICATION|PRE CLEAN INSPECTION|MEASURE SURFACE PARTICLES|PRE CLEAN WAFER|FRONTSIDE CLEAN|WET CLEAN RCA1|WET CLEAN RCA2|HF DIP|SUBSTRATE CHECK|EPITAXY PREP|EPITAXIAL DEPOSITION|MEASURE EPITAXY THICKNESS|MEASURE RESISTIVITY|EPITAXY ANNEAL|WAFER SURFACE CLEAN|THERMAL OXIDATION|MEASURE OXIDE THICKNESS|SPIN COAT PHOTORESIST|SOFT BAKE|ALIGN MASK LEVEL 1|EXPOSE LITHO LEVEL 1|POST EXPOSE BAKE|DEVELOP PHOTORESIST|PATTERN INSPECTION LEVEL 1|OXIDE ETCH|STRIP PHOTORESIST|CLEAN AFTER ETCH|MEASURE OPENING CD|IMPLANT WELL|PRE ANNEAL CHECK|DRIVE IN DIFFUSION|RAPID THERMAL ANNEAL|MEASURE JUNCTION DEPTH|THERMAL OXIDATION|GATE OXIDE PREP|GATE OXIDE GROWTH|MEASURE GATE OXIDE THICKNESS|DEPOSIT POLYSILICON|POLYSILICON ANNEAL|MEASURE POLY THICKNESS|SPIN COAT PHOTORESIST|SOFT BAKE|ALIGN MASK LEVEL 2|EXPOSE LITHO LEVEL 2|POST EXPOSE BAKE|DEVELOP PHOTORESIST|POLY PATTERN INSPECTION|POLYSILICON ETCH|STRIP PHOTORESIST|CLEAN AFTER POLY ETCH|MEASURE GATE CD|IMPLANT SOURCE DRAIN|LIGHT ANNEAL|MEASURE SHEET RESISTANCE|DEPOSIT SPACER DIELECTRIC|ANISOTROPIC ETCH SPACER|MEASURE SPACER WIDTH|IMPLANT LDD|RAPID THERMAL ANNEAL|MEASURE JUNCTION PROFILE|DEPOSIT INTERLAYER DIELECTRIC|DENSIFY DIELECTRIC|MEASURE FILM THICKNESS|CMP INTERLAYER DIELECTRIC|MEASURE PLANARITY|SPIN COAT PHOTORESIST|SOFT BAKE|ALIGN MASK LEVEL 3|EXPOSE LITHO LEVEL 3|POST EXPOSE BAKE|DEVELOP PHOTORESIST|VIA OPENING INSPECTION|VIA ETCH|STRIP RESIST|CLEAN AFTER VIA ETCH|DEPOSIT BARRIER METAL|DEPOSIT METAL SEED|FILL VIA METAL|CMP VIA FILL|MEASURE CONTACT RESISTANCE|DEPOSIT METAL 1|ANNEAL METAL|SPIN COAT PHOTORESIST|SOFT BAKE|ALIGN MASK LEVEL 4|EXPOSE LITHO LEVEL 4|POST EXPOSE BAKE|DEVELOP PHOTORESIST|METAL PATTERN INSPECTION|METAL ETCH|STRIP PHOTORESIST|CLEAN AFTER METAL ETCH|MEASURE LINE WIDTH|OPEN PAD WINDOW|DEPOSIT PASSIVATION LAYER|CURE PASSIVATION|MEASURE PASSIVATION THICKNESS|OPEN PAD WINDOW LITHO|DEVELOP PAD WINDOW|PASSIVATION ETCH|STRIP PHOTORESIST|CLEAN PAD OPENING|MEASURE PAD OPENING|BACKSIDE CLEAN|BACKSIDE GRIND|MEASURE THICKNESS|BACKSIDE ETCH CLEAN|BACKSIDE RINSE|BACKSIDE DRY|BACKSIDE METALLIZATION PREP|DEPOSIT BACKSIDE METAL|BACKSIDE ANNEAL|MEASURE BACKSIDE CONTACT|FINAL CLEAN|FINAL THICKNESS MEASURE|FINAL GEOMETRY CHECK|ELECTRICAL PARAMETRIC TEST|LEAKAGE TEST|THRESHOLD VOLTAGE TEST|SWITCHING TEST|WAFER SORT TEST|YIELD ANALYSIS|FINAL LOT RELEASE|SHIP LOT,RULE_PAD_OPEN_BEFORE_DEP
anomaly_0040,IGBT,RECEIVE WAFER LOT|LOT IDENTIFICATION|INITIAL WAFER INSPECTION|MEASURE INITIAL THICKNESS|MEASURE SURFACE PARTICLES|PRE CLEAN WAFER|BACKSIDE CLEAN|FRONTSIDE CLEAN|RCA CLEAN 1|RCA CLEAN 2|HF DIP|DRY WAFER|EPITAXIAL WAFER CHECK|MEASURE EPITAXY THICKNESS|MEASURE RESISTIVITY|EPITAXIAL LAYER PREP|THERMAL OXIDATION|MEASURE OXIDE THICKNESS|SPIN COAT PHOTORESIST|SOFT BAKE|ALIGN MASK LEVEL 1|EXPOSE LITHO LEVEL 1|DEVELOP PHOTORESIST|INSPECT PATTERN LEVEL 1|OXIDE ETCH DRY|STRIP PHOTORESIST|CLEAN AFTER OXIDE ETCH|MEASURE OPENING CD|IMPLANT P BODY|PRE ANNEAL CHECK|DRIVE IN DIFFUSION|RAPID THERMAL ANNEAL|THERMAL OXIDATION|SPIN COAT PHOTORESIST|SOFT BAKE|ALIGN MASK LEVEL 2|EXPOSE LITHO LEVEL 2|POST EXPOSE BAKE|DEVELOP PHOTORESIST|P BODY WINDOW INSPECTION|HARD BAKE|ETCH SILICON OR OXIDE WINDOW|STRIP PHOTORESIST|CLEAN AFTER WINDOW ETCH|MEASURE WINDOW CD|IMPLANT N BUFFER|PRE ANNEAL CHECK|RAPID THERMAL ANNEAL|DEPOSIT FIELD OXIDE|DENSIFY OXIDE|MEASURE FILM THICKNESS|SPIN COAT PHOTORESIST|SOFT BAKE|ALIGN MASK LEVEL 3|EXPOSE LITHO LEVEL 3|DEVELOP PHOTORESIST|FIELD PATTERN INSPECTION|FIELD OXIDE ETCH|STRIP RESIST|CLEAN AFTER FIELD ETCH|MEASURE SURFACE UNIFORMITY|IMPLANT SOURCE REGION|IMPLANT DRAIN / CATHODE REGION|RAPID THERMAL ANNEAL|MEASURE SHEET RESISTANCE|DEPOSIT GATE OXIDE OR DIELECTRIC|ANNEAL DIELECTRIC|MEASURE OXIDE QUALITY|DEPOSIT POLYSILICON|POLYSILICON ANNEAL|MEASURE POLY THICKNESS|SPIN COAT PHOTORESIST|SOFT BAKE|ALIGN MASK LEVEL 4|EXPOSE LITHO LEVEL 4|POST EXPOSE BAKE|DEVELOP PHOTORESIST|POLY PATTERN INSPECTION|HARD BAKE|POLYSILICON ETCH DRY|STRIP PHOTORESIST|CLEAN AFTER POLY ETCH|MEASURE GATE CD|IMPLANT CHANNEL STOP|RAPID THERMAL ANNEAL|MEASURE DEVICE PARAMETER|DENSIFY DIELECTRIC|MEASURE DIELECTRIC THICKNESS|CMP INTERLAYER DIELECTRIC|MEASURE PLANARITY|SPIN COAT PHOTORESIST|SOFT BAKE|ALIGN MASK LEVEL 5|EXPOSE LITHO LEVEL 5|POST EXPOSE BAKE|DEVELOP PHOTORESIST|VIA INSPECTION|HARD BAKE|VIA ETCH|STRIP PHOTORESIST|CLEAN AFTER VIA ETCH|DEPOSIT BARRIER METAL|DEPOSIT METAL SEED|FILL VIA METAL|CMP VIA FILL|MEASURE VIA RESISTANCE|DEPOSIT TOP METAL|ANNEAL METAL|MEASURE METAL THICKNESS|SPIN COAT PHOTORESIST|SOFT BAKE|ALIGN MASK LEVEL 6|EXPOSE LITHO LEVEL 6|DEVELOP PHOTORESIST|METAL PATTERN INSPECTION|HARD BAKE|METAL ETCH DRY|STRIP PHOTORESIST|CLEAN AFTER METAL ETCH|MEASURE LINE WIDTH|DEPOSIT PASSIVATION LAYER|CURE PASSIVATION|MEASURE PASSIVATION THICKNESS|OPEN BOND PAD WINDOW|PAD WINDOW LITHO|DEVELOP PHOTORESIST|PASSIVATION ETCH PAD OPENING|STRIP PHOTORESIST|CLEAN PAD OPENING|MEASURE PAD OPENING|BACKSIDE GRIND|MEASURE THICKNESS|BACKSIDE ETCH CLEAN|BACKSIDE RINSE|BACKSIDE DRY|BACKSIDE METALLIZATION PREP|DEPOSIT BACKSIDE METAL|BACKSIDE ANNEAL|MEASURE BACKSIDE CONTACT|FINAL CLEAN|FINAL THICKNESS MEASURE|FINAL GEOMETRY CHECK|FINAL CD INSPECTION|ELECTRICAL PARAMETRIC TEST|LEAKAGE TEST|BREAKDOWN VOLTAGE TEST|SWITCHING TEST|YIELD ANALYSIS|WAFER SORT TEST|FINAL LOT RELEASE|SHIP LOT,RULE_CMP_NO_DEP
anomaly_0141,IGBT,RECEIVE WAFER LOT|LOT IDENTIFICATION|PRE CLEAN INSPECTION|MEASURE INITIAL THICKNESS|MEASURE SURFACE PARTICLES|PRE CLEAN WAFER|BACKSIDE CLEAN|FRONTSIDE CLEAN|RCA CLEAN 1|WET CLEAN RCA2|HF DIP|EPITAXIAL WAFER CHECK|MEASURE EPITAXY THICKNESS|MEASURE RESISTIVITY|EPITAXIAL LAYER PREP|THERMAL OXIDATION|MEASURE OXIDE THICKNESS|SPIN COAT PHOTORESIST|SOFT BAKE|ALIGN MASK LEVEL 1|EXPOSE LITHO LEVEL 1|INSPECT PATTERN LEVEL 1|HARD BAKE|OXIDE ETCH DRY|STRIP RESIST|CLEAN AFTER OXIDE ETCH|IMPLANT P BODY|DRIVE IN DIFFUSION|RAPID THERMAL ANNEAL|MEASURE JUNCTION DEPTH|THERMAL OXIDATION|SPIN COAT PHOTORESIST|SOFT BAKE|ALIGN MASK LEVEL 2|EXPOSE LITHO LEVEL 2|DEVELOP PHOTORESIST|P BODY WINDOW INSPECTION|ETCH SILICON OR OXIDE WINDOW|STRIP PHOTORESIST|CLEAN AFTER WINDOW ETCH|MEASURE WINDOW CD|IMPLANT N BUFFER|RAPID THERMAL ANNEAL|EPITAXIAL REWORK CHECK|DEPOSIT FIELD OXIDE|DENSIFY OXIDE|MEASURE FILM THICKNESS|SPIN COAT PHOTORESIST|SOFT BAKE|ALIGN MASK LEVEL 3|EXPOSE LITHO LEVEL 3|DEVELOP PHOTORESIST|FIELD PATTERN INSPECTION|FIELD OXIDE ETCH|STRIP RESIST|CLEAN AFTER FIELD ETCH|MEASURE SURFACE UNIFORMITY|IMPLANT SOURCE REGION|IMPLANT DRAIN / CATHODE REGION|PRE ANNEAL CHECK|RAPID THERMAL ANNEAL|MEASURE SHEET RESISTANCE|DEPOSIT GATE OXIDE OR DIELECTRIC|ANNEAL DIELECTRIC|MEASURE OXIDE QUALITY|DEPOSIT POLYSILICON|POLYSILICON ANNEAL|MEASURE POLY THICKNESS|SPIN COAT PHOTORESIST|SOFT BAKE|ALIGN MASK LEVEL 4|EXPOSE LITHO LEVEL 4|DEVELOP PHOTORESIST|POLY PATTERN INSPECTION|HARD BAKE|POLYSILICON ETCH DRY|STRIP RESIST|CLEAN AFTER POLY ETCH|MEASURE GATE CD|IMPLANT CHANNEL STOP|RAPID THERMAL ANNEAL|MEASURE DEVICE PARAMETER|DEPOSIT INTERLEVEL DIELECTRIC|DENSIFY DIELECTRIC|MEASURE DIELECTRIC THICKNESS|CMP DIELECTRIC|MEASURE PLANARITY|SPIN COAT PHOTORESIST|SOFT BAKE|ALIGN MASK LEVEL 5|EXPOSE LITHO LEVEL 5|POST EXPOSE BAKE|DEVELOP PHOTORESIST|VIA INSPECTION|DIELECTRIC ETCH VIA|STRIP RESIST|CLEAN AFTER VIA ETCH|DEPOSIT BARRIER METAL|DEPOSIT METAL SEED|FILL VIA METAL|CMP METAL|MEASURE VIA RESISTANCE|DEPOSIT TOP METAL|ANNEAL METAL 1|SPIN COAT PHOTORESIST|SOFT BAKE|ALIGN MASK LEVEL 6|EXPOSE LITHO LEVEL 6|POST EXPOSE BAKE|DEVELOP PHOTORESIST|METAL PATTERN INSPECTION|METAL ETCH DRY|STRIP PHOTORESIST|CLEAN AFTER METAL ETCH|MEASURE LINE WIDTH|DEPOSIT PASSIVATION|CURE PASSIVATION|MEASURE PASSIVATION QUALITY|OPEN PAD WINDOW|OPEN PAD WINDOW LITHO|DEVELOP PHOTORESIST|PASSIVATION ETCH PAD OPENING|STRIP RESIST|CLEAN PAD OPENING|MEASURE PAD OPENING|BACKSIDE GRIND|MEASURE WAFER THICKNESS|BACKSIDE ETCH CLEAN|BACKSIDE RINSE|BACKSIDE DRY|BACKSIDE METALLIZATION PREP|DEPOSIT BACKSIDE METAL|BACKSIDE ANNEAL|MEASURE BACKSIDE CONTACT|FINAL CLEAN|FINAL THICKNESS MEASURE|FINAL GEOMETRY CHECK|FINAL PARTICLE INSPECTION|PARAMETRIC TEST|LEAKAGE TEST|BREAKDOWN VOLTAGE TEST|SWITCHING TEST|YIELD ANALYSIS|WAFER SORT TEST|LOT RELEASE|SHIP LOT,RULE_ETCH_NO_MASK
anomaly_0127,IC,RECEIVE WAFER LOT|LOT IDENTIFICATION|PRE CLEAN INSPECTION|MEASURE INITIAL THICKNESS|MEASURE SURFACE DEFECTS|WAFER CLEAN PRE PROCESS|FRONTSIDE CLEAN|RCA CLEAN 1|WET CLEAN RCA2|HF DIP|DRY WAFER|WAFER CLEAN PRE-GRIND|GRINDING WAFER BACKSIDE|MEASURE INITIAL GEOMETRY|ETCH WET BACKSIDE|RINSE WET WAFER_EDGE|DRY WAFER BACKSIDE|BACKSIDE CLEAN|MEASURE BACKSIDE ROUGHNESS|THERMAL OXIDATION|MEASURE OXIDE THICKNESS|RCA CLEAN 1|WET CLEAN RCA2|HF DIP|OXIDE STRIP|SURFACE PREP FOR DEPOSITION|DEPOSIT PAD OXIDE|ANNEAL OXIDE|MEASURE FILM THICKNESS|SPIN COAT PHOTORESIST|SOFT BAKE|ALIGN MASK LEVEL 1|EXPOSE LITHO LEVEL 1|DEVELOP PHOTORESIST|INSPECT PATTERN LEVEL 1|HARD BAKE|OXIDE ETCH DRY|STRIP RESIST|CLEAN AFTER ETCH|MEASURE CD LEVEL 1|DEPOSIT POLYSILICON|ANNEAL POLYSILICON|SPIN COAT PHOTORESIST|SOFT BAKE|ALIGN MASK LEVEL 2|EXPOSE LITHO LEVEL 2|DEVELOP PHOTORESIST|PATTERN INSPECTION LEVEL 2|HARD BAKE|POLYSILICON ETCH DRY|STRIP RESIST LEVEL 2|CLEAN AFTER POLY ETCH|MEASURE CD LEVEL 2|IMPLANT N-TYPE|PRE ANNEAL CHECK|RAPID THERMAL ANNEAL|MEASURE SHEET RESISTANCE|DEPOSIT INTERLAYER DIELECTRIC|DENSIFY OXIDE|MEASURE DIELECTRIC THICKNESS|CMP INTERLAYER DIELECTRIC|MEASURE SURFACE PLANARITY|SPIN COAT PHOTORESIST|SOFT BAKE|DEVELOP PHOTORESIST|VIA OPENING INSPECTION|DIELECTRIC ETCH VIA|STRIP PHOTORESIST|CLEAN AFTER VIA ETCH|MEASURE VIA CD|DEPOSIT BARRIER METAL|DEPOSIT TUNGSTEN SEED|FILL VIA TUNGSTEN|CMP VIA FILL|MEASURE VIA RESISTANCE|DEPOSIT TOP METAL|ANNEAL METAL 1|SPIN COAT PHOTORESIST|SOFT BAKE|ALIGN MASK LEVEL 4|EXPOSE LITHO LEVEL 4|DEVELOP PHOTORESIST|METAL PATTERN INSPECTION|HARD BAKE|METAL ETCH DRY|STRIP PHOTORESIST|CLEAN AFTER METAL ETCH|MEASURE LINE WIDTH|DEPOSIT PASSIVATION LAYER|CURE PASSIVATION|MEASURE PASSIVATION THICKNESS|OPEN BOND PAD WINDOW|OPEN PAD WINDOW LITHO|DEVELOP PHOTORESIST|PASSIVATION ETCH PAD OPENING|STRIP PHOTORESIST|CLEAN PAD OPENING|MEASURE PAD OPENING|BACKSIDE THINNING CHECK|BACKSIDE CLEAN|DEPOSIT BACKSIDE PROTECTION|BACKSIDE ANNEAL|FRONTSIDE CLEAN FINAL|FINAL CLEAN|FINAL THICKNESS MEASURE|FINAL GEOMETRY CHECK|FINAL OXIDE CHECK|FINAL PARTICLE INSPECTION|FINAL ELECTRICAL TEST PREP|PARAMETRIC TEST|LEAKAGE TEST|SWITCHING TEST|WAFER SORT TEST|YIELD ANALYSIS|LOT RELEASE|SHIP LOT,RULE_LITHO_LEVEL_SKIP
anomaly_0831,IGBT,RECEIVE WAFER LOT|LOT IDENTIFICATION|PRE CLEAN INSPECTION|MEASURE INITIAL THICKNESS|MEASURE SURFACE PARTICLES|PRE CLEAN WAFER|BACKSIDE CLEAN|FRONTSIDE CLEAN|WET CLEAN RCA1|RCA CLEAN 2|HF DIP|DRY WAFER|EPITAXIAL WAFER CHECK|MEASURE EPITAXY THICKNESS|MEASURE RESISTIVITY|EPITAXIAL REWORK CHECK|EPITAXIAL LAYER PREP|THERMAL OXIDATION|MEASURE OXIDE THICKNESS|SPIN COAT PHOTORESIST|SOFT BAKE|ALIGN MASK LEVEL 1|EXPOSE LITHO LEVEL 1|POST EXPOSE BAKE|INSPECT PATTERN LEVEL 1|HARD BAKE|STRIP PHOTORESIST|CLEAN AFTER OXIDE ETCH|MEASURE OPENING CD|IMPLANT P BODY|DRIVE IN DIFFUSION|RAPID THERMAL ANNEAL|MEASURE JUNCTION DEPTH|THERMAL OXIDATION|SPIN COAT PHOTORESIST|SOFT BAKE|ALIGN MASK LEVEL 2|EXPOSE LITHO LEVEL 2|POST EXPOSE BAKE|DEVELOP PHOTORESIST|P BODY WINDOW INSPECTION|ETCH SILICON OR OXIDE WINDOW|STRIP RESIST|CLEAN AFTER WINDOW ETCH|MEASURE WINDOW CD|IMPLANT N BUFFER|PRE ANNEAL CHECK|RAPID THERMAL ANNEAL|MEASURE SHEET RESISTANCE|DEPOSIT FIELD OXIDE|DENSIFY OXIDE|MEASURE FILM THICKNESS|SPIN COAT PHOTORESIST|SOFT BAKE|ALIGN MASK LEVEL 3|EXPOSE LITHO LEVEL 3|DEVELOP PHOTORESIST|FIELD PATTERN INSPECTION|FIELD OXIDE ETCH|STRIP RESIST|CLEAN AFTER FIELD ETCH|MEASURE SURFACE UNIFORMITY|IMPLANT SOURCE REGION|IMPLANT DRAIN / CATHODE REGION|RAPID THERMAL ANNEAL|MEASURE SHEET RESISTANCE|DEPOSIT GATE OXIDE OR DIELECTRIC|ANNEAL DIELECTRIC|MEASURE OXIDE QUALITY|DEPOSIT POLYSILICON|POLYSILICON ANNEAL|MEASURE POLY THICKNESS|SPIN COAT PHOTORESIST|SOFT BAKE|ALIGN MASK LEVEL 4|EXPOSE LITHO LEVEL 4|DEVELOP PHOTORESIST|POLY PATTERN INSPECTION|POLYSILICON ETCH DRY|STRIP PHOTORESIST|CLEAN AFTER POLY ETCH|MEASURE GATE CD|IMPLANT CHANNEL STOP|RAPID THERMAL ANNEAL|MEASURE DEVICE PARAMETER|DEPOSIT INTERLAYER DIELECTRIC|DENSIFY OXIDE|MEASURE DIELECTRIC THICKNESS|CMP INTERLAYER DIELECTRIC|MEASURE PLANARITY|SPIN COAT PHOTORESIST|SOFT BAKE|ALIGN MASK LEVEL 5|EXPOSE LITHO LEVEL 5|POST EXPOSE BAKE|DEVELOP PHOTORESIST|VIA OPENING INSPECTION|VIA ETCH THROUGH DIELECTRIC|STRIP PHOTORESIST|CLEAN AFTER VIA ETCH|MEASURE VIA CD|DEPOSIT BARRIER METAL|DEPOSIT METAL SEED|FILL VIA METAL|CMP VIA FILL|MEASURE CONTACT RESISTANCE|DEPOSIT TOP METAL|ANNEAL METAL|SPIN COAT PHOTORESIST|SOFT BAKE|ALIGN MASK LEVEL 6|EXPOSE LITHO LEVEL 6|DEVELOP PHOTORESIST|METAL PATTERN INSPECTION|METAL ETCH DRY|STRIP RESIST|CLEAN AFTER METAL ETCH|MEASURE LINE WIDTH|DEPOSIT PASSIVATION|CURE PASSIVATION|MEASURE PASSIVATION THICKNESS|OPEN PAD WINDOW|OPEN PAD WINDOW LITHO|DEVELOP PHOTORESIST|PASSIVATION ETCH|STRIP RESIST|CLEAN PAD OPENING|MEASURE PAD OPENING|BACKSIDE GRIND|MEASURE THICKNESS|BACKSIDE ETCH CLEAN|BACKSIDE RINSE|BACKSIDE DRY|BACKSIDE METALLIZATION PREP|DEPOSIT BACKSIDE METAL|BACKSIDE ANNEAL|MEASURE BACKSIDE CONTACT|FINAL CLEAN|FINAL THICKNESS MEASURE|FINAL GEOMETRY CHECK|FINAL CD INSPECTION|ELECTRICAL PARAMETRIC TEST|LEAKAGE TEST|BREAKDOWN VOLTAGE TEST|SWITCHING TEST|YIELD ANALYSIS|WAFER SORT TEST|FINAL LOT RELEASE|SHIP LOT,RULE_IMPLANT_NO_MASK
anomaly_0981,MOSFET,RECEIVE WAFER LOT|LOT IDENTIFICATION|PRE CLEAN INSPECTION|MEASURE THICKNESS|MEASURE SURFACE PARTICLES|PRE CLEAN WAFER|BACKSIDE CLEAN|FRONTSIDE CLEAN|RCA CLEAN 1|WET CLEAN RCA2|HF DIP|SUBSTRATE CHECK|EPITAXY PREP|EPITAXIAL DEPOSITION|MEASURE EPITAXY THICKNESS|MEASURE RESISTIVITY|EPITAXY ANNEAL|WAFER SURFACE CLEAN|THERMAL OXIDATION|MEASURE OXIDE THICKNESS|SPIN COAT PHOTORESIST|SOFT BAKE|ALIGN MASK LEVEL 1|EXPOSE LITHO LEVEL 1|DEVELOP PHOTORESIST|PATTERN INSPECTION LEVEL 1|HARD BAKE|OXIDE ETCH|STRIP PHOTORESIST|CLEAN AFTER ETCH|MEASURE OPENING CD|IMPLANT WELL|PRE ANNEAL CHECK|DRIVE IN DIFFUSION|RAPID THERMAL ANNEAL|THERMAL OXIDATION|GATE OXIDE PREP|GATE OXIDE GROWTH|MEASURE GATE OXIDE THICKNESS|DEPOSIT POLYSILICON|POLYSILICON ANNEAL|MEASURE POLY THICKNESS|SPIN COAT PHOTORESIST|SOFT BAKE|ALIGN MASK LEVEL 2|EXPOSE LITHO LEVEL 2|POST EXPOSE BAKE|DEVELOP PHOTORESIST|POLY PATTERN INSPECTION|HARD BAKE|POLYSILICON ETCH|STRIP PHOTORESIST|CLEAN AFTER POLY ETCH|MEASURE GATE CD|IMPLANT SOURCE DRAIN|LIGHT ANNEAL|DEPOSIT SPACER DIELECTRIC|ANISOTROPIC ETCH SPACER|IMPLANT LDD|PRE ANNEAL CHECK|RAPID THERMAL ANNEAL|MEASURE JUNCTION PROFILE|DEPOSIT INTERLEVEL DIELECTRIC|DENSIFY DIELECTRIC|MEASURE FILM THICKNESS|CMP INTERLAYER DIELECTRIC|MEASURE SURFACE PLANARITY|SPIN COAT PHOTORESIST|SOFT BAKE|ALIGN MASK LEVEL 3|EXPOSE LITHO LEVEL 3|DEVELOP PHOTORESIST|VIA OPENING INSPECTION|HARD BAKE|VIA ETCH THROUGH DIELECTRIC|STRIP RESIST|CLEAN AFTER VIA ETCH|MEASURE VIA CD|DEPOSIT BARRIER METAL|DEPOSIT METAL SEED|FILL VIA METAL|CMP VIA FILL|DEPOSIT METAL 1|ANNEAL METAL 1|SPIN COAT PHOTORESIST|SOFT BAKE|ALIGN MASK LEVEL 4|EXPOSE LITHO LEVEL 4|DEVELOP PHOTORESIST|METAL PATTERN INSPECTION|HARD BAKE|METAL ETCH|STRIP PHOTORESIST|CLEAN AFTER METAL ETCH|MEASURE LINE WIDTH|DEPOSIT PASSIVATION|CURE PASSIVATION|MEASURE PASSIVATION QUALITY|OPEN BOND PAD WINDOW|PAD WINDOW LITHO|DEVELOP PHOTORESIST|PASSIVATION ETCH PAD OPENING|STRIP PHOTORESIST|CLEAN PAD OPENING|MEASURE PAD OPENING|BACKSIDE CLEAN|BACKSIDE GRIND|MEASURE THICKNESS|BACKSIDE ETCH CLEAN|BACKSIDE RINSE|BACKSIDE DRY|BACKSIDE METALLIZATION PREP|DEPOSIT BACKSIDE METAL|BACKSIDE ANNEAL|MEASURE BACKSIDE CONTACT|FINAL CLEAN|FINAL GEOMETRY CHECK|FINAL CD INSPECTION|FINAL PARTICLE INSPECTION|PARAMETRIC TEST|LEAKAGE TEST|THRESHOLD VOLTAGE TEST|SWITCHING TEST|SHIP LOT|YIELD ANALYSIS|LOT RELEASE|WAFER SORT TEST,RULE_SHIP_BEFORE_TEST
anomaly_0789,IGBT,RECEIVE WAFER LOT|LOT IDENTIFICATION|INITIAL WAFER INSPECTION|MEASURE INITIAL THICKNESS|MEASURE SURFACE PARTICLES|PRE CLEAN WAFER|BACKSIDE CLEAN|FRONTSIDE CLEAN|WET CLEAN RCA1|WET CLEAN RCA2|HF DIP|DRY WAFER|EPITAXIAL WAFER CHECK|MEASURE EPITAXY THICKNESS|MEASURE RESISTIVITY|EPITAXIAL LAYER PREP|THERMAL OXIDATION|MEASURE OXIDE THICKNESS|SPIN COAT PHOTORESIST|SOFT BAKE|ALIGN MASK LEVEL 1|EXPOSE LITHO LEVEL 1|DEVELOP PHOTORESIST|INSPECT PATTERN LEVEL 1|OXIDE ETCH DRY|STRIP PHOTORESIST|CLEAN AFTER OXIDE ETCH|MEASURE OPENING CD|IMPLANT P BODY|DRIVE IN DIFFUSION|RAPID THERMAL ANNEAL|MEASURE JUNCTION DEPTH|THERMAL OXIDATION|SPIN COAT PHOTORESIST|SOFT BAKE|ALIGN MASK LEVEL 2|EXPOSE LITHO LEVEL 2|DEVELOP PHOTORESIST|P BODY WINDOW INSPECTION|ETCH SILICON OR OXIDE WINDOW|STRIP RESIST|CLEAN AFTER WINDOW ETCH|MEASURE WINDOW CD|IMPLANT N BUFFER|RAPID THERMAL ANNEAL|MEASURE SHEET RESISTANCE|EPITAXIAL REWORK CHECK|DEPOSIT FIELD OXIDE|DENSIFY OXIDE|MEASURE FILM THICKNESS|SPIN COAT PHOTORESIST|SOFT BAKE|ALIGN MASK LEVEL 3|EXPOSE LITHO LEVEL 3|DEVELOP PHOTORESIST|FIELD PATTERN INSPECTION|FIELD OXIDE ETCH|STRIP PHOTORESIST|CLEAN AFTER FIELD ETCH|MEASURE SURFACE UNIFORMITY|IMPLANT SOURCE REGION|IMPLANT DRAIN / CATHODE REGION|PRE ANNEAL CHECK|RAPID THERMAL ANNEAL|MEASURE SHEET RESISTANCE|DEPOSIT GATE OXIDE OR DIELECTRIC|ANNEAL DIELECTRIC|DEPOSIT POLYSILICON|POLYSILICON ANNEAL|MEASURE POLY THICKNESS|SPIN COAT PHOTORESIST|SOFT BAKE|ALIGN MASK LEVEL 4|EXPOSE LITHO LEVEL 4|DEVELOP PHOTORESIST|POLY PATTERN INSPECTION|HARD BAKE|POLYSILICON ETCH DRY|STRIP PHOTORESIST|CLEAN AFTER POLY ETCH|MEASURE GATE CD|IMPLANT CHANNEL STOP|RAPID THERMAL ANNEAL|MEASURE DEVICE PARAMETER|DEPOSIT INTERLAYER DIELECTRIC|DENSIFY DIELECTRIC|MEASURE DIELECTRIC THICKNESS|CMP DIELECTRIC|MEASURE PLANARITY|SPIN COAT PHOTORESIST|SOFT BAKE|ALIGN MASK LEVEL 5|EXPOSE LITHO LEVEL 5|DEVELOP PHOTORESIST|VIA INSPECTION|VIA ETCH|STRIP PHOTORESIST|CLEAN AFTER VIA ETCH|DEPOSIT BARRIER METAL|DEPOSIT METAL SEED|FILL VIA METAL|CMP METAL|MEASURE VIA RESISTANCE|DEPOSIT METAL 1|ANNEAL METAL 1|MEASURE METAL THICKNESS|SPIN COAT PHOTORESIST|SOFT BAKE|ALIGN MASK LEVEL 6|EXPOSE LITHO LEVEL 6|DEVELOP PHOTORESIST|METAL PATTERN INSPECTION|METAL ETCH DRY|STRIP PHOTORESIST|CLEAN AFTER METAL ETCH|MEASURE LINE WIDTH|OPEN BOND PAD WINDOW|DEPOSIT PASSIVATION LAYER|CURE PASSIVATION|MEASURE PASSIVATION QUALITY|PAD WINDOW LITHO|DEVELOP PAD WINDOW|PASSIVATION ETCH|STRIP PHOTORESIST|CLEAN PAD OPENING|MEASURE PAD OPENING|BACKSIDE GRIND|MEASURE THICKNESS|BACKSIDE ETCH CLEAN|BACKSIDE RINSE|BACKSIDE DRY|BACKSIDE METALLIZATION PREP|DEPOSIT BACKSIDE METAL|BACKSIDE ANNEAL|MEASURE BACKSIDE CONTACT|FINAL CLEAN|FINAL GEOMETRY CHECK|FINAL CD INSPECTION|FINAL PARTICLE INSPECTION|ELECTRICAL PARAMETRIC TEST|LEAKAGE TEST|BREAKDOWN VOLTAGE TEST|SWITCHING TEST|YIELD ANALYSIS|WAFER SORT TEST|FINAL LOT RELEASE|SHIP LOT,RULE_PAD_OPEN_BEFORE_DEP
anomaly_0259,IC,RECEIVE WAFER LOT|LOT IDENTIFICATION|PRE CLEAN INSPECTION|MEASURE INITIAL GEOMETRY|MEASURE SURFACE DEFECTS|WAFER CLEAN PRE PROCESS|FRONTSIDE CLEAN|RCA CLEAN 1|RCA CLEAN 2|HF DIP|WAFER CLEAN PRE-GRIND|GRINDING WAFER BACKSIDE|MEASURE INITIAL GEOMETRY|ETCH WET BACKSIDE|RINSE WET WAFER_EDGE|DRY WAFER BACKSIDE|BACKSIDE CLEAN|MEASURE BACKSIDE ROUGHNESS|THERMAL OXIDATION|MEASURE OXIDE THICKNESS|RCA CLEAN 1|WET CLEAN RCA2|HF DIP|OXIDE STRIP|SURFACE PREP FOR DEPOSITION|DEPOSIT PAD OXIDE|ANNEAL OXIDE|MEASURE FILM THICKNESS|SPIN COAT PHOTORESIST|SOFT BAKE|ALIGN MASK LEVEL 1|EXPOSE LITHO LEVEL 1|DEVELOP PHOTORESIST|INSPECT PATTERN LEVEL 1|HARD BAKE|OXIDE ETCH DRY|STRIP PHOTORESIST|CLEAN AFTER ETCH|MEASURE CD LEVEL 1|DEPOSIT POLYSILICON|ANNEAL POLYSILICON|SPIN COAT PHOTORESIST|SOFT BAKE|ALIGN MASK LEVEL 2|EXPOSE LITHO LEVEL 2|DEVELOP PHOTORESIST|PATTERN INSPECTION LEVEL 2|POLYSILICON ETCH DRY|STRIP RESIST|MEASURE CD LEVEL 2|IMPLANT N-TYPE|PRE ANNEAL CHECK|MEASURE SHEET RESISTANCE|DEPOSIT INTERLAYER DIELECTRIC|DENSIFY OXIDE|MEASURE FILM THICKNESS|CMP DIELECTRIC|MEASURE PLANARITY|SPIN COAT PHOTORESIST|SOFT BAKE|ALIGN MASK LEVEL 3|EXPOSE LITHO LEVEL 3|DEVELOP PHOTORESIST|VIA INSPECTION|VIA ETCH THROUGH DIELECTRIC|STRIP PHOTORESIST|CLEAN AFTER VIA ETCH|DEPOSIT BARRIER METAL|DEPOSIT TUNGSTEN SEED|FILL VIA TUNGSTEN|CMP VIA FILL|MEASURE VIA RESISTANCE|DEPOSIT METAL 1|ANNEAL METAL 1|SPIN COAT PHOTORESIST|SOFT BAKE|ALIGN MASK LEVEL 4|EXPOSE LITHO LEVEL 4|DEVELOP PHOTORESIST|METAL PATTERN INSPECTION|HARD BAKE|METAL ETCH DRY|STRIP RESIST|CLEAN AFTER METAL ETCH|MEASURE LINE WIDTH|DEPOSIT PASSIVATION|CURE PASSIVATION|MEASURE PASSIVATION QUALITY|OPEN PAD WINDOW|OPEN PAD WINDOW LITHO|DEVELOP PHOTORESIST|PASSIVATION ETCH PAD OPENING|STRIP RESIST|CLEAN PAD OPENING|MEASURE PAD OPENING|BACKSIDE THINNING CHECK|BACKSIDE CLEAN|DEPOSIT BACKSIDE PROTECTION|BACKSIDE ANNEAL|FRONTSIDE CLEAN FINAL|FINAL CLEAN|FINAL THICKNESS MEASURE|FINAL GEOMETRY CHECK|FINAL OXIDE CHECK|FINAL PARTICLE INSPECTION|FINAL ELECTRICAL TEST PREP|ELECTRICAL PARAMETRIC TEST|LEAKAGE TEST|THRESHOLD VOLTAGE TEST|SWITCHING TEST|WAFER SORT TEST|YIELD ANALYSIS|LOT RELEASE|SHIP LOT,RULE_DEP_NO_CLEAN
anomaly_0314,MOSFET,RECEIVE WAFER LOT|LOT IDENTIFICATION|INITIAL WAFER INSPECTION|MEASURE THICKNESS|MEASURE SURFACE PARTICLES|PRE CLEAN WAFER|RCA CLEAN 1|RCA CLEAN 2|HF DIP|SUBSTRATE CHECK|EPITAXY PREP|EPITAXIAL DEPOSITION|MEASURE EPITAXY THICKNESS|MEASURE RESISTIVITY|EPITAXY ANNEAL|WAFER SURFACE CLEAN|THERMAL OXIDATION|MEASURE OXIDE THICKNESS|SPIN COAT PHOTORESIST|SOFT BAKE|ALIGN MASK LEVEL 1|EXPOSE LITHO LEVEL 1|POST EXPOSE BAKE|DEVELOP PHOTORESIST|PATTERN INSPECTION LEVEL 1|OXIDE ETCH|STRIP RESIST|CLEAN AFTER ETCH|MEASURE OPENING CD|IMPLANT WELL|DRIVE IN DIFFUSION|RAPID THERMAL ANNEAL|THERMAL OXIDATION|GATE OXIDE PREP|GATE OXIDE GROWTH|MEASURE GATE OXIDE THICKNESS|DEPOSIT POLYSILICON|POLYSILICON ANNEAL|MEASURE POLY THICKNESS|SPIN COAT PHOTORESIST|SOFT BAKE|ALIGN MASK LEVEL 2|EXPOSE LITHO LEVEL 2|DEVELOP PHOTORESIST|POLY PATTERN INSPECTION|POLYSILICON ETCH|STRIP RESIST|CLEAN AFTER POLY ETCH|MEASURE GATE CD|IMPLANT SOURCE DRAIN|LIGHT ANNEAL|MEASURE SHEET RESISTANCE|DEPOSIT SPACER DIELECTRIC|ANISOTROPIC ETCH SPACER|MEASURE SPACER WIDTH|IMPLANT LDD|RAPID THERMAL ANNEAL|MEASURE JUNCTION PROFILE|DEPOSIT INTERLAYER DIELECTRIC|DENSIFY OXIDE|MEASURE FILM THICKNESS|CMP DIELECTRIC|MEASURE SURFACE PLANARITY|SPIN COAT PHOTORESIST|SOFT BAKE|ALIGN MASK LEVEL 3|EXPOSE LITHO LEVEL 3|DEVELOP PHOTORESIST|VIA INSPECTION|HARD BAKE|VIA ETCH|STRIP PHOTORESIST|CLEAN AFTER VIA ETCH|MEASURE VIA CD|DEPOSIT BARRIER METAL|DEPOSIT METAL SEED|FILL VIA METAL|CMP METAL|MEASURE VIA RESISTANCE|DEPOSIT METAL 1|ANNEAL METAL 1|SPIN COAT PHOTORESIST|SOFT BAKE|ALIGN MASK LEVEL 4|DEVELOP PHOTORESIST|METAL PATTERN INSPECTION|METAL ETCH|STRIP RESIST|CLEAN AFTER METAL ETCH|MEASURE LINE WIDTH|DEPOSIT PASSIVATION LAYER|CURE PASSIVATION|MEASURE PASSIVATION QUALITY|OPEN PAD WINDOW|PAD WINDOW LITHO|DEVELOP PAD WINDOW|PASSIVATION ETCH|STRIP RESIST|CLEAN PAD OPENING|MEASURE PAD OPENING|BACKSIDE CLEAN|BACKSIDE GRIND|MEASURE WAFER THICKNESS|BACKSIDE ETCH CLEAN|BACKSIDE RINSE|BACKSIDE DRY|BACKSIDE METALLIZATION PREP|DEPOSIT BACKSIDE METAL|BACKSIDE ANNEAL|MEASURE BACKSIDE CONTACT|FINAL CLEAN|FINAL THICKNESS MEASURE|FINAL GEOMETRY CHECK|ELECTRICAL PARAMETRIC TEST|LEAKAGE TEST|THRESHOLD VOLTAGE TEST|SWITCHING TEST|WAFER SORT TEST|YIELD ANALYSIS|FINAL LOT RELEASE|SHIP LOT,RULE_METAL_ETCH_NO_LITHO
anomaly_0305,IGBT,RECEIVE WAFER LOT|LOT IDENTIFICATION|INITIAL WAFER INSPECTION|MEASURE INITIAL THICKNESS|PRE CLEAN WAFER|BACKSIDE CLEAN|FRONTSIDE CLEAN|WET CLEAN RCA1|WET CLEAN RCA2|HF DIP|DRY WAFER|EPITAXIAL WAFER CHECK|MEASURE EPITAXY THICKNESS|MEASURE RESISTIVITY|EPITAXIAL REWORK CHECK|EPITAXIAL LAYER PREP|THERMAL OXIDATION|MEASURE OXIDE THICKNESS|SPIN COAT PHOTORESIST|SOFT BAKE|ALIGN MASK LEVEL 1|EXPOSE LITHO LEVEL 1|DEVELOP PHOTORESIST|INSPECT PATTERN LEVEL 1|OXIDE ETCH DRY|STRIP RESIST|CLEAN AFTER OXIDE ETCH|MEASURE OPENING CD|IMPLANT P BODY|PRE ANNEAL CHECK|DRIVE IN DIFFUSION|RAPID THERMAL ANNEAL|MEASURE JUNCTION DEPTH|THERMAL OXIDATION|SPIN COAT PHOTORESIST|SOFT BAKE|ALIGN MASK LEVEL 2|EXPOSE LITHO LEVEL 2|DEVELOP PHOTORESIST|P BODY WINDOW INSPECTION|ETCH SILICON OR OXIDE WINDOW|STRIP PHOTORESIST|CLEAN AFTER WINDOW ETCH|MEASURE WINDOW CD|IMPLANT N BUFFER|PRE ANNEAL CHECK|RAPID THERMAL ANNEAL|DEPOSIT FIELD OXIDE|DENSIFY OXIDE|MEASURE FILM THICKNESS|SPIN COAT PHOTORESIST|SOFT BAKE|ALIGN MASK LEVEL 3|EXPOSE LITHO LEVEL 3|DEVELOP PHOTORESIST|FIELD PATTERN INSPECTION|FIELD OXIDE ETCH|STRIP RESIST|CLEAN AFTER FIELD ETCH|MEASURE SURFACE UNIFORMITY|IMPLANT SOURCE REGION|IMPLANT DRAIN / CATHODE REGION|PRE ANNEAL CHECK|RAPID THERMAL ANNEAL|MEASURE SHEET RESISTANCE|DEPOSIT GATE OXIDE OR DIELECTRIC|ANNEAL DIELECTRIC|MEASURE OXIDE QUALITY|DEPOSIT POLYSILICON|POLYSILICON ANNEAL|MEASURE POLY THICKNESS|SPIN COAT PHOTORESIST|SOFT BAKE|ALIGN MASK LEVEL 4|EXPOSE LITHO LEVEL 4|POST EXPOSE BAKE|DEVELOP PHOTORESIST|POLY PATTERN INSPECTION|POLYSILICON ETCH DRY|STRIP PHOTORESIST|CLEAN AFTER POLY ETCH|MEASURE GATE CD|IMPLANT CHANNEL STOP|RAPID THERMAL ANNEAL|MEASURE DEVICE PARAMETER|DEPOSIT INTERLEVEL DIELECTRIC|DENSIFY OXIDE|MEASURE FILM THICKNESS|CMP INTERLAYER DIELECTRIC|MEASURE SURFACE PLANARITY|SPIN COAT PHOTORESIST|SOFT BAKE|ALIGN MASK LEVEL 5|EXPOSE LITHO LEVEL 5|VIA OPENING INSPECTION|VIA ETCH|STRIP RESIST|CLEAN AFTER VIA ETCH|MEASURE VIA CD|DEPOSIT BARRIER METAL|DEPOSIT METAL SEED|FILL VIA METAL|CMP VIA FILL|MEASURE VIA RESISTANCE|DEPOSIT TOP METAL|ANNEAL METAL|SPIN COAT PHOTORESIST|SOFT BAKE|ALIGN MASK LEVEL 6|EXPOSE LITHO LEVEL 6|POST EXPOSE BAKE|DEVELOP PHOTORESIST|METAL PATTERN INSPECTION|HARD BAKE|METAL ETCH DRY|STRIP RESIST|CLEAN AFTER METAL ETCH|DEPOSIT PASSIVATION LAYER|CURE PASSIVATION|MEASURE PASSIVATION QUALITY|OPEN BOND PAD WINDOW|PAD WINDOW LITHO|DEVELOP PHOTORESIST|PASSIVATION ETCH|STRIP RESIST|CLEAN PAD OPENING|MEASURE PAD OPENING|BACKSIDE GRIND|MEASURE THICKNESS|BACKSIDE ETCH CLEAN|BACKSIDE RINSE|BACKSIDE DRY|BACKSIDE METALLIZATION PREP|DEPOSIT BACKSIDE METAL|BACKSIDE ANNEAL|MEASURE BACKSIDE CONTACT|FINAL CLEAN|FINAL THICKNESS MEASURE|FINAL GEOMETRY CHECK|ELECTRICAL PARAMETRIC TEST|LEAKAGE TEST|BREAKDOWN VOLTAGE TEST|SWITCHING TEST|WAFER SORT TEST|YIELD ANALYSIS|FINAL LOT RELEASE|SHIP LOT,RULE_ETCH_NO_MASK
anomaly_0287,MOSFET,RECEIVE WAFER LOT|LOT IDENTIFICATION|PRE CLEAN INSPECTION|MEASURE THICKNESS|MEASURE SURFACE PARTICLES|PRE CLEAN WAFER|BACKSIDE CLEAN|RCA CLEAN 1|RCA CLEAN 2|HF DIP|DRY WAFER|SUBSTRATE CHECK|EPITAXY PREP|EPITAXIAL DEPOSITION|MEASURE EPITAXY THICKNESS|MEASURE RESISTIVITY|EPITAXY ANNEAL|WAFER SURFACE CLEAN|THERMAL OXIDATION|MEASURE OXIDE THICKNESS|SPIN COAT PHOTORESIST|SOFT BAKE|ALIGN MASK LEVEL 1|EXPOSE LITHO LEVEL 1|DEVELOP PHOTORESIST|PATTERN INSPECTION LEVEL 1|HARD BAKE|OXIDE ETCH|STRIP RESIST|CLEAN AFTER ETCH|MEASURE OPENING CD|IMPLANT WELL|DRIVE IN DIFFUSION|RAPID THERMAL ANNEAL|MEASURE JUNCTION DEPTH|THERMAL OXIDATION|GATE OXIDE PREP|GATE OXIDE GROWTH|MEASURE GATE OXIDE THICKNESS|DEPOSIT POLYSILICON|POLYSILICON ANNEAL|MEASURE POLY THICKNESS|SPIN COAT PHOTORESIST|SOFT BAKE|ALIGN MASK LEVEL 2|EXPOSE LITHO LEVEL 2|DEVELOP PHOTORESIST|POLY PATTERN INSPECTION|POLYSILICON ETCH|STRIP PHOTORESIST|CLEAN AFTER POLY ETCH|MEASURE GATE CD|IMPLANT SOURCE DRAIN|LIGHT ANNEAL|MEASURE SHEET RESISTANCE|DEPOSIT SPACER DIELECTRIC|ANISOTROPIC ETCH SPACER|MEASURE SPACER WIDTH|IMPLANT LDD|RAPID THERMAL ANNEAL|MEASURE JUNCTION PROFILE|DEPOSIT INTERLEVEL DIELECTRIC|DENSIFY DIELECTRIC|MEASURE DIELECTRIC THICKNESS|CMP INTERLAYER DIELECTRIC|MEASURE PLANARITY|SPIN COAT PHOTORESIST|SOFT BAKE|ALIGN MASK LEVEL 3|EXPOSE LITHO LEVEL 3|POST EXPOSE BAKE|DEVELOP PHOTORESIST|VIA OPENING INSPECTION|VIA ETCH|STRIP RESIST|CLEAN AFTER VIA ETCH|MEASURE VIA CD|CMP VIA FILL|MEASURE VIA RESISTANCE|DEPOSIT TOP METAL|ANNEAL METAL|SPIN COAT PHOTORESIST|SOFT BAKE|ALIGN MASK LEVEL 4|EXPOSE LITHO LEVEL 4|DEVELOP PHOTORESIST|METAL PATTERN INSPECTION|METAL ETCH|STRIP PHOTORESIST|CLEAN AFTER METAL ETCH|MEASURE LINE WIDTH|DEPOSIT PASSIVATION LAYER|CURE PASSIVATION|MEASURE PASSIVATION THICKNESS|OPEN PAD WINDOW|PAD WINDOW LITHO|DEVELOP PAD WINDOW|PASSIVATION ETCH|STRIP PHOTORESIST|CLEAN PAD OPENING|MEASURE PAD OPENING|BACKSIDE CLEAN|BACKSIDE GRIND|MEASURE WAFER THICKNESS|BACKSIDE ETCH CLEAN|BACKSIDE RINSE|BACKSIDE DRY|BACKSIDE METALLIZATION PREP|DEPOSIT BACKSIDE METAL|BACKSIDE ANNEAL|MEASURE BACKSIDE CONTACT|FINAL CLEAN|FINAL THICKNESS MEASURE|FINAL GEOMETRY CHECK|FINAL PARTICLE INSPECTION|PARAMETRIC TEST|LEAKAGE TEST|THRESHOLD VOLTAGE TEST|SWITCHING TEST|WAFER SORT TEST|YIELD ANALYSIS|FINAL LOT RELEASE|SHIP LOT,RULE_CMP_NO_DEP
anomaly_0671,MOSFET,RECEIVE WAFER LOT|LOT IDENTIFICATION|INITIAL WAFER INSPECTION|MEASURE THICKNESS|MEASURE SURFACE PARTICLES|PRE CLEAN WAFER|WET CLEAN RCA1|WET CLEAN RCA2|HF DIP|SUBSTRATE CHECK|EPITAXY PREP|EPITAXIAL DEPOSITION|MEASURE EPITAXY THICKNESS|MEASURE RESISTIVITY|EPITAXY ANNEAL|WAFER SURFACE CLEAN|THERMAL OXIDATION|MEASURE OXIDE THICKNESS|SPIN COAT PHOTORESIST|SOFT BAKE|ALIGN MASK LEVEL 1|EXPOSE LITHO LEVEL 1|DEVELOP PHOTORESIST|PATTERN INSPECTION LEVEL 1|OXIDE ETCH|STRIP PHOTORESIST|CLEAN AFTER ETCH|IMPLANT WELL|PRE ANNEAL CHECK|DRIVE IN DIFFUSION|RAPID THERMAL ANNEAL|THERMAL OXIDATION|GATE OXIDE PREP|GATE OXIDE GROWTH|MEASURE GATE OXIDE THICKNESS|DEPOSIT POLYSILICON|POLYSILICON ANNEAL|MEASURE POLY THICKNESS|SPIN COAT PHOTORESIST|SOFT BAKE|ALIGN MASK LEVEL 2|EXPOSE LITHO LEVEL 2|POST EXPOSE BAKE|DEVELOP PHOTORESIST|POLY PATTERN INSPECTION|POLYSILICON ETCH|STRIP RESIST|CLEAN AFTER POLY ETCH|MEASURE GATE CD|IMPLANT SOURCE DRAIN|LIGHT ANNEAL|MEASURE SHEET RESISTANCE|DEPOSIT SPACER DIELECTRIC|ANISOTROPIC ETCH SPACER|MEASURE SPACER WIDTH|IMPLANT LDD|PRE ANNEAL CHECK|RAPID THERMAL ANNEAL|MEASURE JUNCTION PROFILE|DEPOSIT INTERLEVEL DIELECTRIC|DENSIFY DIELECTRIC|MEASURE DIELECTRIC THICKNESS|CMP INTERLAYER DIELECTRIC|MEASURE PLANARITY|SPIN COAT PHOTORESIST|SOFT BAKE|ALIGN MASK LEVEL 3|EXPOSE LITHO LEVEL 3|DEVELOP PHOTORESIST|VIA OPENING INSPECTION|VIA ETCH|STRIP RESIST|CLEAN AFTER VIA ETCH|MEASURE VIA CD|DEPOSIT BARRIER METAL|DEPOSIT METAL SEED|FILL VIA METAL|CMP METAL|MEASURE VIA RESISTANCE|DEPOSIT METAL 1|ANNEAL METAL|MEASURE METAL THICKNESS|SPIN COAT PHOTORESIST|SOFT BAKE|ALIGN MASK LEVEL 4|EXPOSE LITHO LEVEL 4|DEVELOP PHOTORESIST|METAL PATTERN INSPECTION|HARD BAKE|METAL ETCH|STRIP PHOTORESIST|CLEAN AFTER METAL ETCH|DEPOSIT PASSIVATION|CURE PASSIVATION|MEASURE PASSIVATION THICKNESS|OPEN BOND PAD WINDOW|PAD WINDOW LITHO|DEVELOP PHOTORESIST|PASSIVATION ETCH|STRIP PHOTORESIST|CLEAN PAD OPENING|MEASURE PAD OPENING|BACKSIDE CLEAN|BACKSIDE GRIND|MEASURE WAFER THICKNESS|BACKSIDE ETCH CLEAN|BACKSIDE RINSE|BACKSIDE DRY|BACKSIDE METALLIZATION PREP|DEPOSIT BACKSIDE METAL|BACKSIDE ANNEAL|MEASURE BACKSIDE CONTACT|FINAL CLEAN|FINAL GEOMETRY CHECK|FINAL PARTICLE INSPECTION|PARAMETRIC TEST|LEAKAGE TEST|THRESHOLD VOLTAGE TEST|SWITCHING TEST|SHIP LOT|YIELD ANALYSIS|LOT RELEASE|WAFER SORT TEST,RULE_SHIP_BEFORE_TEST
anomaly_0055,IGBT,RECEIVE WAFER LOT|LOT IDENTIFICATION|PRE CLEAN INSPECTION|MEASURE INITIAL THICKNESS|MEASURE SURFACE PARTICLES|PRE CLEAN WAFER|BACKSIDE CLEAN|FRONTSIDE CLEAN|RCA CLEAN 1|RCA CLEAN 2|HF DIP|EPITAXIAL WAFER CHECK|MEASURE EPITAXY THICKNESS|MEASURE RESISTIVITY|EPITAXIAL REWORK CHECK|EPITAXIAL LAYER PREP|THERMAL OXIDATION|MEASURE OXIDE THICKNESS|SPIN COAT PHOTORESIST|SOFT BAKE|ALIGN MASK LEVEL 1|EXPOSE LITHO LEVEL 1|POST EXPOSE BAKE|DEVELOP PHOTORESIST|INSPECT PATTERN LEVEL 1|OXIDE ETCH DRY|STRIP RESIST|CLEAN AFTER OXIDE ETCH|MEASURE OPENING CD|IMPLANT P BODY|PRE ANNEAL CHECK|DRIVE IN DIFFUSION|RAPID THERMAL ANNEAL|MEASURE JUNCTION DEPTH|THERMAL OXIDATION|SPIN COAT PHOTORESIST|SOFT BAKE|ALIGN MASK LEVEL 2|EXPOSE LITHO LEVEL 2|DEVELOP PHOTORESIST|P BODY WINDOW INSPECTION|ETCH SILICON OR OXIDE WINDOW|STRIP RESIST|CLEAN AFTER WINDOW ETCH|MEASURE WINDOW CD|IMPLANT N BUFFER|RAPID THERMAL ANNEAL|DEPOSIT FIELD OXIDE|DENSIFY OXIDE|SPIN COAT PHOTORESIST|SOFT BAKE|ALIGN MASK LEVEL 3|EXPOSE LITHO LEVEL 3|DEVELOP PHOTORESIST|FIELD PATTERN INSPECTION|FIELD OXIDE ETCH|STRIP RESIST|CLEAN AFTER FIELD ETCH|MEASURE SURFACE UNIFORMITY|IMPLANT SOURCE REGION|IMPLANT DRAIN / CATHODE REGION|PRE ANNEAL CHECK|RAPID THERMAL ANNEAL|MEASURE SHEET RESISTANCE|DEPOSIT GATE OXIDE OR DIELECTRIC|ANNEAL DIELECTRIC|MEASURE OXIDE QUALITY|DEPOSIT POLYSILICON|POLYSILICON ANNEAL|MEASURE POLY THICKNESS|SPIN COAT PHOTORESIST|SOFT BAKE|ALIGN MASK LEVEL 4|EXPOSE LITHO LEVEL 4|POST EXPOSE BAKE|DEVELOP PHOTORESIST|POLY PATTERN INSPECTION|HARD BAKE|POLYSILICON ETCH DRY|STRIP PHOTORESIST|CLEAN AFTER POLY ETCH|IMPLANT CHANNEL STOP|PRE ANNEAL CHECK|RAPID THERMAL ANNEAL|DEPOSIT INTERLEVEL DIELECTRIC|DENSIFY DIELECTRIC|MEASURE DIELECTRIC THICKNESS|CMP DIELECTRIC|MEASURE PLANARITY|SPIN COAT PHOTORESIST|SOFT BAKE|ALIGN MASK LEVEL 5|EXPOSE LITHO LEVEL 5|DEVELOP PHOTORESIST|VIA OPENING INSPECTION|DIELECTRIC ETCH VIA|STRIP RESIST|MEASURE VIA CD|DEPOSIT BARRIER METAL|DEPOSIT METAL SEED|FILL VIA METAL|CMP VIA FILL|MEASURE VIA RESISTANCE|DEPOSIT METAL 1|ANNEAL METAL 1|MEASURE METAL THICKNESS|SPIN COAT PHOTORESIST|SOFT BAKE|ALIGN MASK LEVEL 6|EXPOSE LITHO LEVEL 6|DEVELOP PHOTORESIST|METAL PATTERN INSPECTION|METAL ETCH DRY|STRIP PHOTORESIST|CLEAN AFTER METAL ETCH|MEASURE LINE WIDTH|DEPOSIT PASSIVATION|CURE PASSIVATION|MEASURE PASSIVATION THICKNESS|OPEN PAD WINDOW|OPEN PAD WINDOW LITHO|DEVELOP PAD WINDOW|PASSIVATION ETCH|STRIP RESIST|CLEAN PAD OPENING|MEASURE PAD OPENING|BACKSIDE GRIND|MEASURE WAFER THICKNESS|BACKSIDE ETCH CLEAN|BACKSIDE RINSE|BACKSIDE DRY|BACKSIDE METALLIZATION PREP|DEPOSIT BACKSIDE METAL|BACKSIDE ANNEAL|MEASURE BACKSIDE CONTACT|FINAL CLEAN|FINAL THICKNESS MEASURE|FINAL GEOMETRY CHECK|FINAL PARTICLE INSPECTION|ELECTRICAL PARAMETRIC TEST|LEAKAGE TEST|BREAKDOWN VOLTAGE TEST|SWITCHING TEST|YIELD ANALYSIS|WAFER SORT TEST|FINAL LOT RELEASE|SHIP LOT,RULE_DEP_NO_CLEAN
anomaly_0931,IGBT,RECEIVE WAFER LOT|LOT IDENTIFICATION|INITIAL WAFER INSPECTION|MEASURE SURFACE PARTICLES|PRE CLEAN WAFER|BACKSIDE CLEAN|FRONTSIDE CLEAN|RCA CLEAN 1|WET CLEAN RCA2|HF DIP|EPITAXIAL WAFER CHECK|MEASURE EPITAXY THICKNESS|MEASURE RESISTIVITY|EPITAXIAL LAYER PREP|THERMAL OXIDATION|MEASURE OXIDE THICKNESS|SPIN COAT PHOTORESIST|SOFT BAKE|ALIGN MASK LEVEL 1|EXPOSE LITHO LEVEL 1|DEVELOP PHOTORESIST|INSPECT PATTERN LEVEL 1|OXIDE ETCH DRY|STRIP RESIST|CLEAN AFTER OXIDE ETCH|MEASURE OPENING CD|IMPLANT P BODY|PRE ANNEAL CHECK|DRIVE IN DIFFUSION|RAPID THERMAL ANNEAL|MEASURE JUNCTION DEPTH|THERMAL OXIDATION|SPIN COAT PHOTORESIST|SOFT BAKE|ALIGN MASK LEVEL 2|EXPOSE LITHO LEVEL 2|DEVELOP PHOTORESIST|P BODY WINDOW INSPECTION|ETCH SILICON OR OXIDE WINDOW|STRIP PHOTORESIST|CLEAN AFTER WINDOW ETCH|MEASURE WINDOW CD|IMPLANT N BUFFER|PRE ANNEAL CHECK|RAPID THERMAL ANNEAL|MEASURE SHEET RESISTANCE|EPITAXIAL REWORK CHECK|DEPOSIT FIELD OXIDE|DENSIFY OXIDE|MEASURE FILM THICKNESS|SPIN COAT PHOTORESIST|SOFT BAKE|ALIGN MASK LEVEL 3|EXPOSE LITHO LEVEL 3|DEVELOP PHOTORESIST|FIELD PATTERN INSPECTION|FIELD OXIDE ETCH|STRIP PHOTORESIST|CLEAN AFTER FIELD ETCH|MEASURE SURFACE UNIFORMITY|IMPLANT SOURCE REGION|IMPLANT DRAIN / CATHODE REGION|PRE ANNEAL CHECK|RAPID THERMAL ANNEAL|DEPOSIT GATE OXIDE OR DIELECTRIC|ANNEAL DIELECTRIC|MEASURE OXIDE QUALITY|DEPOSIT POLYSILICON|POLYSILICON ANNEAL|MEASURE POLY THICKNESS|SPIN COAT PHOTORESIST|SOFT BAKE|ALIGN MASK LEVEL 4|EXPOSE LITHO LEVEL 4|DEVELOP PHOTORESIST|POLY PATTERN INSPECTION|POLYSILICON ETCH DRY|STRIP PHOTORESIST|CLEAN AFTER POLY ETCH|MEASURE GATE CD|IMPLANT CHANNEL STOP|PRE ANNEAL CHECK|RAPID THERMAL ANNEAL|MEASURE DEVICE PARAMETER|DENSIFY DIELECTRIC|MEASURE FILM THICKNESS|CMP INTERLAYER DIELECTRIC|MEASURE SURFACE PLANARITY|SPIN COAT PHOTORESIST|SOFT BAKE|ALIGN MASK LEVEL 5|EXPOSE LITHO LEVEL 5|POST EXPOSE BAKE|DEVELOP PHOTORESIST|VIA INSPECTION|DIELECTRIC ETCH VIA|STRIP RESIST|CLEAN AFTER VIA ETCH|MEASURE VIA CD|DEPOSIT BARRIER METAL|DEPOSIT METAL SEED|FILL VIA METAL|CMP VIA FILL|MEASURE CONTACT RESISTANCE|DEPOSIT TOP METAL|ANNEAL METAL 1|SPIN COAT PHOTORESIST|SOFT BAKE|ALIGN MASK LEVEL 6|EXPOSE LITHO LEVEL 6|DEVELOP PHOTORESIST|METAL PATTERN INSPECTION|METAL ETCH DRY|STRIP PHOTORESIST|CLEAN AFTER METAL ETCH|MEASURE LINE WIDTH|DEPOSIT PASSIVATION LAYER|CURE PASSIVATION|MEASURE PASSIVATION QUALITY|OPEN BOND PAD WINDOW|PAD WINDOW LITHO|DEVELOP PHOTORESIST|PASSIVATION ETCH|STRIP RESIST|CLEAN PAD OPENING|MEASURE PAD OPENING|BACKSIDE GRIND|MEASURE THICKNESS|BACKSIDE ETCH CLEAN|BACKSIDE RINSE|BACKSIDE DRY|BACKSIDE METALLIZATION PREP|DEPOSIT BACKSIDE METAL|BACKSIDE ANNEAL|MEASURE BACKSIDE CONTACT|FINAL CLEAN|FINAL GEOMETRY CHECK|FINAL PARTICLE INSPECTION|PARAMETRIC TEST|LEAKAGE TEST|BREAKDOWN VOLTAGE TEST|SWITCHING TEST|YIELD ANALYSIS|WAFER SORT TEST|LOT RELEASE|SHIP LOT,RULE_CMP_NO_DEP
anomaly_0649,IGBT,RECEIVE WAFER LOT|LOT IDENTIFICATION|INITIAL WAFER INSPECTION|MEASURE INITIAL THICKNESS|MEASURE SURFACE PARTICLES|PRE CLEAN WAFER|BACKSIDE CLEAN|FRONTSIDE CLEAN|RCA CLEAN 1|RCA CLEAN 2|HF DIP|DRY WAFER|EPITAXIAL WAFER CHECK|MEASURE EPITAXY THICKNESS|MEASURE RESISTIVITY|EPITAXIAL LAYER PREP|THERMAL OXIDATION|MEASURE OXIDE THICKNESS|SPIN COAT PHOTORESIST|SOFT BAKE|ALIGN MASK LEVEL 1|EXPOSE LITHO LEVEL 1|DEVELOP PHOTORESIST|INSPECT PATTERN LEVEL 1|OXIDE ETCH DRY|STRIP RESIST|CLEAN AFTER OXIDE ETCH|MEASURE OPENING CD|IMPLANT P BODY|PRE ANNEAL CHECK|DRIVE IN DIFFUSION|RAPID THERMAL ANNEAL|THERMAL OXIDATION|SPIN COAT PHOTORESIST|SOFT BAKE|ALIGN MASK LEVEL 2|EXPOSE LITHO LEVEL 2|DEVELOP PHOTORESIST|P BODY WINDOW INSPECTION|ETCH SILICON OR OXIDE WINDOW|STRIP RESIST|CLEAN AFTER WINDOW ETCH|MEASURE WINDOW CD|IMPLANT N BUFFER|RAPID THERMAL ANNEAL|MEASURE SHEET RESISTANCE|DEPOSIT FIELD OXIDE|DENSIFY OXIDE|SPIN COAT PHOTORESIST|SOFT BAKE|ALIGN MASK LEVEL 3|EXPOSE LITHO LEVEL 3|DEVELOP PHOTORESIST|FIELD PATTERN INSPECTION|FIELD OXIDE ETCH|STRIP RESIST|CLEAN AFTER FIELD ETCH|MEASURE SURFACE UNIFORMITY|IMPLANT SOURCE REGION|IMPLANT DRAIN / CATHODE REGION|PRE ANNEAL CHECK|RAPID THERMAL ANNEAL|MEASURE SHEET RESISTANCE|DEPOSIT GATE OXIDE OR DIELECTRIC|ANNEAL DIELECTRIC|DEPOSIT POLYSILICON|POLYSILICON ANNEAL|MEASURE POLY THICKNESS|SPIN COAT PHOTORESIST|SOFT BAKE|ALIGN MASK LEVEL 4|EXPOSE LITHO LEVEL 4|DEVELOP PHOTORESIST|POLY PATTERN INSPECTION|POLYSILICON ETCH DRY|STRIP PHOTORESIST|CLEAN AFTER POLY ETCH|MEASURE GATE CD|IMPLANT CHANNEL STOP|PRE ANNEAL CHECK|RAPID THERMAL ANNEAL|DEPOSIT INTERLAYER DIELECTRIC|DENSIFY DIELECTRIC|MEASURE DIELECTRIC THICKNESS|CMP DIELECTRIC|MEASURE SURFACE PLANARITY|SPIN COAT PHOTORESIST|SOFT BAKE|ALIGN MASK LEVEL 5|EXPOSE LITHO LEVEL 5|DEVELOP PHOTORESIST|VIA OPENING INSPECTION|DIELECTRIC ETCH VIA|STRIP PHOTORESIST|CLEAN AFTER VIA ETCH|MEASURE VIA CD|DEPOSIT BARRIER METAL|DEPOSIT METAL SEED|FILL VIA METAL|CMP METAL|MEASURE VIA RESISTANCE|DEPOSIT TOP METAL|ANNEAL METAL 1|SPIN COAT PHOTORESIST|SOFT BAKE|ALIGN MASK LEVEL 6|EXPOSE LITHO LEVEL 6|DEVELOP PHOTORESIST|METAL PATTERN INSPECTION|METAL ETCH DRY|STRIP PHOTORESIST|CLEAN AFTER METAL ETCH|MEASURE LINE WIDTH|OPEN BOND PAD WINDOW|DEPOSIT PASSIVATION LAYER|CURE PASSIVATION|MEASURE PASSIVATION THICKNESS|OPEN PAD WINDOW LITHO|DEVELOP PHOTORESIST|PASSIVATION ETCH|STRIP RESIST|CLEAN PAD OPENING|MEASURE PAD OPENING|BACKSIDE GRIND|MEASURE WAFER THICKNESS|BACKSIDE ETCH CLEAN|BACKSIDE RINSE|BACKSIDE DRY|BACKSIDE METALLIZATION PREP|DEPOSIT BACKSIDE METAL|BACKSIDE ANNEAL|MEASURE BACKSIDE CONTACT|FINAL CLEAN|FINAL THICKNESS MEASURE|FINAL GEOMETRY CHECK|FINAL PARTICLE INSPECTION|ELECTRICAL PARAMETRIC TEST|LEAKAGE TEST|BREAKDOWN VOLTAGE TEST|SWITCHING TEST|WAFER SORT TEST|YIELD ANALYSIS|FINAL LOT RELEASE|SHIP LOT,RULE_PAD_OPEN_BEFORE_DEP
anomaly_0375,MOSFET,RECEIVE WAFER LOT|LOT IDENTIFICATION|PRE CLEAN INSPECTION|MEASURE THICKNESS|MEASURE SURFACE PARTICLES|PRE CLEAN WAFER|BACKSIDE CLEAN|WET CLEAN RCA1|WET CLEAN RCA2|HF DIP|SUBSTRATE CHECK|EPITAXY PREP|EPITAXIAL DEPOSITION|MEASURE EPITAXY THICKNESS|MEASURE RESISTIVITY|EPITAXY ANNEAL|WAFER SURFACE CLEAN|THERMAL OXIDATION|MEASURE OXIDE THICKNESS|SPIN COAT PHOTORESIST|SOFT BAKE|ALIGN MASK LEVEL 1|EXPOSE LITHO LEVEL 1|POST EXPOSE BAKE|DEVELOP PHOTORESIST|PATTERN INSPECTION LEVEL 1|OXIDE ETCH|STRIP PHOTORESIST|CLEAN AFTER ETCH|MEASURE OPENING CD|IMPLANT WELL|DRIVE IN DIFFUSION|RAPID THERMAL ANNEAL|MEASURE JUNCTION DEPTH|THERMAL OXIDATION|GATE OXIDE PREP|GATE OXIDE GROWTH|MEASURE GATE OXIDE THICKNESS|DEPOSIT POLYSILICON|POLYSILICON ANNEAL|MEASURE POLY THICKNESS|SPIN COAT PHOTORESIST|SOFT BAKE|ALIGN MASK LEVEL 2|EXPOSE LITHO LEVEL 2|DEVELOP PHOTORESIST|POLY PATTERN INSPECTION|POLYSILICON ETCH|STRIP RESIST|CLEAN AFTER POLY ETCH|MEASURE GATE CD|IMPLANT SOURCE DRAIN|PRE ANNEAL CHECK|LIGHT ANNEAL|MEASURE SHEET RESISTANCE|DEPOSIT SPACER DIELECTRIC|ANISOTROPIC ETCH SPACER|MEASURE SPACER WIDTH|IMPLANT LDD|PRE ANNEAL CHECK|RAPID THERMAL ANNEAL|DEPOSIT INTERLAYER DIELECTRIC|DENSIFY DIELECTRIC|MEASURE DIELECTRIC THICKNESS|CMP DIELECTRIC|MEASURE PLANARITY|SPIN COAT PHOTORESIST|SOFT BAKE|ALIGN MASK LEVEL 3|EXPOSE LITHO LEVEL 3|POST EXPOSE BAKE|DEVELOP PHOTORESIST|VIA INSPECTION|HARD BAKE|DIELECTRIC ETCH VIA|STRIP PHOTORESIST|CLEAN AFTER VIA ETCH|DEPOSIT BARRIER METAL|DEPOSIT METAL SEED|FILL VIA METAL|CMP METAL|MEASURE CONTACT RESISTANCE|DEPOSIT METAL 1|ANNEAL METAL 1|SPIN COAT PHOTORESIST|SOFT BAKE|ALIGN MASK LEVEL 4|EXPOSE LITHO LEVEL 4|POST EXPOSE BAKE|DEVELOP PHOTORESIST|METAL PATTERN INSPECTION|METAL ETCH|STRIP PHOTORESIST|CLEAN AFTER METAL ETCH|MEASURE LINE WIDTH|DEPOSIT PASSIVATION LAYER|CURE PASSIVATION|MEASURE PASSIVATION THICKNESS|OPEN PAD WINDOW|OPEN PAD WINDOW LITHO|DEVELOP PHOTORESIST|PASSIVATION ETCH|STRIP PHOTORESIST|CLEAN PAD OPENING|MEASURE PAD OPENING|BACKSIDE CLEAN|BACKSIDE GRIND|MEASURE WAFER THICKNESS|BACKSIDE ETCH CLEAN|BACKSIDE RINSE|BACKSIDE DRY|BACKSIDE METALLIZATION PREP|DEPOSIT BACKSIDE METAL|BACKSIDE ANNEAL|MEASURE BACKSIDE CONTACT|FINAL CLEAN|FINAL THICKNESS MEASURE|FINAL GEOMETRY CHECK|FINAL CD INSPECTION|ELECTRICAL PARAMETRIC TEST|LEAKAGE TEST|THRESHOLD VOLTAGE TEST|SWITCHING TEST|SHIP LOT|YIELD ANALYSIS|FINAL LOT RELEASE|WAFER SORT TEST,RULE_SHIP_BEFORE_TEST
anomaly_0125,MOSFET,RECEIVE WAFER LOT|LOT IDENTIFICATION|INITIAL WAFER INSPECTION|MEASURE THICKNESS|MEASURE SURFACE PARTICLES|PRE CLEAN WAFER|BACKSIDE CLEAN|WET CLEAN RCA1|RCA CLEAN 2|HF DIP|DRY WAFER|SUBSTRATE CHECK|EPITAXY PREP|EPITAXIAL DEPOSITION|MEASURE EPITAXY THICKNESS|MEASURE RESISTIVITY|EPITAXY ANNEAL|WAFER SURFACE CLEAN|THERMAL OXIDATION|MEASURE OXIDE THICKNESS|SPIN COAT PHOTORESIST|SOFT BAKE|ALIGN MASK LEVEL 1|EXPOSE LITHO LEVEL 1|DEVELOP PHOTORESIST|PATTERN INSPECTION LEVEL 1|HARD BAKE|OXIDE ETCH|STRIP PHOTORESIST|CLEAN AFTER ETCH|MEASURE OPENING CD|IMPLANT WELL|DRIVE IN DIFFUSION|RAPID THERMAL ANNEAL|THERMAL OXIDATION|GATE OXIDE PREP|GATE OXIDE GROWTH|MEASURE GATE OXIDE THICKNESS|DEPOSIT POLYSILICON|POLYSILICON ANNEAL|MEASURE POLY THICKNESS|SPIN COAT PHOTORESIST|SOFT BAKE|ALIGN MASK LEVEL 2|EXPOSE LITHO LEVEL 2|DEVELOP PHOTORESIST|POLY PATTERN INSPECTION|HARD BAKE|POLYSILICON ETCH|STRIP RESIST|CLEAN AFTER POLY ETCH|MEASURE GATE CD|IMPLANT SOURCE DRAIN|LIGHT ANNEAL|DEPOSIT SPACER DIELECTRIC|ANISOTROPIC ETCH SPACER|MEASURE SPACER WIDTH|IMPLANT LDD|PRE ANNEAL CHECK|RAPID THERMAL ANNEAL|MEASURE JUNCTION PROFILE|DEPOSIT INTERLEVEL DIELECTRIC|DENSIFY DIELECTRIC|MEASURE DIELECTRIC THICKNESS|CMP INTERLAYER DIELECTRIC|MEASURE PLANARITY|SPIN COAT PHOTORESIST|SOFT BAKE|ALIGN MASK LEVEL 3|EXPOSE LITHO LEVEL 3|DEVELOP PHOTORESIST|VIA OPENING INSPECTION|VIA ETCH THROUGH DIELECTRIC|STRIP PHOTORESIST|CLEAN AFTER VIA ETCH|MEASURE VIA CD|DEPOSIT BARRIER METAL|DEPOSIT METAL SEED|FILL VIA METAL|CMP VIA FILL|DEPOSIT METAL 1|ANNEAL METAL|SPIN COAT PHOTORESIST|SOFT BAKE|ALIGN MASK LEVEL 4|EXPOSE LITHO LEVEL 4|POST EXPOSE BAKE|DEVELOP PHOTORESIST|METAL PATTERN INSPECTION|METAL ETCH|STRIP PHOTORESIST|CLEAN AFTER METAL ETCH|DEPOSIT PASSIVATION|DEPOSIT BACKSIDE METAL|CURE PASSIVATION|MEASURE PASSIVATION THICKNESS|OPEN BOND PAD WINDOW|OPEN PAD WINDOW LITHO|DEVELOP PAD WINDOW|PASSIVATION ETCH|STRIP RESIST|CLEAN PAD OPENING|MEASURE PAD OPENING|BACKSIDE CLEAN|BACKSIDE GRIND|MEASURE WAFER THICKNESS|BACKSIDE ETCH CLEAN|BACKSIDE RINSE|BACKSIDE DRY|BACKSIDE METALLIZATION PREP|BACKSIDE ANNEAL|MEASURE BACKSIDE CONTACT|FINAL CLEAN|FINAL THICKNESS MEASURE|FINAL GEOMETRY CHECK|FINAL CD INSPECTION|FINAL PARTICLE INSPECTION|ELECTRICAL PARAMETRIC TEST|LEAKAGE TEST|THRESHOLD VOLTAGE TEST|SWITCHING TEST|WAFER SORT TEST|YIELD ANALYSIS|LOT RELEASE|SHIP LOT,RULE_BACKSIDE_BEFORE_PASSIVATION
anomaly_0729,MOSFET,RECEIVE WAFER LOT|LOT IDENTIFICATION|PRE CLEAN INSPECTION|MEASURE THICKNESS|MEASURE SURFACE PARTICLES|PRE CLEAN WAFER|BACKSIDE CLEAN|RCA CLEAN 1|WET CLEAN RCA2|HF DIP|DRY WAFER|SUBSTRATE CHECK|EPITAXY PREP|EPITAXIAL DEPOSITION|MEASURE EPITAXY THICKNESS|MEASURE RESISTIVITY|EPITAXY ANNEAL|WAFER SURFACE CLEAN|THERMAL OXIDATION|MEASURE OXIDE THICKNESS|SPIN COAT PHOTORESIST|SOFT BAKE|ALIGN MASK LEVEL 1|EXPOSE LITHO LEVEL 1|DEVELOP PHOTORESIST|PATTERN INSPECTION LEVEL 1|OXIDE ETCH|STRIP PHOTORESIST|CLEAN AFTER ETCH|MEASURE OPENING CD|IMPLANT WELL|PRE ANNEAL CHECK|DRIVE IN DIFFUSION|RAPID THERMAL ANNEAL|MEASURE JUNCTION DEPTH|THERMAL OXIDATION|GATE OXIDE PREP|GATE OXIDE GROWTH|MEASURE GATE OXIDE THICKNESS|DEPOSIT POLYSILICON|POLYSILICON ANNEAL|MEASURE POLY THICKNESS|SPIN COAT PHOTORESIST|SOFT BAKE|ALIGN MASK LEVEL 2|EXPOSE LITHO LEVEL 2|POST EXPOSE BAKE|DEVELOP PHOTORESIST|POLY PATTERN INSPECTION|POLYSILICON ETCH|STRIP PHOTORESIST|CLEAN AFTER POLY ETCH|MEASURE GATE CD|IMPLANT SOURCE DRAIN|LIGHT ANNEAL|MEASURE SHEET RESISTANCE|DEPOSIT SPACER DIELECTRIC|ANISOTROPIC ETCH SPACER|MEASURE SPACER WIDTH|IMPLANT LDD|PRE ANNEAL CHECK|RAPID THERMAL ANNEAL|MEASURE JUNCTION PROFILE|DEPOSIT INTERLEVEL DIELECTRIC|DENSIFY OXIDE|MEASURE FILM THICKNESS|CMP DIELECTRIC|MEASURE SURFACE PLANARITY|SPIN COAT PHOTORESIST|SOFT BAKE|ALIGN MASK LEVEL 3|EXPOSE LITHO LEVEL 3|DEVELOP PHOTORESIST|VIA OPENING INSPECTION|DIELECTRIC ETCH VIA|STRIP PHOTORESIST|CLEAN AFTER VIA ETCH|MEASURE VIA CD|CMP METAL|MEASURE CONTACT RESISTANCE|DEPOSIT METAL 1|ANNEAL METAL 1|MEASURE METAL THICKNESS|SPIN COAT PHOTORESIST|SOFT BAKE|ALIGN MASK LEVEL 4|EXPOSE LITHO LEVEL 4|DEVELOP PHOTORESIST|METAL PATTERN INSPECTION|HARD BAKE|METAL ETCH|STRIP PHOTORESIST|CLEAN AFTER METAL ETCH|MEASURE LINE WIDTH|DEPOSIT PASSIVATION|CURE PASSIVATION|MEASURE PASSIVATION QUALITY|OPEN PAD WINDOW|OPEN PAD WINDOW LITHO|DEVELOP PHOTORESIST|PASSIVATION ETCH PAD OPENING|STRIP PHOTORESIST|CLEAN PAD OPENING|MEASURE PAD OPENING|BACKSIDE CLEAN|BACKSIDE GRIND|MEASURE WAFER THICKNESS|BACKSIDE ETCH CLEAN|BACKSIDE RINSE|BACKSIDE DRY|BACKSIDE METALLIZATION PREP|DEPOSIT BACKSIDE METAL|BACKSIDE ANNEAL|MEASURE BACKSIDE CONTACT|FINAL CLEAN|FINAL GEOMETRY CHECK|FINAL PARTICLE INSPECTION|ELECTRICAL PARAMETRIC TEST|LEAKAGE TEST|THRESHOLD VOLTAGE TEST|SWITCHING TEST|WAFER SORT TEST|YIELD ANALYSIS|FINAL LOT RELEASE|SHIP LOT,RULE_CMP_NO_DEP
anomaly_0424,MOSFET,RECEIVE WAFER LOT|LOT IDENTIFICATION|PRE CLEAN INSPECTION|MEASURE THICKNESS|MEASURE SURFACE PARTICLES|PRE CLEAN WAFER|RCA CLEAN 1|RCA CLEAN 2|HF DIP|DRY WAFER|SUBSTRATE CHECK|EPITAXY PREP|EPITAXIAL DEPOSITION|MEASURE EPITAXY THICKNESS|MEASURE RESISTIVITY|EPITAXY ANNEAL|WAFER SURFACE CLEAN|THERMAL OXIDATION|MEASURE OXIDE THICKNESS|SPIN COAT PHOTORESIST|SOFT BAKE|ALIGN MASK LEVEL 1|EXPOSE LITHO LEVEL 1|DEVELOP PHOTORESIST|PATTERN INSPECTION LEVEL 1|OXIDE ETCH|STRIP RESIST|CLEAN AFTER ETCH|MEASURE OPENING CD|IMPLANT WELL|DRIVE IN DIFFUSION|RAPID THERMAL ANNEAL|THERMAL OXIDATION|GATE OXIDE PREP|GATE OXIDE GROWTH|MEASURE GATE OXIDE THICKNESS|DEPOSIT POLYSILICON|POLYSILICON ANNEAL|MEASURE POLY THICKNESS|SPIN COAT PHOTORESIST|SOFT BAKE|ALIGN MASK LEVEL 2|EXPOSE LITHO LEVEL 2|DEVELOP PHOTORESIST|POLY PATTERN INSPECTION|POLYSILICON ETCH|STRIP RESIST|CLEAN AFTER POLY ETCH|MEASURE GATE CD|IMPLANT SOURCE DRAIN|LIGHT ANNEAL|MEASURE SHEET RESISTANCE|DEPOSIT SPACER DIELECTRIC|ANISOTROPIC ETCH SPACER|MEASURE SPACER WIDTH|IMPLANT LDD|PRE ANNEAL CHECK|RAPID THERMAL ANNEAL|MEASURE JUNCTION PROFILE|DEPOSIT INTERLAYER DIELECTRIC|DENSIFY OXIDE|MEASURE DIELECTRIC THICKNESS|CMP DIELECTRIC|MEASURE SURFACE PLANARITY|SPIN COAT PHOTORESIST|SOFT BAKE|ALIGN MASK LEVEL 3|EXPOSE LITHO LEVEL 3|DEVELOP PHOTORESIST|VIA OPENING INSPECTION|VIA ETCH|STRIP PHOTORESIST|CLEAN AFTER VIA ETCH|MEASURE VIA CD|DEPOSIT BARRIER METAL|DEPOSIT METAL SEED|FILL VIA METAL|CMP VIA FILL|MEASURE CONTACT RESISTANCE|DEPOSIT TOP METAL|ANNEAL METAL 1|MEASURE METAL THICKNESS|SPIN COAT PHOTORESIST|SOFT BAKE|ALIGN MASK LEVEL 4|EXPOSE LITHO LEVEL 4|DEVELOP PHOTORESIST|METAL PATTERN INSPECTION|HARD BAKE|METAL ETCH|STRIP PHOTORESIST|CLEAN AFTER METAL ETCH|DEPOSIT PASSIVATION|DEPOSIT BACKSIDE METAL|CURE PASSIVATION|MEASURE PASSIVATION THICKNESS|OPEN BOND PAD WINDOW|OPEN PAD WINDOW LITHO|DEVELOP PHOTORESIST|PASSIVATION ETCH PAD OPENING|STRIP PHOTORESIST|CLEAN PAD OPENING|MEASURE PAD OPENING|BACKSIDE CLEAN|BACKSIDE GRIND|MEASURE THICKNESS|BACKSIDE ETCH CLEAN|BACKSIDE RINSE|BACKSIDE DRY|BACKSIDE METALLIZATION PREP|BACKSIDE ANNEAL|MEASURE BACKSIDE CONTACT|FINAL CLEAN|FINAL GEOMETRY CHECK|FINAL PARTICLE INSPECTION|ELECTRICAL PARAMETRIC TEST|LEAKAGE TEST|THRESHOLD VOLTAGE TEST|SWITCHING TEST|WAFER SORT TEST|YIELD ANALYSIS|FINAL LOT RELEASE|SHIP LOT,RULE_BACKSIDE_BEFORE_PASSIVATION
anomaly_0694,IC,RECEIVE WAFER LOT|LOT IDENTIFICATION|INITIAL WAFER INSPECTION|MEASURE INITIAL GEOMETRY|MEASURE SURFACE PARTICLES|WAFER CLEAN PRE PROCESS|BACKSIDE CLEAN|WET CLEAN RCA1|RCA CLEAN 2|HF DIP|WAFER CLEAN PRE-GRIND|GRINDING WAFER BACKSIDE|MEASURE INITIAL GEOMETRY|ETCH WET BACKSIDE|RINSE WET WAFER_EDGE|DRY WAFER BACKSIDE|BACKSIDE CLEAN|MEASURE BACKSIDE ROUGHNESS|THERMAL OXIDATION|MEASURE OXIDE THICKNESS|WET CLEAN RCA1|RCA CLEAN 2|HF DIP|OXIDE STRIP|SURFACE PREP FOR DEPOSITION|DEPOSIT PAD OXIDE|ANNEAL OXIDE|MEASURE FILM THICKNESS|SPIN COAT PHOTORESIST|SOFT BAKE|ALIGN MASK LEVEL 1|EXPOSE LITHO LEVEL 1|DEVELOP PHOTORESIST|INSPECT PATTERN LEVEL 1|HARD BAKE|OXIDE ETCH DRY|STRIP RESIST|CLEAN AFTER ETCH|MEASURE CD LEVEL 1|DEPOSIT POLYSILICON|ANNEAL POLYSILICON|SPIN COAT PHOTORESIST|SOFT BAKE|ALIGN MASK LEVEL 2|EXPOSE LITHO LEVEL 2|DEVELOP PHOTORESIST|PATTERN INSPECTION LEVEL 2|HARD BAKE|POLYSILICON ETCH DRY|STRIP RESIST LEVEL 2|CLEAN AFTER POLY ETCH|IMPLANT N-TYPE|RAPID THERMAL ANNEAL|MEASURE SHEET RESISTANCE|DEPOSIT INTERLEVEL DIELECTRIC|DENSIFY DIELECTRIC|MEASURE FILM THICKNESS|CMP INTERLAYER DIELECTRIC|MEASURE SURFACE PLANARITY|SPIN COAT PHOTORESIST|SOFT BAKE|ALIGN MASK LEVEL 3|EXPOSE LITHO LEVEL 3|DEVELOP PHOTORESIST|VIA OPENING INSPECTION|VIA ETCH THROUGH DIELECTRIC|STRIP PHOTORESIST|CLEAN AFTER VIA ETCH|MEASURE VIA CD|DEPOSIT BARRIER METAL|DEPOSIT TUNGSTEN SEED|FILL VIA TUNGSTEN|CMP METAL|MEASURE VIA RESISTANCE|DEPOSIT METAL 1|ANNEAL METAL 1|SPIN COAT PHOTORESIST|SOFT BAKE|ALIGN MASK LEVEL 4|EXPOSE LITHO LEVEL 4|DEVELOP PHOTORESIST|METAL PATTERN INSPECTION|METAL ETCH DRY|STRIP RESIST|CLEAN AFTER METAL ETCH|MEASURE LINE WIDTH|DEPOSIT PASSIVATION LAYER|CURE PASSIVATION|MEASURE PASSIVATION QUALITY|OPEN PAD WINDOW|OPEN PAD WINDOW LITHO|DEVELOP PAD WINDOW|PASSIVATION ETCH|STRIP PHOTORESIST|CLEAN PAD OPENING|MEASURE PAD OPENING|BACKSIDE CLEAN|DEPOSIT BACKSIDE PROTECTION|BACKSIDE ANNEAL|FRONTSIDE CLEAN FINAL|FINAL CLEAN|FINAL THICKNESS MEASURE|FINAL GEOMETRY CHECK|FINAL OXIDE CHECK|FINAL CD INSPECTION|FINAL PARTICLE INSPECTION|FINAL ELECTRICAL TEST PREP|PARAMETRIC TEST|LEAKAGE TEST|SWITCHING TEST|SHIP LOT|YIELD ANALYSIS|FINAL LOT RELEASE|WAFER SORT TEST,RULE_SHIP_BEFORE_TEST
anomaly_0213,IGBT,RECEIVE WAFER LOT|LOT IDENTIFICATION|INITIAL WAFER INSPECTION|MEASURE INITIAL THICKNESS|PRE CLEAN WAFER|BACKSIDE CLEAN|FRONTSIDE CLEAN|WET CLEAN RCA1|RCA CLEAN 2|HF DIP|DRY WAFER|EPITAXIAL WAFER CHECK|MEASURE EPITAXY THICKNESS|MEASURE RESISTIVITY|EPITAXIAL LAYER PREP|THERMAL OXIDATION|MEASURE OXIDE THICKNESS|SPIN COAT PHOTORESIST|SOFT BAKE|ALIGN MASK LEVEL 1|EXPOSE LITHO LEVEL 1|DEVELOP PHOTORESIST|INSPECT PATTERN LEVEL 1|HARD BAKE|OXIDE ETCH DRY|STRIP PHOTORESIST|CLEAN AFTER OXIDE ETCH|MEASURE OPENING CD|IMPLANT P BODY|DRIVE IN DIFFUSION|RAPID THERMAL ANNEAL|MEASURE JUNCTION DEPTH|THERMAL OXIDATION|SPIN COAT PHOTORESIST|SOFT BAKE|ALIGN MASK LEVEL 2|EXPOSE LITHO LEVEL 2|DEVELOP PHOTORESIST|P BODY WINDOW INSPECTION|HARD BAKE|ETCH SILICON OR OXIDE WINDOW|STRIP PHOTORESIST|CLEAN AFTER WINDOW ETCH|MEASURE WINDOW CD|IMPLANT N BUFFER|PRE ANNEAL CHECK|RAPID THERMAL ANNEAL|MEASURE SHEET RESISTANCE|DEPOSIT FIELD OXIDE|DENSIFY OXIDE|MEASURE FILM THICKNESS|SPIN COAT PHOTORESIST|SOFT BAKE|ALIGN MASK LEVEL 3|EXPOSE LITHO LEVEL 3|DEVELOP PHOTORESIST|FIELD PATTERN INSPECTION|FIELD OXIDE ETCH|STRIP RESIST|CLEAN AFTER FIELD ETCH|MEASURE SURFACE UNIFORMITY|IMPLANT SOURCE REGION|IMPLANT DRAIN / CATHODE REGION|RAPID THERMAL ANNEAL|MEASURE SHEET RESISTANCE|DEPOSIT GATE OXIDE OR DIELECTRIC|ANNEAL DIELECTRIC|MEASURE OXIDE QUALITY|DEPOSIT POLYSILICON|POLYSILICON ANNEAL|SPIN COAT PHOTORESIST|SOFT BAKE|ALIGN MASK LEVEL 4|EXPOSE LITHO LEVEL 4|POST EXPOSE BAKE|DEVELOP PHOTORESIST|POLY PATTERN INSPECTION|POLYSILICON ETCH DRY|STRIP RESIST|CLEAN AFTER POLY ETCH|IMPLANT CHANNEL STOP|PRE ANNEAL CHECK|RAPID THERMAL ANNEAL|MEASURE DEVICE PARAMETER|DEPOSIT INTERLAYER DIELECTRIC|DENSIFY OXIDE|MEASURE FILM THICKNESS|CMP DIELECTRIC|MEASURE SURFACE PLANARITY|SPIN COAT PHOTORESIST|SOFT BAKE|ALIGN MASK LEVEL 5|EXPOSE LITHO LEVEL 5|DEVELOP PHOTORESIST|VIA INSPECTION|DIELECTRIC ETCH VIA|STRIP PHOTORESIST|CLEAN AFTER VIA ETCH|DEPOSIT BARRIER METAL|DEPOSIT METAL SEED|FILL VIA METAL|CMP METAL|MEASURE VIA RESISTANCE|DEPOSIT METAL 1|ANNEAL METAL 1|MEASURE METAL THICKNESS|SPIN COAT PHOTORESIST|SOFT BAKE|ALIGN MASK LEVEL 6|EXPOSE LITHO LEVEL 6|DEVELOP PHOTORESIST|METAL PATTERN INSPECTION|METAL ETCH DRY|STRIP PHOTORESIST|CLEAN AFTER METAL ETCH|OPEN PAD WINDOW|DEPOSIT PASSIVATION LAYER|CURE PASSIVATION|MEASURE PASSIVATION THICKNESS|PAD WINDOW LITHO|DEVELOP PHOTORESIST|PASSIVATION ETCH|STRIP RESIST|CLEAN PAD OPENING|MEASURE PAD OPENING|BACKSIDE GRIND|MEASURE THICKNESS|BACKSIDE ETCH CLEAN|BACKSIDE RINSE|BACKSIDE DRY|BACKSIDE METALLIZATION PREP|DEPOSIT BACKSIDE METAL|BACKSIDE ANNEAL|MEASURE BACKSIDE CONTACT|FINAL CLEAN|FINAL GEOMETRY CHECK|FINAL CD INSPECTION|ELECTRICAL PARAMETRIC TEST|LEAKAGE TEST|BREAKDOWN VOLTAGE TEST|SWITCHING TEST|YIELD ANALYSIS|WAFER SORT TEST|LOT RELEASE|SHIP LOT,RULE_PAD_OPEN_BEFORE_DEP
anomaly_0024,IGBT,RECEIVE WAFER LOT|LOT IDENTIFICATION|PRE CLEAN INSPECTION|MEASURE INITIAL THICKNESS|MEASURE SURFACE PARTICLES|PRE CLEAN WAFER|BACKSIDE CLEAN|FRONTSIDE CLEAN|RCA CLEAN 1|RCA CLEAN 2|HF DIP|EPITAXIAL WAFER CHECK|MEASURE EPITAXY THICKNESS|MEASURE RESISTIVITY|EPITAXIAL REWORK CHECK|EPITAXIAL LAYER PREP|THERMAL OXIDATION|MEASURE OXIDE THICKNESS|SPIN COAT PHOTORESIST|SOFT BAKE|ALIGN MASK LEVEL 1|EXPOSE LITHO LEVEL 1|INSPECT PATTERN LEVEL 1|STRIP PHOTORESIST|CLEAN AFTER OXIDE ETCH|IMPLANT P BODY|DRIVE IN DIFFUSION|RAPID THERMAL ANNEAL|MEASURE JUNCTION DEPTH|THERMAL OXIDATION|SPIN COAT PHOTORESIST|SOFT BAKE|ALIGN MASK LEVEL 2|EXPOSE LITHO LEVEL 2|DEVELOP PHOTORESIST|P BODY WINDOW INSPECTION|HARD BAKE|ETCH SILICON OR OXIDE WINDOW|STRIP PHOTORESIST|CLEAN AFTER WINDOW ETCH|MEASURE WINDOW CD|IMPLANT N BUFFER|PRE ANNEAL CHECK|RAPID THERMAL ANNEAL|MEASURE SHEET RESISTANCE|DEPOSIT FIELD OXIDE|DENSIFY OXIDE|MEASURE FILM THICKNESS|SPIN COAT PHOTORESIST|SOFT BAKE|ALIGN MASK LEVEL 3|EXPOSE LITHO LEVEL 3|DEVELOP PHOTORESIST|FIELD PATTERN INSPECTION|HARD BAKE|FIELD OXIDE ETCH|STRIP PHOTORESIST|CLEAN AFTER FIELD ETCH|MEASURE SURFACE UNIFORMITY|IMPLANT SOURCE REGION|IMPLANT DRAIN / CATHODE REGION|PRE ANNEAL CHECK|RAPID THERMAL ANNEAL|MEASURE SHEET RESISTANCE|DEPOSIT GATE OXIDE OR DIELECTRIC|ANNEAL DIELECTRIC|DEPOSIT POLYSILICON|POLYSILICON ANNEAL|MEASURE POLY THICKNESS|SPIN COAT PHOTORESIST|SOFT BAKE|ALIGN MASK LEVEL 4|EXPOSE LITHO LEVEL 4|DEVELOP PHOTORESIST|POLY PATTERN INSPECTION|POLYSILICON ETCH DRY|STRIP PHOTORESIST|CLEAN AFTER POLY ETCH|IMPLANT CHANNEL STOP|PRE ANNEAL CHECK|RAPID THERMAL ANNEAL|DEPOSIT INTERLAYER DIELECTRIC|DENSIFY OXIDE|MEASURE FILM THICKNESS|CMP DIELECTRIC|MEASURE PLANARITY|SPIN COAT PHOTORESIST|SOFT BAKE|ALIGN MASK LEVEL 5|EXPOSE LITHO LEVEL 5|DEVELOP PHOTORESIST|VIA INSPECTION|HARD BAKE|DIELECTRIC ETCH VIA|STRIP PHOTORESIST|CLEAN AFTER VIA ETCH|MEASURE VIA CD|DEPOSIT BARRIER METAL|DEPOSIT METAL SEED|FILL VIA METAL|CMP METAL|MEASURE VIA RESISTANCE|DEPOSIT METAL 1|ANNEAL METAL 1|SPIN COAT PHOTORESIST|SOFT BAKE|ALIGN MASK LEVEL 6|EXPOSE LITHO LEVEL 6|POST EXPOSE BAKE|DEVELOP PHOTORESIST|METAL PATTERN INSPECTION|METAL ETCH DRY|STRIP PHOTORESIST|CLEAN AFTER METAL ETCH|DEPOSIT PASSIVATION|CURE PASSIVATION|MEASURE PASSIVATION THICKNESS|OPEN BOND PAD WINDOW|PAD WINDOW LITHO|DEVELOP PHOTORESIST|PASSIVATION ETCH PAD OPENING|STRIP PHOTORESIST|CLEAN PAD OPENING|MEASURE PAD OPENING|BACKSIDE GRIND|MEASURE WAFER THICKNESS|BACKSIDE ETCH CLEAN|BACKSIDE RINSE|BACKSIDE DRY|BACKSIDE METALLIZATION PREP|DEPOSIT BACKSIDE METAL|BACKSIDE ANNEAL|MEASURE BACKSIDE CONTACT|FINAL CLEAN|FINAL THICKNESS MEASURE|FINAL GEOMETRY CHECK|FINAL CD INSPECTION|FINAL PARTICLE INSPECTION|ELECTRICAL PARAMETRIC TEST|LEAKAGE TEST|BREAKDOWN VOLTAGE TEST|SWITCHING TEST|YIELD ANALYSIS|WAFER SORT TEST|FINAL LOT RELEASE|SHIP LOT,RULE_IMPLANT_NO_MASK
anomaly_0495,IGBT,RECEIVE WAFER LOT|LOT IDENTIFICATION|INITIAL WAFER INSPECTION|MEASURE SURFACE PARTICLES|PRE CLEAN WAFER|BACKSIDE CLEAN|FRONTSIDE CLEAN|WET CLEAN RCA1|WET CLEAN RCA2|HF DIP|EPITAXIAL WAFER CHECK|MEASURE EPITAXY THICKNESS|MEASURE RESISTIVITY|EPITAXIAL REWORK CHECK|EPITAXIAL LAYER PREP|THERMAL OXIDATION|MEASURE OXIDE THICKNESS|SPIN COAT PHOTORESIST|SOFT BAKE|ALIGN MASK LEVEL 1|EXPOSE LITHO LEVEL 1|DEVELOP PHOTORESIST|INSPECT PATTERN LEVEL 1|OXIDE ETCH DRY|STRIP PHOTORESIST|CLEAN AFTER OXIDE ETCH|MEASURE OPENING CD|IMPLANT P BODY|DRIVE IN DIFFUSION|RAPID THERMAL ANNEAL|MEASURE JUNCTION DEPTH|THERMAL OXIDATION|SPIN COAT PHOTORESIST|SOFT BAKE|ALIGN MASK LEVEL 2|EXPOSE LITHO LEVEL 2|DEVELOP PHOTORESIST|P BODY WINDOW INSPECTION|ETCH SILICON OR OXIDE WINDOW|STRIP RESIST|CLEAN AFTER WINDOW ETCH|MEASURE WINDOW CD|IMPLANT N BUFFER|PRE ANNEAL CHECK|RAPID THERMAL ANNEAL|EPITAXIAL REWORK CHECK|DEPOSIT FIELD OXIDE|DENSIFY OXIDE|SPIN COAT PHOTORESIST|SOFT BAKE|ALIGN MASK LEVEL 3|EXPOSE LITHO LEVEL 3|DEVELOP PHOTORESIST|FIELD PATTERN INSPECTION|FIELD OXIDE ETCH|STRIP RESIST|CLEAN AFTER FIELD ETCH|MEASURE SURFACE UNIFORMITY|IMPLANT SOURCE REGION|IMPLANT DRAIN / CATHODE REGION|PRE ANNEAL CHECK|RAPID THERMAL ANNEAL|MEASURE SHEET RESISTANCE|DEPOSIT GATE OXIDE OR DIELECTRIC|ANNEAL DIELECTRIC|MEASURE OXIDE QUALITY|DEPOSIT POLYSILICON|POLYSILICON ANNEAL|MEASURE POLY THICKNESS|SPIN COAT PHOTORESIST|SOFT BAKE|ALIGN MASK LEVEL 4|EXPOSE LITHO LEVEL 4|DEVELOP PHOTORESIST|POLY PATTERN INSPECTION|POLYSILICON ETCH DRY|STRIP PHOTORESIST|CLEAN AFTER POLY ETCH|MEASURE GATE CD|IMPLANT CHANNEL STOP|RAPID THERMAL ANNEAL|DEPOSIT INTERLAYER DIELECTRIC|DENSIFY OXIDE|MEASURE DIELECTRIC THICKNESS|CMP DIELECTRIC|MEASURE SURFACE PLANARITY|SPIN COAT PHOTORESIST|SOFT BAKE|ALIGN MASK LEVEL 5|EXPOSE LITHO LEVEL 5|POST EXPOSE BAKE|DEVELOP PHOTORESIST|VIA INSPECTION|VIA ETCH THROUGH DIELECTRIC|STRIP RESIST|CLEAN AFTER VIA ETCH|MEASURE VIA CD|DEPOSIT BARRIER METAL|DEPOSIT METAL SEED|FILL VIA METAL|CMP VIA FILL|MEASURE CONTACT RESISTANCE|DEPOSIT METAL 1|ANNEAL METAL|SPIN COAT PHOTORESIST|SOFT BAKE|ALIGN MASK LEVEL 6|EXPOSE LITHO LEVEL 6|DEVELOP PHOTORESIST|METAL PATTERN INSPECTION|METAL ETCH DRY|STRIP RESIST|CLEAN AFTER METAL ETCH|MEASURE LINE WIDTH|DEPOSIT PASSIVATION|DEPOSIT BACKSIDE METAL|CURE PASSIVATION|MEASURE PASSIVATION QUALITY|OPEN PAD WINDOW|OPEN PAD WINDOW LITHO|DEVELOP PHOTORESIST|PASSIVATION ETCH|STRIP RESIST|CLEAN PAD OPENING|MEASURE PAD OPENING|BACKSIDE GRIND|MEASURE THICKNESS|BACKSIDE ETCH CLEAN|BACKSIDE RINSE|BACKSIDE DRY|BACKSIDE METALLIZATION PREP|BACKSIDE ANNEAL|MEASURE BACKSIDE CONTACT|FINAL CLEAN|FINAL CD INSPECTION|FINAL PARTICLE INSPECTION|PARAMETRIC TEST|LEAKAGE TEST|BREAKDOWN VOLTAGE TEST|SWITCHING TEST|WAFER SORT TEST|YIELD ANALYSIS|FINAL LOT RELEASE|SHIP LOT,RULE_BACKSIDE_BEFORE_PASSIVATION
anomaly_0590,IC,RECEIVE WAFER LOT|LOT IDENTIFICATION|INITIAL WAFER INSPECTION|MEASURE INITIAL THICKNESS|MEASURE SURFACE DEFECTS|WAFER CLEAN PRE PROCESS|WET CLEAN RCA1|RCA CLEAN 2|HF DIP|WAFER CLEAN PRE-GRIND|GRINDING WAFER BACKSIDE|MEASURE GEOMETRY|ETCH WET BACKSIDE|RINSE WET WAFER_EDGE|DRY WAFER BACKSIDE|BACKSIDE CLEAN|MEASURE BACKSIDE ROUGHNESS|THERMAL OXIDATION|MEASURE OXIDE THICKNESS|WET CLEAN RCA1|WET CLEAN RCA2|HF DIP|OXIDE STRIP|SURFACE PREP FOR DEPOSITION|DEPOSIT PAD OXIDE|ANNEAL OXIDE|MEASURE OXIDE THICKNESS|SPIN COAT PHOTORESIST|SOFT BAKE|ALIGN MASK LEVEL 1|EXPOSE LITHO LEVEL 1|DEVELOP PHOTORESIST|INSPECT PATTERN LEVEL 1|HARD BAKE|OXIDE ETCH DRY|STRIP PHOTORESIST|CLEAN AFTER ETCH|MEASURE CD LEVEL 1|DEPOSIT POLYSILICON|ANNEAL POLYSILICON|SPIN COAT PHOTORESIST|SOFT BAKE|ALIGN MASK LEVEL 2|EXPOSE LITHO LEVEL 2|DEVELOP PHOTORESIST|PATTERN INSPECTION LEVEL 2|POLYSILICON ETCH DRY|STRIP RESIST|CLEAN AFTER POLY ETCH|MEASURE CD LEVEL 2|IMPLANT N-TYPE|PRE ANNEAL CHECK|RAPID THERMAL ANNEAL|MEASURE SHEET RESISTANCE|DEPOSIT INTERLEVEL DIELECTRIC|DENSIFY DIELECTRIC|MEASURE FILM THICKNESS|CMP INTERLAYER DIELECTRIC|MEASURE SURFACE PLANARITY|SPIN COAT PHOTORESIST|SOFT BAKE|POST EXPOSE BAKE|DEVELOP PHOTORESIST|VIA INSPECTION|VIA ETCH THROUGH DIELECTRIC|STRIP PHOTORESIST|CLEAN AFTER VIA ETCH|DEPOSIT BARRIER METAL|DEPOSIT TUNGSTEN SEED|FILL VIA TUNGSTEN|CMP METAL|MEASURE VIA RESISTANCE|DEPOSIT TOP METAL|ANNEAL METAL 1|SPIN COAT PHOTORESIST|SOFT BAKE|ALIGN MASK LEVEL 4|EXPOSE LITHO LEVEL 4|DEVELOP PHOTORESIST|METAL PATTERN INSPECTION|HARD BAKE|METAL ETCH DRY|STRIP PHOTORESIST|CLEAN AFTER METAL ETCH|MEASURE LINE WIDTH|DEPOSIT PASSIVATION|CURE PASSIVATION|MEASURE PASSIVATION QUALITY|OPEN PAD WINDOW|OPEN PAD WINDOW LITHO|DEVELOP PHOTORESIST|PASSIVATION ETCH|STRIP PHOTORESIST|CLEAN PAD OPENING|MEASURE PAD OPENING|BACKSIDE THINNING CHECK|BACKSIDE CLEAN|DEPOSIT BACKSIDE PROTECTION|BACKSIDE ANNEAL|FRONTSIDE CLEAN FINAL|FINAL CLEAN|FINAL THICKNESS MEASURE|FINAL GEOMETRY CHECK|FINAL OXIDE CHECK|FINAL CD INSPECTION|FINAL PARTICLE INSPECTION|PARAMETRIC TEST|LEAKAGE TEST|SWITCHING TEST|WAFER SORT TEST|YIELD ANALYSIS|FINAL LOT RELEASE|PACKAGE PREPARATION|SHIP LOT,RULE_LITHO_LEVEL_SKIP
anomaly_0121,IC,RECEIVE WAFER LOT|LOT IDENTIFICATION|INITIAL WAFER INSPECTION|MEASURE INITIAL GEOMETRY|WAFER CLEAN PRE PROCESS|BACKSIDE CLEAN|WET CLEAN RCA1|WET CLEAN RCA2|HF DIP|DRY WAFER|WAFER CLEAN PRE-GRIND|GRINDING WAFER BACKSIDE|MEASURE INITIAL GEOMETRY|ETCH WET BACKSIDE|RINSE WET WAFER_EDGE|DRY WAFER BACKSIDE|BACKSIDE CLEAN|MEASURE BACKSIDE ROUGHNESS|THERMAL OXIDATION|MEASURE OXIDE THICKNESS|RCA CLEAN 1|RCA CLEAN 2|HF DIP|OXIDE STRIP|SURFACE PREP FOR DEPOSITION|DEPOSIT PAD OXIDE|ANNEAL OXIDE|MEASURE FILM THICKNESS|SPIN COAT PHOTORESIST|SOFT BAKE|ALIGN MASK LEVEL 1|EXPOSE LITHO LEVEL 1|DEVELOP PHOTORESIST|INSPECT PATTERN LEVEL 1|HARD BAKE|OXIDE ETCH DRY|STRIP RESIST|CLEAN AFTER ETCH|MEASURE CD LEVEL 1|DEPOSIT POLYSILICON|ANNEAL POLYSILICON|SPIN COAT PHOTORESIST|SOFT BAKE|ALIGN MASK LEVEL 2|EXPOSE LITHO LEVEL 2|DEVELOP PHOTORESIST|PATTERN INSPECTION LEVEL 2|HARD BAKE|POLYSILICON ETCH DRY|STRIP RESIST|MEASURE CD LEVEL 2|IMPLANT N-TYPE|PRE ANNEAL CHECK|MEASURE SHEET RESISTANCE|DEPOSIT INTERLAYER DIELECTRIC|DENSIFY OXIDE|MEASURE FILM THICKNESS|CMP INTERLAYER DIELECTRIC|MEASURE SURFACE PLANARITY|SPIN COAT PHOTORESIST|SOFT BAKE|ALIGN MASK LEVEL 3|EXPOSE LITHO LEVEL 3|DEVELOP PHOTORESIST|VIA OPENING INSPECTION|DIELECTRIC ETCH VIA|STRIP PHOTORESIST|CLEAN AFTER VIA ETCH|MEASURE VIA CD|DEPOSIT BARRIER METAL|DEPOSIT TUNGSTEN SEED|FILL VIA TUNGSTEN|CMP METAL|MEASURE VIA RESISTANCE|DEPOSIT METAL 1|ANNEAL METAL 1|SPIN COAT PHOTORESIST|SOFT BAKE|ALIGN MASK LEVEL 4|EXPOSE LITHO LEVEL 4|POST EXPOSE BAKE|DEVELOP PHOTORESIST|METAL PATTERN INSPECTION|METAL ETCH DRY|STRIP RESIST|CLEAN AFTER METAL ETCH|DEPOSIT PASSIVATION|CURE PASSIVATION|MEASURE PASSIVATION QUALITY|OPEN PAD WINDOW|PAD WINDOW LITHO|DEVELOP PHOTORESIST|PASSIVATION ETCH PAD OPENING|STRIP PHOTORESIST|CLEAN PAD OPENING|MEASURE PAD OPENING|BACKSIDE THINNING CHECK|BACKSIDE CLEAN|DEPOSIT BACKSIDE PROTECTION|BACKSIDE ANNEAL|FRONTSIDE CLEAN FINAL|FINAL CLEAN|FINAL THICKNESS MEASURE|FINAL GEOMETRY CHECK|FINAL PARTICLE INSPECTION|PARAMETRIC TEST|LEAKAGE TEST|THRESHOLD VOLTAGE TEST|SWITCHING TEST|WAFER SORT TEST|YIELD ANALYSIS|FINAL LOT RELEASE|PACKAGE PREPARATION|SHIP LOT,RULE_DEP_NO_CLEAN
anomaly_0325,IC,RECEIVE WAFER LOT|LOT IDENTIFICATION|PRE CLEAN INSPECTION|MEASURE INITIAL THICKNESS|MEASURE SURFACE DEFECTS|WAFER CLEAN PRE PROCESS|FRONTSIDE CLEAN|RCA CLEAN 1|RCA CLEAN 2|HF DIP|DRY WAFER|WAFER CLEAN PRE-GRIND|GRINDING WAFER BACKSIDE|MEASURE INITIAL GEOMETRY|ETCH WET BACKSIDE|RINSE WET WAFER_EDGE|DRY WAFER BACKSIDE|BACKSIDE CLEAN|MEASURE BACKSIDE ROUGHNESS|THERMAL OXIDATION|MEASURE OXIDE THICKNESS|WET CLEAN RCA1|WET CLEAN RCA2|HF DIP|OXIDE STRIP|SURFACE PREP FOR DEPOSITION|DEPOSIT PAD OXIDE|ANNEAL OXIDE|MEASURE OXIDE THICKNESS|SPIN COAT PHOTORESIST|SOFT BAKE|ALIGN MASK LEVEL 1|EXPOSE LITHO LEVEL 1|DEVELOP PHOTORESIST|INSPECT PATTERN LEVEL 1|HARD BAKE|OXIDE ETCH DRY|STRIP RESIST|CLEAN AFTER ETCH|DEPOSIT POLYSILICON|ANNEAL POLYSILICON|SPIN COAT PHOTORESIST|SOFT BAKE|DEVELOP PHOTORESIST|PATTERN INSPECTION LEVEL 2|HARD BAKE|POLYSILICON ETCH DRY|STRIP RESIST LEVEL 2|CLEAN AFTER POLY ETCH|MEASURE CD LEVEL 2|IMPLANT N-TYPE|RAPID THERMAL ANNEAL|MEASURE SHEET RESISTANCE|DEPOSIT INTERLEVEL DIELECTRIC|DENSIFY OXIDE|MEASURE FILM THICKNESS|CMP INTERLAYER DIELECTRIC|MEASURE SURFACE PLANARITY|SPIN COAT PHOTORESIST|SOFT BAKE|ALIGN MASK LEVEL 3|EXPOSE LITHO LEVEL 3|POST EXPOSE BAKE|DEVELOP PHOTORESIST|VIA OPENING INSPECTION|VIA ETCH THROUGH DIELECTRIC|STRIP RESIST|CLEAN AFTER VIA ETCH|MEASURE VIA CD|DEPOSIT BARRIER METAL|DEPOSIT TUNGSTEN SEED|FILL VIA TUNGSTEN|CMP METAL|MEASURE CONTACT RESISTANCE|DEPOSIT TOP METAL|ANNEAL METAL|MEASURE METAL THICKNESS|SPIN COAT PHOTORESIST|SOFT BAKE|ALIGN MASK LEVEL 4|EXPOSE LITHO LEVEL 4|POST EXPOSE BAKE|DEVELOP PHOTORESIST|METAL PATTERN INSPECTION|HARD BAKE|METAL ETCH DRY|STRIP RESIST|CLEAN AFTER METAL ETCH|MEASURE LINE WIDTH|DEPOSIT PASSIVATION|CURE PASSIVATION|MEASURE PASSIVATION QUALITY|OPEN BOND PAD WINDOW|OPEN PAD WINDOW LITHO|DEVELOP PHOTORESIST|PASSIVATION ETCH|STRIP PHOTORESIST|CLEAN PAD OPENING|MEASURE PAD OPENING|BACKSIDE CLEAN|DEPOSIT BACKSIDE PROTECTION|BACKSIDE ANNEAL|FINAL CLEAN|FINAL GEOMETRY CHECK|FINAL OXIDE CHECK|FINAL CD INSPECTION|FINAL PARTICLE INSPECTION|ELECTRICAL PARAMETRIC TEST|LEAKAGE TEST|THRESHOLD VOLTAGE TEST|SWITCHING TEST|WAFER SORT TEST|YIELD ANALYSIS|LOT RELEASE|PACKAGE PREPARATION|SHIP LOT,RULE_LITHO_LEVEL_SKIP
anomaly_0663,IGBT,RECEIVE WAFER LOT|LOT IDENTIFICATION|PRE CLEAN INSPECTION|MEASURE INITIAL THICKNESS|MEASURE SURFACE PARTICLES|PRE CLEAN WAFER|BACKSIDE CLEAN|FRONTSIDE CLEAN|RCA CLEAN 1|RCA CLEAN 2|HF DIP|EPITAXIAL WAFER CHECK|MEASURE EPITAXY THICKNESS|MEASURE RESISTIVITY|EPITAXIAL LAYER PREP|THERMAL OXIDATION|MEASURE OXIDE THICKNESS|SPIN COAT PHOTORESIST|SOFT BAKE|ALIGN MASK LEVEL 1|EXPOSE LITHO LEVEL 1|POST EXPOSE BAKE|DEVELOP PHOTORESIST|INSPECT PATTERN LEVEL 1|OXIDE ETCH DRY|STRIP PHOTORESIST|CLEAN AFTER OXIDE ETCH|MEASURE OPENING CD|IMPLANT P BODY|PRE ANNEAL CHECK|DRIVE IN DIFFUSION|RAPID THERMAL ANNEAL|THERMAL OXIDATION|SPIN COAT PHOTORESIST|SOFT BAKE|ALIGN MASK LEVEL 2|EXPOSE LITHO LEVEL 2|POST EXPOSE BAKE|DEVELOP PHOTORESIST|P BODY WINDOW INSPECTION|ETCH SILICON OR OXIDE WINDOW|STRIP RESIST|CLEAN AFTER WINDOW ETCH|MEASURE WINDOW CD|IMPLANT N BUFFER|RAPID THERMAL ANNEAL|MEASURE SHEET RESISTANCE|EPITAXIAL REWORK CHECK|DEPOSIT FIELD OXIDE|DENSIFY OXIDE|SPIN COAT PHOTORESIST|SOFT BAKE|DEVELOP PHOTORESIST|FIELD PATTERN INSPECTION|HARD BAKE|FIELD OXIDE ETCH|STRIP PHOTORESIST|CLEAN AFTER FIELD ETCH|MEASURE SURFACE UNIFORMITY|IMPLANT SOURCE REGION|IMPLANT DRAIN / CATHODE REGION|RAPID THERMAL ANNEAL|DEPOSIT GATE OXIDE OR DIELECTRIC|ANNEAL DIELECTRIC|MEASURE OXIDE QUALITY|DEPOSIT POLYSILICON|POLYSILICON ANNEAL|MEASURE POLY THICKNESS|SPIN COAT PHOTORESIST|SOFT BAKE|ALIGN MASK LEVEL 4|EXPOSE LITHO LEVEL 4|POST EXPOSE BAKE|DEVELOP PHOTORESIST|POLY PATTERN INSPECTION|HARD BAKE|POLYSILICON ETCH DRY|STRIP RESIST|CLEAN AFTER POLY ETCH|MEASURE GATE CD|IMPLANT CHANNEL STOP|PRE ANNEAL CHECK|RAPID THERMAL ANNEAL|MEASURE DEVICE PARAMETER|DEPOSIT INTERLAYER DIELECTRIC|DENSIFY DIELECTRIC|MEASURE FILM THICKNESS|CMP DIELECTRIC|MEASURE PLANARITY|SPIN COAT PHOTORESIST|SOFT BAKE|ALIGN MASK LEVEL 5|EXPOSE LITHO LEVEL 5|DEVELOP PHOTORESIST|VIA INSPECTION|VIA ETCH|STRIP PHOTORESIST|CLEAN AFTER VIA ETCH|MEASURE VIA CD|DEPOSIT BARRIER METAL|DEPOSIT METAL SEED|FILL VIA METAL|CMP METAL|DEPOSIT METAL 1|ANNEAL METAL|SPIN COAT PHOTORESIST|SOFT BAKE|ALIGN MASK LEVEL 6|EXPOSE LITHO LEVEL 6|DEVELOP PHOTORESIST|METAL PATTERN INSPECTION|METAL ETCH DRY|STRIP RESIST|CLEAN AFTER METAL ETCH|MEASURE LINE WIDTH|DEPOSIT PASSIVATION LAYER|CURE PASSIVATION|MEASURE PASSIVATION THICKNESS|OPEN BOND PAD WINDOW|PAD WINDOW LITHO|DEVELOP PHOTORESIST|PASSIVATION ETCH PAD OPENING|STRIP PHOTORESIST|CLEAN PAD OPENING|MEASURE PAD OPENING|BACKSIDE GRIND|MEASURE THICKNESS|BACKSIDE ETCH CLEAN|BACKSIDE RINSE|BACKSIDE DRY|BACKSIDE METALLIZATION PREP|DEPOSIT BACKSIDE METAL|BACKSIDE ANNEAL|MEASURE BACKSIDE CONTACT|FINAL CLEAN|FINAL THICKNESS MEASURE|FINAL CD INSPECTION|FINAL PARTICLE INSPECTION|ELECTRICAL PARAMETRIC TEST|LEAKAGE TEST|BREAKDOWN VOLTAGE TEST|SWITCHING TEST|YIELD ANALYSIS|WAFER SORT TEST|LOT RELEASE|SHIP LOT,RULE_LITHO_LEVEL_SKIP
anomaly_0264,IC,RECEIVE WAFER LOT|LOT IDENTIFICATION|INITIAL WAFER INSPECTION|MEASURE INITIAL THICKNESS|MEASURE SURFACE DEFECTS|WAFER CLEAN PRE PROCESS|WET CLEAN RCA1|RCA CLEAN 2|HF DIP|DRY WAFER|WAFER CLEAN PRE-GRIND|GRINDING WAFER BACKSIDE|MEASURE INITIAL GEOMETRY|ETCH WET BACKSIDE|RINSE WET WAFER_EDGE|DRY WAFER BACKSIDE|BACKSIDE CLEAN|MEASURE BACKSIDE ROUGHNESS|THERMAL OXIDATION|MEASURE OXIDE THICKNESS|RCA CLEAN 1|WET CLEAN RCA2|HF DIP|OXIDE STRIP|SURFACE PREP FOR DEPOSITION|DEPOSIT PAD OXIDE|ANNEAL OXIDE|MEASURE FILM THICKNESS|SPIN COAT PHOTORESIST|SOFT BAKE|ALIGN MASK LEVEL 1|EXPOSE LITHO LEVEL 1|POST EXPOSE BAKE|DEVELOP PHOTORESIST|INSPECT PATTERN LEVEL 1|HARD BAKE|OXIDE ETCH DRY|STRIP RESIST|CLEAN AFTER ETCH|MEASURE CD LEVEL 1|DEPOSIT POLYSILICON|ANNEAL POLYSILICON|SPIN COAT PHOTORESIST|SOFT BAKE|ALIGN MASK LEVEL 2|EXPOSE LITHO LEVEL 2|DEVELOP PHOTORESIST|PATTERN INSPECTION LEVEL 2|HARD BAKE|POLYSILICON ETCH DRY|STRIP RESIST|CLEAN AFTER POLY ETCH|MEASURE CD LEVEL 2|IMPLANT N-TYPE|PRE ANNEAL CHECK|RAPID THERMAL ANNEAL|MEASURE SHEET RESISTANCE|DEPOSIT INTERLAYER DIELECTRIC|DENSIFY OXIDE|MEASURE FILM THICKNESS|CMP INTERLAYER DIELECTRIC|MEASURE PLANARITY|SPIN COAT PHOTORESIST|SOFT BAKE|ALIGN MASK LEVEL 3|EXPOSE LITHO LEVEL 3|DEVELOP PHOTORESIST|VIA OPENING INSPECTION|VIA ETCH THROUGH DIELECTRIC|STRIP PHOTORESIST|CLEAN AFTER VIA ETCH|MEASURE VIA CD|DEPOSIT BARRIER METAL|DEPOSIT TUNGSTEN SEED|FILL VIA TUNGSTEN|CMP VIA FILL|MEASURE VIA RESISTANCE|DEPOSIT METAL 1|ANNEAL METAL 1|SPIN COAT PHOTORESIST|SOFT BAKE|ALIGN MASK LEVEL 4|EXPOSE LITHO LEVEL 4|POST EXPOSE BAKE|DEVELOP PHOTORESIST|METAL PATTERN INSPECTION|HARD BAKE|METAL ETCH DRY|STRIP RESIST|CLEAN AFTER METAL ETCH|MEASURE LINE WIDTH|OPEN BOND PAD WINDOW|DEPOSIT PASSIVATION LAYER|CURE PASSIVATION|MEASURE PASSIVATION QUALITY|PAD WINDOW LITHO|DEVELOP PHOTORESIST|PASSIVATION ETCH PAD OPENING|STRIP PHOTORESIST|CLEAN PAD OPENING|MEASURE PAD OPENING|BACKSIDE THINNING CHECK|BACKSIDE CLEAN FINAL|DEPOSIT BACKSIDE PROTECTION|BACKSIDE ANNEAL|FINAL CLEAN|FINAL THICKNESS MEASURE|FINAL GEOMETRY CHECK|FINAL OXIDE CHECK|FINAL CD INSPECTION|FINAL PARTICLE INSPECTION|ELECTRICAL PARAMETRIC TEST|LEAKAGE TEST|PARAMETRIC TEST|SWITCHING TEST|WAFER SORT TEST|YIELD ANALYSIS|FINAL LOT RELEASE|SHIP LOT,RULE_PAD_OPEN_BEFORE_DEP
anomaly_0494,MOSFET,RECEIVE WAFER LOT|LOT IDENTIFICATION|INITIAL WAFER INSPECTION|MEASURE THICKNESS|PRE CLEAN WAFER|BACKSIDE CLEAN|WET CLEAN RCA1|WET CLEAN RCA2|HF DIP|SUBSTRATE CHECK|EPITAXY PREP|EPITAXIAL DEPOSITION|MEASURE EPITAXY THICKNESS|MEASURE RESISTIVITY|EPITAXY ANNEAL|WAFER SURFACE CLEAN|THERMAL OXIDATION|MEASURE OXIDE THICKNESS|SPIN COAT PHOTORESIST|SOFT BAKE|ALIGN MASK LEVEL 1|EXPOSE LITHO LEVEL 1|DEVELOP PHOTORESIST|PATTERN INSPECTION LEVEL 1|OXIDE ETCH|STRIP PHOTORESIST|CLEAN AFTER ETCH|MEASURE OPENING CD|IMPLANT WELL|DRIVE IN DIFFUSION|RAPID THERMAL ANNEAL|MEASURE JUNCTION DEPTH|THERMAL OXIDATION|GATE OXIDE PREP|GATE OXIDE GROWTH|MEASURE GATE OXIDE THICKNESS|DEPOSIT POLYSILICON|POLYSILICON ANNEAL|MEASURE POLY THICKNESS|SPIN COAT PHOTORESIST|SOFT BAKE|POST EXPOSE BAKE|DEVELOP PHOTORESIST|POLY PATTERN INSPECTION|POLYSILICON ETCH|STRIP PHOTORESIST|CLEAN AFTER POLY ETCH|MEASURE GATE CD|IMPLANT SOURCE DRAIN|PRE ANNEAL CHECK|LIGHT ANNEAL|DEPOSIT SPACER DIELECTRIC|ANISOTROPIC ETCH SPACER|IMPLANT LDD|PRE ANNEAL CHECK|RAPID THERMAL ANNEAL|MEASURE JUNCTION PROFILE|DEPOSIT INTERLAYER DIELECTRIC|DENSIFY DIELECTRIC|MEASURE DIELECTRIC THICKNESS|CMP INTERLAYER DIELECTRIC|MEASURE SURFACE PLANARITY|SPIN COAT PHOTORESIST|SOFT BAKE|ALIGN MASK LEVEL 3|EXPOSE LITHO LEVEL 3|DEVELOP PHOTORESIST|VIA OPENING INSPECTION|DIELECTRIC ETCH VIA|STRIP RESIST|CLEAN AFTER VIA ETCH|MEASURE VIA CD|DEPOSIT BARRIER METAL|DEPOSIT METAL SEED|FILL VIA METAL|CMP METAL|MEASURE VIA RESISTANCE|DEPOSIT TOP METAL|ANNEAL METAL 1|SPIN COAT PHOTORESIST|SOFT BAKE|ALIGN MASK LEVEL 4|EXPOSE LITHO LEVEL 4|POST EXPOSE BAKE|DEVELOP PHOTORESIST|METAL PATTERN INSPECTION|METAL ETCH|STRIP RESIST|CLEAN AFTER METAL ETCH|DEPOSIT PASSIVATION|CURE PASSIVATION|MEASURE PASSIVATION THICKNESS|OPEN BOND PAD WINDOW|PAD WINDOW LITHO|DEVELOP PHOTORESIST|PASSIVATION ETCH|STRIP RESIST|CLEAN PAD OPENING|MEASURE PAD OPENING|BACKSIDE CLEAN|BACKSIDE GRIND|MEASURE WAFER THICKNESS|BACKSIDE ETCH CLEAN|BACKSIDE RINSE|BACKSIDE DRY|BACKSIDE METALLIZATION PREP|DEPOSIT BACKSIDE METAL|BACKSIDE ANNEAL|MEASURE BACKSIDE CONTACT|FINAL CLEAN|FINAL THICKNESS MEASURE|FINAL PARTICLE INSPECTION|PARAMETRIC TEST|LEAKAGE TEST|THRESHOLD VOLTAGE TEST|SWITCHING TEST|WAFER SORT TEST|YIELD ANALYSIS|FINAL LOT RELEASE|SHIP LOT,RULE_LITHO_LEVEL_SKIP
anomaly_0087,IGBT,RECEIVE WAFER LOT|LOT IDENTIFICATION|INITIAL WAFER INSPECTION|MEASURE INITIAL THICKNESS|MEASURE SURFACE PARTICLES|PRE CLEAN WAFER|BACKSIDE CLEAN|FRONTSIDE CLEAN|RCA CLEAN 1|RCA CLEAN 2|HF DIP|EPITAXIAL WAFER CHECK|MEASURE EPITAXY THICKNESS|MEASURE RESISTIVITY|EPITAXIAL LAYER PREP|THERMAL OXIDATION|MEASURE OXIDE THICKNESS|SPIN COAT PHOTORESIST|SOFT BAKE|ALIGN MASK LEVEL 1|EXPOSE LITHO LEVEL 1|DEVELOP PHOTORESIST|INSPECT PATTERN LEVEL 1|OXIDE ETCH DRY|STRIP RESIST|CLEAN AFTER OXIDE ETCH|MEASURE OPENING CD|IMPLANT P BODY|DRIVE IN DIFFUSION|RAPID THERMAL ANNEAL|MEASURE JUNCTION DEPTH|THERMAL OXIDATION|SPIN COAT PHOTORESIST|SOFT BAKE|ALIGN MASK LEVEL 2|EXPOSE LITHO LEVEL 2|DEVELOP PHOTORESIST|P BODY WINDOW INSPECTION|ETCH SILICON OR OXIDE WINDOW|STRIP PHOTORESIST|CLEAN AFTER WINDOW ETCH|MEASURE WINDOW CD|IMPLANT N BUFFER|PRE ANNEAL CHECK|RAPID THERMAL ANNEAL|MEASURE SHEET RESISTANCE|EPITAXIAL REWORK CHECK|DEPOSIT FIELD OXIDE|DENSIFY OXIDE|MEASURE FILM THICKNESS|SPIN COAT PHOTORESIST|SOFT BAKE|ALIGN MASK LEVEL 3|EXPOSE LITHO LEVEL 3|POST EXPOSE BAKE|DEVELOP PHOTORESIST|FIELD PATTERN INSPECTION|FIELD OXIDE ETCH|STRIP PHOTORESIST|CLEAN AFTER FIELD ETCH|IMPLANT SOURCE REGION|IMPLANT DRAIN / CATHODE REGION|RAPID THERMAL ANNEAL|MEASURE SHEET RESISTANCE|DEPOSIT GATE OXIDE OR DIELECTRIC|ANNEAL DIELECTRIC|MEASURE OXIDE QUALITY|DEPOSIT POLYSILICON|POLYSILICON ANNEAL|MEASURE POLY THICKNESS|SPIN COAT PHOTORESIST|SOFT BAKE|ALIGN MASK LEVEL 4|EXPOSE LITHO LEVEL 4|POST EXPOSE BAKE|DEVELOP PHOTORESIST|POLY PATTERN INSPECTION|HARD BAKE|POLYSILICON ETCH DRY|STRIP RESIST|CLEAN AFTER POLY ETCH|MEASURE GATE CD|IMPLANT CHANNEL STOP|PRE ANNEAL CHECK|RAPID THERMAL ANNEAL|MEASURE DEVICE PARAMETER|DEPOSIT INTERLAYER DIELECTRIC|DENSIFY DIELECTRIC|MEASURE FILM THICKNESS|CMP DIELECTRIC|MEASURE PLANARITY|SPIN COAT PHOTORESIST|SOFT BAKE|ALIGN MASK LEVEL 5|EXPOSE LITHO LEVEL 5|DEVELOP PHOTORESIST|VIA OPENING INSPECTION|DIELECTRIC ETCH VIA|STRIP PHOTORESIST|CLEAN AFTER VIA ETCH|DEPOSIT BARRIER METAL|DEPOSIT METAL SEED|FILL VIA METAL|CMP METAL|MEASURE VIA RESISTANCE|DEPOSIT METAL 1|ANNEAL METAL|SPIN COAT PHOTORESIST|SOFT BAKE|ALIGN MASK LEVEL 6|EXPOSE LITHO LEVEL 6|POST EXPOSE BAKE|DEVELOP PHOTORESIST|METAL PATTERN INSPECTION|METAL ETCH DRY|STRIP PHOTORESIST|CLEAN AFTER METAL ETCH|MEASURE LINE WIDTH|DEPOSIT PASSIVATION|BREAKDOWN VOLTAGE TEST|CURE PASSIVATION|MEASURE PASSIVATION QUALITY|OPEN PAD WINDOW|OPEN PAD WINDOW LITHO|DEVELOP PAD WINDOW|PASSIVATION ETCH|STRIP RESIST|CLEAN PAD OPENING|MEASURE PAD OPENING|BACKSIDE GRIND|MEASURE WAFER THICKNESS|BACKSIDE ETCH CLEAN|BACKSIDE RINSE|BACKSIDE DRY|BACKSIDE METALLIZATION PREP|DEPOSIT BACKSIDE METAL|BACKSIDE ANNEAL|MEASURE BACKSIDE CONTACT|FINAL CLEAN|FINAL GEOMETRY CHECK|FINAL CD INSPECTION|FINAL PARTICLE INSPECTION|PARAMETRIC TEST|LEAKAGE TEST|SWITCHING TEST|WAFER SORT TEST|YIELD ANALYSIS|FINAL LOT RELEASE|SHIP LOT,RULE_TEST_BEFORE_PASSIVATION
anomaly_0377,IC,RECEIVE WAFER LOT|LOT IDENTIFICATION|INITIAL WAFER INSPECTION|MEASURE INITIAL THICKNESS|MEASURE SURFACE DEFECTS|WAFER CLEAN PRE PROCESS|FRONTSIDE CLEAN|WET CLEAN RCA1|RCA CLEAN 2|HF DIP|WAFER CLEAN PRE-GRIND|GRINDING WAFER BACKSIDE|MEASURE GEOMETRY|ETCH WET BACKSIDE|RINSE WET WAFER_EDGE|DRY WAFER BACKSIDE|BACKSIDE CLEAN|MEASURE BACKSIDE ROUGHNESS|THERMAL OXIDATION|MEASURE OXIDE THICKNESS|WET CLEAN RCA1|RCA CLEAN 2|HF DIP|OXIDE STRIP|SURFACE PREP FOR DEPOSITION|DEPOSIT PAD OXIDE|ANNEAL OXIDE|MEASURE FILM THICKNESS|SPIN COAT PHOTORESIST|SOFT BAKE|ALIGN MASK LEVEL 1|EXPOSE LITHO LEVEL 1|POST EXPOSE BAKE|DEVELOP PHOTORESIST|INSPECT PATTERN LEVEL 1|HARD BAKE|OXIDE ETCH DRY|STRIP RESIST|CLEAN AFTER ETCH|MEASURE CD LEVEL 1|DEPOSIT POLYSILICON|ANNEAL POLYSILICON|SPIN COAT PHOTORESIST|SOFT BAKE|ALIGN MASK LEVEL 2|EXPOSE LITHO LEVEL 2|DEVELOP PHOTORESIST|PATTERN INSPECTION LEVEL 2|HARD BAKE|POLYSILICON ETCH DRY|STRIP RESIST LEVEL 2|CLEAN AFTER POLY ETCH|MEASURE CD LEVEL 2|IMPLANT N-TYPE|PRE ANNEAL CHECK|RAPID THERMAL ANNEAL|DEPOSIT INTERLAYER DIELECTRIC|DENSIFY OXIDE|MEASURE DIELECTRIC THICKNESS|CMP DIELECTRIC|MEASURE SURFACE PLANARITY|SPIN COAT PHOTORESIST|SOFT BAKE|ALIGN MASK LEVEL 3|EXPOSE LITHO LEVEL 3|DEVELOP PHOTORESIST|VIA OPENING INSPECTION|VIA ETCH THROUGH DIELECTRIC|STRIP RESIST|CLEAN AFTER VIA ETCH|MEASURE VIA CD|DEPOSIT BARRIER METAL|DEPOSIT TUNGSTEN SEED|FILL VIA TUNGSTEN|CMP VIA FILL|MEASURE CONTACT RESISTANCE|DEPOSIT TOP METAL|ANNEAL METAL|SPIN COAT PHOTORESIST|SOFT BAKE|ALIGN MASK LEVEL 4|EXPOSE LITHO LEVEL 4|DEVELOP PHOTORESIST|METAL PATTERN INSPECTION|HARD BAKE|METAL ETCH DRY|STRIP RESIST|CLEAN AFTER METAL ETCH|MEASURE LINE WIDTH|OPEN PAD WINDOW|DEPOSIT PASSIVATION LAYER|CURE PASSIVATION|MEASURE PASSIVATION THICKNESS|PAD WINDOW LITHO|DEVELOP PHOTORESIST|PASSIVATION ETCH|STRIP PHOTORESIST|CLEAN PAD OPENING|MEASURE PAD OPENING|BACKSIDE THINNING CHECK|BACKSIDE CLEAN|DEPOSIT BACKSIDE PROTECTION|BACKSIDE ANNEAL|FRONTSIDE CLEAN FINAL|FINAL CLEAN|FINAL GEOMETRY CHECK|FINAL OXIDE CHECK|FINAL CD INSPECTION|FINAL PARTICLE INSPECTION|PARAMETRIC TEST|LEAKAGE TEST|THRESHOLD VOLTAGE TEST|SWITCHING TEST|WAFER SORT TEST|YIELD ANALYSIS|LOT RELEASE|PACKAGE PREPARATION|SHIP LOT,RULE_PAD_OPEN_BEFORE_DEP
anomaly_0227,MOSFET,RECEIVE WAFER LOT|LOT IDENTIFICATION|PRE CLEAN INSPECTION|MEASURE SURFACE PARTICLES|SUBSTRATE CHECK|EPITAXY PREP|EPITAXIAL DEPOSITION|MEASURE EPITAXY THICKNESS|MEASURE RESISTIVITY|THERMAL OXIDATION|MEASURE OXIDE THICKNESS|SPIN COAT PHOTORESIST|SOFT BAKE|ALIGN MASK LEVEL 1|EXPOSE LITHO LEVEL 1|DEVELOP PHOTORESIST|PATTERN INSPECTION LEVEL 1|HARD BAKE|OXIDE ETCH|STRIP RESIST|CLEAN AFTER ETCH|MEASURE OPENING CD|IMPLANT WELL|PRE ANNEAL CHECK|DRIVE IN DIFFUSION|RAPID THERMAL ANNEAL|MEASURE JUNCTION DEPTH|THERMAL OXIDATION|GATE OXIDE PREP|GATE OXIDE GROWTH|MEASURE GATE OXIDE THICKNESS|DEPOSIT POLYSILICON|POLYSILICON ANNEAL|MEASURE POLY THICKNESS|SPIN COAT PHOTORESIST|SOFT BAKE|ALIGN MASK LEVEL 2|EXPOSE LITHO LEVEL 2|POST EXPOSE BAKE|DEVELOP PHOTORESIST|POLY PATTERN INSPECTION|HARD BAKE|POLYSILICON ETCH|STRIP RESIST|CLEAN AFTER POLY ETCH|IMPLANT SOURCE DRAIN|LIGHT ANNEAL|MEASURE SHEET RESISTANCE|DEPOSIT SPACER DIELECTRIC|ANISOTROPIC ETCH SPACER|MEASURE SPACER WIDTH|IMPLANT LDD|RAPID THERMAL ANNEAL|MEASURE JUNCTION PROFILE|DEPOSIT INTERLEVEL DIELECTRIC|DENSIFY OXIDE|MEASURE FILM THICKNESS|CMP INTERLAYER DIELECTRIC|MEASURE SURFACE PLANARITY|SPIN COAT PHOTORESIST|SOFT BAKE|ALIGN MASK LEVEL 3|EXPOSE LITHO LEVEL 3|DEVELOP PHOTORESIST|VIA OPENING INSPECTION|HARD BAKE|DIELECTRIC ETCH VIA|STRIP PHOTORESIST|CLEAN AFTER VIA ETCH|MEASURE VIA CD|DEPOSIT BARRIER METAL|DEPOSIT METAL SEED|FILL VIA METAL|CMP VIA FILL|MEASURE VIA RESISTANCE|DEPOSIT METAL 1|ANNEAL METAL 1|SPIN COAT PHOTORESIST|SOFT BAKE|ALIGN MASK LEVEL 4|EXPOSE LITHO LEVEL 4|DEVELOP PHOTORESIST|METAL PATTERN INSPECTION|HARD BAKE|METAL ETCH|STRIP RESIST|CLEAN AFTER METAL ETCH|MEASURE LINE WIDTH|DEPOSIT PASSIVATION LAYER|CURE PASSIVATION|MEASURE PASSIVATION QUALITY|OPEN PAD WINDOW|OPEN PAD WINDOW LITHO|DEVELOP PHOTORESIST|PASSIVATION ETCH|STRIP PHOTORESIST|CLEAN PAD OPENING|MEASURE PAD OPENING|BACKSIDE CLEAN|BACKSIDE GRIND|MEASURE WAFER THICKNESS|BACKSIDE ETCH CLEAN|BACKSIDE RINSE|BACKSIDE DRY|BACKSIDE METALLIZATION PREP|DEPOSIT BACKSIDE METAL|BACKSIDE ANNEAL|MEASURE BACKSIDE CONTACT|FINAL CLEAN|FINAL GEOMETRY CHECK|FINAL CD INSPECTION|FINAL PARTICLE INSPECTION|PARAMETRIC TEST|LEAKAGE TEST|THRESHOLD VOLTAGE TEST|SWITCHING TEST|WAFER SORT TEST|YIELD ANALYSIS|FINAL LOT RELEASE|SHIP LOT,RULE_DEP_NO_CLEAN
anomaly_0336,IC,RECEIVE WAFER LOT|LOT IDENTIFICATION|PRE CLEAN INSPECTION|MEASURE INITIAL THICKNESS|MEASURE SURFACE PARTICLES|WAFER CLEAN PRE PROCESS|BACKSIDE CLEAN|RCA CLEAN 1|WET CLEAN RCA2|HF DIP|WAFER CLEAN PRE-GRIND|GRINDING WAFER BACKSIDE|MEASURE GEOMETRY|ETCH WET BACKSIDE|RINSE WET WAFER_EDGE|DRY WAFER BACKSIDE|BACKSIDE CLEAN|MEASURE BACKSIDE ROUGHNESS|THERMAL OXIDATION|MEASURE OXIDE THICKNESS|RCA CLEAN 1|RCA CLEAN 2|HF DIP|OXIDE STRIP|SURFACE PREP FOR DEPOSITION|DEPOSIT PAD OXIDE|ANNEAL OXIDE|MEASURE OXIDE THICKNESS|SPIN COAT PHOTORESIST|SOFT BAKE|ALIGN MASK LEVEL 1|EXPOSE LITHO LEVEL 1|DEVELOP PHOTORESIST|INSPECT PATTERN LEVEL 1|HARD BAKE|OXIDE ETCH DRY|STRIP PHOTORESIST|CLEAN AFTER ETCH|MEASURE CD LEVEL 1|DEPOSIT POLYSILICON|ANNEAL POLYSILICON|SPIN COAT PHOTORESIST|SOFT BAKE|ALIGN MASK LEVEL 2|EXPOSE LITHO LEVEL 2|DEVELOP PHOTORESIST|PATTERN INSPECTION LEVEL 2|HARD BAKE|POLYSILICON ETCH DRY|STRIP RESIST|CLEAN AFTER POLY ETCH|MEASURE CD LEVEL 2|IMPLANT N-TYPE|RAPID THERMAL ANNEAL|DEPOSIT INTERLEVEL DIELECTRIC|DENSIFY OXIDE|MEASURE FILM THICKNESS|CMP INTERLAYER DIELECTRIC|MEASURE PLANARITY|SPIN COAT PHOTORESIST|SOFT BAKE|ALIGN MASK LEVEL 3|EXPOSE LITHO LEVEL 3|DEVELOP PHOTORESIST|VIA INSPECTION|VIA ETCH THROUGH DIELECTRIC|STRIP PHOTORESIST|CLEAN AFTER VIA ETCH|DEPOSIT BARRIER METAL|DEPOSIT TUNGSTEN SEED|FILL VIA TUNGSTEN|CMP VIA FILL|MEASURE CONTACT RESISTANCE|DEPOSIT TOP METAL|ANNEAL METAL 1|SPIN COAT PHOTORESIST|SOFT BAKE|ALIGN MASK LEVEL 4|EXPOSE LITHO LEVEL 4|DEVELOP PHOTORESIST|METAL PATTERN INSPECTION|METAL ETCH DRY|STRIP PHOTORESIST|CLEAN AFTER METAL ETCH|MEASURE LINE WIDTH|DEPOSIT PASSIVATION LAYER|SWITCHING TEST|CURE PASSIVATION|MEASURE PASSIVATION THICKNESS|OPEN PAD WINDOW|PAD WINDOW LITHO|DEVELOP PAD WINDOW|PASSIVATION ETCH|STRIP PHOTORESIST|CLEAN PAD OPENING|MEASURE PAD OPENING|BACKSIDE THINNING CHECK|BACKSIDE CLEAN|DEPOSIT BACKSIDE PROTECTION|BACKSIDE ANNEAL|FRONTSIDE CLEAN FINAL|FINAL CLEAN|FINAL THICKNESS MEASURE|FINAL GEOMETRY CHECK|FINAL CD INSPECTION|FINAL PARTICLE INSPECTION|FINAL ELECTRICAL TEST PREP|PARAMETRIC TEST|LEAKAGE TEST|WAFER SORT TEST|YIELD ANALYSIS|FINAL LOT RELEASE|SHIP LOT,RULE_TEST_BEFORE_PASSIVATION
anomaly_0461,IGBT,RECEIVE WAFER LOT|LOT IDENTIFICATION|PRE CLEAN INSPECTION|MEASURE INITIAL THICKNESS|PRE CLEAN WAFER|BACKSIDE CLEAN|FRONTSIDE CLEAN|WET CLEAN RCA1|WET CLEAN RCA2|HF DIP|EPITAXIAL WAFER CHECK|MEASURE EPITAXY THICKNESS|MEASURE RESISTIVITY|EPITAXIAL LAYER PREP|THERMAL OXIDATION|MEASURE OXIDE THICKNESS|SPIN COAT PHOTORESIST|SOFT BAKE|ALIGN MASK LEVEL 1|EXPOSE LITHO LEVEL 1|POST EXPOSE BAKE|DEVELOP PHOTORESIST|INSPECT PATTERN LEVEL 1|OXIDE ETCH DRY|STRIP PHOTORESIST|CLEAN AFTER OXIDE ETCH|MEASURE OPENING CD|IMPLANT P BODY|PRE ANNEAL CHECK|DRIVE IN DIFFUSION|RAPID THERMAL ANNEAL|MEASURE JUNCTION DEPTH|THERMAL OXIDATION|SPIN COAT PHOTORESIST|SOFT BAKE|ALIGN MASK LEVEL 2|EXPOSE LITHO LEVEL 2|DEVELOP PHOTORESIST|P BODY WINDOW INSPECTION|ETCH SILICON OR OXIDE WINDOW|STRIP RESIST|CLEAN AFTER WINDOW ETCH|MEASURE WINDOW CD|IMPLANT N BUFFER|RAPID THERMAL ANNEAL|MEASURE SHEET RESISTANCE|DEPOSIT FIELD OXIDE|DENSIFY OXIDE|SPIN COAT PHOTORESIST|SOFT BAKE|ALIGN MASK LEVEL 3|EXPOSE LITHO LEVEL 3|POST EXPOSE BAKE|DEVELOP PHOTORESIST|FIELD PATTERN INSPECTION|FIELD OXIDE ETCH|STRIP RESIST|CLEAN AFTER FIELD ETCH|MEASURE SURFACE UNIFORMITY|IMPLANT SOURCE REGION|IMPLANT DRAIN / CATHODE REGION|PRE ANNEAL CHECK|RAPID THERMAL ANNEAL|DEPOSIT GATE OXIDE OR DIELECTRIC|ANNEAL DIELECTRIC|DEPOSIT POLYSILICON|POLYSILICON ANNEAL|MEASURE POLY THICKNESS|SPIN COAT PHOTORESIST|SOFT BAKE|ALIGN MASK LEVEL 4|EXPOSE LITHO LEVEL 4|DEVELOP PHOTORESIST|POLY PATTERN INSPECTION|POLYSILICON ETCH DRY|STRIP RESIST|CLEAN AFTER POLY ETCH|MEASURE GATE CD|IMPLANT CHANNEL STOP|PRE ANNEAL CHECK|RAPID THERMAL ANNEAL|MEASURE DEVICE PARAMETER|DEPOSIT INTERLAYER DIELECTRIC|DENSIFY DIELECTRIC|MEASURE FILM THICKNESS|CMP DIELECTRIC|MEASURE PLANARITY|SPIN COAT PHOTORESIST|SOFT BAKE|ALIGN MASK LEVEL 5|EXPOSE LITHO LEVEL 5|DEVELOP PHOTORESIST|VIA OPENING INSPECTION|VIA ETCH THROUGH DIELECTRIC|STRIP RESIST|CLEAN AFTER VIA ETCH|CMP METAL|DEPOSIT TOP METAL|ANNEAL METAL|SPIN COAT PHOTORESIST|SOFT BAKE|ALIGN MASK LEVEL 6|EXPOSE LITHO LEVEL 6|POST EXPOSE BAKE|DEVELOP PHOTORESIST|METAL PATTERN INSPECTION|HARD BAKE|METAL ETCH DRY|STRIP PHOTORESIST|CLEAN AFTER METAL ETCH|MEASURE LINE WIDTH|DEPOSIT PASSIVATION LAYER|CURE PASSIVATION|MEASURE PASSIVATION THICKNESS|OPEN PAD WINDOW|OPEN PAD WINDOW LITHO|DEVELOP PHOTORESIST|PASSIVATION ETCH|STRIP PHOTORESIST|CLEAN PAD OPENING|MEASURE PAD OPENING|BACKSIDE GRIND|MEASURE WAFER THICKNESS|BACKSIDE ETCH CLEAN|BACKSIDE RINSE|BACKSIDE DRY|BACKSIDE METALLIZATION PREP|DEPOSIT BACKSIDE METAL|BACKSIDE ANNEAL|MEASURE BACKSIDE CONTACT|FINAL CLEAN|FINAL THICKNESS MEASURE|FINAL GEOMETRY CHECK|FINAL CD INSPECTION|FINAL PARTICLE INSPECTION|PARAMETRIC TEST|LEAKAGE TEST|BREAKDOWN VOLTAGE TEST|SWITCHING TEST|YIELD ANALYSIS|WAFER SORT TEST|FINAL LOT RELEASE|SHIP LOT,RULE_CMP_NO_DEP
anomaly_0904,IGBT,RECEIVE WAFER LOT|LOT IDENTIFICATION|PRE CLEAN INSPECTION|MEASURE INITIAL THICKNESS|MEASURE SURFACE PARTICLES|PRE CLEAN WAFER|BACKSIDE CLEAN|FRONTSIDE CLEAN|RCA CLEAN 1|WET CLEAN RCA2|HF DIP|DRY WAFER|EPITAXIAL WAFER CHECK|MEASURE EPITAXY THICKNESS|MEASURE RESISTIVITY|EPITAXIAL LAYER PREP|THERMAL OXIDATION|MEASURE OXIDE THICKNESS|SPIN COAT PHOTORESIST|SOFT BAKE|ALIGN MASK LEVEL 1|EXPOSE LITHO LEVEL 1|DEVELOP PHOTORESIST|INSPECT PATTERN LEVEL 1|HARD BAKE|OXIDE ETCH DRY|STRIP RESIST|CLEAN AFTER OXIDE ETCH|MEASURE OPENING CD|IMPLANT P BODY|PRE ANNEAL CHECK|DRIVE IN DIFFUSION|RAPID THERMAL ANNEAL|MEASURE JUNCTION DEPTH|THERMAL OXIDATION|SPIN COAT PHOTORESIST|SOFT BAKE|ALIGN MASK LEVEL 2|EXPOSE LITHO LEVEL 2|DEVELOP PHOTORESIST|P BODY WINDOW INSPECTION|ETCH SILICON OR OXIDE WINDOW|STRIP PHOTORESIST|CLEAN AFTER WINDOW ETCH|MEASURE WINDOW CD|IMPLANT N BUFFER|PRE ANNEAL CHECK|RAPID THERMAL ANNEAL|MEASURE SHEET RESISTANCE|EPITAXIAL REWORK CHECK|DEPOSIT FIELD OXIDE|DENSIFY OXIDE|MEASURE FILM THICKNESS|SPIN COAT PHOTORESIST|SOFT BAKE|ALIGN MASK LEVEL 3|EXPOSE LITHO LEVEL 3|DEVELOP PHOTORESIST|FIELD PATTERN INSPECTION|HARD BAKE|FIELD OXIDE ETCH|STRIP PHOTORESIST|CLEAN AFTER FIELD ETCH|MEASURE SURFACE UNIFORMITY|IMPLANT SOURCE REGION|IMPLANT DRAIN / CATHODE REGION|RAPID THERMAL ANNEAL|MEASURE SHEET RESISTANCE|DEPOSIT GATE OXIDE OR DIELECTRIC|ANNEAL DIELECTRIC|MEASURE OXIDE QUALITY|DEPOSIT POLYSILICON|POLYSILICON ANNEAL|MEASURE POLY THICKNESS|SPIN COAT PHOTORESIST|SOFT BAKE|ALIGN MASK LEVEL 4|EXPOSE LITHO LEVEL 4|POST EXPOSE BAKE|DEVELOP PHOTORESIST|POLY PATTERN INSPECTION|HARD BAKE|POLYSILICON ETCH DRY|STRIP PHOTORESIST|CLEAN AFTER POLY ETCH|MEASURE GATE CD|IMPLANT CHANNEL STOP|RAPID THERMAL ANNEAL|MEASURE DEVICE PARAMETER|DEPOSIT INTERLEVEL DIELECTRIC|DENSIFY OXIDE|MEASURE FILM THICKNESS|CMP DIELECTRIC|MEASURE PLANARITY|SPIN COAT PHOTORESIST|SOFT BAKE|ALIGN MASK LEVEL 5|EXPOSE LITHO LEVEL 5|DEVELOP PHOTORESIST|VIA OPENING INSPECTION|VIA ETCH|STRIP RESIST|CLEAN AFTER VIA ETCH|MEASURE VIA CD|DEPOSIT BARRIER METAL|DEPOSIT METAL SEED|FILL VIA METAL|CMP METAL|DEPOSIT TOP METAL|ANNEAL METAL|MEASURE METAL THICKNESS|SPIN COAT PHOTORESIST|SOFT BAKE|ALIGN MASK LEVEL 6|EXPOSE LITHO LEVEL 6|DEVELOP PHOTORESIST|METAL PATTERN INSPECTION|HARD BAKE|METAL ETCH DRY|STRIP PHOTORESIST|CLEAN AFTER METAL ETCH|MEASURE LINE WIDTH|OPEN PAD WINDOW|DEPOSIT PASSIVATION|CURE PASSIVATION|MEASURE PASSIVATION QUALITY|OPEN PAD WINDOW LITHO|DEVELOP PHOTORESIST|PASSIVATION ETCH|STRIP PHOTORESIST|CLEAN PAD OPENING|MEASURE PAD OPENING|BACKSIDE GRIND|MEASURE WAFER THICKNESS|BACKSIDE ETCH CLEAN|BACKSIDE RINSE|BACKSIDE DRY|BACKSIDE METALLIZATION PREP|DEPOSIT BACKSIDE METAL|BACKSIDE ANNEAL|MEASURE BACKSIDE CONTACT|FINAL CLEAN|FINAL THICKNESS MEASURE|FINAL GEOMETRY CHECK|FINAL CD INSPECTION|FINAL PARTICLE INSPECTION|PARAMETRIC TEST|LEAKAGE TEST|BREAKDOWN VOLTAGE TEST|SWITCHING TEST|YIELD ANALYSIS|WAFER SORT TEST|LOT RELEASE|SHIP LOT,RULE_PAD_OPEN_BEFORE_DEP
anomaly_0464,IC,RECEIVE WAFER LOT|LOT IDENTIFICATION|PRE CLEAN INSPECTION|MEASURE INITIAL THICKNESS|MEASURE SURFACE DEFECTS|WAFER CLEAN PRE PROCESS|BACKSIDE CLEAN|WET CLEAN RCA1|RCA CLEAN 2|HF DIP|WAFER CLEAN PRE-GRIND|GRINDING WAFER BACKSIDE|MEASURE INITIAL GEOMETRY|ETCH WET BACKSIDE|RINSE WET WAFER_EDGE|DRY WAFER BACKSIDE|BACKSIDE CLEAN|MEASURE BACKSIDE ROUGHNESS|THERMAL OXIDATION|MEASURE OXIDE THICKNESS|WET CLEAN RCA1|RCA CLEAN 2|HF DIP|OXIDE STRIP|SURFACE PREP FOR DEPOSITION|DEPOSIT PAD OXIDE|ANNEAL OXIDE|MEASURE OXIDE THICKNESS|SPIN COAT PHOTORESIST|SOFT BAKE|ALIGN MASK LEVEL 1|EXPOSE LITHO LEVEL 1|POST EXPOSE BAKE|DEVELOP PHOTORESIST|INSPECT PATTERN LEVEL 1|HARD BAKE|OXIDE ETCH DRY|STRIP PHOTORESIST|CLEAN AFTER ETCH|MEASURE CD LEVEL 1|DEPOSIT POLYSILICON|ANNEAL POLYSILICON|SPIN COAT PHOTORESIST|SOFT BAKE|ALIGN MASK LEVEL 2|EXPOSE LITHO LEVEL 2|POST EXPOSE BAKE|DEVELOP PHOTORESIST|PATTERN INSPECTION LEVEL 2|POLYSILICON ETCH DRY|STRIP RESIST LEVEL 2|CLEAN AFTER POLY ETCH|MEASURE CD LEVEL 2|IMPLANT N-TYPE|PRE ANNEAL CHECK|RAPID THERMAL ANNEAL|MEASURE SHEET RESISTANCE|DEPOSIT INTERLEVEL DIELECTRIC|DENSIFY DIELECTRIC|MEASURE FILM THICKNESS|CMP INTERLAYER DIELECTRIC|MEASURE SURFACE PLANARITY|SPIN COAT PHOTORESIST|SOFT BAKE|ALIGN MASK LEVEL 3|EXPOSE LITHO LEVEL 3|POST EXPOSE BAKE|DEVELOP PHOTORESIST|VIA INSPECTION|HARD BAKE|VIA ETCH|STRIP PHOTORESIST|CLEAN AFTER VIA ETCH|CMP VIA FILL|MEASURE CONTACT RESISTANCE|DEPOSIT METAL 1|ANNEAL METAL 1|SPIN COAT PHOTORESIST|SOFT BAKE|ALIGN MASK LEVEL 4|EXPOSE LITHO LEVEL 4|DEVELOP PHOTORESIST|METAL PATTERN INSPECTION|METAL ETCH DRY|STRIP PHOTORESIST|CLEAN AFTER METAL ETCH|MEASURE LINE WIDTH|DEPOSIT PASSIVATION LAYER|CURE PASSIVATION|MEASURE PASSIVATION QUALITY|OPEN BOND PAD WINDOW|OPEN PAD WINDOW LITHO|DEVELOP PHOTORESIST|PASSIVATION ETCH|STRIP PHOTORESIST|CLEAN PAD OPENING|MEASURE PAD OPENING|BACKSIDE CLEAN FINAL|DEPOSIT BACKSIDE PROTECTION|BACKSIDE ANNEAL|FRONTSIDE CLEAN FINAL|FINAL CLEAN|FINAL GEOMETRY CHECK|FINAL CD INSPECTION|FINAL PARTICLE INSPECTION|FINAL ELECTRICAL TEST PREP|PARAMETRIC TEST|LEAKAGE TEST|SWITCHING TEST|WAFER SORT TEST|YIELD ANALYSIS|FINAL LOT RELEASE|PACKAGE PREPARATION|SHIP LOT,RULE_CMP_NO_DEP
anomaly_0108,MOSFET,RECEIVE WAFER LOT|LOT IDENTIFICATION|INITIAL WAFER INSPECTION|MEASURE THICKNESS|PRE CLEAN WAFER|BACKSIDE CLEAN|FRONTSIDE CLEAN|WET CLEAN RCA1|WET CLEAN RCA2|HF DIP|DRY WAFER|SUBSTRATE CHECK|EPITAXY PREP|EPITAXIAL DEPOSITION|MEASURE EPITAXY THICKNESS|MEASURE RESISTIVITY|EPITAXY ANNEAL|WAFER SURFACE CLEAN|THERMAL OXIDATION|MEASURE OXIDE THICKNESS|SPIN COAT PHOTORESIST|SOFT BAKE|ALIGN MASK LEVEL 1|EXPOSE LITHO LEVEL 1|DEVELOP PHOTORESIST|PATTERN INSPECTION LEVEL 1|OXIDE ETCH|STRIP PHOTORESIST|CLEAN AFTER ETCH|MEASURE OPENING CD|IMPLANT WELL|PRE ANNEAL CHECK|DRIVE IN DIFFUSION|RAPID THERMAL ANNEAL|MEASURE JUNCTION DEPTH|THERMAL OXIDATION|GATE OXIDE PREP|GATE OXIDE GROWTH|MEASURE GATE OXIDE THICKNESS|DEPOSIT POLYSILICON|POLYSILICON ANNEAL|SPIN COAT PHOTORESIST|SOFT BAKE|ALIGN MASK LEVEL 2|EXPOSE LITHO LEVEL 2|DEVELOP PHOTORESIST|POLY PATTERN INSPECTION|POLYSILICON ETCH|STRIP PHOTORESIST|CLEAN AFTER POLY ETCH|MEASURE GATE CD|IMPLANT SOURCE DRAIN|PRE ANNEAL CHECK|LIGHT ANNEAL|MEASURE SHEET RESISTANCE|DEPOSIT SPACER DIELECTRIC|ANISOTROPIC ETCH SPACER|MEASURE SPACER WIDTH|IMPLANT LDD|PRE ANNEAL CHECK|RAPID THERMAL ANNEAL|DEPOSIT INTERLEVEL DIELECTRIC|DENSIFY OXIDE|MEASURE DIELECTRIC THICKNESS|CMP INTERLAYER DIELECTRIC|MEASURE SURFACE PLANARITY|SPIN COAT PHOTORESIST|SOFT BAKE|ALIGN MASK LEVEL 3|EXPOSE LITHO LEVEL 3|DEVELOP PHOTORESIST|VIA OPENING INSPECTION|HARD BAKE|VIA ETCH THROUGH DIELECTRIC|STRIP PHOTORESIST|CLEAN AFTER VIA ETCH|MEASURE VIA CD|DEPOSIT BARRIER METAL|DEPOSIT METAL SEED|FILL VIA METAL|CMP VIA FILL|MEASURE CONTACT RESISTANCE|DEPOSIT TOP METAL|ANNEAL METAL|SPIN COAT PHOTORESIST|SOFT BAKE|ALIGN MASK LEVEL 4|EXPOSE LITHO LEVEL 4|DEVELOP PHOTORESIST|METAL PATTERN INSPECTION|HARD BAKE|METAL ETCH|STRIP PHOTORESIST|CLEAN AFTER METAL ETCH|MEASURE LINE WIDTH|DEPOSIT PASSIVATION LAYER|SWITCHING TEST|CURE PASSIVATION|MEASURE PASSIVATION THICKNESS|OPEN BOND PAD WINDOW|PAD WINDOW LITHO|DEVELOP PAD WINDOW|PASSIVATION ETCH|STRIP PHOTORESIST|CLEAN PAD OPENING|MEASURE PAD OPENING|BACKSIDE CLEAN|BACKSIDE GRIND|MEASURE WAFER THICKNESS|BACKSIDE ETCH CLEAN|BACKSIDE RINSE|BACKSIDE DRY|BACKSIDE METALLIZATION PREP|DEPOSIT BACKSIDE METAL|BACKSIDE ANNEAL|MEASURE BACKSIDE CONTACT|FINAL CLEAN|FINAL THICKNESS MEASURE|FINAL GEOMETRY CHECK|FINAL CD INSPECTION|FINAL PARTICLE INSPECTION|ELECTRICAL PARAMETRIC TEST|LEAKAGE TEST|THRESHOLD VOLTAGE TEST|WAFER SORT TEST|YIELD ANALYSIS|FINAL LOT RELEASE|SHIP LOT,RULE_TEST_BEFORE_PASSIVATION
anomaly_0844,IC,RECEIVE WAFER LOT|LOT IDENTIFICATION|PRE CLEAN INSPECTION|MEASURE INITIAL THICKNESS|MEASURE SURFACE PARTICLES|WAFER CLEAN PRE PROCESS|WET CLEAN RCA1|RCA CLEAN 2|HF DIP|DRY WAFER|WAFER CLEAN PRE-GRIND|GRINDING WAFER BACKSIDE|MEASURE GEOMETRY|ETCH WET BACKSIDE|RINSE WET WAFER_EDGE|DRY WAFER BACKSIDE|BACKSIDE CLEAN|MEASURE BACKSIDE ROUGHNESS|THERMAL OXIDATION|MEASURE OXIDE THICKNESS|WET CLEAN RCA1|RCA CLEAN 2|HF DIP|OXIDE STRIP|SURFACE PREP FOR DEPOSITION|DEPOSIT PAD OXIDE|ANNEAL OXIDE|MEASURE OXIDE THICKNESS|SPIN COAT PHOTORESIST|SOFT BAKE|ALIGN MASK LEVEL 1|EXPOSE LITHO LEVEL 1|DEVELOP PHOTORESIST|INSPECT PATTERN LEVEL 1|HARD BAKE|OXIDE ETCH DRY|STRIP PHOTORESIST|CLEAN AFTER ETCH|DEPOSIT POLYSILICON|ANNEAL POLYSILICON|SPIN COAT PHOTORESIST|SOFT BAKE|ALIGN MASK LEVEL 2|EXPOSE LITHO LEVEL 2|DEVELOP PHOTORESIST|PATTERN INSPECTION LEVEL 2|POLYSILICON ETCH DRY|STRIP RESIST|CLEAN AFTER POLY ETCH|MEASURE CD LEVEL 2|IMPLANT N-TYPE|PRE ANNEAL CHECK|RAPID THERMAL ANNEAL|MEASURE SHEET RESISTANCE|DEPOSIT INTERLEVEL DIELECTRIC|DENSIFY OXIDE|MEASURE FILM THICKNESS|CMP DIELECTRIC|MEASURE PLANARITY|SPIN COAT PHOTORESIST|SOFT BAKE|DEVELOP PHOTORESIST|VIA INSPECTION|HARD BAKE|VIA ETCH THROUGH DIELECTRIC|STRIP PHOTORESIST|CLEAN AFTER VIA ETCH|MEASURE VIA CD|DEPOSIT BARRIER METAL|DEPOSIT TUNGSTEN SEED|FILL VIA TUNGSTEN|CMP VIA FILL|MEASURE CONTACT RESISTANCE|DEPOSIT TOP METAL|ANNEAL METAL 1|SPIN COAT PHOTORESIST|SOFT BAKE|ALIGN MASK LEVEL 4|EXPOSE LITHO LEVEL 4|DEVELOP PHOTORESIST|METAL PATTERN INSPECTION|METAL ETCH DRY|STRIP PHOTORESIST|CLEAN AFTER METAL ETCH|MEASURE LINE WIDTH|DEPOSIT PASSIVATION|CURE PASSIVATION|MEASURE PASSIVATION THICKNESS|OPEN BOND PAD WINDOW|OPEN PAD WINDOW LITHO|DEVELOP PHOTORESIST|PASSIVATION ETCH|STRIP PHOTORESIST|CLEAN PAD OPENING|MEASURE PAD OPENING|BACKSIDE THINNING CHECK|BACKSIDE CLEAN FINAL|DEPOSIT BACKSIDE PROTECTION|BACKSIDE ANNEAL|FINAL CLEAN|FINAL THICKNESS MEASURE|FINAL GEOMETRY CHECK|FINAL OXIDE CHECK|FINAL PARTICLE INSPECTION|FINAL ELECTRICAL TEST PREP|ELECTRICAL PARAMETRIC TEST|LEAKAGE TEST|PARAMETRIC TEST|SWITCHING TEST|WAFER SORT TEST|YIELD ANALYSIS|LOT RELEASE|PACKAGE PREPARATION|SHIP LOT,RULE_LITHO_LEVEL_SKIP
anomaly_0156,IC,RECEIVE WAFER LOT|LOT IDENTIFICATION|PRE CLEAN INSPECTION|MEASURE INITIAL THICKNESS|MEASURE SURFACE DEFECTS|WAFER CLEAN PRE PROCESS|RCA CLEAN 1|WET CLEAN RCA2|HF DIP|WAFER CLEAN PRE-GRIND|GRINDING WAFER BACKSIDE|MEASURE GEOMETRY|ETCH WET BACKSIDE|RINSE WET WAFER_EDGE|DRY WAFER BACKSIDE|BACKSIDE CLEAN|MEASURE BACKSIDE ROUGHNESS|THERMAL OXIDATION|MEASURE OXIDE THICKNESS|WET CLEAN RCA1|WET CLEAN RCA2|HF DIP|OXIDE STRIP|SURFACE PREP FOR DEPOSITION|DEPOSIT PAD OXIDE|ANNEAL OXIDE|MEASURE OXIDE THICKNESS|SPIN COAT PHOTORESIST|SOFT BAKE|ALIGN MASK LEVEL 1|EXPOSE LITHO LEVEL 1|DEVELOP PHOTORESIST|INSPECT PATTERN LEVEL 1|HARD BAKE|OXIDE ETCH DRY|STRIP RESIST|CLEAN AFTER ETCH|MEASURE CD LEVEL 1|DEPOSIT POLYSILICON|ANNEAL POLYSILICON|SPIN COAT PHOTORESIST|SOFT BAKE|ALIGN MASK LEVEL 2|EXPOSE LITHO LEVEL 2|DEVELOP PHOTORESIST|PATTERN INSPECTION LEVEL 2|HARD BAKE|POLYSILICON ETCH DRY|STRIP RESIST LEVEL 2|CLEAN AFTER POLY ETCH|MEASURE CD LEVEL 2|IMPLANT N-TYPE|RAPID THERMAL ANNEAL|MEASURE SHEET RESISTANCE|DEPOSIT INTERLAYER DIELECTRIC|DENSIFY DIELECTRIC|MEASURE FILM THICKNESS|CMP INTERLAYER DIELECTRIC|MEASURE PLANARITY|SPIN COAT PHOTORESIST|SOFT BAKE|ALIGN MASK LEVEL 3|EXPOSE LITHO LEVEL 3|VIA INSPECTION|VIA ETCH THROUGH DIELECTRIC|STRIP PHOTORESIST|CLEAN AFTER VIA ETCH|MEASURE VIA CD|DEPOSIT BARRIER METAL|DEPOSIT TUNGSTEN SEED|FILL VIA TUNGSTEN|CMP VIA FILL|MEASURE CONTACT RESISTANCE|DEPOSIT TOP METAL|ANNEAL METAL|SPIN COAT PHOTORESIST|SOFT BAKE|ALIGN MASK LEVEL 4|EXPOSE LITHO LEVEL 4|DEVELOP PHOTORESIST|METAL PATTERN INSPECTION|METAL ETCH DRY|STRIP RESIST|CLEAN AFTER METAL ETCH|DEPOSIT PASSIVATION LAYER|CURE PASSIVATION|MEASURE PASSIVATION QUALITY|OPEN PAD WINDOW|OPEN PAD WINDOW LITHO|DEVELOP PHOTORESIST|PASSIVATION ETCH|STRIP PHOTORESIST|CLEAN PAD OPENING|MEASURE PAD OPENING|BACKSIDE THINNING CHECK|BACKSIDE CLEAN FINAL|DEPOSIT BACKSIDE PROTECTION|BACKSIDE ANNEAL|FRONTSIDE CLEAN FINAL|FINAL CLEAN|FINAL THICKNESS MEASURE|FINAL GEOMETRY CHECK|FINAL PARTICLE INSPECTION|FINAL ELECTRICAL TEST PREP|ELECTRICAL PARAMETRIC TEST|LEAKAGE TEST|PARAMETRIC TEST|SWITCHING TEST|WAFER SORT TEST|YIELD ANALYSIS|FINAL LOT RELEASE|SHIP LOT,RULE_ETCH_NO_MASK
anomaly_0451,IGBT,RECEIVE WAFER LOT|LOT IDENTIFICATION|PRE CLEAN INSPECTION|MEASURE INITIAL THICKNESS|MEASURE SURFACE PARTICLES|PRE CLEAN WAFER|BACKSIDE CLEAN|FRONTSIDE CLEAN|RCA CLEAN 1|WET CLEAN RCA2|HF DIP|EPITAXIAL WAFER CHECK|MEASURE EPITAXY THICKNESS|MEASURE RESISTIVITY|EPITAXIAL REWORK CHECK|EPITAXIAL LAYER PREP|THERMAL OXIDATION|MEASURE OXIDE THICKNESS|SPIN COAT PHOTORESIST|SOFT BAKE|ALIGN MASK LEVEL 1|EXPOSE LITHO LEVEL 1|DEVELOP PHOTORESIST|INSPECT PATTERN LEVEL 1|OXIDE ETCH DRY|STRIP RESIST|CLEAN AFTER OXIDE ETCH|MEASURE OPENING CD|IMPLANT P BODY|DRIVE IN DIFFUSION|RAPID THERMAL ANNEAL|THERMAL OXIDATION|SPIN COAT PHOTORESIST|SOFT BAKE|ALIGN MASK LEVEL 2|EXPOSE LITHO LEVEL 2|DEVELOP PHOTORESIST|P BODY WINDOW INSPECTION|HARD BAKE|ETCH SILICON OR OXIDE WINDOW|STRIP RESIST|CLEAN AFTER WINDOW ETCH|MEASURE WINDOW CD|IMPLANT N BUFFER|RAPID THERMAL ANNEAL|MEASURE SHEET RESISTANCE|EPITAXIAL REWORK CHECK|DEPOSIT FIELD OXIDE|DENSIFY OXIDE|MEASURE FILM THICKNESS|SPIN COAT PHOTORESIST|SOFT BAKE|ALIGN MASK LEVEL 3|EXPOSE LITHO LEVEL 3|POST EXPOSE BAKE|DEVELOP PHOTORESIST|FIELD PATTERN INSPECTION|FIELD OXIDE ETCH|STRIP PHOTORESIST|CLEAN AFTER FIELD ETCH|IMPLANT SOURCE REGION|IMPLANT DRAIN / CATHODE REGION|RAPID THERMAL ANNEAL|MEASURE SHEET RESISTANCE|DEPOSIT GATE OXIDE OR DIELECTRIC|ANNEAL DIELECTRIC|MEASURE OXIDE QUALITY|DEPOSIT POLYSILICON|POLYSILICON ANNEAL|MEASURE POLY THICKNESS|SPIN COAT PHOTORESIST|SOFT BAKE|ALIGN MASK LEVEL 4|EXPOSE LITHO LEVEL 4|DEVELOP PHOTORESIST|POLY PATTERN INSPECTION|POLYSILICON ETCH DRY|STRIP PHOTORESIST|CLEAN AFTER POLY ETCH|IMPLANT CHANNEL STOP|PRE ANNEAL CHECK|RAPID THERMAL ANNEAL|DEPOSIT INTERLAYER DIELECTRIC|DENSIFY DIELECTRIC|MEASURE DIELECTRIC THICKNESS|CMP INTERLAYER DIELECTRIC|MEASURE PLANARITY|SPIN COAT PHOTORESIST|SOFT BAKE|ALIGN MASK LEVEL 5|EXPOSE LITHO LEVEL 5|DEVELOP PHOTORESIST|VIA INSPECTION|DIELECTRIC ETCH VIA|STRIP RESIST|CLEAN AFTER VIA ETCH|MEASURE VIA CD|DEPOSIT BARRIER METAL|DEPOSIT METAL SEED|FILL VIA METAL|CMP METAL|MEASURE VIA RESISTANCE|DEPOSIT METAL 1|ANNEAL METAL 1|SPIN COAT PHOTORESIST|SOFT BAKE|ALIGN MASK LEVEL 6|EXPOSE LITHO LEVEL 6|DEVELOP PHOTORESIST|METAL PATTERN INSPECTION|HARD BAKE|METAL ETCH DRY|STRIP PHOTORESIST|CLEAN AFTER METAL ETCH|DEPOSIT PASSIVATION LAYER|DEPOSIT BACKSIDE METAL|CURE PASSIVATION|MEASURE PASSIVATION THICKNESS|OPEN PAD WINDOW|OPEN PAD WINDOW LITHO|DEVELOP PHOTORESIST|PASSIVATION ETCH|STRIP PHOTORESIST|CLEAN PAD OPENING|MEASURE PAD OPENING|BACKSIDE GRIND|MEASURE THICKNESS|BACKSIDE ETCH CLEAN|BACKSIDE RINSE|BACKSIDE DRY|BACKSIDE METALLIZATION PREP|BACKSIDE ANNEAL|MEASURE BACKSIDE CONTACT|FINAL CLEAN|FINAL THICKNESS MEASURE|FINAL GEOMETRY CHECK|FINAL CD INSPECTION|FINAL PARTICLE INSPECTION|ELECTRICAL PARAMETRIC TEST|LEAKAGE TEST|BREAKDOWN VOLTAGE TEST|SWITCHING TEST|WAFER SORT TEST|YIELD ANALYSIS|LOT RELEASE|SHIP LOT,RULE_BACKSIDE_BEFORE_PASSIVATION
anomaly_0580,IC,RECEIVE WAFER LOT|LOT IDENTIFICATION|INITIAL WAFER INSPECTION|MEASURE SURFACE DEFECTS|WAFER CLEAN PRE PROCESS|FRONTSIDE CLEAN|RCA CLEAN 1|RCA CLEAN 2|HF DIP|WAFER CLEAN PRE-GRIND|GRINDING WAFER BACKSIDE|MEASURE GEOMETRY|ETCH WET BACKSIDE|RINSE WET WAFER_EDGE|DRY WAFER BACKSIDE|BACKSIDE CLEAN|MEASURE BACKSIDE ROUGHNESS|THERMAL OXIDATION|MEASURE OXIDE THICKNESS|RCA CLEAN 1|RCA CLEAN 2|HF DIP|OXIDE STRIP|SURFACE PREP FOR DEPOSITION|DEPOSIT PAD OXIDE|ANNEAL OXIDE|MEASURE OXIDE THICKNESS|SPIN COAT PHOTORESIST|SOFT BAKE|ALIGN MASK LEVEL 1|EXPOSE LITHO LEVEL 1|DEVELOP PHOTORESIST|INSPECT PATTERN LEVEL 1|HARD BAKE|OXIDE ETCH DRY|STRIP RESIST|CLEAN AFTER ETCH|MEASURE CD LEVEL 1|DEPOSIT POLYSILICON|ANNEAL POLYSILICON|SPIN COAT PHOTORESIST|SOFT BAKE|ALIGN MASK LEVEL 2|EXPOSE LITHO LEVEL 2|POST EXPOSE BAKE|DEVELOP PHOTORESIST|PATTERN INSPECTION LEVEL 2|POLYSILICON ETCH DRY|STRIP RESIST LEVEL 2|CLEAN AFTER POLY ETCH|MEASURE CD LEVEL 2|IMPLANT N-TYPE|PRE ANNEAL CHECK|RAPID THERMAL ANNEAL|MEASURE SHEET RESISTANCE|DEPOSIT INTERLEVEL DIELECTRIC|DENSIFY DIELECTRIC|MEASURE DIELECTRIC THICKNESS|CMP DIELECTRIC|MEASURE PLANARITY|SPIN COAT PHOTORESIST|SOFT BAKE|ALIGN MASK LEVEL 3|EXPOSE LITHO LEVEL 3|POST EXPOSE BAKE|DEVELOP PHOTORESIST|VIA OPENING INSPECTION|HARD BAKE|VIA ETCH|STRIP PHOTORESIST|CLEAN AFTER VIA ETCH|DEPOSIT BARRIER METAL|DEPOSIT TUNGSTEN SEED|FILL VIA TUNGSTEN|CMP VIA FILL|MEASURE VIA RESISTANCE|DEPOSIT TOP METAL|ANNEAL METAL 1|MEASURE METAL THICKNESS|SPIN COAT PHOTORESIST|SOFT BAKE|ALIGN MASK LEVEL 4|EXPOSE LITHO LEVEL 4|DEVELOP PHOTORESIST|METAL PATTERN INSPECTION|HARD BAKE|METAL ETCH DRY|STRIP PHOTORESIST|CLEAN AFTER METAL ETCH|MEASURE LINE WIDTH|DEPOSIT PASSIVATION|PARAMETRIC TEST|CURE PASSIVATION|MEASURE PASSIVATION THICKNESS|OPEN PAD WINDOW|PAD WINDOW LITHO|DEVELOP PAD WINDOW|PASSIVATION ETCH PAD OPENING|STRIP RESIST|CLEAN PAD OPENING|MEASURE PAD OPENING|BACKSIDE CLEAN|DEPOSIT BACKSIDE PROTECTION|BACKSIDE ANNEAL|FINAL CLEAN|FINAL THICKNESS MEASURE|FINAL GEOMETRY CHECK|FINAL OXIDE CHECK|FINAL PARTICLE INSPECTION|FINAL ELECTRICAL TEST PREP|LEAKAGE TEST|THRESHOLD VOLTAGE TEST|SWITCHING TEST|WAFER SORT TEST|YIELD ANALYSIS|LOT RELEASE|SHIP LOT,RULE_TEST_BEFORE_PASSIVATION
anomaly_0732,IGBT,RECEIVE WAFER LOT|LOT IDENTIFICATION|INITIAL WAFER INSPECTION|MEASURE INITIAL THICKNESS|MEASURE SURFACE PARTICLES|PRE CLEAN WAFER|BACKSIDE CLEAN|FRONTSIDE CLEAN|WET CLEAN RCA1|WET CLEAN RCA2|HF DIP|DRY WAFER|EPITAXIAL WAFER CHECK|MEASURE EPITAXY THICKNESS|MEASURE RESISTIVITY|EPITAXIAL REWORK CHECK|EPITAXIAL LAYER PREP|THERMAL OXIDATION|MEASURE OXIDE THICKNESS|SPIN COAT PHOTORESIST|SOFT BAKE|ALIGN MASK LEVEL 1|EXPOSE LITHO LEVEL 1|POST EXPOSE BAKE|DEVELOP PHOTORESIST|INSPECT PATTERN LEVEL 1|HARD BAKE|OXIDE ETCH DRY|STRIP PHOTORESIST|CLEAN AFTER OXIDE ETCH|IMPLANT P BODY|PRE ANNEAL CHECK|DRIVE IN DIFFUSION|RAPID THERMAL ANNEAL|MEASURE JUNCTION DEPTH|THERMAL OXIDATION|SPIN COAT PHOTORESIST|SOFT BAKE|ALIGN MASK LEVEL 2|EXPOSE LITHO LEVEL 2|POST EXPOSE BAKE|DEVELOP PHOTORESIST|P BODY WINDOW INSPECTION|HARD BAKE|ETCH SILICON OR OXIDE WINDOW|STRIP RESIST|CLEAN AFTER WINDOW ETCH|MEASURE WINDOW CD|IMPLANT N BUFFER|RAPID THERMAL ANNEAL|MEASURE SHEET RESISTANCE|EPITAXIAL REWORK CHECK|DEPOSIT FIELD OXIDE|DENSIFY OXIDE|MEASURE FILM THICKNESS|SPIN COAT PHOTORESIST|SOFT BAKE|ALIGN MASK LEVEL 3|EXPOSE LITHO LEVEL 3|DEVELOP PHOTORESIST|FIELD PATTERN INSPECTION|FIELD OXIDE ETCH|STRIP PHOTORESIST|CLEAN AFTER FIELD ETCH|MEASURE SURFACE UNIFORMITY|IMPLANT SOURCE REGION|IMPLANT DRAIN / CATHODE REGION|PRE ANNEAL CHECK|RAPID THERMAL ANNEAL|MEASURE SHEET RESISTANCE|DEPOSIT GATE OXIDE OR DIELECTRIC|ANNEAL DIELECTRIC|MEASURE OXIDE QUALITY|DEPOSIT POLYSILICON|POLYSILICON ANNEAL|SPIN COAT PHOTORESIST|SOFT BAKE|ALIGN MASK LEVEL 4|EXPOSE LITHO LEVEL 4|DEVELOP PHOTORESIST|POLY PATTERN INSPECTION|HARD BAKE|POLYSILICON ETCH DRY|STRIP RESIST|CLEAN AFTER POLY ETCH|MEASURE GATE CD|IMPLANT CHANNEL STOP|RAPID THERMAL ANNEAL|DEPOSIT INTERLAYER DIELECTRIC|DENSIFY OXIDE|MEASURE DIELECTRIC THICKNESS|CMP INTERLAYER DIELECTRIC|MEASURE SURFACE PLANARITY|SPIN COAT PHOTORESIST|SOFT BAKE|ALIGN MASK LEVEL 5|EXPOSE LITHO LEVEL 5|DEVELOP PHOTORESIST|VIA OPENING INSPECTION|VIA ETCH THROUGH DIELECTRIC|STRIP PHOTORESIST|CLEAN AFTER VIA ETCH|MEASURE VIA CD|DEPOSIT BARRIER METAL|DEPOSIT METAL SEED|FILL VIA METAL|CMP VIA FILL|MEASURE CONTACT RESISTANCE|DEPOSIT TOP METAL|ANNEAL METAL|SPIN COAT PHOTORESIST|SOFT BAKE|ALIGN MASK LEVEL 6|EXPOSE LITHO LEVEL 6|POST EXPOSE BAKE|DEVELOP PHOTORESIST|METAL PATTERN INSPECTION|METAL ETCH DRY|STRIP RESIST|CLEAN AFTER METAL ETCH|MEASURE LINE WIDTH|DEPOSIT PASSIVATION LAYER|SWITCHING TEST|CURE PASSIVATION|MEASURE PASSIVATION QUALITY|OPEN BOND PAD WINDOW|PAD WINDOW LITHO|DEVELOP PAD WINDOW|PASSIVATION ETCH PAD OPENING|STRIP PHOTORESIST|CLEAN PAD OPENING|MEASURE PAD OPENING|BACKSIDE GRIND|MEASURE THICKNESS|BACKSIDE ETCH CLEAN|BACKSIDE RINSE|BACKSIDE DRY|BACKSIDE METALLIZATION PREP|DEPOSIT BACKSIDE METAL|BACKSIDE ANNEAL|MEASURE BACKSIDE CONTACT|FINAL CLEAN|FINAL THICKNESS MEASURE|PARAMETRIC TEST|LEAKAGE TEST|BREAKDOWN VOLTAGE TEST|YIELD ANALYSIS|WAFER SORT TEST|LOT RELEASE|SHIP LOT,RULE_TEST_BEFORE_PASSIVATION
anomaly_0872,IGBT,RECEIVE WAFER LOT|LOT IDENTIFICATION|INITIAL WAFER INSPECTION|MEASURE INITIAL THICKNESS|MEASURE SURFACE PARTICLES|PRE CLEAN WAFER|BACKSIDE CLEAN|FRONTSIDE CLEAN|WET CLEAN RCA1|WET CLEAN RCA2|HF DIP|EPITAXIAL WAFER CHECK|MEASURE EPITAXY THICKNESS|MEASURE RESISTIVITY|EPITAXIAL LAYER PREP|THERMAL OXIDATION|MEASURE OXIDE THICKNESS|SPIN COAT PHOTORESIST|SOFT BAKE|ALIGN MASK LEVEL 1|EXPOSE LITHO LEVEL 1|POST EXPOSE BAKE|DEVELOP PHOTORESIST|INSPECT PATTERN LEVEL 1|OXIDE ETCH DRY|STRIP PHOTORESIST|CLEAN AFTER OXIDE ETCH|MEASURE OPENING CD|IMPLANT P BODY|DRIVE IN DIFFUSION|RAPID THERMAL ANNEAL|THERMAL OXIDATION|SPIN COAT PHOTORESIST|SOFT BAKE|ALIGN MASK LEVEL 2|EXPOSE LITHO LEVEL 2|POST EXPOSE BAKE|DEVELOP PHOTORESIST|P BODY WINDOW INSPECTION|ETCH SILICON OR OXIDE WINDOW|STRIP PHOTORESIST|CLEAN AFTER WINDOW ETCH|IMPLANT N BUFFER|PRE ANNEAL CHECK|RAPID THERMAL ANNEAL|MEASURE SHEET RESISTANCE|EPITAXIAL REWORK CHECK|DEPOSIT FIELD OXIDE|DENSIFY OXIDE|MEASURE FILM THICKNESS|SPIN COAT PHOTORESIST|SOFT BAKE|ALIGN MASK LEVEL 3|EXPOSE LITHO LEVEL 3|POST EXPOSE BAKE|DEVELOP PHOTORESIST|FIELD PATTERN INSPECTION|FIELD OXIDE ETCH|STRIP RESIST|CLEAN AFTER FIELD ETCH|IMPLANT SOURCE REGION|IMPLANT DRAIN / CATHODE REGION|PRE ANNEAL CHECK|RAPID THERMAL ANNEAL|MEASURE SHEET RESISTANCE|DEPOSIT GATE OXIDE OR DIELECTRIC|ANNEAL DIELECTRIC|MEASURE OXIDE QUALITY|DEPOSIT POLYSILICON|POLYSILICON ANNEAL|MEASURE POLY THICKNESS|SPIN COAT PHOTORESIST|SOFT BAKE|ALIGN MASK LEVEL 4|EXPOSE LITHO LEVEL 4|POST EXPOSE BAKE|DEVELOP PHOTORESIST|POLY PATTERN INSPECTION|HARD BAKE|POLYSILICON ETCH DRY|STRIP RESIST|CLEAN AFTER POLY ETCH|MEASURE GATE CD|IMPLANT CHANNEL STOP|PRE ANNEAL CHECK|RAPID THERMAL ANNEAL|MEASURE DEVICE PARAMETER|DEPOSIT INTERLEVEL DIELECTRIC|DENSIFY OXIDE|MEASURE DIELECTRIC THICKNESS|CMP DIELECTRIC|MEASURE SURFACE PLANARITY|SPIN COAT PHOTORESIST|SOFT BAKE|ALIGN MASK LEVEL 5|EXPOSE LITHO LEVEL 5|DEVELOP PHOTORESIST|VIA INSPECTION|VIA ETCH|STRIP PHOTORESIST|CLEAN AFTER VIA ETCH|MEASURE VIA CD|DEPOSIT BARRIER METAL|DEPOSIT METAL SEED|FILL VIA METAL|CMP VIA FILL|MEASURE CONTACT RESISTANCE|DEPOSIT TOP METAL|ANNEAL METAL|SPIN COAT PHOTORESIST|SOFT BAKE|ALIGN MASK LEVEL 6|EXPOSE LITHO LEVEL 6|DEVELOP PHOTORESIST|METAL PATTERN INSPECTION|METAL ETCH DRY|STRIP PHOTORESIST|CLEAN AFTER METAL ETCH|DEPOSIT PASSIVATION LAYER|CURE PASSIVATION|MEASURE PASSIVATION QUALITY|OPEN BOND PAD WINDOW|OPEN PAD WINDOW LITHO|DEVELOP PAD WINDOW|PASSIVATION ETCH PAD OPENING|STRIP PHOTORESIST|MEASURE PAD OPENING|BACKSIDE GRIND|MEASURE THICKNESS|BACKSIDE DRY|BACKSIDE METALLIZATION PREP|DEPOSIT BACKSIDE METAL|BACKSIDE ANNEAL|MEASURE BACKSIDE CONTACT|FINAL CLEAN|FINAL GEOMETRY CHECK|FINAL PARTICLE INSPECTION|ELECTRICAL PARAMETRIC TEST|LEAKAGE TEST|BREAKDOWN VOLTAGE TEST|SWITCHING TEST|YIELD ANALYSIS|WAFER SORT TEST|FINAL LOT RELEASE|SHIP LOT,RULE_DEP_NO_CLEAN
anomaly_0727,IC,RECEIVE WAFER LOT|LOT IDENTIFICATION|INITIAL WAFER INSPECTION|MEASURE INITIAL GEOMETRY|WAFER CLEAN PRE PROCESS|FRONTSIDE CLEAN|RCA CLEAN 1|WET CLEAN RCA2|HF DIP|WAFER CLEAN PRE-GRIND|GRINDING WAFER BACKSIDE|MEASURE INITIAL GEOMETRY|ETCH WET BACKSIDE|RINSE WET WAFER_EDGE|DRY WAFER BACKSIDE|BACKSIDE CLEAN|MEASURE BACKSIDE ROUGHNESS|THERMAL OXIDATION|MEASURE OXIDE THICKNESS|WET CLEAN RCA1|RCA CLEAN 2|HF DIP|OXIDE STRIP|SURFACE PREP FOR DEPOSITION|DEPOSIT PAD OXIDE|ANNEAL OXIDE|MEASURE OXIDE THICKNESS|SPIN COAT PHOTORESIST|SOFT BAKE|ALIGN MASK LEVEL 1|EXPOSE LITHO LEVEL 1|DEVELOP PHOTORESIST|INSPECT PATTERN LEVEL 1|HARD BAKE|OXIDE ETCH DRY|STRIP PHOTORESIST|CLEAN AFTER ETCH|DEPOSIT POLYSILICON|ANNEAL POLYSILICON|SPIN COAT PHOTORESIST|SOFT BAKE|ALIGN MASK LEVEL 2|EXPOSE LITHO LEVEL 2|DEVELOP PHOTORESIST|PATTERN INSPECTION LEVEL 2|HARD BAKE|POLYSILICON ETCH DRY|STRIP RESIST|CLEAN AFTER POLY ETCH|MEASURE CD LEVEL 2|IMPLANT N-TYPE|RAPID THERMAL ANNEAL|DEPOSIT INTERLAYER DIELECTRIC|DENSIFY DIELECTRIC|MEASURE FILM THICKNESS|CMP DIELECTRIC|MEASURE PLANARITY|SPIN COAT PHOTORESIST|SOFT BAKE|ALIGN MASK LEVEL 3|EXPOSE LITHO LEVEL 3|DEVELOP PHOTORESIST|VIA INSPECTION|DIELECTRIC ETCH VIA|STRIP PHOTORESIST|CLEAN AFTER VIA ETCH|MEASURE VIA CD|DEPOSIT BARRIER METAL|DEPOSIT TUNGSTEN SEED|FILL VIA TUNGSTEN|CMP VIA FILL|MEASURE CONTACT RESISTANCE|DEPOSIT TOP METAL|ANNEAL METAL 1|SPIN COAT PHOTORESIST|SOFT BAKE|ALIGN MASK LEVEL 4|EXPOSE LITHO LEVEL 4|DEVELOP PHOTORESIST|METAL PATTERN INSPECTION|METAL ETCH DRY|STRIP RESIST|CLEAN AFTER METAL ETCH|OPEN PAD WINDOW|DEPOSIT PASSIVATION LAYER|CURE PASSIVATION|MEASURE PASSIVATION QUALITY|OPEN PAD WINDOW LITHO|DEVELOP PAD WINDOW|PASSIVATION ETCH PAD OPENING|STRIP PHOTORESIST|CLEAN PAD OPENING|MEASURE PAD OPENING|BACKSIDE CLEAN FINAL|DEPOSIT BACKSIDE PROTECTION|BACKSIDE ANNEAL|FINAL CLEAN|FINAL THICKNESS MEASURE|FINAL PARTICLE INSPECTION|FINAL ELECTRICAL TEST PREP|PARAMETRIC TEST|LEAKAGE TEST|THRESHOLD VOLTAGE TEST|SWITCHING TEST|WAFER SORT TEST|YIELD ANALYSIS|LOT RELEASE|SHIP LOT,RULE_PAD_OPEN_BEFORE_DEP
anomaly_0704,MOSFET,RECEIVE WAFER LOT|LOT IDENTIFICATION|INITIAL WAFER INSPECTION|MEASURE THICKNESS|MEASURE SURFACE PARTICLES|PRE CLEAN WAFER|BACKSIDE CLEAN|WET CLEAN RCA1|WET CLEAN RCA2|HF DIP|DRY WAFER|SUBSTRATE CHECK|EPITAXY PREP|EPITAXIAL DEPOSITION|MEASURE EPITAXY THICKNESS|MEASURE RESISTIVITY|EPITAXY ANNEAL|WAFER SURFACE CLEAN|THERMAL OXIDATION|MEASURE OXIDE THICKNESS|SPIN COAT PHOTORESIST|SOFT BAKE|ALIGN MASK LEVEL 1|EXPOSE LITHO LEVEL 1|DEVELOP PHOTORESIST|PATTERN INSPECTION LEVEL 1|HARD BAKE|OXIDE ETCH|STRIP RESIST|CLEAN AFTER ETCH|MEASURE OPENING CD|IMPLANT WELL|PRE ANNEAL CHECK|DRIVE IN DIFFUSION|RAPID THERMAL ANNEAL|MEASURE JUNCTION DEPTH|THERMAL OXIDATION|GATE OXIDE PREP|GATE OXIDE GROWTH|MEASURE GATE OXIDE THICKNESS|DEPOSIT POLYSILICON|POLYSILICON ANNEAL|SPIN COAT PHOTORESIST|SOFT BAKE|ALIGN MASK LEVEL 2|EXPOSE LITHO LEVEL 2|DEVELOP PHOTORESIST|POLY PATTERN INSPECTION|HARD BAKE|POLYSILICON ETCH|STRIP PHOTORESIST|CLEAN AFTER POLY ETCH|IMPLANT SOURCE DRAIN|PRE ANNEAL CHECK|LIGHT ANNEAL|MEASURE SHEET RESISTANCE|DEPOSIT SPACER DIELECTRIC|ANISOTROPIC ETCH SPACER|MEASURE SPACER WIDTH|IMPLANT LDD|RAPID THERMAL ANNEAL|MEASURE JUNCTION PROFILE|DEPOSIT INTERLAYER DIELECTRIC|DENSIFY DIELECTRIC|MEASURE DIELECTRIC THICKNESS|CMP DIELECTRIC|MEASURE SURFACE PLANARITY|SPIN COAT PHOTORESIST|SOFT BAKE|ALIGN MASK LEVEL 3|EXPOSE LITHO LEVEL 3|POST EXPOSE BAKE|DEVELOP PHOTORESIST|VIA INSPECTION|VIA ETCH THROUGH DIELECTRIC|STRIP RESIST|CLEAN AFTER VIA ETCH|MEASURE VIA CD|DEPOSIT BARRIER METAL|DEPOSIT METAL SEED|FILL VIA METAL|CMP VIA FILL|MEASURE VIA RESISTANCE|DEPOSIT TOP METAL|ANNEAL METAL 1|SPIN COAT PHOTORESIST|SOFT BAKE|ALIGN MASK LEVEL 4|EXPOSE LITHO LEVEL 4|DEVELOP PHOTORESIST|METAL PATTERN INSPECTION|METAL ETCH|STRIP RESIST|CLEAN AFTER METAL ETCH|DEPOSIT PASSIVATION|LEAKAGE TEST|CURE PASSIVATION|MEASURE PASSIVATION THICKNESS|OPEN BOND PAD WINDOW|OPEN PAD WINDOW LITHO|DEVELOP PAD WINDOW|PASSIVATION ETCH PAD OPENING|STRIP PHOTORESIST|CLEAN PAD OPENING|MEASURE PAD OPENING|BACKSIDE CLEAN|BACKSIDE GRIND|MEASURE WAFER THICKNESS|BACKSIDE ETCH CLEAN|BACKSIDE RINSE|BACKSIDE DRY|BACKSIDE METALLIZATION PREP|DEPOSIT BACKSIDE METAL|BACKSIDE ANNEAL|MEASURE BACKSIDE CONTACT|FINAL CLEAN|FINAL GEOMETRY CHECK|PARAMETRIC TEST|THRESHOLD VOLTAGE TEST|SWITCHING TEST|WAFER SORT TEST|YIELD ANALYSIS|FINAL LOT RELEASE|SHIP LOT,RULE_TEST_BEFORE_PASSIVATION
anomaly_0357,IC,RECEIVE WAFER LOT|LOT IDENTIFICATION|INITIAL WAFER INSPECTION|MEASURE INITIAL THICKNESS|MEASURE SURFACE DEFECTS|WAFER CLEAN PRE PROCESS|RCA CLEAN 1|WET CLEAN RCA2|HF DIP|WAFER CLEAN PRE-GRIND|GRINDING WAFER BACKSIDE|MEASURE INITIAL GEOMETRY|ETCH WET BACKSIDE|RINSE WET WAFER_EDGE|DRY WAFER BACKSIDE|BACKSIDE CLEAN|MEASURE BACKSIDE ROUGHNESS|THERMAL OXIDATION|MEASURE OXIDE THICKNESS|RCA CLEAN 1|WET CLEAN RCA2|HF DIP|OXIDE STRIP|SURFACE PREP FOR DEPOSITION|DEPOSIT PAD OXIDE|ANNEAL OXIDE|MEASURE FILM THICKNESS|SPIN COAT PHOTORESIST|SOFT BAKE|ALIGN MASK LEVEL 1|EXPOSE LITHO LEVEL 1|DEVELOP PHOTORESIST|INSPECT PATTERN LEVEL 1|HARD BAKE|OXIDE ETCH DRY|STRIP PHOTORESIST|CLEAN AFTER ETCH|MEASURE CD LEVEL 1|DEPOSIT POLYSILICON|ANNEAL POLYSILICON|SPIN COAT PHOTORESIST|SOFT BAKE|ALIGN MASK LEVEL 2|EXPOSE LITHO LEVEL 2|DEVELOP PHOTORESIST|PATTERN INSPECTION LEVEL 2|HARD BAKE|POLYSILICON ETCH DRY|STRIP RESIST|CLEAN AFTER POLY ETCH|MEASURE CD LEVEL 2|IMPLANT N-TYPE|RAPID THERMAL ANNEAL|DEPOSIT INTERLAYER DIELECTRIC|DENSIFY DIELECTRIC|MEASURE DIELECTRIC THICKNESS|CMP DIELECTRIC|MEASURE SURFACE PLANARITY|SPIN COAT PHOTORESIST|SOFT BAKE|ALIGN MASK LEVEL 3|EXPOSE LITHO LEVEL 3|POST EXPOSE BAKE|DEVELOP PHOTORESIST|VIA INSPECTION|HARD BAKE|VIA ETCH|STRIP PHOTORESIST|CLEAN AFTER VIA ETCH|DEPOSIT BARRIER METAL|DEPOSIT TUNGSTEN SEED|FILL VIA TUNGSTEN|CMP METAL|DEPOSIT METAL 1|ANNEAL METAL 1|MEASURE METAL THICKNESS|SPIN COAT PHOTORESIST|SOFT BAKE|ALIGN MASK LEVEL 4|EXPOSE LITHO LEVEL 4|POST EXPOSE BAKE|DEVELOP PHOTORESIST|METAL PATTERN INSPECTION|METAL ETCH DRY|STRIP RESIST|CLEAN AFTER METAL ETCH|OPEN PAD WINDOW|DEPOSIT PASSIVATION|CURE PASSIVATION|MEASURE PASSIVATION THICKNESS|OPEN PAD WINDOW LITHO|DEVELOP PAD WINDOW|PASSIVATION ETCH PAD OPENING|STRIP RESIST|CLEAN PAD OPENING|MEASURE PAD OPENING|BACKSIDE THINNING CHECK|BACKSIDE CLEAN FINAL|DEPOSIT BACKSIDE PROTECTION|BACKSIDE ANNEAL|FINAL CLEAN|FINAL THICKNESS MEASURE|FINAL OXIDE CHECK|FINAL PARTICLE INSPECTION|PARAMETRIC TEST|LEAKAGE TEST|THRESHOLD VOLTAGE TEST|SWITCHING TEST|WAFER SORT TEST|YIELD ANALYSIS|FINAL LOT RELEASE|PACKAGE PREPARATION|SHIP LOT,RULE_PAD_OPEN_BEFORE_DEP
anomaly_0207,MOSFET,RECEIVE WAFER LOT|LOT IDENTIFICATION|INITIAL WAFER INSPECTION|MEASURE THICKNESS|MEASURE SURFACE PARTICLES|PRE CLEAN WAFER|FRONTSIDE CLEAN|RCA CLEAN 1|RCA CLEAN 2|HF DIP|SUBSTRATE CHECK|EPITAXY PREP|EPITAXIAL DEPOSITION|MEASURE EPITAXY THICKNESS|MEASURE RESISTIVITY|EPITAXY ANNEAL|WAFER SURFACE CLEAN|THERMAL OXIDATION|MEASURE OXIDE THICKNESS|SPIN COAT PHOTORESIST|SOFT BAKE|ALIGN MASK LEVEL 1|EXPOSE LITHO LEVEL 1|DEVELOP PHOTORESIST|PATTERN INSPECTION LEVEL 1|OXIDE ETCH|STRIP PHOTORESIST|CLEAN AFTER ETCH|MEASURE OPENING CD|IMPLANT WELL|PRE ANNEAL CHECK|DRIVE IN DIFFUSION|RAPID THERMAL ANNEAL|MEASURE JUNCTION DEPTH|THERMAL OXIDATION|GATE OXIDE PREP|GATE OXIDE GROWTH|MEASURE GATE OXIDE THICKNESS|DEPOSIT POLYSILICON|POLYSILICON ANNEAL|MEASURE POLY THICKNESS|SPIN COAT PHOTORESIST|SOFT BAKE|ALIGN MASK LEVEL 2|EXPOSE LITHO LEVEL 2|POST EXPOSE BAKE|DEVELOP PHOTORESIST|POLY PATTERN INSPECTION|POLYSILICON ETCH|STRIP RESIST|CLEAN AFTER POLY ETCH|MEASURE GATE CD|IMPLANT SOURCE DRAIN|LIGHT ANNEAL|MEASURE SHEET RESISTANCE|DEPOSIT SPACER DIELECTRIC|ANISOTROPIC ETCH SPACER|MEASURE SPACER WIDTH|IMPLANT LDD|RAPID THERMAL ANNEAL|MEASURE JUNCTION PROFILE|DEPOSIT INTERLAYER DIELECTRIC|DENSIFY OXIDE|MEASURE FILM THICKNESS|CMP DIELECTRIC|MEASURE SURFACE PLANARITY|SPIN COAT PHOTORESIST|SOFT BAKE|ALIGN MASK LEVEL 3|EXPOSE LITHO LEVEL 3|POST EXPOSE BAKE|DEVELOP PHOTORESIST|VIA INSPECTION|VIA ETCH THROUGH DIELECTRIC|STRIP PHOTORESIST|CLEAN AFTER VIA ETCH|MEASURE VIA CD|CMP VIA FILL|DEPOSIT TOP METAL|ANNEAL METAL 1|MEASURE METAL THICKNESS|SPIN COAT PHOTORESIST|SOFT BAKE|ALIGN MASK LEVEL 4|EXPOSE LITHO LEVEL 4|DEVELOP PHOTORESIST|METAL PATTERN INSPECTION|METAL ETCH|STRIP RESIST|CLEAN AFTER METAL ETCH|MEASURE LINE WIDTH|DEPOSIT PASSIVATION|CURE PASSIVATION|MEASURE PASSIVATION QUALITY|OPEN PAD WINDOW|PAD WINDOW LITHO|DEVELOP PAD WINDOW|PASSIVATION ETCH|STRIP RESIST|CLEAN PAD OPENING|MEASURE PAD OPENING|BACKSIDE CLEAN|BACKSIDE GRIND|MEASURE WAFER THICKNESS|BACKSIDE ETCH CLEAN|BACKSIDE RINSE|BACKSIDE DRY|BACKSIDE METALLIZATION PREP|DEPOSIT BACKSIDE METAL|BACKSIDE ANNEAL|MEASURE BACKSIDE CONTACT|FINAL CLEAN|FINAL THICKNESS MEASURE|FINAL GEOMETRY CHECK|FINAL CD INSPECTION|FINAL PARTICLE INSPECTION|ELECTRICAL PARAMETRIC TEST|LEAKAGE TEST|THRESHOLD VOLTAGE TEST|SWITCHING TEST|WAFER SORT TEST|YIELD ANALYSIS|LOT RELEASE|SHIP LOT,RULE_CMP_NO_DEP
anomaly_0902,MOSFET,RECEIVE WAFER LOT|LOT IDENTIFICATION|PRE CLEAN INSPECTION|MEASURE THICKNESS|MEASURE SURFACE PARTICLES|PRE CLEAN WAFER|BACKSIDE CLEAN|WET CLEAN RCA1|WET CLEAN RCA2|HF DIP|DRY WAFER|SUBSTRATE CHECK|EPITAXY PREP|EPITAXIAL DEPOSITION|MEASURE EPITAXY THICKNESS|MEASURE RESISTIVITY|EPITAXY ANNEAL|WAFER SURFACE CLEAN|THERMAL OXIDATION|MEASURE OXIDE THICKNESS|SPIN COAT PHOTORESIST|SOFT BAKE|ALIGN MASK LEVEL 1|EXPOSE LITHO LEVEL 1|DEVELOP PHOTORESIST|PATTERN INSPECTION LEVEL 1|OXIDE ETCH|STRIP PHOTORESIST|CLEAN AFTER ETCH|MEASURE OPENING CD|IMPLANT WELL|PRE ANNEAL CHECK|DRIVE IN DIFFUSION|RAPID THERMAL ANNEAL|MEASURE JUNCTION DEPTH|THERMAL OXIDATION|GATE OXIDE PREP|GATE OXIDE GROWTH|MEASURE GATE OXIDE THICKNESS|DEPOSIT POLYSILICON|POLYSILICON ANNEAL|MEASURE POLY THICKNESS|SPIN COAT PHOTORESIST|SOFT BAKE|ALIGN MASK LEVEL 2|EXPOSE LITHO LEVEL 2|DEVELOP PHOTORESIST|POLY PATTERN INSPECTION|POLYSILICON ETCH|STRIP RESIST|CLEAN AFTER POLY ETCH|IMPLANT SOURCE DRAIN|PRE ANNEAL CHECK|LIGHT ANNEAL|DEPOSIT SPACER DIELECTRIC|ANISOTROPIC ETCH SPACER|MEASURE SPACER WIDTH|IMPLANT LDD|RAPID THERMAL ANNEAL|DEPOSIT INTERLEVEL DIELECTRIC|DENSIFY DIELECTRIC|MEASURE DIELECTRIC THICKNESS|CMP DIELECTRIC|MEASURE PLANARITY|SPIN COAT PHOTORESIST|SOFT BAKE|ALIGN MASK LEVEL 3|EXPOSE LITHO LEVEL 3|POST EXPOSE BAKE|DEVELOP PHOTORESIST|VIA OPENING INSPECTION|HARD BAKE|DIELECTRIC ETCH VIA|STRIP PHOTORESIST|CLEAN AFTER VIA ETCH|MEASURE VIA CD|DEPOSIT BARRIER METAL|DEPOSIT METAL SEED|FILL VIA METAL|CMP METAL|MEASURE VIA RESISTANCE|DEPOSIT TOP METAL|ANNEAL METAL|MEASURE METAL THICKNESS|SPIN COAT PHOTORESIST|SOFT BAKE|ALIGN MASK LEVEL 4|EXPOSE LITHO LEVEL 4|DEVELOP PHOTORESIST|METAL PATTERN INSPECTION|HARD BAKE|METAL ETCH|STRIP PHOTORESIST|CLEAN AFTER METAL ETCH|OPEN BOND PAD WINDOW|DEPOSIT PASSIVATION|CURE PASSIVATION|MEASURE PASSIVATION THICKNESS|PAD WINDOW LITHO|DEVELOP PAD WINDOW|PASSIVATION ETCH PAD OPENING|STRIP PHOTORESIST|CLEAN PAD OPENING|MEASURE PAD OPENING|BACKSIDE CLEAN|BACKSIDE GRIND|MEASURE WAFER THICKNESS|BACKSIDE ETCH CLEAN|BACKSIDE RINSE|BACKSIDE DRY|BACKSIDE METALLIZATION PREP|DEPOSIT BACKSIDE METAL|BACKSIDE ANNEAL|MEASURE BACKSIDE CONTACT|FINAL CLEAN|FINAL THICKNESS MEASURE|FINAL GEOMETRY CHECK|FINAL PARTICLE INSPECTION|PARAMETRIC TEST|LEAKAGE TEST|THRESHOLD VOLTAGE TEST|SWITCHING TEST|WAFER SORT TEST|YIELD ANALYSIS|FINAL LOT RELEASE|SHIP LOT,RULE_PAD_OPEN_BEFORE_DEP
anomaly_0953,IGBT,RECEIVE WAFER LOT|LOT IDENTIFICATION|PRE CLEAN INSPECTION|MEASURE INITIAL THICKNESS|MEASURE SURFACE PARTICLES|PRE CLEAN WAFER|BACKSIDE CLEAN|FRONTSIDE CLEAN|RCA CLEAN 1|RCA CLEAN 2|HF DIP|DRY WAFER|EPITAXIAL WAFER CHECK|MEASURE EPITAXY THICKNESS|MEASURE RESISTIVITY|EPITAXIAL LAYER PREP|THERMAL OXIDATION|MEASURE OXIDE THICKNESS|SPIN COAT PHOTORESIST|SOFT BAKE|ALIGN MASK LEVEL 1|EXPOSE LITHO LEVEL 1|DEVELOP PHOTORESIST|INSPECT PATTERN LEVEL 1|OXIDE ETCH DRY|STRIP RESIST|CLEAN AFTER OXIDE ETCH|IMPLANT P BODY|DRIVE IN DIFFUSION|RAPID THERMAL ANNEAL|MEASURE JUNCTION DEPTH|THERMAL OXIDATION|SPIN COAT PHOTORESIST|SOFT BAKE|ALIGN MASK LEVEL 2|EXPOSE LITHO LEVEL 2|DEVELOP PHOTORESIST|P BODY WINDOW INSPECTION|ETCH SILICON OR OXIDE WINDOW|STRIP PHOTORESIST|CLEAN AFTER WINDOW ETCH|MEASURE WINDOW CD|IMPLANT N BUFFER|PRE ANNEAL CHECK|RAPID THERMAL ANNEAL|MEASURE SHEET RESISTANCE|DEPOSIT FIELD OXIDE|DENSIFY OXIDE|MEASURE FILM THICKNESS|SPIN COAT PHOTORESIST|SOFT BAKE|ALIGN MASK LEVEL 3|EXPOSE LITHO LEVEL 3|DEVELOP PHOTORESIST|FIELD PATTERN INSPECTION|HARD BAKE|FIELD OXIDE ETCH|STRIP PHOTORESIST|CLEAN AFTER FIELD ETCH|MEASURE SURFACE UNIFORMITY|IMPLANT SOURCE REGION|IMPLANT DRAIN / CATHODE REGION|RAPID THERMAL ANNEAL|MEASURE SHEET RESISTANCE|DEPOSIT GATE OXIDE OR DIELECTRIC|ANNEAL DIELECTRIC|MEASURE OXIDE QUALITY|DEPOSIT POLYSILICON|POLYSILICON ANNEAL|MEASURE POLY THICKNESS|SPIN COAT PHOTORESIST|SOFT BAKE|ALIGN MASK LEVEL 4|EXPOSE LITHO LEVEL 4|DEVELOP PHOTORESIST|POLY PATTERN INSPECTION|POLYSILICON ETCH DRY|STRIP RESIST|CLEAN AFTER POLY ETCH|MEASURE GATE CD|IMPLANT CHANNEL STOP|PRE ANNEAL CHECK|RAPID THERMAL ANNEAL|MEASURE DEVICE PARAMETER|DEPOSIT INTERLAYER DIELECTRIC|DENSIFY OXIDE|MEASURE DIELECTRIC THICKNESS|CMP INTERLAYER DIELECTRIC|MEASURE PLANARITY|SPIN COAT PHOTORESIST|SOFT BAKE|ALIGN MASK LEVEL 5|EXPOSE LITHO LEVEL 5|DEVELOP PHOTORESIST|VIA INSPECTION|HARD BAKE|VIA ETCH THROUGH DIELECTRIC|STRIP PHOTORESIST|CLEAN AFTER VIA ETCH|MEASURE VIA CD|DEPOSIT BARRIER METAL|DEPOSIT METAL SEED|FILL VIA METAL|CMP VIA FILL|MEASURE CONTACT RESISTANCE|DEPOSIT TOP METAL|ANNEAL METAL|SPIN COAT PHOTORESIST|SOFT BAKE|ALIGN MASK LEVEL 6|EXPOSE LITHO LEVEL 6|DEVELOP PHOTORESIST|METAL PATTERN INSPECTION|METAL ETCH DRY|STRIP PHOTORESIST|CLEAN AFTER METAL ETCH|DEPOSIT PASSIVATION|CURE PASSIVATION|MEASURE PASSIVATION QUALITY|OPEN PAD WINDOW|OPEN PAD WINDOW LITHO|DEVELOP PAD WINDOW|PASSIVATION ETCH|STRIP RESIST|CLEAN PAD OPENING|MEASURE PAD OPENING|BACKSIDE GRIND|MEASURE THICKNESS|BACKSIDE ETCH CLEAN|BACKSIDE RINSE|BACKSIDE DRY|BACKSIDE METALLIZATION PREP|DEPOSIT BACKSIDE METAL|BACKSIDE ANNEAL|MEASURE BACKSIDE CONTACT|FINAL CLEAN|FINAL THICKNESS MEASURE|FINAL GEOMETRY CHECK|ELECTRICAL PARAMETRIC TEST|LEAKAGE TEST|BREAKDOWN VOLTAGE TEST|SWITCHING TEST|YIELD ANALYSIS|SHIP LOT|LOT RELEASE|WAFER SORT TEST,RULE_SHIP_BEFORE_TEST
anomaly_0751,IC,RECEIVE WAFER LOT|LOT IDENTIFICATION|PRE CLEAN INSPECTION|MEASURE INITIAL THICKNESS|MEASURE SURFACE DEFECTS|WAFER CLEAN PRE PROCESS|BACKSIDE CLEAN|RCA CLEAN 1|WET CLEAN RCA2|HF DIP|DRY WAFER|WAFER CLEAN PRE-GRIND|GRINDING WAFER BACKSIDE|MEASURE GEOMETRY|ETCH WET BACKSIDE|RINSE WET WAFER_EDGE|DRY WAFER BACKSIDE|BACKSIDE CLEAN|MEASURE BACKSIDE ROUGHNESS|THERMAL OXIDATION|MEASURE OXIDE THICKNESS|WET CLEAN RCA1|WET CLEAN RCA2|HF DIP|OXIDE STRIP|SURFACE PREP FOR DEPOSITION|DEPOSIT PAD OXIDE|ANNEAL OXIDE|MEASURE FILM THICKNESS|SPIN COAT PHOTORESIST|SOFT BAKE|ALIGN MASK LEVEL 1|EXPOSE LITHO LEVEL 1|DEVELOP PHOTORESIST|INSPECT PATTERN LEVEL 1|HARD BAKE|OXIDE ETCH DRY|STRIP RESIST|CLEAN AFTER ETCH|MEASURE CD LEVEL 1|DEPOSIT POLYSILICON|ANNEAL POLYSILICON|SPIN COAT PHOTORESIST|SOFT BAKE|ALIGN MASK LEVEL 2|EXPOSE LITHO LEVEL 2|DEVELOP PHOTORESIST|PATTERN INSPECTION LEVEL 2|HARD BAKE|POLYSILICON ETCH DRY|STRIP RESIST LEVEL 2|CLEAN AFTER POLY ETCH|IMPLANT N-TYPE|PRE ANNEAL CHECK|RAPID THERMAL ANNEAL|MEASURE SHEET RESISTANCE|DEPOSIT INTERLAYER DIELECTRIC|DENSIFY DIELECTRIC|MEASURE DIELECTRIC THICKNESS|CMP INTERLAYER DIELECTRIC|MEASURE SURFACE PLANARITY|SPIN COAT PHOTORESIST|SOFT BAKE|ALIGN MASK LEVEL 3|EXPOSE LITHO LEVEL 3|DEVELOP PHOTORESIST|VIA INSPECTION|VIA ETCH THROUGH DIELECTRIC|STRIP RESIST|CLEAN AFTER VIA ETCH|MEASURE VIA CD|DEPOSIT BARRIER METAL|DEPOSIT TUNGSTEN SEED|FILL VIA TUNGSTEN|CMP METAL|MEASURE VIA RESISTANCE|DEPOSIT TOP METAL|ANNEAL METAL|SPIN COAT PHOTORESIST|SOFT BAKE|ALIGN MASK LEVEL 4|POST EXPOSE BAKE|DEVELOP PHOTORESIST|METAL PATTERN INSPECTION|METAL ETCH DRY|STRIP PHOTORESIST|CLEAN AFTER METAL ETCH|MEASURE LINE WIDTH|DEPOSIT PASSIVATION LAYER|CURE PASSIVATION|MEASURE PASSIVATION THICKNESS|OPEN BOND PAD WINDOW|OPEN PAD WINDOW LITHO|DEVELOP PHOTORESIST|PASSIVATION ETCH PAD OPENING|STRIP PHOTORESIST|CLEAN PAD OPENING|MEASURE PAD OPENING|BACKSIDE CLEAN FINAL|DEPOSIT BACKSIDE PROTECTION|BACKSIDE ANNEAL|FINAL CLEAN|FINAL THICKNESS MEASURE|FINAL OXIDE CHECK|FINAL PARTICLE INSPECTION|PARAMETRIC TEST|LEAKAGE TEST|THRESHOLD VOLTAGE TEST|SWITCHING TEST|WAFER SORT TEST|YIELD ANALYSIS|FINAL LOT RELEASE|SHIP LOT,RULE_METAL_ETCH_NO_LITHO
anomaly_0794,MOSFET,RECEIVE WAFER LOT|LOT IDENTIFICATION|INITIAL WAFER INSPECTION|MEASURE THICKNESS|PRE CLEAN WAFER|RCA CLEAN 1|WET CLEAN RCA2|HF DIP|DRY WAFER|SUBSTRATE CHECK|EPITAXY PREP|EPITAXIAL DEPOSITION|MEASURE EPITAXY THICKNESS|MEASURE RESISTIVITY|EPITAXY ANNEAL|WAFER SURFACE CLEAN|THERMAL OXIDATION|MEASURE OXIDE THICKNESS|SPIN COAT PHOTORESIST|SOFT BAKE|ALIGN MASK LEVEL 1|EXPOSE LITHO LEVEL 1|POST EXPOSE BAKE|DEVELOP PHOTORESIST|PATTERN INSPECTION LEVEL 1|HARD BAKE|OXIDE ETCH|STRIP RESIST|CLEAN AFTER ETCH|MEASURE OPENING CD|IMPLANT WELL|PRE ANNEAL CHECK|DRIVE IN DIFFUSION|RAPID THERMAL ANNEAL|MEASURE JUNCTION DEPTH|THERMAL OXIDATION|GATE OXIDE PREP|GATE OXIDE GROWTH|MEASURE GATE OXIDE THICKNESS|DEPOSIT POLYSILICON|POLYSILICON ANNEAL|MEASURE POLY THICKNESS|SPIN COAT PHOTORESIST|SOFT BAKE|ALIGN MASK LEVEL 2|EXPOSE LITHO LEVEL 2|POST EXPOSE BAKE|DEVELOP PHOTORESIST|POLY PATTERN INSPECTION|POLYSILICON ETCH|STRIP RESIST|CLEAN AFTER POLY ETCH|MEASURE GATE CD|IMPLANT SOURCE DRAIN|PRE ANNEAL CHECK|LIGHT ANNEAL|MEASURE SHEET RESISTANCE|DEPOSIT SPACER DIELECTRIC|ANISOTROPIC ETCH SPACER|MEASURE SPACER WIDTH|IMPLANT LDD|RAPID THERMAL ANNEAL|MEASURE JUNCTION PROFILE|DEPOSIT INTERLEVEL DIELECTRIC|DENSIFY OXIDE|MEASURE DIELECTRIC THICKNESS|CMP INTERLAYER DIELECTRIC|MEASURE SURFACE PLANARITY|SPIN COAT PHOTORESIST|SOFT BAKE|ALIGN MASK LEVEL 3|EXPOSE LITHO LEVEL 3|DEVELOP PHOTORESIST|VIA INSPECTION|HARD BAKE|VIA ETCH|STRIP RESIST|CLEAN AFTER VIA ETCH|MEASURE VIA CD|DEPOSIT BARRIER METAL|DEPOSIT METAL SEED|FILL VIA METAL|CMP METAL|MEASURE CONTACT RESISTANCE|DEPOSIT TOP METAL|ANNEAL METAL 1|SPIN COAT PHOTORESIST|SOFT BAKE|ALIGN MASK LEVEL 4|EXPOSE LITHO LEVEL 4|DEVELOP PHOTORESIST|METAL PATTERN INSPECTION|METAL ETCH|STRIP RESIST|CLEAN AFTER METAL ETCH|MEASURE LINE WIDTH|OPEN PAD WINDOW|DEPOSIT PASSIVATION|CURE PASSIVATION|MEASURE PASSIVATION QUALITY|OPEN PAD WINDOW LITHO|DEVELOP PHOTORESIST|PASSIVATION ETCH PAD OPENING|STRIP RESIST|CLEAN PAD OPENING|MEASURE PAD OPENING|BACKSIDE CLEAN|BACKSIDE GRIND|MEASURE WAFER THICKNESS|BACKSIDE ETCH CLEAN|BACKSIDE RINSE|BACKSIDE DRY|BACKSIDE METALLIZATION PREP|DEPOSIT BACKSIDE METAL|BACKSIDE ANNEAL|MEASURE BACKSIDE CONTACT|FINAL CLEAN|FINAL THICKNESS MEASURE|FINAL GEOMETRY CHECK|FINAL CD INSPECTION|FINAL PARTICLE INSPECTION|ELECTRICAL PARAMETRIC TEST|LEAKAGE TEST|THRESHOLD VOLTAGE TEST|SWITCHING TEST|WAFER SORT TEST|YIELD ANALYSIS|LOT RELEASE|SHIP LOT,RULE_PAD_OPEN_BEFORE_DEP
anomaly_0805,MOSFET,RECEIVE WAFER LOT|LOT IDENTIFICATION|INITIAL WAFER INSPECTION|MEASURE THICKNESS|MEASURE SURFACE PARTICLES|PRE CLEAN WAFER|BACKSIDE CLEAN|FRONTSIDE CLEAN|WET CLEAN RCA1|WET CLEAN RCA2|HF DIP|SUBSTRATE CHECK|EPITAXY PREP|EPITAXIAL DEPOSITION|MEASURE EPITAXY THICKNESS|MEASURE RESISTIVITY|EPITAXY ANNEAL|WAFER SURFACE CLEAN|THERMAL OXIDATION|MEASURE OXIDE THICKNESS|SPIN COAT PHOTORESIST|SOFT BAKE|ALIGN MASK LEVEL 1|EXPOSE LITHO LEVEL 1|POST EXPOSE BAKE|DEVELOP PHOTORESIST|PATTERN INSPECTION LEVEL 1|OXIDE ETCH|STRIP RESIST|CLEAN AFTER ETCH|MEASURE OPENING CD|IMPLANT WELL|PRE ANNEAL CHECK|DRIVE IN DIFFUSION|RAPID THERMAL ANNEAL|MEASURE JUNCTION DEPTH|THERMAL OXIDATION|GATE OXIDE PREP|GATE OXIDE GROWTH|MEASURE GATE OXIDE THICKNESS|DEPOSIT POLYSILICON|POLYSILICON ANNEAL|MEASURE POLY THICKNESS|SPIN COAT PHOTORESIST|SOFT BAKE|ALIGN MASK LEVEL 2|EXPOSE LITHO LEVEL 2|DEVELOP PHOTORESIST|POLY PATTERN INSPECTION|POLYSILICON ETCH|STRIP RESIST|IMPLANT SOURCE DRAIN|LIGHT ANNEAL|DEPOSIT SPACER DIELECTRIC|ANISOTROPIC ETCH SPACER|MEASURE SPACER WIDTH|IMPLANT LDD|PRE ANNEAL CHECK|RAPID THERMAL ANNEAL|MEASURE JUNCTION PROFILE|DEPOSIT INTERLEVEL DIELECTRIC|DENSIFY OXIDE|MEASURE FILM THICKNESS|CMP INTERLAYER DIELECTRIC|MEASURE SURFACE PLANARITY|SPIN COAT PHOTORESIST|SOFT BAKE|ALIGN MASK LEVEL 3|EXPOSE LITHO LEVEL 3|DEVELOP PHOTORESIST|VIA INSPECTION|VIA ETCH|STRIP PHOTORESIST|CLEAN AFTER VIA ETCH|MEASURE VIA CD|DEPOSIT BARRIER METAL|DEPOSIT METAL SEED|FILL VIA METAL|CMP METAL|MEASURE VIA RESISTANCE|DEPOSIT TOP METAL|ANNEAL METAL 1|MEASURE METAL THICKNESS|SPIN COAT PHOTORESIST|SOFT BAKE|ALIGN MASK LEVEL 4|EXPOSE LITHO LEVEL 4|POST EXPOSE BAKE|DEVELOP PHOTORESIST|METAL PATTERN INSPECTION|METAL ETCH|STRIP RESIST|CLEAN AFTER METAL ETCH|MEASURE LINE WIDTH|DEPOSIT PASSIVATION|CURE PASSIVATION|MEASURE PASSIVATION THICKNESS|OPEN PAD WINDOW|PAD WINDOW LITHO|DEVELOP PHOTORESIST|PASSIVATION ETCH|STRIP RESIST|CLEAN PAD OPENING|MEASURE PAD OPENING|BACKSIDE CLEAN|BACKSIDE GRIND|MEASURE THICKNESS|BACKSIDE ETCH CLEAN|BACKSIDE RINSE|BACKSIDE DRY|BACKSIDE METALLIZATION PREP|DEPOSIT BACKSIDE METAL|BACKSIDE ANNEAL|MEASURE BACKSIDE CONTACT|FINAL CLEAN|FINAL THICKNESS MEASURE|FINAL GEOMETRY CHECK|FINAL PARTICLE INSPECTION|ELECTRICAL PARAMETRIC TEST|LEAKAGE TEST|THRESHOLD VOLTAGE TEST|SWITCHING TEST|WAFER SORT TEST|YIELD ANALYSIS|FINAL LOT RELEASE|SHIP LOT,RULE_DEP_NO_CLEAN
anomaly_0957,IGBT,RECEIVE WAFER LOT|LOT IDENTIFICATION|PRE CLEAN INSPECTION|MEASURE INITIAL THICKNESS|PRE CLEAN WAFER|BACKSIDE CLEAN|FRONTSIDE CLEAN|WET CLEAN RCA1|RCA CLEAN 2|HF DIP|DRY WAFER|EPITAXIAL WAFER CHECK|MEASURE EPITAXY THICKNESS|MEASURE RESISTIVITY|EPITAXIAL REWORK CHECK|EPITAXIAL LAYER PREP|THERMAL OXIDATION|MEASURE OXIDE THICKNESS|SPIN COAT PHOTORESIST|SOFT BAKE|ALIGN MASK LEVEL 1|EXPOSE LITHO LEVEL 1|DEVELOP PHOTORESIST|INSPECT PATTERN LEVEL 1|HARD BAKE|OXIDE ETCH DRY|STRIP PHOTORESIST|CLEAN AFTER OXIDE ETCH|MEASURE OPENING CD|IMPLANT P BODY|PRE ANNEAL CHECK|DRIVE IN DIFFUSION|RAPID THERMAL ANNEAL|THERMAL OXIDATION|SPIN COAT PHOTORESIST|SOFT BAKE|ALIGN MASK LEVEL 2|EXPOSE LITHO LEVEL 2|DEVELOP PHOTORESIST|P BODY WINDOW INSPECTION|ETCH SILICON OR OXIDE WINDOW|STRIP RESIST|CLEAN AFTER WINDOW ETCH|MEASURE WINDOW CD|IMPLANT N BUFFER|PRE ANNEAL CHECK|RAPID THERMAL ANNEAL|MEASURE SHEET RESISTANCE|DEPOSIT FIELD OXIDE|DENSIFY OXIDE|MEASURE FILM THICKNESS|SPIN COAT PHOTORESIST|SOFT BAKE|ALIGN MASK LEVEL 3|EXPOSE LITHO LEVEL 3|DEVELOP PHOTORESIST|FIELD PATTERN INSPECTION|HARD BAKE|FIELD OXIDE ETCH|STRIP PHOTORESIST|CLEAN AFTER FIELD ETCH|MEASURE SURFACE UNIFORMITY|IMPLANT SOURCE REGION|IMPLANT DRAIN / CATHODE REGION|RAPID THERMAL ANNEAL|MEASURE SHEET RESISTANCE|DEPOSIT GATE OXIDE OR DIELECTRIC|ANNEAL DIELECTRIC|DEPOSIT POLYSILICON|POLYSILICON ANNEAL|SPIN COAT PHOTORESIST|SOFT BAKE|ALIGN MASK LEVEL 4|EXPOSE LITHO LEVEL 4|DEVELOP PHOTORESIST|POLY PATTERN INSPECTION|POLYSILICON ETCH DRY|STRIP RESIST|CLEAN AFTER POLY ETCH|MEASURE GATE CD|IMPLANT CHANNEL STOP|RAPID THERMAL ANNEAL|MEASURE DEVICE PARAMETER|DEPOSIT INTERLAYER DIELECTRIC|DENSIFY OXIDE|MEASURE DIELECTRIC THICKNESS|CMP INTERLAYER DIELECTRIC|MEASURE SURFACE PLANARITY|SPIN COAT PHOTORESIST|SOFT BAKE|ALIGN MASK LEVEL 5|EXPOSE LITHO LEVEL 5|POST EXPOSE BAKE|DEVELOP PHOTORESIST|VIA OPENING INSPECTION|DIELECTRIC ETCH VIA|STRIP PHOTORESIST|CLEAN AFTER VIA ETCH|MEASURE VIA CD|DEPOSIT BARRIER METAL|DEPOSIT METAL SEED|FILL VIA METAL|CMP VIA FILL|DEPOSIT METAL 1|ANNEAL METAL 1|MEASURE METAL THICKNESS|SPIN COAT PHOTORESIST|SOFT BAKE|ALIGN MASK LEVEL 6|DEVELOP PHOTORESIST|METAL PATTERN INSPECTION|METAL ETCH DRY|STRIP RESIST|CLEAN AFTER METAL ETCH|MEASURE LINE WIDTH|DEPOSIT PASSIVATION LAYER|CURE PASSIVATION|MEASURE PASSIVATION QUALITY|OPEN PAD WINDOW|PAD WINDOW LITHO|DEVELOP PAD WINDOW|PASSIVATION ETCH PAD OPENING|STRIP RESIST|CLEAN PAD OPENING|MEASURE PAD OPENING|BACKSIDE GRIND|MEASURE WAFER THICKNESS|BACKSIDE ETCH CLEAN|BACKSIDE RINSE|BACKSIDE DRY|BACKSIDE METALLIZATION PREP|DEPOSIT BACKSIDE METAL|BACKSIDE ANNEAL|MEASURE BACKSIDE CONTACT|FINAL CLEAN|FINAL THICKNESS MEASURE|FINAL GEOMETRY CHECK|FINAL PARTICLE INSPECTION|ELECTRICAL PARAMETRIC TEST|LEAKAGE TEST|BREAKDOWN VOLTAGE TEST|SWITCHING TEST|WAFER SORT TEST|YIELD ANALYSIS|LOT RELEASE|SHIP LOT,RULE_METAL_ETCH_NO_LITHO
anomaly_0488,IC,RECEIVE WAFER LOT|LOT IDENTIFICATION|PRE CLEAN INSPECTION|MEASURE INITIAL THICKNESS|MEASURE SURFACE DEFECTS|WAFER CLEAN PRE PROCESS|BACKSIDE CLEAN|RCA CLEAN 1|WET CLEAN RCA2|HF DIP|DRY WAFER|WAFER CLEAN PRE-GRIND|GRINDING WAFER BACKSIDE|MEASURE INITIAL GEOMETRY|ETCH WET BACKSIDE|RINSE WET WAFER_EDGE|DRY WAFER BACKSIDE|BACKSIDE CLEAN|MEASURE BACKSIDE ROUGHNESS|THERMAL OXIDATION|MEASURE OXIDE THICKNESS|RCA CLEAN 1|WET CLEAN RCA2|HF DIP|OXIDE STRIP|SURFACE PREP FOR DEPOSITION|DEPOSIT PAD OXIDE|ANNEAL OXIDE|MEASURE OXIDE THICKNESS|SPIN COAT PHOTORESIST|SOFT BAKE|ALIGN MASK LEVEL 1|EXPOSE LITHO LEVEL 1|INSPECT PATTERN LEVEL 1|HARD BAKE|OXIDE ETCH DRY|STRIP RESIST|CLEAN AFTER ETCH|MEASURE CD LEVEL 1|DEPOSIT POLYSILICON|ANNEAL POLYSILICON|SPIN COAT PHOTORESIST|SOFT BAKE|ALIGN MASK LEVEL 2|EXPOSE LITHO LEVEL 2|DEVELOP PHOTORESIST|PATTERN INSPECTION LEVEL 2|POLYSILICON ETCH DRY|STRIP RESIST LEVEL 2|CLEAN AFTER POLY ETCH|MEASURE CD LEVEL 2|IMPLANT N-TYPE|PRE ANNEAL CHECK|RAPID THERMAL ANNEAL|MEASURE SHEET RESISTANCE|DEPOSIT INTERLEVEL DIELECTRIC|DENSIFY OXIDE|MEASURE FILM THICKNESS|CMP INTERLAYER DIELECTRIC|MEASURE PLANARITY|SPIN COAT PHOTORESIST|SOFT BAKE|ALIGN MASK LEVEL 3|EXPOSE LITHO LEVEL 3|POST EXPOSE BAKE|DEVELOP PHOTORESIST|VIA OPENING INSPECTION|DIELECTRIC ETCH VIA|STRIP RESIST|CLEAN AFTER VIA ETCH|MEASURE VIA CD|DEPOSIT BARRIER METAL|DEPOSIT TUNGSTEN SEED|FILL VIA TUNGSTEN|CMP METAL|MEASURE VIA RESISTANCE|DEPOSIT TOP METAL|ANNEAL METAL|MEASURE METAL THICKNESS|SPIN COAT PHOTORESIST|SOFT BAKE|ALIGN MASK LEVEL 4|EXPOSE LITHO LEVEL 4|DEVELOP PHOTORESIST|METAL PATTERN INSPECTION|METAL ETCH DRY|STRIP RESIST|CLEAN AFTER METAL ETCH|MEASURE LINE WIDTH|DEPOSIT PASSIVATION LAYER|CURE PASSIVATION|MEASURE PASSIVATION THICKNESS|OPEN BOND PAD WINDOW|PAD WINDOW LITHO|DEVELOP PAD WINDOW|PASSIVATION ETCH|STRIP RESIST|CLEAN PAD OPENING|MEASURE PAD OPENING|BACKSIDE THINNING CHECK|BACKSIDE CLEAN FINAL|DEPOSIT BACKSIDE PROTECTION|BACKSIDE ANNEAL|FINAL CLEAN|FINAL GEOMETRY CHECK|FINAL CD INSPECTION|FINAL PARTICLE INSPECTION|ELECTRICAL PARAMETRIC TEST|LEAKAGE TEST|THRESHOLD VOLTAGE TEST|SWITCHING TEST|WAFER SORT TEST|YIELD ANALYSIS|LOT RELEASE|PACKAGE PREPARATION|SHIP LOT,RULE_ETCH_NO_MASK
anomaly_0187,IGBT,RECEIVE WAFER LOT|LOT IDENTIFICATION|INITIAL WAFER INSPECTION|MEASURE INITIAL THICKNESS|MEASURE SURFACE PARTICLES|PRE CLEAN WAFER|BACKSIDE CLEAN|FRONTSIDE CLEAN|RCA CLEAN 1|RCA CLEAN 2|HF DIP|DRY WAFER|EPITAXIAL WAFER CHECK|MEASURE EPITAXY THICKNESS|MEASURE RESISTIVITY|EPITAXIAL REWORK CHECK|EPITAXIAL LAYER PREP|THERMAL OXIDATION|MEASURE OXIDE THICKNESS|SPIN COAT PHOTORESIST|SOFT BAKE|ALIGN MASK LEVEL 1|EXPOSE LITHO LEVEL 1|DEVELOP PHOTORESIST|INSPECT PATTERN LEVEL 1|OXIDE ETCH DRY|STRIP PHOTORESIST|MEASURE OPENING CD|IMPLANT P BODY|PRE ANNEAL CHECK|DRIVE IN DIFFUSION|THERMAL OXIDATION|SPIN COAT PHOTORESIST|SOFT BAKE|ALIGN MASK LEVEL 2|EXPOSE LITHO LEVEL 2|POST EXPOSE BAKE|DEVELOP PHOTORESIST|P BODY WINDOW INSPECTION|HARD BAKE|ETCH SILICON OR OXIDE WINDOW|STRIP RESIST|CLEAN AFTER WINDOW ETCH|MEASURE WINDOW CD|IMPLANT N BUFFER|PRE ANNEAL CHECK|RAPID THERMAL ANNEAL|MEASURE SHEET RESISTANCE|EPITAXIAL REWORK CHECK|DEPOSIT FIELD OXIDE|DENSIFY OXIDE|MEASURE FILM THICKNESS|SPIN COAT PHOTORESIST|SOFT BAKE|ALIGN MASK LEVEL 3|EXPOSE LITHO LEVEL 3|POST EXPOSE BAKE|DEVELOP PHOTORESIST|FIELD PATTERN INSPECTION|FIELD OXIDE ETCH|STRIP RESIST|CLEAN AFTER FIELD ETCH|MEASURE SURFACE UNIFORMITY|IMPLANT SOURCE REGION|IMPLANT DRAIN / CATHODE REGION|PRE ANNEAL CHECK|RAPID THERMAL ANNEAL|MEASURE SHEET RESISTANCE|DEPOSIT GATE OXIDE OR DIELECTRIC|ANNEAL DIELECTRIC|MEASURE OXIDE QUALITY|DEPOSIT POLYSILICON|POLYSILICON ANNEAL|SPIN COAT PHOTORESIST|SOFT BAKE|ALIGN MASK LEVEL 4|EXPOSE LITHO LEVEL 4|DEVELOP PHOTORESIST|POLY PATTERN INSPECTION|POLYSILICON ETCH DRY|STRIP RESIST|CLEAN AFTER POLY ETCH|MEASURE GATE CD|IMPLANT CHANNEL STOP|RAPID THERMAL ANNEAL|MEASURE DEVICE PARAMETER|DEPOSIT INTERLEVEL DIELECTRIC|DENSIFY OXIDE|MEASURE FILM THICKNESS|CMP INTERLAYER DIELECTRIC|MEASURE SURFACE PLANARITY|SPIN COAT PHOTORESIST|SOFT BAKE|ALIGN MASK LEVEL 5|EXPOSE LITHO LEVEL 5|DEVELOP PHOTORESIST|VIA OPENING INSPECTION|VIA ETCH|STRIP PHOTORESIST|CLEAN AFTER VIA ETCH|MEASURE VIA CD|DEPOSIT BARRIER METAL|DEPOSIT METAL SEED|FILL VIA METAL|CMP VIA FILL|MEASURE VIA RESISTANCE|DEPOSIT METAL 1|ANNEAL METAL|SPIN COAT PHOTORESIST|SOFT BAKE|ALIGN MASK LEVEL 6|EXPOSE LITHO LEVEL 6|DEVELOP PHOTORESIST|METAL PATTERN INSPECTION|METAL ETCH DRY|STRIP RESIST|CLEAN AFTER METAL ETCH|MEASURE LINE WIDTH|DEPOSIT PASSIVATION|CURE PASSIVATION|MEASURE PASSIVATION THICKNESS|OPEN PAD WINDOW|PAD WINDOW LITHO|DEVELOP PHOTORESIST|PASSIVATION ETCH PAD OPENING|STRIP RESIST|CLEAN PAD OPENING|MEASURE PAD OPENING|BACKSIDE GRIND|MEASURE WAFER THICKNESS|BACKSIDE ETCH CLEAN|BACKSIDE RINSE|BACKSIDE DRY|BACKSIDE METALLIZATION PREP|DEPOSIT BACKSIDE METAL|BACKSIDE ANNEAL|MEASURE BACKSIDE CONTACT|FINAL CLEAN|FINAL THICKNESS MEASURE|FINAL GEOMETRY CHECK|FINAL PARTICLE INSPECTION|PARAMETRIC TEST|LEAKAGE TEST|BREAKDOWN VOLTAGE TEST|SWITCHING TEST|WAFER SORT TEST|YIELD ANALYSIS|LOT RELEASE|SHIP LOT,RULE_DEP_NO_CLEAN
anomaly_0665,IC,RECEIVE WAFER LOT|LOT IDENTIFICATION|INITIAL WAFER INSPECTION|MEASURE INITIAL THICKNESS|MEASURE SURFACE DEFECTS|WAFER CLEAN PRE PROCESS|BACKSIDE CLEAN|FRONTSIDE CLEAN|WET CLEAN RCA1|RCA CLEAN 2|HF DIP|DRY WAFER|WAFER CLEAN PRE-GRIND|GRINDING WAFER BACKSIDE|MEASURE GEOMETRY|ETCH WET BACKSIDE|RINSE WET WAFER_EDGE|DRY WAFER BACKSIDE|BACKSIDE CLEAN|MEASURE BACKSIDE ROUGHNESS|THERMAL OXIDATION|MEASURE OXIDE THICKNESS|WET CLEAN RCA1|RCA CLEAN 2|HF DIP|OXIDE STRIP|SURFACE PREP FOR DEPOSITION|DEPOSIT PAD OXIDE|ANNEAL OXIDE|MEASURE OXIDE THICKNESS|SPIN COAT PHOTORESIST|SOFT BAKE|ALIGN MASK LEVEL 1|EXPOSE LITHO LEVEL 1|DEVELOP PHOTORESIST|INSPECT PATTERN LEVEL 1|HARD BAKE|OXIDE ETCH DRY|STRIP PHOTORESIST|CLEAN AFTER ETCH|MEASURE CD LEVEL 1|DEPOSIT POLYSILICON|ANNEAL POLYSILICON|SPIN COAT PHOTORESIST|SOFT BAKE|ALIGN MASK LEVEL 2|EXPOSE LITHO LEVEL 2|DEVELOP PHOTORESIST|PATTERN INSPECTION LEVEL 2|POLYSILICON ETCH DRY|STRIP RESIST LEVEL 2|CLEAN AFTER POLY ETCH|MEASURE CD LEVEL 2|IMPLANT N-TYPE|PRE ANNEAL CHECK|RAPID THERMAL ANNEAL|MEASURE SHEET RESISTANCE|DEPOSIT INTERLEVEL DIELECTRIC|DENSIFY DIELECTRIC|MEASURE DIELECTRIC THICKNESS|CMP INTERLAYER DIELECTRIC|MEASURE PLANARITY|SPIN COAT PHOTORESIST|SOFT BAKE|ALIGN MASK LEVEL 3|EXPOSE LITHO LEVEL 3|DEVELOP PHOTORESIST|VIA INSPECTION|VIA ETCH|STRIP PHOTORESIST|CLEAN AFTER VIA ETCH|MEASURE VIA CD|DEPOSIT BARRIER METAL|DEPOSIT TUNGSTEN SEED|FILL VIA TUNGSTEN|CMP METAL|DEPOSIT TOP METAL|ANNEAL METAL 1|MEASURE METAL THICKNESS|SPIN COAT PHOTORESIST|SOFT BAKE|ALIGN MASK LEVEL 4|EXPOSE LITHO LEVEL 4|POST EXPOSE BAKE|DEVELOP PHOTORESIST|METAL PATTERN INSPECTION|HARD BAKE|METAL ETCH DRY|STRIP PHOTORESIST|CLEAN AFTER METAL ETCH|MEASURE LINE WIDTH|OPEN BOND PAD WINDOW|DEPOSIT PASSIVATION|CURE PASSIVATION|MEASURE PASSIVATION QUALITY|OPEN PAD WINDOW LITHO|DEVELOP PHOTORESIST|PASSIVATION ETCH PAD OPENING|STRIP RESIST|CLEAN PAD OPENING|MEASURE PAD OPENING|BACKSIDE THINNING CHECK|BACKSIDE CLEAN FINAL|DEPOSIT BACKSIDE PROTECTION|BACKSIDE ANNEAL|FINAL CLEAN|FINAL THICKNESS MEASURE|FINAL OXIDE CHECK|FINAL PARTICLE INSPECTION|FINAL ELECTRICAL TEST PREP|ELECTRICAL PARAMETRIC TEST|LEAKAGE TEST|PARAMETRIC TEST|SWITCHING TEST|WAFER SORT TEST|YIELD ANALYSIS|LOT RELEASE|SHIP LOT,RULE_PAD_OPEN_BEFORE_DEP
anomaly_0369,IGBT,RECEIVE WAFER LOT|LOT IDENTIFICATION|PRE CLEAN INSPECTION|MEASURE INITIAL THICKNESS|MEASURE SURFACE PARTICLES|PRE CLEAN WAFER|BACKSIDE CLEAN|FRONTSIDE CLEAN|WET CLEAN RCA1|RCA CLEAN 2|HF DIP|EPITAXIAL WAFER CHECK|MEASURE EPITAXY THICKNESS|MEASURE RESISTIVITY|EPITAXIAL LAYER PREP|THERMAL OXIDATION|MEASURE OXIDE THICKNESS|SPIN COAT PHOTORESIST|SOFT BAKE|ALIGN MASK LEVEL 1|EXPOSE LITHO LEVEL 1|DEVELOP PHOTORESIST|INSPECT PATTERN LEVEL 1|OXIDE ETCH DRY|STRIP PHOTORESIST|CLEAN AFTER OXIDE ETCH|MEASURE OPENING CD|IMPLANT P BODY|DRIVE IN DIFFUSION|RAPID THERMAL ANNEAL|MEASURE JUNCTION DEPTH|THERMAL OXIDATION|SPIN COAT PHOTORESIST|SOFT BAKE|ALIGN MASK LEVEL 2|EXPOSE LITHO LEVEL 2|POST EXPOSE BAKE|DEVELOP PHOTORESIST|P BODY WINDOW INSPECTION|ETCH SILICON OR OXIDE WINDOW|STRIP RESIST|CLEAN AFTER WINDOW ETCH|MEASURE WINDOW CD|IMPLANT N BUFFER|PRE ANNEAL CHECK|RAPID THERMAL ANNEAL|DEPOSIT FIELD OXIDE|DENSIFY OXIDE|SPIN COAT PHOTORESIST|SOFT BAKE|ALIGN MASK LEVEL 3|EXPOSE LITHO LEVEL 3|DEVELOP PHOTORESIST|FIELD PATTERN INSPECTION|FIELD OXIDE ETCH|STRIP RESIST|CLEAN AFTER FIELD ETCH|MEASURE SURFACE UNIFORMITY|IMPLANT SOURCE REGION|IMPLANT DRAIN / CATHODE REGION|PRE ANNEAL CHECK|RAPID THERMAL ANNEAL|MEASURE SHEET RESISTANCE|DEPOSIT GATE OXIDE OR DIELECTRIC|ANNEAL DIELECTRIC|DEPOSIT POLYSILICON|POLYSILICON ANNEAL|MEASURE POLY THICKNESS|SPIN COAT PHOTORESIST|SOFT BAKE|ALIGN MASK LEVEL 4|EXPOSE LITHO LEVEL 4|DEVELOP PHOTORESIST|POLY PATTERN INSPECTION|POLYSILICON ETCH DRY|STRIP PHOTORESIST|CLEAN AFTER POLY ETCH|MEASURE GATE CD|IMPLANT CHANNEL STOP|PRE ANNEAL CHECK|RAPID THERMAL ANNEAL|MEASURE DEVICE PARAMETER|DEPOSIT INTERLEVEL DIELECTRIC|DENSIFY DIELECTRIC|MEASURE DIELECTRIC THICKNESS|CMP INTERLAYER DIELECTRIC|MEASURE SURFACE PLANARITY|SPIN COAT PHOTORESIST|SOFT BAKE|ALIGN MASK LEVEL 5|EXPOSE LITHO LEVEL 5|DEVELOP PHOTORESIST|VIA INSPECTION|VIA ETCH THROUGH DIELECTRIC|STRIP PHOTORESIST|CLEAN AFTER VIA ETCH|DEPOSIT BARRIER METAL|DEPOSIT METAL SEED|FILL VIA METAL|CMP VIA FILL|MEASURE CONTACT RESISTANCE|DEPOSIT METAL 1|ANNEAL METAL 1|SPIN COAT PHOTORESIST|SOFT BAKE|ALIGN MASK LEVEL 6|EXPOSE LITHO LEVEL 6|DEVELOP PHOTORESIST|METAL PATTERN INSPECTION|METAL ETCH DRY|STRIP PHOTORESIST|CLEAN AFTER METAL ETCH|MEASURE LINE WIDTH|OPEN PAD WINDOW|DEPOSIT PASSIVATION LAYER|CURE PASSIVATION|MEASURE PASSIVATION QUALITY|PAD WINDOW LITHO|DEVELOP PHOTORESIST|PASSIVATION ETCH PAD OPENING|STRIP RESIST|CLEAN PAD OPENING|MEASURE PAD OPENING|BACKSIDE GRIND|MEASURE WAFER THICKNESS|BACKSIDE ETCH CLEAN|BACKSIDE RINSE|BACKSIDE DRY|BACKSIDE METALLIZATION PREP|DEPOSIT BACKSIDE METAL|BACKSIDE ANNEAL|MEASURE BACKSIDE CONTACT|FINAL CLEAN|FINAL GEOMETRY CHECK|ELECTRICAL PARAMETRIC TEST|LEAKAGE TEST|BREAKDOWN VOLTAGE TEST|SWITCHING TEST|WAFER SORT TEST|YIELD ANALYSIS|LOT RELEASE|SHIP LOT,RULE_PAD_OPEN_BEFORE_DEP
anomaly_0023,IC,RECEIVE WAFER LOT|LOT IDENTIFICATION|PRE CLEAN INSPECTION|MEASURE INITIAL THICKNESS|MEASURE SURFACE DEFECTS|WAFER CLEAN PRE PROCESS|BACKSIDE CLEAN|WET CLEAN RCA1|WET CLEAN RCA2|HF DIP|WAFER CLEAN PRE-GRIND|GRINDING WAFER BACKSIDE|MEASURE GEOMETRY|ETCH WET BACKSIDE|RINSE WET WAFER_EDGE|DRY WAFER BACKSIDE|BACKSIDE CLEAN|MEASURE BACKSIDE ROUGHNESS|THERMAL OXIDATION|MEASURE OXIDE THICKNESS|RCA CLEAN 1|RCA CLEAN 2|HF DIP|OXIDE STRIP|SURFACE PREP FOR DEPOSITION|DEPOSIT PAD OXIDE|ANNEAL OXIDE|MEASURE FILM THICKNESS|SPIN COAT PHOTORESIST|SOFT BAKE|ALIGN MASK LEVEL 1|EXPOSE LITHO LEVEL 1|POST EXPOSE BAKE|DEVELOP PHOTORESIST|INSPECT PATTERN LEVEL 1|HARD BAKE|OXIDE ETCH DRY|STRIP PHOTORESIST|CLEAN AFTER ETCH|MEASURE CD LEVEL 1|DEPOSIT POLYSILICON|ANNEAL POLYSILICON|SPIN COAT PHOTORESIST|SOFT BAKE|ALIGN MASK LEVEL 2|EXPOSE LITHO LEVEL 2|DEVELOP PHOTORESIST|PATTERN INSPECTION LEVEL 2|POLYSILICON ETCH DRY|STRIP RESIST LEVEL 2|CLEAN AFTER POLY ETCH|IMPLANT N-TYPE|PRE ANNEAL CHECK|RAPID THERMAL ANNEAL|DEPOSIT INTERLEVEL DIELECTRIC|DENSIFY DIELECTRIC|MEASURE FILM THICKNESS|CMP INTERLAYER DIELECTRIC|MEASURE PLANARITY|SPIN COAT PHOTORESIST|SOFT BAKE|ALIGN MASK LEVEL 3|EXPOSE LITHO LEVEL 3|DEVELOP PHOTORESIST|VIA OPENING INSPECTION|VIA ETCH|STRIP RESIST|CLEAN AFTER VIA ETCH|DEPOSIT BARRIER METAL|DEPOSIT TUNGSTEN SEED|FILL VIA TUNGSTEN|CMP VIA FILL|DEPOSIT METAL 1|ANNEAL METAL|MEASURE METAL THICKNESS|SPIN COAT PHOTORESIST|SOFT BAKE|ALIGN MASK LEVEL 4|DEVELOP PHOTORESIST|METAL PATTERN INSPECTION|HARD BAKE|METAL ETCH DRY|STRIP PHOTORESIST|CLEAN AFTER METAL ETCH|MEASURE LINE WIDTH|DEPOSIT PASSIVATION|CURE PASSIVATION|MEASURE PASSIVATION QUALITY|OPEN PAD WINDOW|PAD WINDOW LITHO|DEVELOP PAD WINDOW|PASSIVATION ETCH|STRIP PHOTORESIST|CLEAN PAD OPENING|MEASURE PAD OPENING|BACKSIDE THINNING CHECK|BACKSIDE CLEAN FINAL|DEPOSIT BACKSIDE PROTECTION|BACKSIDE ANNEAL|FINAL CLEAN|FINAL THICKNESS MEASURE|FINAL GEOMETRY CHECK|FINAL OXIDE CHECK|FINAL CD INSPECTION|FINAL PARTICLE INSPECTION|PARAMETRIC TEST|LEAKAGE TEST|THRESHOLD VOLTAGE TEST|SWITCHING TEST|WAFER SORT TEST|YIELD ANALYSIS|LOT RELEASE|PACKAGE PREPARATION|SHIP LOT,RULE_METAL_ETCH_NO_LITHO
anomaly_0296,IGBT,RECEIVE WAFER LOT|LOT IDENTIFICATION|INITIAL WAFER INSPECTION|MEASURE INITIAL THICKNESS|MEASURE SURFACE PARTICLES|PRE CLEAN WAFER|BACKSIDE CLEAN|FRONTSIDE CLEAN|RCA CLEAN 1|WET CLEAN RCA2|HF DIP|EPITAXIAL WAFER CHECK|MEASURE EPITAXY THICKNESS|MEASURE RESISTIVITY|EPITAXIAL REWORK CHECK|EPITAXIAL LAYER PREP|THERMAL OXIDATION|MEASURE OXIDE THICKNESS|SPIN COAT PHOTORESIST|SOFT BAKE|ALIGN MASK LEVEL 1|EXPOSE LITHO LEVEL 1|DEVELOP PHOTORESIST|INSPECT PATTERN LEVEL 1|OXIDE ETCH DRY|STRIP RESIST|CLEAN AFTER OXIDE ETCH|MEASURE OPENING CD|IMPLANT P BODY|DRIVE IN DIFFUSION|RAPID THERMAL ANNEAL|MEASURE JUNCTION DEPTH|THERMAL OXIDATION|SPIN COAT PHOTORESIST|SOFT BAKE|DEVELOP PHOTORESIST|P BODY WINDOW INSPECTION|ETCH SILICON OR OXIDE WINDOW|STRIP RESIST|CLEAN AFTER WINDOW ETCH|MEASURE WINDOW CD|IMPLANT N BUFFER|PRE ANNEAL CHECK|RAPID THERMAL ANNEAL|DEPOSIT FIELD OXIDE|DENSIFY OXIDE|MEASURE FILM THICKNESS|SPIN COAT PHOTORESIST|SOFT BAKE|ALIGN MASK LEVEL 3|EXPOSE LITHO LEVEL 3|POST EXPOSE BAKE|DEVELOP PHOTORESIST|FIELD PATTERN INSPECTION|FIELD OXIDE ETCH|STRIP RESIST|CLEAN AFTER FIELD ETCH|MEASURE SURFACE UNIFORMITY|IMPLANT SOURCE REGION|IMPLANT DRAIN / CATHODE REGION|RAPID THERMAL ANNEAL|MEASURE SHEET RESISTANCE|DEPOSIT GATE OXIDE OR DIELECTRIC|ANNEAL DIELECTRIC|DEPOSIT POLYSILICON|POLYSILICON ANNEAL|MEASURE POLY THICKNESS|SPIN COAT PHOTORESIST|SOFT BAKE|ALIGN MASK LEVEL 4|EXPOSE LITHO LEVEL 4|POST EXPOSE BAKE|DEVELOP PHOTORESIST|POLY PATTERN INSPECTION|POLYSILICON ETCH DRY|STRIP PHOTORESIST|CLEAN AFTER POLY ETCH|MEASURE GATE CD|IMPLANT CHANNEL STOP|RAPID THERMAL ANNEAL|MEASURE DEVICE PARAMETER|DEPOSIT INTERLEVEL DIELECTRIC|DENSIFY OXIDE|MEASURE FILM THICKNESS|CMP INTERLAYER DIELECTRIC|MEASURE SURFACE PLANARITY|SPIN COAT PHOTORESIST|SOFT BAKE|ALIGN MASK LEVEL 5|EXPOSE LITHO LEVEL 5|DEVELOP PHOTORESIST|VIA OPENING INSPECTION|HARD BAKE|VIA ETCH THROUGH DIELECTRIC|STRIP PHOTORESIST|CLEAN AFTER VIA ETCH|MEASURE VIA CD|DEPOSIT BARRIER METAL|DEPOSIT METAL SEED|FILL VIA METAL|CMP VIA FILL|MEASURE CONTACT RESISTANCE|DEPOSIT METAL 1|ANNEAL METAL 1|SPIN COAT PHOTORESIST|SOFT BAKE|ALIGN MASK LEVEL 6|EXPOSE LITHO LEVEL 6|POST EXPOSE BAKE|DEVELOP PHOTORESIST|METAL PATTERN INSPECTION|METAL ETCH DRY|STRIP PHOTORESIST|CLEAN AFTER METAL ETCH|MEASURE LINE WIDTH|DEPOSIT PASSIVATION LAYER|CURE PASSIVATION|MEASURE PASSIVATION THICKNESS|OPEN PAD WINDOW|PAD WINDOW LITHO|DEVELOP PAD WINDOW|PASSIVATION ETCH PAD OPENING|STRIP RESIST|CLEAN PAD OPENING|MEASURE PAD OPENING|BACKSIDE GRIND|MEASURE WAFER THICKNESS|BACKSIDE ETCH CLEAN|BACKSIDE RINSE|BACKSIDE DRY|BACKSIDE METALLIZATION PREP|DEPOSIT BACKSIDE METAL|BACKSIDE ANNEAL|MEASURE BACKSIDE CONTACT|FINAL CLEAN|FINAL THICKNESS MEASURE|FINAL GEOMETRY CHECK|FINAL CD INSPECTION|FINAL PARTICLE INSPECTION|ELECTRICAL PARAMETRIC TEST|LEAKAGE TEST|BREAKDOWN VOLTAGE TEST|SWITCHING TEST|YIELD ANALYSIS|WAFER SORT TEST|LOT RELEASE|SHIP LOT,RULE_LITHO_LEVEL_SKIP
anomaly_0262,MOSFET,RECEIVE WAFER LOT|LOT IDENTIFICATION|PRE CLEAN INSPECTION|MEASURE THICKNESS|MEASURE SURFACE PARTICLES|PRE CLEAN WAFER|BACKSIDE CLEAN|FRONTSIDE CLEAN|RCA CLEAN 1|RCA CLEAN 2|HF DIP|DRY WAFER|SUBSTRATE CHECK|EPITAXY PREP|EPITAXIAL DEPOSITION|MEASURE EPITAXY THICKNESS|MEASURE RESISTIVITY|EPITAXY ANNEAL|WAFER SURFACE CLEAN|THERMAL OXIDATION|MEASURE OXIDE THICKNESS|SPIN COAT PHOTORESIST|SOFT BAKE|ALIGN MASK LEVEL 1|EXPOSE LITHO LEVEL 1|DEVELOP PHOTORESIST|PATTERN INSPECTION LEVEL 1|OXIDE ETCH|STRIP RESIST|CLEAN AFTER ETCH|MEASURE OPENING CD|IMPLANT WELL|PRE ANNEAL CHECK|DRIVE IN DIFFUSION|RAPID THERMAL ANNEAL|MEASURE JUNCTION DEPTH|THERMAL OXIDATION|GATE OXIDE PREP|GATE OXIDE GROWTH|MEASURE GATE OXIDE THICKNESS|DEPOSIT POLYSILICON|POLYSILICON ANNEAL|MEASURE POLY THICKNESS|SPIN COAT PHOTORESIST|SOFT BAKE|ALIGN MASK LEVEL 2|EXPOSE LITHO LEVEL 2|DEVELOP PHOTORESIST|POLY PATTERN INSPECTION|POLYSILICON ETCH|STRIP PHOTORESIST|CLEAN AFTER POLY ETCH|MEASURE GATE CD|IMPLANT SOURCE DRAIN|PRE ANNEAL CHECK|LIGHT ANNEAL|MEASURE SHEET RESISTANCE|DEPOSIT SPACER DIELECTRIC|ANISOTROPIC ETCH SPACER|MEASURE SPACER WIDTH|IMPLANT LDD|PRE ANNEAL CHECK|RAPID THERMAL ANNEAL|DEPOSIT INTERLEVEL DIELECTRIC|DENSIFY OXIDE|MEASURE FILM THICKNESS|CMP INTERLAYER DIELECTRIC|MEASURE PLANARITY|SPIN COAT PHOTORESIST|SOFT BAKE|ALIGN MASK LEVEL 3|EXPOSE LITHO LEVEL 3|POST EXPOSE BAKE|DEVELOP PHOTORESIST|VIA OPENING INSPECTION|VIA ETCH THROUGH DIELECTRIC|STRIP PHOTORESIST|CLEAN AFTER VIA ETCH|MEASURE VIA CD|DEPOSIT BARRIER METAL|DEPOSIT METAL SEED|FILL VIA METAL|CMP METAL|DEPOSIT TOP METAL|ANNEAL METAL 1|SPIN COAT PHOTORESIST|SOFT BAKE|ALIGN MASK LEVEL 4|EXPOSE LITHO LEVEL 4|POST EXPOSE BAKE|DEVELOP PHOTORESIST|METAL PATTERN INSPECTION|HARD BAKE|METAL ETCH|STRIP RESIST|CLEAN AFTER METAL ETCH|MEASURE LINE WIDTH|DEPOSIT PASSIVATION LAYER|LEAKAGE TEST|CURE PASSIVATION|MEASURE PASSIVATION THICKNESS|OPEN PAD WINDOW|PAD WINDOW LITHO|DEVELOP PHOTORESIST|PASSIVATION ETCH PAD OPENING|STRIP PHOTORESIST|CLEAN PAD OPENING|MEASURE PAD OPENING|BACKSIDE CLEAN|BACKSIDE GRIND|MEASURE THICKNESS|BACKSIDE ETCH CLEAN|BACKSIDE RINSE|BACKSIDE DRY|BACKSIDE METALLIZATION PREP|DEPOSIT BACKSIDE METAL|BACKSIDE ANNEAL|MEASURE BACKSIDE CONTACT|FINAL CLEAN|FINAL THICKNESS MEASURE|FINAL GEOMETRY CHECK|PARAMETRIC TEST|THRESHOLD VOLTAGE TEST|SWITCHING TEST|WAFER SORT TEST|YIELD ANALYSIS|FINAL LOT RELEASE|SHIP LOT,RULE_TEST_BEFORE_PASSIVATION
anomaly_0311,IGBT,RECEIVE WAFER LOT|LOT IDENTIFICATION|PRE CLEAN INSPECTION|MEASURE INITIAL THICKNESS|PRE CLEAN WAFER|BACKSIDE CLEAN|FRONTSIDE CLEAN|WET CLEAN RCA1|RCA CLEAN 2|HF DIP|EPITAXIAL WAFER CHECK|MEASURE EPITAXY THICKNESS|MEASURE RESISTIVITY|EPITAXIAL LAYER PREP|THERMAL OXIDATION|MEASURE OXIDE THICKNESS|SPIN COAT PHOTORESIST|SOFT BAKE|ALIGN MASK LEVEL 1|EXPOSE LITHO LEVEL 1|DEVELOP PHOTORESIST|INSPECT PATTERN LEVEL 1|OXIDE ETCH DRY|STRIP PHOTORESIST|CLEAN AFTER OXIDE ETCH|MEASURE OPENING CD|IMPLANT P BODY|DRIVE IN DIFFUSION|RAPID THERMAL ANNEAL|MEASURE JUNCTION DEPTH|THERMAL OXIDATION|SPIN COAT PHOTORESIST|SOFT BAKE|ALIGN MASK LEVEL 2|EXPOSE LITHO LEVEL 2|DEVELOP PHOTORESIST|P BODY WINDOW INSPECTION|ETCH SILICON OR OXIDE WINDOW|STRIP RESIST|CLEAN AFTER WINDOW ETCH|MEASURE WINDOW CD|IMPLANT N BUFFER|PRE ANNEAL CHECK|RAPID THERMAL ANNEAL|MEASURE SHEET RESISTANCE|EPITAXIAL REWORK CHECK|DEPOSIT FIELD OXIDE|DENSIFY OXIDE|MEASURE FILM THICKNESS|SPIN COAT PHOTORESIST|SOFT BAKE|ALIGN MASK LEVEL 3|EXPOSE LITHO LEVEL 3|POST EXPOSE BAKE|DEVELOP PHOTORESIST|FIELD PATTERN INSPECTION|FIELD OXIDE ETCH|STRIP RESIST|CLEAN AFTER FIELD ETCH|IMPLANT SOURCE REGION|IMPLANT DRAIN / CATHODE REGION|PRE ANNEAL CHECK|RAPID THERMAL ANNEAL|MEASURE SHEET RESISTANCE|DEPOSIT GATE OXIDE OR DIELECTRIC|ANNEAL DIELECTRIC|MEASURE OXIDE QUALITY|DEPOSIT POLYSILICON|POLYSILICON ANNEAL|MEASURE POLY THICKNESS|SPIN COAT PHOTORESIST|SOFT BAKE|ALIGN MASK LEVEL 4|EXPOSE LITHO LEVEL 4|DEVELOP PHOTORESIST|POLY PATTERN INSPECTION|HARD BAKE|POLYSILICON ETCH DRY|STRIP RESIST|CLEAN AFTER POLY ETCH|MEASURE GATE CD|IMPLANT CHANNEL STOP|RAPID THERMAL ANNEAL|DEPOSIT INTERLAYER DIELECTRIC|DENSIFY DIELECTRIC|MEASURE FILM THICKNESS|CMP INTERLAYER DIELECTRIC|MEASURE SURFACE PLANARITY|SPIN COAT PHOTORESIST|SOFT BAKE|ALIGN MASK LEVEL 5|EXPOSE LITHO LEVEL 5|POST EXPOSE BAKE|DEVELOP PHOTORESIST|VIA INSPECTION|VIA ETCH|STRIP RESIST|CLEAN AFTER VIA ETCH|DEPOSIT BARRIER METAL|DEPOSIT METAL SEED|FILL VIA METAL|CMP VIA FILL|MEASURE VIA RESISTANCE|DEPOSIT TOP METAL|ANNEAL METAL 1|MEASURE METAL THICKNESS|SPIN COAT PHOTORESIST|SOFT BAKE|ALIGN MASK LEVEL 6|EXPOSE LITHO LEVEL 6|DEVELOP PHOTORESIST|METAL PATTERN INSPECTION|HARD BAKE|METAL ETCH DRY|STRIP PHOTORESIST|MEASURE LINE WIDTH|DEPOSIT PASSIVATION LAYER|CURE PASSIVATION|MEASURE PASSIVATION THICKNESS|OPEN BOND PAD WINDOW|PAD WINDOW LITHO|DEVELOP PHOTORESIST|PASSIVATION ETCH|STRIP PHOTORESIST|CLEAN PAD OPENING|MEASURE PAD OPENING|BACKSIDE GRIND|MEASURE WAFER THICKNESS|BACKSIDE ETCH CLEAN|BACKSIDE RINSE|BACKSIDE DRY|BACKSIDE METALLIZATION PREP|DEPOSIT BACKSIDE METAL|BACKSIDE ANNEAL|MEASURE BACKSIDE CONTACT|FINAL CLEAN|FINAL GEOMETRY CHECK|FINAL CD INSPECTION|FINAL PARTICLE INSPECTION|ELECTRICAL PARAMETRIC TEST|LEAKAGE TEST|BREAKDOWN VOLTAGE TEST|SWITCHING TEST|WAFER SORT TEST|YIELD ANALYSIS|FINAL LOT RELEASE|SHIP LOT,RULE_DEP_NO_CLEAN
anomaly_0967,MOSFET,RECEIVE WAFER LOT|LOT IDENTIFICATION|INITIAL WAFER INSPECTION|MEASURE THICKNESS|MEASURE SURFACE PARTICLES|PRE CLEAN WAFER|BACKSIDE CLEAN|RCA CLEAN 1|WET CLEAN RCA2|HF DIP|SUBSTRATE CHECK|EPITAXY PREP|EPITAXIAL DEPOSITION|MEASURE EPITAXY THICKNESS|MEASURE RESISTIVITY|EPITAXY ANNEAL|WAFER SURFACE CLEAN|THERMAL OXIDATION|MEASURE OXIDE THICKNESS|SPIN COAT PHOTORESIST|SOFT BAKE|ALIGN MASK LEVEL 1|EXPOSE LITHO LEVEL 1|PATTERN INSPECTION LEVEL 1|STRIP RESIST|CLEAN AFTER ETCH|MEASURE OPENING CD|IMPLANT WELL|DRIVE IN DIFFUSION|RAPID THERMAL ANNEAL|MEASURE JUNCTION DEPTH|THERMAL OXIDATION|GATE OXIDE PREP|GATE OXIDE GROWTH|MEASURE GATE OXIDE THICKNESS|DEPOSIT POLYSILICON|POLYSILICON ANNEAL|SPIN COAT PHOTORESIST|SOFT BAKE|ALIGN MASK LEVEL 2|EXPOSE LITHO LEVEL 2|POST EXPOSE BAKE|DEVELOP PHOTORESIST|POLY PATTERN INSPECTION|POLYSILICON ETCH|STRIP PHOTORESIST|CLEAN AFTER POLY ETCH|MEASURE GATE CD|IMPLANT SOURCE DRAIN|PRE ANNEAL CHECK|LIGHT ANNEAL|MEASURE SHEET RESISTANCE|DEPOSIT SPACER DIELECTRIC|ANISOTROPIC ETCH SPACER|MEASURE SPACER WIDTH|IMPLANT LDD|RAPID THERMAL ANNEAL|DEPOSIT INTERLAYER DIELECTRIC|DENSIFY DIELECTRIC|MEASURE FILM THICKNESS|CMP INTERLAYER DIELECTRIC|MEASURE SURFACE PLANARITY|SPIN COAT PHOTORESIST|SOFT BAKE|ALIGN MASK LEVEL 3|EXPOSE LITHO LEVEL 3|DEVELOP PHOTORESIST|VIA INSPECTION|HARD BAKE|VIA ETCH|STRIP RESIST|CLEAN AFTER VIA ETCH|MEASURE VIA CD|DEPOSIT BARRIER METAL|DEPOSIT METAL SEED|FILL VIA METAL|CMP METAL|MEASURE VIA RESISTANCE|DEPOSIT METAL 1|ANNEAL METAL|SPIN COAT PHOTORESIST|SOFT BAKE|ALIGN MASK LEVEL 4|EXPOSE LITHO LEVEL 4|POST EXPOSE BAKE|DEVELOP PHOTORESIST|METAL PATTERN INSPECTION|METAL ETCH|STRIP RESIST|CLEAN AFTER METAL ETCH|MEASURE LINE WIDTH|DEPOSIT PASSIVATION LAYER|CURE PASSIVATION|MEASURE PASSIVATION THICKNESS|OPEN BOND PAD WINDOW|OPEN PAD WINDOW LITHO|DEVELOP PHOTORESIST|PASSIVATION ETCH|STRIP PHOTORESIST|CLEAN PAD OPENING|MEASURE PAD OPENING|BACKSIDE CLEAN|BACKSIDE GRIND|MEASURE THICKNESS|BACKSIDE ETCH CLEAN|BACKSIDE RINSE|BACKSIDE DRY|BACKSIDE METALLIZATION PREP|DEPOSIT BACKSIDE METAL|BACKSIDE ANNEAL|MEASURE BACKSIDE CONTACT|FINAL CLEAN|FINAL THICKNESS MEASURE|FINAL GEOMETRY CHECK|FINAL CD INSPECTION|ELECTRICAL PARAMETRIC TEST|LEAKAGE TEST|THRESHOLD VOLTAGE TEST|SWITCHING TEST|WAFER SORT TEST|YIELD ANALYSIS|FINAL LOT RELEASE|SHIP LOT,RULE_IMPLANT_NO_MASK
anomaly_0177,IGBT,RECEIVE WAFER LOT|LOT IDENTIFICATION|INITIAL WAFER INSPECTION|MEASURE INITIAL THICKNESS|MEASURE SURFACE PARTICLES|PRE CLEAN WAFER|BACKSIDE CLEAN|FRONTSIDE CLEAN|WET CLEAN RCA1|WET CLEAN RCA2|HF DIP|EPITAXIAL WAFER CHECK|MEASURE EPITAXY THICKNESS|MEASURE RESISTIVITY|EPITAXIAL REWORK CHECK|EPITAXIAL LAYER PREP|THERMAL OXIDATION|MEASURE OXIDE THICKNESS|SPIN COAT PHOTORESIST|SOFT BAKE|ALIGN MASK LEVEL 1|EXPOSE LITHO LEVEL 1|DEVELOP PHOTORESIST|INSPECT PATTERN LEVEL 1|OXIDE ETCH DRY|STRIP RESIST|CLEAN AFTER OXIDE ETCH|MEASURE OPENING CD|IMPLANT P BODY|DRIVE IN DIFFUSION|RAPID THERMAL ANNEAL|MEASURE JUNCTION DEPTH|THERMAL OXIDATION|SPIN COAT PHOTORESIST|SOFT BAKE|ALIGN MASK LEVEL 2|EXPOSE LITHO LEVEL 2|POST EXPOSE BAKE|DEVELOP PHOTORESIST|P BODY WINDOW INSPECTION|HARD BAKE|ETCH SILICON OR OXIDE WINDOW|STRIP RESIST|CLEAN AFTER WINDOW ETCH|IMPLANT N BUFFER|RAPID THERMAL ANNEAL|MEASURE SHEET RESISTANCE|EPITAXIAL REWORK CHECK|DEPOSIT FIELD OXIDE|DENSIFY OXIDE|MEASURE FILM THICKNESS|SPIN COAT PHOTORESIST|SOFT BAKE|ALIGN MASK LEVEL 3|EXPOSE LITHO LEVEL 3|POST EXPOSE BAKE|DEVELOP PHOTORESIST|FIELD PATTERN INSPECTION|HARD BAKE|FIELD OXIDE ETCH|STRIP RESIST|CLEAN AFTER FIELD ETCH|MEASURE SURFACE UNIFORMITY|IMPLANT SOURCE REGION|IMPLANT DRAIN / CATHODE REGION|PRE ANNEAL CHECK|RAPID THERMAL ANNEAL|MEASURE SHEET RESISTANCE|DEPOSIT GATE OXIDE OR DIELECTRIC|ANNEAL DIELECTRIC|MEASURE OXIDE QUALITY|DEPOSIT POLYSILICON|POLYSILICON ANNEAL|SPIN COAT PHOTORESIST|SOFT BAKE|ALIGN MASK LEVEL 4|EXPOSE LITHO LEVEL 4|DEVELOP PHOTORESIST|POLY PATTERN INSPECTION|POLYSILICON ETCH DRY|STRIP RESIST|CLEAN AFTER POLY ETCH|MEASURE GATE CD|IMPLANT CHANNEL STOP|PRE ANNEAL CHECK|RAPID THERMAL ANNEAL|MEASURE DEVICE PARAMETER|DEPOSIT INTERLEVEL DIELECTRIC|DENSIFY OXIDE|MEASURE FILM THICKNESS|CMP DIELECTRIC|MEASURE PLANARITY|SPIN COAT PHOTORESIST|SOFT BAKE|ALIGN MASK LEVEL 5|EXPOSE LITHO LEVEL 5|DEVELOP PHOTORESIST|VIA INSPECTION|HARD BAKE|VIA ETCH|STRIP RESIST|CLEAN AFTER VIA ETCH|MEASURE VIA CD|DEPOSIT BARRIER METAL|DEPOSIT METAL SEED|FILL VIA METAL|CMP METAL|MEASURE CONTACT RESISTANCE|DEPOSIT METAL 1|ANNEAL METAL 1|MEASURE METAL THICKNESS|SPIN COAT PHOTORESIST|SOFT BAKE|ALIGN MASK LEVEL 6|EXPOSE LITHO LEVEL 6|POST EXPOSE BAKE|DEVELOP PHOTORESIST|METAL PATTERN INSPECTION|HARD BAKE|METAL ETCH DRY|STRIP PHOTORESIST|CLEAN AFTER METAL ETCH|MEASURE LINE WIDTH|DEPOSIT PASSIVATION LAYER|DEPOSIT BACKSIDE METAL|CURE PASSIVATION|MEASURE PASSIVATION THICKNESS|OPEN PAD WINDOW|PAD WINDOW LITHO|DEVELOP PAD WINDOW|PASSIVATION ETCH PAD OPENING|STRIP PHOTORESIST|CLEAN PAD OPENING|MEASURE PAD OPENING|BACKSIDE GRIND|MEASURE THICKNESS|BACKSIDE ETCH CLEAN|BACKSIDE RINSE|BACKSIDE DRY|BACKSIDE METALLIZATION PREP|BACKSIDE ANNEAL|MEASURE BACKSIDE CONTACT|FINAL CLEAN|FINAL THICKNESS MEASURE|FINAL PARTICLE INSPECTION|PARAMETRIC TEST|LEAKAGE TEST|BREAKDOWN VOLTAGE TEST|SWITCHING TEST|YIELD ANALYSIS|WAFER SORT TEST|LOT RELEASE|SHIP LOT,RULE_BACKSIDE_BEFORE_PASSIVATION
anomaly_0639,MOSFET,RECEIVE WAFER LOT|LOT IDENTIFICATION|PRE CLEAN INSPECTION|MEASURE THICKNESS|MEASURE SURFACE PARTICLES|PRE CLEAN WAFER|BACKSIDE CLEAN|WET CLEAN RCA1|RCA CLEAN 2|HF DIP|DRY WAFER|SUBSTRATE CHECK|EPITAXY PREP|EPITAXIAL DEPOSITION|MEASURE EPITAXY THICKNESS|MEASURE RESISTIVITY|EPITAXY ANNEAL|WAFER SURFACE CLEAN|THERMAL OXIDATION|MEASURE OXIDE THICKNESS|SPIN COAT PHOTORESIST|SOFT BAKE|ALIGN MASK LEVEL 1|EXPOSE LITHO LEVEL 1|POST EXPOSE BAKE|DEVELOP PHOTORESIST|PATTERN INSPECTION LEVEL 1|OXIDE ETCH|STRIP RESIST|CLEAN AFTER ETCH|MEASURE OPENING CD|IMPLANT WELL|PRE ANNEAL CHECK|DRIVE IN DIFFUSION|RAPID THERMAL ANNEAL|MEASURE JUNCTION DEPTH|THERMAL OXIDATION|GATE OXIDE PREP|GATE OXIDE GROWTH|MEASURE GATE OXIDE THICKNESS|DEPOSIT POLYSILICON|POLYSILICON ANNEAL|MEASURE POLY THICKNESS|SPIN COAT PHOTORESIST|SOFT BAKE|ALIGN MASK LEVEL 2|EXPOSE LITHO LEVEL 2|POST EXPOSE BAKE|DEVELOP PHOTORESIST|POLY PATTERN INSPECTION|POLYSILICON ETCH|STRIP RESIST|CLEAN AFTER POLY ETCH|IMPLANT SOURCE DRAIN|PRE ANNEAL CHECK|LIGHT ANNEAL|DEPOSIT SPACER DIELECTRIC|ANISOTROPIC ETCH SPACER|MEASURE SPACER WIDTH|IMPLANT LDD|PRE ANNEAL CHECK|RAPID THERMAL ANNEAL|DEPOSIT INTERLAYER DIELECTRIC|DENSIFY OXIDE|MEASURE FILM THICKNESS|CMP DIELECTRIC|MEASURE PLANARITY|SPIN COAT PHOTORESIST|SOFT BAKE|ALIGN MASK LEVEL 3|EXPOSE LITHO LEVEL 3|POST EXPOSE BAKE|DEVELOP PHOTORESIST|VIA INSPECTION|VIA ETCH THROUGH DIELECTRIC|STRIP RESIST|CLEAN AFTER VIA ETCH|MEASURE VIA CD|DEPOSIT BARRIER METAL|DEPOSIT METAL SEED|FILL VIA METAL|CMP METAL|MEASURE CONTACT RESISTANCE|DEPOSIT TOP METAL|ANNEAL METAL 1|SPIN COAT PHOTORESIST|SOFT BAKE|ALIGN MASK LEVEL 4|EXPOSE LITHO LEVEL 4|POST EXPOSE BAKE|DEVELOP PHOTORESIST|METAL PATTERN INSPECTION|METAL ETCH|STRIP PHOTORESIST|CLEAN AFTER METAL ETCH|MEASURE LINE WIDTH|DEPOSIT PASSIVATION|DEPOSIT BACKSIDE METAL|CURE PASSIVATION|MEASURE PASSIVATION THICKNESS|OPEN PAD WINDOW|OPEN PAD WINDOW LITHO|DEVELOP PHOTORESIST|PASSIVATION ETCH PAD OPENING|STRIP PHOTORESIST|CLEAN PAD OPENING|MEASURE PAD OPENING|BACKSIDE CLEAN|BACKSIDE GRIND|MEASURE WAFER THICKNESS|BACKSIDE ETCH CLEAN|BACKSIDE RINSE|BACKSIDE DRY|BACKSIDE METALLIZATION PREP|BACKSIDE ANNEAL|MEASURE BACKSIDE CONTACT|FINAL CLEAN|FINAL THICKNESS MEASURE|FINAL PARTICLE INSPECTION|ELECTRICAL PARAMETRIC TEST|LEAKAGE TEST|THRESHOLD VOLTAGE TEST|SWITCHING TEST|WAFER SORT TEST|YIELD ANALYSIS|LOT RELEASE|SHIP LOT,RULE_BACKSIDE_BEFORE_PASSIVATION
anomaly_0900,MOSFET,RECEIVE WAFER LOT|LOT IDENTIFICATION|PRE CLEAN INSPECTION|MEASURE THICKNESS|MEASURE SURFACE PARTICLES|PRE CLEAN WAFER|WET CLEAN RCA1|RCA CLEAN 2|HF DIP|SUBSTRATE CHECK|EPITAXY PREP|EPITAXIAL DEPOSITION|MEASURE EPITAXY THICKNESS|MEASURE RESISTIVITY|EPITAXY ANNEAL|WAFER SURFACE CLEAN|THERMAL OXIDATION|MEASURE OXIDE THICKNESS|SPIN COAT PHOTORESIST|SOFT BAKE|ALIGN MASK LEVEL 1|EXPOSE LITHO LEVEL 1|DEVELOP PHOTORESIST|PATTERN INSPECTION LEVEL 1|HARD BAKE|OXIDE ETCH|STRIP PHOTORESIST|CLEAN AFTER ETCH|MEASURE OPENING CD|IMPLANT WELL|DRIVE IN DIFFUSION|RAPID THERMAL ANNEAL|MEASURE JUNCTION DEPTH|THERMAL OXIDATION|GATE OXIDE PREP|GATE OXIDE GROWTH|MEASURE GATE OXIDE THICKNESS|DEPOSIT POLYSILICON|POLYSILICON ANNEAL|MEASURE POLY THICKNESS|SPIN COAT PHOTORESIST|SOFT BAKE|ALIGN MASK LEVEL 2|EXPOSE LITHO LEVEL 2|POST EXPOSE BAKE|DEVELOP PHOTORESIST|POLY PATTERN INSPECTION|POLYSILICON ETCH|STRIP RESIST|MEASURE GATE CD|IMPLANT SOURCE DRAIN|PRE ANNEAL CHECK|LIGHT ANNEAL|MEASURE SHEET RESISTANCE|DEPOSIT SPACER DIELECTRIC|ANISOTROPIC ETCH SPACER|IMPLANT LDD|RAPID THERMAL ANNEAL|DEPOSIT INTERLAYER DIELECTRIC|DENSIFY OXIDE|MEASURE FILM THICKNESS|CMP DIELECTRIC|MEASURE SURFACE PLANARITY|SPIN COAT PHOTORESIST|SOFT BAKE|ALIGN MASK LEVEL 3|EXPOSE LITHO LEVEL 3|DEVELOP PHOTORESIST|VIA INSPECTION|VIA ETCH THROUGH DIELECTRIC|STRIP RESIST|CLEAN AFTER VIA ETCH|MEASURE VIA CD|DEPOSIT BARRIER METAL|DEPOSIT METAL SEED|FILL VIA METAL|CMP VIA FILL|MEASURE VIA RESISTANCE|DEPOSIT TOP METAL|ANNEAL METAL|MEASURE METAL THICKNESS|SPIN COAT PHOTORESIST|SOFT BAKE|ALIGN MASK LEVEL 4|EXPOSE LITHO LEVEL 4|DEVELOP PHOTORESIST|METAL PATTERN INSPECTION|METAL ETCH|STRIP PHOTORESIST|CLEAN AFTER METAL ETCH|DEPOSIT PASSIVATION LAYER|CURE PASSIVATION|MEASURE PASSIVATION QUALITY|OPEN BOND PAD WINDOW|PAD WINDOW LITHO|DEVELOP PHOTORESIST|PASSIVATION ETCH PAD OPENING|STRIP RESIST|CLEAN PAD OPENING|MEASURE PAD OPENING|BACKSIDE CLEAN|BACKSIDE GRIND|MEASURE WAFER THICKNESS|BACKSIDE ETCH CLEAN|BACKSIDE RINSE|BACKSIDE DRY|BACKSIDE METALLIZATION PREP|DEPOSIT BACKSIDE METAL|BACKSIDE ANNEAL|MEASURE BACKSIDE CONTACT|FINAL CLEAN|FINAL THICKNESS MEASURE|FINAL GEOMETRY CHECK|FINAL PARTICLE INSPECTION|PARAMETRIC TEST|LEAKAGE TEST|THRESHOLD VOLTAGE TEST|SWITCHING TEST|WAFER SORT TEST|YIELD ANALYSIS|LOT RELEASE|SHIP LOT,RULE_DEP_NO_CLEAN
anomaly_0510,IC,RECEIVE WAFER LOT|LOT IDENTIFICATION|PRE CLEAN INSPECTION|MEASURE INITIAL THICKNESS|MEASURE SURFACE DEFECTS|WAFER CLEAN PRE PROCESS|FRONTSIDE CLEAN|RCA CLEAN 1|RCA CLEAN 2|HF DIP|DRY WAFER|WAFER CLEAN PRE-GRIND|GRINDING WAFER BACKSIDE|MEASURE GEOMETRY|ETCH WET BACKSIDE|RINSE WET WAFER_EDGE|DRY WAFER BACKSIDE|BACKSIDE CLEAN|MEASURE BACKSIDE ROUGHNESS|THERMAL OXIDATION|MEASURE OXIDE THICKNESS|WET CLEAN RCA1|RCA CLEAN 2|HF DIP|OXIDE STRIP|SURFACE PREP FOR DEPOSITION|DEPOSIT PAD OXIDE|ANNEAL OXIDE|MEASURE OXIDE THICKNESS|SPIN COAT PHOTORESIST|SOFT BAKE|ALIGN MASK LEVEL 1|EXPOSE LITHO LEVEL 1|POST EXPOSE BAKE|DEVELOP PHOTORESIST|INSPECT PATTERN LEVEL 1|HARD BAKE|OXIDE ETCH DRY|STRIP PHOTORESIST|CLEAN AFTER ETCH|MEASURE CD LEVEL 1|DEPOSIT POLYSILICON|ANNEAL POLYSILICON|SPIN COAT PHOTORESIST|SOFT BAKE|ALIGN MASK LEVEL 2|EXPOSE LITHO LEVEL 2|DEVELOP PHOTORESIST|PATTERN INSPECTION LEVEL 2|POLYSILICON ETCH DRY|STRIP RESIST|CLEAN AFTER POLY ETCH|IMPLANT N-TYPE|PRE ANNEAL CHECK|RAPID THERMAL ANNEAL|MEASURE SHEET RESISTANCE|DEPOSIT INTERLEVEL DIELECTRIC|DENSIFY DIELECTRIC|MEASURE DIELECTRIC THICKNESS|CMP INTERLAYER DIELECTRIC|MEASURE PLANARITY|SPIN COAT PHOTORESIST|SOFT BAKE|ALIGN MASK LEVEL 3|EXPOSE LITHO LEVEL 3|POST EXPOSE BAKE|VIA OPENING INSPECTION|VIA ETCH THROUGH DIELECTRIC|STRIP RESIST|CLEAN AFTER VIA ETCH|MEASURE VIA CD|DEPOSIT BARRIER METAL|DEPOSIT TUNGSTEN SEED|FILL VIA TUNGSTEN|CMP METAL|DEPOSIT METAL 1|ANNEAL METAL|SPIN COAT PHOTORESIST|SOFT BAKE|ALIGN MASK LEVEL 4|EXPOSE LITHO LEVEL 4|POST EXPOSE BAKE|DEVELOP PHOTORESIST|METAL PATTERN INSPECTION|METAL ETCH DRY|STRIP PHOTORESIST|CLEAN AFTER METAL ETCH|DEPOSIT PASSIVATION LAYER|CURE PASSIVATION|MEASURE PASSIVATION THICKNESS|OPEN BOND PAD WINDOW|OPEN PAD WINDOW LITHO|DEVELOP PAD WINDOW|PASSIVATION ETCH PAD OPENING|STRIP RESIST|CLEAN PAD OPENING|MEASURE PAD OPENING|BACKSIDE THINNING CHECK|BACKSIDE CLEAN FINAL|DEPOSIT BACKSIDE PROTECTION|BACKSIDE ANNEAL|FRONTSIDE CLEAN FINAL|FINAL CLEAN|FINAL THICKNESS MEASURE|FINAL GEOMETRY CHECK|FINAL OXIDE CHECK|FINAL PARTICLE INSPECTION|PARAMETRIC TEST|LEAKAGE TEST|THRESHOLD VOLTAGE TEST|SWITCHING TEST|WAFER SORT TEST|YIELD ANALYSIS|LOT RELEASE|PACKAGE PREPARATION|SHIP LOT,RULE_ETCH_NO_MASK
anomaly_0932,MOSFET,RECEIVE WAFER LOT|LOT IDENTIFICATION|PRE CLEAN INSPECTION|MEASURE THICKNESS|MEASURE SURFACE PARTICLES|PRE CLEAN WAFER|BACKSIDE CLEAN|RCA CLEAN 1|WET CLEAN RCA2|HF DIP|DRY WAFER|SUBSTRATE CHECK|EPITAXY PREP|EPITAXIAL DEPOSITION|MEASURE EPITAXY THICKNESS|MEASURE RESISTIVITY|EPITAXY ANNEAL|WAFER SURFACE CLEAN|THERMAL OXIDATION|MEASURE OXIDE THICKNESS|SPIN COAT PHOTORESIST|SOFT BAKE|ALIGN MASK LEVEL 1|EXPOSE LITHO LEVEL 1|DEVELOP PHOTORESIST|PATTERN INSPECTION LEVEL 1|OXIDE ETCH|STRIP PHOTORESIST|CLEAN AFTER ETCH|MEASURE OPENING CD|IMPLANT WELL|PRE ANNEAL CHECK|DRIVE IN DIFFUSION|RAPID THERMAL ANNEAL|MEASURE JUNCTION DEPTH|THERMAL OXIDATION|GATE OXIDE PREP|GATE OXIDE GROWTH|MEASURE GATE OXIDE THICKNESS|DEPOSIT POLYSILICON|POLYSILICON ANNEAL|MEASURE POLY THICKNESS|SPIN COAT PHOTORESIST|SOFT BAKE|ALIGN MASK LEVEL 2|EXPOSE LITHO LEVEL 2|DEVELOP PHOTORESIST|POLY PATTERN INSPECTION|POLYSILICON ETCH|STRIP RESIST|CLEAN AFTER POLY ETCH|IMPLANT SOURCE DRAIN|LIGHT ANNEAL|MEASURE SHEET RESISTANCE|DEPOSIT SPACER DIELECTRIC|ANISOTROPIC ETCH SPACER|MEASURE SPACER WIDTH|IMPLANT LDD|RAPID THERMAL ANNEAL|MEASURE JUNCTION PROFILE|DEPOSIT INTERLEVEL DIELECTRIC|DENSIFY OXIDE|MEASURE DIELECTRIC THICKNESS|CMP DIELECTRIC|MEASURE SURFACE PLANARITY|SPIN COAT PHOTORESIST|SOFT BAKE|ALIGN MASK LEVEL 3|EXPOSE LITHO LEVEL 3|POST EXPOSE BAKE|DEVELOP PHOTORESIST|VIA INSPECTION|DIELECTRIC ETCH VIA|STRIP RESIST|CLEAN AFTER VIA ETCH|MEASURE VIA CD|DEPOSIT BARRIER METAL|DEPOSIT METAL SEED|FILL VIA METAL|CMP METAL|MEASURE CONTACT RESISTANCE|DEPOSIT TOP METAL|ANNEAL METAL 1|SPIN COAT PHOTORESIST|SOFT BAKE|ALIGN MASK LEVEL 4|EXPOSE LITHO LEVEL 4|DEVELOP PHOTORESIST|METAL PATTERN INSPECTION|HARD BAKE|METAL ETCH|STRIP RESIST|CLEAN AFTER METAL ETCH|MEASURE LINE WIDTH|DEPOSIT PASSIVATION LAYER|CURE PASSIVATION|MEASURE PASSIVATION THICKNESS|OPEN PAD WINDOW|PAD WINDOW LITHO|DEVELOP PHOTORESIST|PASSIVATION ETCH PAD OPENING|STRIP PHOTORESIST|CLEAN PAD OPENING|MEASURE PAD OPENING|BACKSIDE CLEAN|BACKSIDE GRIND|MEASURE THICKNESS|BACKSIDE ETCH CLEAN|BACKSIDE RINSE|BACKSIDE DRY|BACKSIDE METALLIZATION PREP|DEPOSIT BACKSIDE METAL|BACKSIDE ANNEAL|MEASURE BACKSIDE CONTACT|FINAL CLEAN|FINAL THICKNESS MEASURE|FINAL PARTICLE INSPECTION|ELECTRICAL PARAMETRIC TEST|LEAKAGE TEST|THRESHOLD VOLTAGE TEST|SWITCHING TEST|SHIP LOT|YIELD ANALYSIS|LOT RELEASE|WAFER SORT TEST,RULE_SHIP_BEFORE_TEST
anomaly_0638,MOSFET,RECEIVE WAFER LOT|LOT IDENTIFICATION|INITIAL WAFER INSPECTION|MEASURE THICKNESS|MEASURE SURFACE PARTICLES|PRE CLEAN WAFER|BACKSIDE CLEAN|WET CLEAN RCA1|RCA CLEAN 2|HF DIP|DRY WAFER|SUBSTRATE CHECK|EPITAXY PREP|EPITAXIAL DEPOSITION|MEASURE EPITAXY THICKNESS|MEASURE RESISTIVITY|EPITAXY ANNEAL|WAFER SURFACE CLEAN|THERMAL OXIDATION|MEASURE OXIDE THICKNESS|SPIN COAT PHOTORESIST|SOFT BAKE|ALIGN MASK LEVEL 1|EXPOSE LITHO LEVEL 1|DEVELOP PHOTORESIST|PATTERN INSPECTION LEVEL 1|OXIDE ETCH|STRIP RESIST|CLEAN AFTER ETCH|MEASURE OPENING CD|IMPLANT WELL|PRE ANNEAL CHECK|DRIVE IN DIFFUSION|RAPID THERMAL ANNEAL|MEASURE JUNCTION DEPTH|THERMAL OXIDATION|GATE OXIDE PREP|GATE OXIDE GROWTH|MEASURE GATE OXIDE THICKNESS|DEPOSIT POLYSILICON|POLYSILICON ANNEAL|SPIN COAT PHOTORESIST|SOFT BAKE|ALIGN MASK LEVEL 2|EXPOSE LITHO LEVEL 2|POST EXPOSE BAKE|DEVELOP PHOTORESIST|POLY PATTERN INSPECTION|POLYSILICON ETCH|STRIP RESIST|CLEAN AFTER POLY ETCH|IMPLANT SOURCE DRAIN|PRE ANNEAL CHECK|LIGHT ANNEAL|DEPOSIT SPACER DIELECTRIC|ANISOTROPIC ETCH SPACER|MEASURE SPACER WIDTH|IMPLANT LDD|RAPID THERMAL ANNEAL|MEASURE JUNCTION PROFILE|DEPOSIT INTERLAYER DIELECTRIC|DENSIFY DIELECTRIC|MEASURE DIELECTRIC THICKNESS|CMP DIELECTRIC|MEASURE SURFACE PLANARITY|SPIN COAT PHOTORESIST|SOFT BAKE|ALIGN MASK LEVEL 3|EXPOSE LITHO LEVEL 3|DEVELOP PHOTORESIST|VIA INSPECTION|HARD BAKE|VIA ETCH THROUGH DIELECTRIC|STRIP PHOTORESIST|CLEAN AFTER VIA ETCH|MEASURE VIA CD|DEPOSIT BARRIER METAL|DEPOSIT METAL SEED|FILL VIA METAL|CMP VIA FILL|MEASURE VIA RESISTANCE|DEPOSIT TOP METAL|ANNEAL METAL|SPIN COAT PHOTORESIST|SOFT BAKE|ALIGN MASK LEVEL 4|EXPOSE LITHO LEVEL 4|POST EXPOSE BAKE|DEVELOP PHOTORESIST|METAL PATTERN INSPECTION|METAL ETCH|STRIP RESIST|CLEAN AFTER METAL ETCH|DEPOSIT PASSIVATION|CURE PASSIVATION|MEASURE PASSIVATION QUALITY|OPEN PAD WINDOW|OPEN PAD WINDOW LITHO|DEVELOP PAD WINDOW|PASSIVATION ETCH PAD OPENING|STRIP RESIST|CLEAN PAD OPENING|MEASURE PAD OPENING|BACKSIDE CLEAN|BACKSIDE GRIND|MEASURE WAFER THICKNESS|BACKSIDE ETCH CLEAN|BACKSIDE RINSE|BACKSIDE DRY|BACKSIDE METALLIZATION PREP|DEPOSIT BACKSIDE METAL|BACKSIDE ANNEAL|MEASURE BACKSIDE CONTACT|FINAL CLEAN|FINAL THICKNESS MEASURE|FINAL GEOMETRY CHECK|FINAL PARTICLE INSPECTION|ELECTRICAL PARAMETRIC TEST|LEAKAGE TEST|THRESHOLD VOLTAGE TEST|SWITCHING TEST|SHIP LOT|YIELD ANALYSIS|FINAL LOT RELEASE|WAFER SORT TEST,RULE_SHIP_BEFORE_TEST
anomaly_0926,IC,RECEIVE WAFER LOT|LOT IDENTIFICATION|INITIAL WAFER INSPECTION|MEASURE INITIAL THICKNESS|MEASURE SURFACE PARTICLES|WAFER CLEAN PRE PROCESS|FRONTSIDE CLEAN|WET CLEAN RCA1|WET CLEAN RCA2|HF DIP|DRY WAFER|WAFER CLEAN PRE-GRIND|GRINDING WAFER BACKSIDE|MEASURE GEOMETRY|ETCH WET BACKSIDE|RINSE WET WAFER_EDGE|DRY WAFER BACKSIDE|BACKSIDE CLEAN|MEASURE BACKSIDE ROUGHNESS|THERMAL OXIDATION|MEASURE OXIDE THICKNESS|WET CLEAN RCA1|RCA CLEAN 2|HF DIP|OXIDE STRIP|SURFACE PREP FOR DEPOSITION|DEPOSIT PAD OXIDE|ANNEAL OXIDE|MEASURE FILM THICKNESS|SPIN COAT PHOTORESIST|SOFT BAKE|ALIGN MASK LEVEL 1|EXPOSE LITHO LEVEL 1|DEVELOP PHOTORESIST|INSPECT PATTERN LEVEL 1|HARD BAKE|OXIDE ETCH DRY|STRIP PHOTORESIST|CLEAN AFTER ETCH|MEASURE CD LEVEL 1|DEPOSIT POLYSILICON|ANNEAL POLYSILICON|SPIN COAT PHOTORESIST|SOFT BAKE|ALIGN MASK LEVEL 2|EXPOSE LITHO LEVEL 2|POST EXPOSE BAKE|DEVELOP PHOTORESIST|PATTERN INSPECTION LEVEL 2|HARD BAKE|POLYSILICON ETCH DRY|STRIP RESIST LEVEL 2|CLEAN AFTER POLY ETCH|IMPLANT N-TYPE|PRE ANNEAL CHECK|RAPID THERMAL ANNEAL|MEASURE SHEET RESISTANCE|DEPOSIT INTERLEVEL DIELECTRIC|DENSIFY OXIDE|MEASURE FILM THICKNESS|CMP DIELECTRIC|MEASURE SURFACE PLANARITY|SPIN COAT PHOTORESIST|SOFT BAKE|ALIGN MASK LEVEL 3|EXPOSE LITHO LEVEL 3|POST EXPOSE BAKE|DEVELOP PHOTORESIST|VIA OPENING INSPECTION|HARD BAKE|DIELECTRIC ETCH VIA|STRIP PHOTORESIST|CLEAN AFTER VIA ETCH|MEASURE VIA CD|DEPOSIT BARRIER METAL|DEPOSIT TUNGSTEN SEED|FILL VIA TUNGSTEN|CMP METAL|MEASURE CONTACT RESISTANCE|DEPOSIT METAL 1|ANNEAL METAL 1|SPIN COAT PHOTORESIST|SOFT BAKE|ALIGN MASK LEVEL 4|EXPOSE LITHO LEVEL 4|DEVELOP PHOTORESIST|METAL PATTERN INSPECTION|METAL ETCH DRY|STRIP RESIST|CLEAN AFTER METAL ETCH|MEASURE LINE WIDTH|OPEN BOND PAD WINDOW|DEPOSIT PASSIVATION|CURE PASSIVATION|MEASURE PASSIVATION QUALITY|PAD WINDOW LITHO|DEVELOP PHOTORESIST|PASSIVATION ETCH PAD OPENING|STRIP RESIST|CLEAN PAD OPENING|MEASURE PAD OPENING|BACKSIDE THINNING CHECK|BACKSIDE CLEAN FINAL|DEPOSIT BACKSIDE PROTECTION|BACKSIDE ANNEAL|FRONTSIDE CLEAN FINAL|FINAL CLEAN|FINAL GEOMETRY CHECK|FINAL ELECTRICAL TEST PREP|PARAMETRIC TEST|LEAKAGE TEST|THRESHOLD VOLTAGE TEST|SWITCHING TEST|WAFER SORT TEST|YIELD ANALYSIS|FINAL LOT RELEASE|PACKAGE PREPARATION|SHIP LOT,RULE_PAD_OPEN_BEFORE_DEP
anomaly_0261,IC,RECEIVE WAFER LOT|LOT IDENTIFICATION|PRE CLEAN INSPECTION|MEASURE INITIAL THICKNESS|MEASURE SURFACE PARTICLES|WAFER CLEAN PRE PROCESS|BACKSIDE CLEAN|RCA CLEAN 1|WET CLEAN RCA2|HF DIP|DRY WAFER|WAFER CLEAN PRE-GRIND|GRINDING WAFER BACKSIDE|MEASURE GEOMETRY|ETCH WET BACKSIDE|RINSE WET WAFER_EDGE|DRY WAFER BACKSIDE|BACKSIDE CLEAN|MEASURE BACKSIDE ROUGHNESS|THERMAL OXIDATION|MEASURE OXIDE THICKNESS|WET CLEAN RCA1|RCA CLEAN 2|HF DIP|OXIDE STRIP|SURFACE PREP FOR DEPOSITION|DEPOSIT PAD OXIDE|ANNEAL OXIDE|MEASURE FILM THICKNESS|SPIN COAT PHOTORESIST|SOFT BAKE|ALIGN MASK LEVEL 1|EXPOSE LITHO LEVEL 1|DEVELOP PHOTORESIST|INSPECT PATTERN LEVEL 1|HARD BAKE|OXIDE ETCH DRY|STRIP RESIST|CLEAN AFTER ETCH|MEASURE CD LEVEL 1|DEPOSIT POLYSILICON|ANNEAL POLYSILICON|SPIN COAT PHOTORESIST|SOFT BAKE|ALIGN MASK LEVEL 2|EXPOSE LITHO LEVEL 2|DEVELOP PHOTORESIST|PATTERN INSPECTION LEVEL 2|POLYSILICON ETCH DRY|STRIP RESIST|CLEAN AFTER POLY ETCH|IMPLANT N-TYPE|PRE ANNEAL CHECK|RAPID THERMAL ANNEAL|MEASURE SHEET RESISTANCE|DEPOSIT INTERLEVEL DIELECTRIC|DENSIFY OXIDE|MEASURE DIELECTRIC THICKNESS|CMP DIELECTRIC|MEASURE SURFACE PLANARITY|SPIN COAT PHOTORESIST|SOFT BAKE|ALIGN MASK LEVEL 3|EXPOSE LITHO LEVEL 3|POST EXPOSE BAKE|DEVELOP PHOTORESIST|VIA INSPECTION|VIA ETCH THROUGH DIELECTRIC|STRIP PHOTORESIST|CLEAN AFTER VIA ETCH|DEPOSIT BARRIER METAL|DEPOSIT TUNGSTEN SEED|FILL VIA TUNGSTEN|CMP VIA FILL|MEASURE VIA RESISTANCE|DEPOSIT TOP METAL|ANNEAL METAL|MEASURE METAL THICKNESS|SPIN COAT PHOTORESIST|SOFT BAKE|ALIGN MASK LEVEL 4|EXPOSE LITHO LEVEL 4|DEVELOP PHOTORESIST|METAL PATTERN INSPECTION|METAL ETCH DRY|STRIP RESIST|CLEAN AFTER METAL ETCH|MEASURE LINE WIDTH|DEPOSIT PASSIVATION|CURE PASSIVATION|MEASURE PASSIVATION QUALITY|OPEN PAD WINDOW|OPEN PAD WINDOW LITHO|DEVELOP PAD WINDOW|PASSIVATION ETCH|STRIP RESIST|CLEAN PAD OPENING|MEASURE PAD OPENING|BACKSIDE CLEAN FINAL|DEPOSIT BACKSIDE PROTECTION|BACKSIDE ANNEAL|FRONTSIDE CLEAN FINAL|FINAL CLEAN|FINAL GEOMETRY CHECK|FINAL CD INSPECTION|FINAL PARTICLE INSPECTION|FINAL ELECTRICAL TEST PREP|ELECTRICAL PARAMETRIC TEST|LEAKAGE TEST|THRESHOLD VOLTAGE TEST|SWITCHING TEST|SHIP LOT|YIELD ANALYSIS|LOT RELEASE|WAFER SORT TEST,RULE_SHIP_BEFORE_TEST
anomaly_0329,IC,RECEIVE WAFER LOT|LOT IDENTIFICATION|PRE CLEAN INSPECTION|MEASURE INITIAL THICKNESS|WAFER CLEAN PRE PROCESS|BACKSIDE CLEAN|FRONTSIDE CLEAN|RCA CLEAN 1|RCA CLEAN 2|HF DIP|WAFER CLEAN PRE-GRIND|GRINDING WAFER BACKSIDE|MEASURE INITIAL GEOMETRY|ETCH WET BACKSIDE|RINSE WET WAFER_EDGE|DRY WAFER BACKSIDE|BACKSIDE CLEAN|MEASURE BACKSIDE ROUGHNESS|THERMAL OXIDATION|MEASURE OXIDE THICKNESS|RCA CLEAN 1|WET CLEAN RCA2|HF DIP|OXIDE STRIP|SURFACE PREP FOR DEPOSITION|DEPOSIT PAD OXIDE|ANNEAL OXIDE|MEASURE OXIDE THICKNESS|SPIN COAT PHOTORESIST|SOFT BAKE|ALIGN MASK LEVEL 1|EXPOSE LITHO LEVEL 1|DEVELOP PHOTORESIST|INSPECT PATTERN LEVEL 1|HARD BAKE|OXIDE ETCH DRY|STRIP RESIST|CLEAN AFTER ETCH|DEPOSIT POLYSILICON|ANNEAL POLYSILICON|SPIN COAT PHOTORESIST|SOFT BAKE|ALIGN MASK LEVEL 2|EXPOSE LITHO LEVEL 2|DEVELOP PHOTORESIST|PATTERN INSPECTION LEVEL 2|POLYSILICON ETCH DRY|STRIP RESIST|CLEAN AFTER POLY ETCH|MEASURE CD LEVEL 2|IMPLANT N-TYPE|PRE ANNEAL CHECK|RAPID THERMAL ANNEAL|MEASURE SHEET RESISTANCE|DEPOSIT INTERLAYER DIELECTRIC|DENSIFY DIELECTRIC|MEASURE DIELECTRIC THICKNESS|CMP INTERLAYER DIELECTRIC|MEASURE SURFACE PLANARITY|SPIN COAT PHOTORESIST|SOFT BAKE|ALIGN MASK LEVEL 3|EXPOSE LITHO LEVEL 3|DEVELOP PHOTORESIST|VIA OPENING INSPECTION|DIELECTRIC ETCH VIA|STRIP RESIST|CLEAN AFTER VIA ETCH|MEASURE VIA CD|DEPOSIT BARRIER METAL|DEPOSIT TUNGSTEN SEED|FILL VIA TUNGSTEN|CMP VIA FILL|MEASURE VIA RESISTANCE|DEPOSIT TOP METAL|ANNEAL METAL 1|MEASURE METAL THICKNESS|SPIN COAT PHOTORESIST|SOFT BAKE|ALIGN MASK LEVEL 4|EXPOSE LITHO LEVEL 4|DEVELOP PHOTORESIST|METAL PATTERN INSPECTION|METAL ETCH DRY|STRIP PHOTORESIST|CLEAN AFTER METAL ETCH|MEASURE LINE WIDTH|OPEN BOND PAD WINDOW|DEPOSIT PASSIVATION|CURE PASSIVATION|MEASURE PASSIVATION THICKNESS|OPEN PAD WINDOW LITHO|DEVELOP PAD WINDOW|PASSIVATION ETCH|STRIP RESIST|CLEAN PAD OPENING|MEASURE PAD OPENING|BACKSIDE THINNING CHECK|BACKSIDE CLEAN FINAL|DEPOSIT BACKSIDE PROTECTION|BACKSIDE ANNEAL|FINAL CLEAN|FINAL THICKNESS MEASURE|FINAL GEOMETRY CHECK|FINAL CD INSPECTION|ELECTRICAL PARAMETRIC TEST|LEAKAGE TEST|PARAMETRIC TEST|SWITCHING TEST|WAFER SORT TEST|YIELD ANALYSIS|LOT RELEASE|SHIP LOT,RULE_PAD_OPEN_BEFORE_DEP
anomaly_0396,IC,RECEIVE WAFER LOT|LOT IDENTIFICATION|INITIAL WAFER INSPECTION|MEASURE INITIAL GEOMETRY|MEASURE SURFACE DEFECTS|WAFER CLEAN PRE PROCESS|RCA CLEAN 1|WET CLEAN RCA2|HF DIP|DRY WAFER|WAFER CLEAN PRE-GRIND|GRINDING WAFER BACKSIDE|MEASURE GEOMETRY|ETCH WET BACKSIDE|RINSE WET WAFER_EDGE|DRY WAFER BACKSIDE|BACKSIDE CLEAN|MEASURE BACKSIDE ROUGHNESS|THERMAL OXIDATION|MEASURE OXIDE THICKNESS|WET CLEAN RCA1|WET CLEAN RCA2|HF DIP|OXIDE STRIP|SURFACE PREP FOR DEPOSITION|DEPOSIT PAD OXIDE|ANNEAL OXIDE|MEASURE OXIDE THICKNESS|SPIN COAT PHOTORESIST|SOFT BAKE|ALIGN MASK LEVEL 1|EXPOSE LITHO LEVEL 1|DEVELOP PHOTORESIST|INSPECT PATTERN LEVEL 1|HARD BAKE|OXIDE ETCH DRY|STRIP PHOTORESIST|CLEAN AFTER ETCH|MEASURE CD LEVEL 1|DEPOSIT POLYSILICON|ANNEAL POLYSILICON|SPIN COAT PHOTORESIST|SOFT BAKE|ALIGN MASK LEVEL 2|EXPOSE LITHO LEVEL 2|DEVELOP PHOTORESIST|PATTERN INSPECTION LEVEL 2|POLYSILICON ETCH DRY|STRIP RESIST|CLEAN AFTER POLY ETCH|MEASURE CD LEVEL 2|IMPLANT N-TYPE|PRE ANNEAL CHECK|RAPID THERMAL ANNEAL|MEASURE SHEET RESISTANCE|DENSIFY OXIDE|MEASURE FILM THICKNESS|CMP INTERLAYER DIELECTRIC|MEASURE SURFACE PLANARITY|SPIN COAT PHOTORESIST|SOFT BAKE|ALIGN MASK LEVEL 3|EXPOSE LITHO LEVEL 3|POST EXPOSE BAKE|DEVELOP PHOTORESIST|VIA OPENING INSPECTION|VIA ETCH THROUGH DIELECTRIC|STRIP RESIST|CLEAN AFTER VIA ETCH|MEASURE VIA CD|DEPOSIT BARRIER METAL|DEPOSIT TUNGSTEN SEED|FILL VIA TUNGSTEN|CMP VIA FILL|MEASURE VIA RESISTANCE|DEPOSIT METAL 1|ANNEAL METAL 1|SPIN COAT PHOTORESIST|SOFT BAKE|ALIGN MASK LEVEL 4|EXPOSE LITHO LEVEL 4|DEVELOP PHOTORESIST|METAL PATTERN INSPECTION|METAL ETCH DRY|STRIP RESIST|CLEAN AFTER METAL ETCH|MEASURE LINE WIDTH|DEPOSIT PASSIVATION|CURE PASSIVATION|MEASURE PASSIVATION THICKNESS|OPEN BOND PAD WINDOW|OPEN PAD WINDOW LITHO|DEVELOP PAD WINDOW|PASSIVATION ETCH PAD OPENING|STRIP RESIST|CLEAN PAD OPENING|MEASURE PAD OPENING|BACKSIDE CLEAN|DEPOSIT BACKSIDE PROTECTION|BACKSIDE ANNEAL|FINAL CLEAN|FINAL THICKNESS MEASURE|FINAL GEOMETRY CHECK|FINAL OXIDE CHECK|FINAL PARTICLE INSPECTION|FINAL ELECTRICAL TEST PREP|ELECTRICAL PARAMETRIC TEST|LEAKAGE TEST|THRESHOLD VOLTAGE TEST|SWITCHING TEST|WAFER SORT TEST|YIELD ANALYSIS|FINAL LOT RELEASE|PACKAGE PREPARATION|SHIP LOT,RULE_CMP_NO_DEP
anomaly_0036,IC,RECEIVE WAFER LOT|LOT IDENTIFICATION|INITIAL WAFER INSPECTION|MEASURE SURFACE DEFECTS|WAFER CLEAN PRE PROCESS|RCA CLEAN 1|RCA CLEAN 2|HF DIP|WAFER CLEAN PRE-GRIND|GRINDING WAFER BACKSIDE|MEASURE GEOMETRY|ETCH WET BACKSIDE|RINSE WET WAFER_EDGE|DRY WAFER BACKSIDE|BACKSIDE CLEAN|MEASURE BACKSIDE ROUGHNESS|THERMAL OXIDATION|MEASURE OXIDE THICKNESS|RCA CLEAN 1|WET CLEAN RCA2|HF DIP|OXIDE STRIP|SURFACE PREP FOR DEPOSITION|DEPOSIT PAD OXIDE|ANNEAL OXIDE|MEASURE OXIDE THICKNESS|SPIN COAT PHOTORESIST|SOFT BAKE|ALIGN MASK LEVEL 1|EXPOSE LITHO LEVEL 1|DEVELOP PHOTORESIST|INSPECT PATTERN LEVEL 1|HARD BAKE|OXIDE ETCH DRY|STRIP RESIST|CLEAN AFTER ETCH|MEASURE CD LEVEL 1|DEPOSIT POLYSILICON|ANNEAL POLYSILICON|SPIN COAT PHOTORESIST|SOFT BAKE|ALIGN MASK LEVEL 2|EXPOSE LITHO LEVEL 2|POST EXPOSE BAKE|DEVELOP PHOTORESIST|PATTERN INSPECTION LEVEL 2|HARD BAKE|POLYSILICON ETCH DRY|STRIP RESIST LEVEL 2|CLEAN AFTER POLY ETCH|MEASURE CD LEVEL 2|IMPLANT N-TYPE|PRE ANNEAL CHECK|RAPID THERMAL ANNEAL|MEASURE SHEET RESISTANCE|DEPOSIT INTERLAYER DIELECTRIC|DENSIFY DIELECTRIC|MEASURE DIELECTRIC THICKNESS|CMP INTERLAYER DIELECTRIC|MEASURE PLANARITY|SPIN COAT PHOTORESIST|SOFT BAKE|ALIGN MASK LEVEL 3|EXPOSE LITHO LEVEL 3|DEVELOP PHOTORESIST|VIA INSPECTION|VIA ETCH|STRIP RESIST|CLEAN AFTER VIA ETCH|MEASURE VIA CD|DEPOSIT BARRIER METAL|DEPOSIT TUNGSTEN SEED|FILL VIA TUNGSTEN|CMP VIA FILL|MEASURE CONTACT RESISTANCE|DEPOSIT TOP METAL|ANNEAL METAL 1|SPIN COAT PHOTORESIST|SOFT BAKE|ALIGN MASK LEVEL 4|EXPOSE LITHO LEVEL 4|POST EXPOSE BAKE|DEVELOP PHOTORESIST|METAL PATTERN INSPECTION|METAL ETCH DRY|STRIP RESIST|CLEAN AFTER METAL ETCH|MEASURE LINE WIDTH|DEPOSIT PASSIVATION LAYER|CURE PASSIVATION|MEASURE PASSIVATION QUALITY|OPEN PAD WINDOW|OPEN PAD WINDOW LITHO|DEVELOP PHOTORESIST|PASSIVATION ETCH PAD OPENING|STRIP RESIST|CLEAN PAD OPENING|MEASURE PAD OPENING|BACKSIDE THINNING CHECK|BACKSIDE CLEAN|DEPOSIT BACKSIDE PROTECTION|BACKSIDE ANNEAL|FINAL CLEAN|FINAL THICKNESS MEASURE|FINAL OXIDE CHECK|FINAL PARTICLE INSPECTION|FINAL ELECTRICAL TEST PREP|PARAMETRIC TEST|LEAKAGE TEST|SWITCHING TEST|SHIP LOT|YIELD ANALYSIS|FINAL LOT RELEASE|WAFER SORT TEST,RULE_SHIP_BEFORE_TEST
anomaly_0443,MOSFET,RECEIVE WAFER LOT|LOT IDENTIFICATION|INITIAL WAFER INSPECTION|MEASURE THICKNESS|MEASURE SURFACE PARTICLES|PRE CLEAN WAFER|BACKSIDE CLEAN|RCA CLEAN 1|WET CLEAN RCA2|HF DIP|DRY WAFER|SUBSTRATE CHECK|EPITAXY PREP|EPITAXIAL DEPOSITION|MEASURE EPITAXY THICKNESS|MEASURE RESISTIVITY|EPITAXY ANNEAL|WAFER SURFACE CLEAN|THERMAL OXIDATION|MEASURE OXIDE THICKNESS|SPIN COAT PHOTORESIST|SOFT BAKE|ALIGN MASK LEVEL 1|EXPOSE LITHO LEVEL 1|DEVELOP PHOTORESIST|PATTERN INSPECTION LEVEL 1|OXIDE ETCH|STRIP PHOTORESIST|CLEAN AFTER ETCH|MEASURE OPENING CD|IMPLANT WELL|DRIVE IN DIFFUSION|RAPID THERMAL ANNEAL|MEASURE JUNCTION DEPTH|THERMAL OXIDATION|GATE OXIDE PREP|GATE OXIDE GROWTH|MEASURE GATE OXIDE THICKNESS|DEPOSIT POLYSILICON|POLYSILICON ANNEAL|MEASURE POLY THICKNESS|SPIN COAT PHOTORESIST|SOFT BAKE|ALIGN MASK LEVEL 2|EXPOSE LITHO LEVEL 2|DEVELOP PHOTORESIST|POLY PATTERN INSPECTION|POLYSILICON ETCH|STRIP RESIST|CLEAN AFTER POLY ETCH|MEASURE GATE CD|IMPLANT SOURCE DRAIN|PRE ANNEAL CHECK|LIGHT ANNEAL|MEASURE SHEET RESISTANCE|DEPOSIT SPACER DIELECTRIC|ANISOTROPIC ETCH SPACER|MEASURE SPACER WIDTH|IMPLANT LDD|PRE ANNEAL CHECK|RAPID THERMAL ANNEAL|DEPOSIT INTERLAYER DIELECTRIC|DENSIFY OXIDE|MEASURE FILM THICKNESS|CMP INTERLAYER DIELECTRIC|MEASURE PLANARITY|SPIN COAT PHOTORESIST|SOFT BAKE|ALIGN MASK LEVEL 3|EXPOSE LITHO LEVEL 3|POST EXPOSE BAKE|DEVELOP PHOTORESIST|VIA INSPECTION|DIELECTRIC ETCH VIA|STRIP PHOTORESIST|CLEAN AFTER VIA ETCH|MEASURE VIA CD|DEPOSIT BARRIER METAL|DEPOSIT METAL SEED|FILL VIA METAL|CMP METAL|DEPOSIT TOP METAL|ANNEAL METAL|SPIN COAT PHOTORESIST|SOFT BAKE|ALIGN MASK LEVEL 4|EXPOSE LITHO LEVEL 4|POST EXPOSE BAKE|DEVELOP PHOTORESIST|METAL PATTERN INSPECTION|HARD BAKE|METAL ETCH|STRIP PHOTORESIST|CLEAN AFTER METAL ETCH|DEPOSIT PASSIVATION|CURE PASSIVATION|MEASURE PASSIVATION THICKNESS|OPEN BOND PAD WINDOW|PAD WINDOW LITHO|DEVELOP PAD WINDOW|PASSIVATION ETCH PAD OPENING|STRIP RESIST|CLEAN PAD OPENING|MEASURE PAD OPENING|BACKSIDE CLEAN|BACKSIDE GRIND|MEASURE WAFER THICKNESS|BACKSIDE ETCH CLEAN|BACKSIDE RINSE|BACKSIDE DRY|BACKSIDE METALLIZATION PREP|DEPOSIT BACKSIDE METAL|BACKSIDE ANNEAL|MEASURE BACKSIDE CONTACT|FINAL CLEAN|FINAL THICKNESS MEASURE|FINAL GEOMETRY CHECK|FINAL PARTICLE INSPECTION|ELECTRICAL PARAMETRIC TEST|LEAKAGE TEST|THRESHOLD VOLTAGE TEST|SWITCHING TEST|SHIP LOT|YIELD ANALYSIS|LOT RELEASE|WAFER SORT TEST,RULE_SHIP_BEFORE_TEST
anomaly_0861,IC,RECEIVE WAFER LOT|LOT IDENTIFICATION|INITIAL WAFER INSPECTION|MEASURE INITIAL THICKNESS|WAFER CLEAN PRE PROCESS|WET CLEAN RCA1|WET CLEAN RCA2|HF DIP|DRY WAFER|WAFER CLEAN PRE-GRIND|GRINDING WAFER BACKSIDE|MEASURE INITIAL GEOMETRY|ETCH WET BACKSIDE|RINSE WET WAFER_EDGE|DRY WAFER BACKSIDE|BACKSIDE CLEAN|MEASURE BACKSIDE ROUGHNESS|THERMAL OXIDATION|MEASURE OXIDE THICKNESS|RCA CLEAN 1|RCA CLEAN 2|HF DIP|OXIDE STRIP|SURFACE PREP FOR DEPOSITION|DEPOSIT PAD OXIDE|ANNEAL OXIDE|MEASURE OXIDE THICKNESS|SPIN COAT PHOTORESIST|SOFT BAKE|ALIGN MASK LEVEL 1|EXPOSE LITHO LEVEL 1|POST EXPOSE BAKE|DEVELOP PHOTORESIST|INSPECT PATTERN LEVEL 1|HARD BAKE|OXIDE ETCH DRY|STRIP PHOTORESIST|CLEAN AFTER ETCH|MEASURE CD LEVEL 1|DEPOSIT POLYSILICON|ANNEAL POLYSILICON|SPIN COAT PHOTORESIST|SOFT BAKE|ALIGN MASK LEVEL 2|EXPOSE LITHO LEVEL 2|DEVELOP PHOTORESIST|PATTERN INSPECTION LEVEL 2|POLYSILICON ETCH DRY|STRIP RESIST|CLEAN AFTER POLY ETCH|IMPLANT N-TYPE|RAPID THERMAL ANNEAL|MEASURE SHEET RESISTANCE|DEPOSIT INTERLEVEL DIELECTRIC|DENSIFY OXIDE|MEASURE DIELECTRIC THICKNESS|CMP DIELECTRIC|MEASURE PLANARITY|SPIN COAT PHOTORESIST|SOFT BAKE|ALIGN MASK LEVEL 3|EXPOSE LITHO LEVEL 3|POST EXPOSE BAKE|DEVELOP PHOTORESIST|VIA OPENING INSPECTION|VIA ETCH|STRIP PHOTORESIST|CLEAN AFTER VIA ETCH|MEASURE VIA CD|CMP METAL|MEASURE CONTACT RESISTANCE|DEPOSIT TOP METAL|ANNEAL METAL 1|SPIN COAT PHOTORESIST|SOFT BAKE|ALIGN MASK LEVEL 4|EXPOSE LITHO LEVEL 4|POST EXPOSE BAKE|DEVELOP PHOTORESIST|METAL PATTERN INSPECTION|METAL ETCH DRY|STRIP PHOTORESIST|CLEAN AFTER METAL ETCH|MEASURE LINE WIDTH|DEPOSIT PASSIVATION|CURE PASSIVATION|MEASURE PASSIVATION QUALITY|OPEN PAD WINDOW|PAD WINDOW LITHO|DEVELOP PAD WINDOW|PASSIVATION ETCH|STRIP PHOTORESIST|CLEAN PAD OPENING|MEASURE PAD OPENING|BACKSIDE THINNING CHECK|BACKSIDE CLEAN FINAL|DEPOSIT BACKSIDE PROTECTION|BACKSIDE ANNEAL|FINAL CLEAN|FINAL PARTICLE INSPECTION|ELECTRICAL PARAMETRIC TEST|LEAKAGE TEST|PARAMETRIC TEST|SWITCHING TEST|WAFER SORT TEST|YIELD ANALYSIS|FINAL LOT RELEASE|PACKAGE PREPARATION|SHIP LOT,RULE_CMP_NO_DEP
anomaly_0338,IC,RECEIVE WAFER LOT|LOT IDENTIFICATION|INITIAL WAFER INSPECTION|MEASURE INITIAL GEOMETRY|WAFER CLEAN PRE PROCESS|BACKSIDE CLEAN|WET CLEAN RCA1|WET CLEAN RCA2|HF DIP|DRY WAFER|WAFER CLEAN PRE-GRIND|GRINDING WAFER BACKSIDE|MEASURE INITIAL GEOMETRY|ETCH WET BACKSIDE|RINSE WET WAFER_EDGE|DRY WAFER BACKSIDE|BACKSIDE CLEAN|MEASURE BACKSIDE ROUGHNESS|THERMAL OXIDATION|MEASURE OXIDE THICKNESS|RCA CLEAN 1|RCA CLEAN 2|HF DIP|OXIDE STRIP|SURFACE PREP FOR DEPOSITION|DEPOSIT PAD OXIDE|ANNEAL OXIDE|MEASURE FILM THICKNESS|SPIN COAT PHOTORESIST|SOFT BAKE|ALIGN MASK LEVEL 1|EXPOSE LITHO LEVEL 1|DEVELOP PHOTORESIST|INSPECT PATTERN LEVEL 1|HARD BAKE|OXIDE ETCH DRY|STRIP RESIST|CLEAN AFTER ETCH|MEASURE CD LEVEL 1|DEPOSIT POLYSILICON|ANNEAL POLYSILICON|SPIN COAT PHOTORESIST|SOFT BAKE|ALIGN MASK LEVEL 2|EXPOSE LITHO LEVEL 2|DEVELOP PHOTORESIST|PATTERN INSPECTION LEVEL 2|HARD BAKE|POLYSILICON ETCH DRY|STRIP RESIST|CLEAN AFTER POLY ETCH|MEASURE CD LEVEL 2|IMPLANT N-TYPE|PRE ANNEAL CHECK|RAPID THERMAL ANNEAL|MEASURE SHEET RESISTANCE|DEPOSIT INTERLAYER DIELECTRIC|DENSIFY OXIDE|MEASURE FILM THICKNESS|CMP INTERLAYER DIELECTRIC|MEASURE SURFACE PLANARITY|SPIN COAT PHOTORESIST|SOFT BAKE|ALIGN MASK LEVEL 3|EXPOSE LITHO LEVEL 3|DEVELOP PHOTORESIST|VIA OPENING INSPECTION|DIELECTRIC ETCH VIA|STRIP PHOTORESIST|CLEAN AFTER VIA ETCH|MEASURE VIA CD|DEPOSIT BARRIER METAL|DEPOSIT TUNGSTEN SEED|FILL VIA TUNGSTEN|CMP METAL|MEASURE VIA RESISTANCE|DEPOSIT METAL 1|ANNEAL METAL 1|SPIN COAT PHOTORESIST|SOFT BAKE|ALIGN MASK LEVEL 4|EXPOSE LITHO LEVEL 4|POST EXPOSE BAKE|DEVELOP PHOTORESIST|METAL PATTERN INSPECTION|METAL ETCH DRY|STRIP RESIST|CLEAN AFTER METAL ETCH|DEPOSIT PASSIVATION|PARAMETRIC TEST|CURE PASSIVATION|MEASURE PASSIVATION QUALITY|OPEN PAD WINDOW|PAD WINDOW LITHO|DEVELOP PHOTORESIST|PASSIVATION ETCH PAD OPENING|STRIP PHOTORESIST|CLEAN PAD OPENING|MEASURE PAD OPENING|BACKSIDE THINNING CHECK|BACKSIDE CLEAN|DEPOSIT BACKSIDE PROTECTION|BACKSIDE ANNEAL|FRONTSIDE CLEAN FINAL|FINAL CLEAN|FINAL THICKNESS MEASURE|FINAL GEOMETRY CHECK|FINAL PARTICLE INSPECTION|LEAKAGE TEST|THRESHOLD VOLTAGE TEST|SWITCHING TEST|WAFER SORT TEST|YIELD ANALYSIS|FINAL LOT RELEASE|PACKAGE PREPARATION|SHIP LOT,RULE_TEST_BEFORE_PASSIVATION
anomaly_0543,IC,RECEIVE WAFER LOT|LOT IDENTIFICATION|INITIAL WAFER INSPECTION|MEASURE INITIAL THICKNESS|WAFER CLEAN PRE PROCESS|FRONTSIDE CLEAN|RCA CLEAN 1|RCA CLEAN 2|HF DIP|DRY WAFER|WAFER CLEAN PRE-GRIND|GRINDING WAFER BACKSIDE|MEASURE GEOMETRY|ETCH WET BACKSIDE|RINSE WET WAFER_EDGE|DRY WAFER BACKSIDE|BACKSIDE CLEAN|MEASURE BACKSIDE ROUGHNESS|THERMAL OXIDATION|MEASURE OXIDE THICKNESS|WET CLEAN RCA1|WET CLEAN RCA2|HF DIP|OXIDE STRIP|SURFACE PREP FOR DEPOSITION|DEPOSIT PAD OXIDE|ANNEAL OXIDE|MEASURE OXIDE THICKNESS|SPIN COAT PHOTORESIST|SOFT BAKE|ALIGN MASK LEVEL 1|EXPOSE LITHO LEVEL 1|DEVELOP PHOTORESIST|INSPECT PATTERN LEVEL 1|HARD BAKE|OXIDE ETCH DRY|STRIP PHOTORESIST|CLEAN AFTER ETCH|DEPOSIT POLYSILICON|ANNEAL POLYSILICON|SPIN COAT PHOTORESIST|SOFT BAKE|ALIGN MASK LEVEL 2|EXPOSE LITHO LEVEL 2|DEVELOP PHOTORESIST|PATTERN INSPECTION LEVEL 2|HARD BAKE|POLYSILICON ETCH DRY|STRIP RESIST LEVEL 2|CLEAN AFTER POLY ETCH|IMPLANT N-TYPE|PRE ANNEAL CHECK|RAPID THERMAL ANNEAL|MEASURE SHEET RESISTANCE|DEPOSIT INTERLEVEL DIELECTRIC|DENSIFY OXIDE|MEASURE DIELECTRIC THICKNESS|CMP INTERLAYER DIELECTRIC|MEASURE PLANARITY|SPIN COAT PHOTORESIST|SOFT BAKE|ALIGN MASK LEVEL 3|EXPOSE LITHO LEVEL 3|DEVELOP PHOTORESIST|VIA INSPECTION|VIA ETCH|STRIP RESIST|CLEAN AFTER VIA ETCH|MEASURE VIA CD|DEPOSIT BARRIER METAL|DEPOSIT TUNGSTEN SEED|FILL VIA TUNGSTEN|CMP METAL|MEASURE CONTACT RESISTANCE|DEPOSIT TOP METAL|ANNEAL METAL|MEASURE METAL THICKNESS|SPIN COAT PHOTORESIST|SOFT BAKE|ALIGN MASK LEVEL 4|DEVELOP PHOTORESIST|METAL PATTERN INSPECTION|METAL ETCH DRY|STRIP RESIST|CLEAN AFTER METAL ETCH|MEASURE LINE WIDTH|DEPOSIT PASSIVATION|CURE PASSIVATION|MEASURE PASSIVATION QUALITY|OPEN PAD WINDOW|OPEN PAD WINDOW LITHO|DEVELOP PHOTORESIST|PASSIVATION ETCH|STRIP PHOTORESIST|CLEAN PAD OPENING|MEASURE PAD OPENING|BACKSIDE CLEAN FINAL|DEPOSIT BACKSIDE PROTECTION|BACKSIDE ANNEAL|FRONTSIDE CLEAN FINAL|FINAL CLEAN|FINAL THICKNESS MEASURE|FINAL GEOMETRY CHECK|FINAL OXIDE CHECK|FINAL CD INSPECTION|FINAL PARTICLE INSPECTION|ELECTRICAL PARAMETRIC TEST|LEAKAGE TEST|PARAMETRIC TEST|SWITCHING TEST|WAFER SORT TEST|YIELD ANALYSIS|LOT RELEASE|PACKAGE PREPARATION|SHIP LOT,RULE_METAL_ETCH_NO_LITHO
anomaly_0511,MOSFET,RECEIVE WAFER LOT|LOT IDENTIFICATION|PRE CLEAN INSPECTION|MEASURE THICKNESS|MEASURE SURFACE PARTICLES|PRE CLEAN WAFER|BACKSIDE CLEAN|FRONTSIDE CLEAN|RCA CLEAN 1|RCA CLEAN 2|HF DIP|SUBSTRATE CHECK|EPITAXY PREP|EPITAXIAL DEPOSITION|MEASURE EPITAXY THICKNESS|MEASURE RESISTIVITY|EPITAXY ANNEAL|WAFER SURFACE CLEAN|THERMAL OXIDATION|MEASURE OXIDE THICKNESS|SPIN COAT PHOTORESIST|SOFT BAKE|ALIGN MASK LEVEL 1|EXPOSE LITHO LEVEL 1|POST EXPOSE BAKE|DEVELOP PHOTORESIST|PATTERN INSPECTION LEVEL 1|OXIDE ETCH|STRIP PHOTORESIST|CLEAN AFTER ETCH|MEASURE OPENING CD|IMPLANT WELL|PRE ANNEAL CHECK|DRIVE IN DIFFUSION|RAPID THERMAL ANNEAL|MEASURE JUNCTION DEPTH|THERMAL OXIDATION|GATE OXIDE PREP|GATE OXIDE GROWTH|MEASURE GATE OXIDE THICKNESS|DEPOSIT POLYSILICON|POLYSILICON ANNEAL|SPIN COAT PHOTORESIST|SOFT BAKE|ALIGN MASK LEVEL 2|EXPOSE LITHO LEVEL 2|DEVELOP PHOTORESIST|POLY PATTERN INSPECTION|POLYSILICON ETCH|STRIP PHOTORESIST|CLEAN AFTER POLY ETCH|MEASURE GATE CD|IMPLANT SOURCE DRAIN|PRE ANNEAL CHECK|LIGHT ANNEAL|MEASURE SHEET RESISTANCE|DEPOSIT SPACER DIELECTRIC|ANISOTROPIC ETCH SPACER|MEASURE SPACER WIDTH|IMPLANT LDD|PRE ANNEAL CHECK|RAPID THERMAL ANNEAL|MEASURE JUNCTION PROFILE|DEPOSIT INTERLAYER DIELECTRIC|DENSIFY OXIDE|MEASURE DIELECTRIC THICKNESS|CMP INTERLAYER DIELECTRIC|MEASURE PLANARITY|SPIN COAT PHOTORESIST|SOFT BAKE|ALIGN MASK LEVEL 3|EXPOSE LITHO LEVEL 3|POST EXPOSE BAKE|DEVELOP PHOTORESIST|VIA INSPECTION|VIA ETCH THROUGH DIELECTRIC|STRIP PHOTORESIST|CLEAN AFTER VIA ETCH|MEASURE VIA CD|DEPOSIT BARRIER METAL|DEPOSIT METAL SEED|FILL VIA METAL|CMP METAL|MEASURE CONTACT RESISTANCE|DEPOSIT METAL 1|ANNEAL METAL|MEASURE METAL THICKNESS|SPIN COAT PHOTORESIST|SOFT BAKE|ALIGN MASK LEVEL 4|EXPOSE LITHO LEVEL 4|DEVELOP PHOTORESIST|METAL PATTERN INSPECTION|METAL ETCH|STRIP RESIST|CLEAN AFTER METAL ETCH|DEPOSIT PASSIVATION|LEAKAGE TEST|CURE PASSIVATION|MEASURE PASSIVATION THICKNESS|OPEN PAD WINDOW|OPEN PAD WINDOW LITHO|DEVELOP PHOTORESIST|PASSIVATION ETCH|STRIP RESIST|CLEAN PAD OPENING|MEASURE PAD OPENING|BACKSIDE CLEAN|BACKSIDE GRIND|MEASURE WAFER THICKNESS|BACKSIDE ETCH CLEAN|BACKSIDE RINSE|BACKSIDE DRY|BACKSIDE METALLIZATION PREP|DEPOSIT BACKSIDE METAL|BACKSIDE ANNEAL|MEASURE BACKSIDE CONTACT|FINAL CLEAN|FINAL THICKNESS MEASURE|FINAL GEOMETRY CHECK|ELECTRICAL PARAMETRIC TEST|THRESHOLD VOLTAGE TEST|SWITCHING TEST|WAFER SORT TEST|YIELD ANALYSIS|FINAL LOT RELEASE|SHIP LOT,RULE_TEST_BEFORE_PASSIVATION
anomaly_0408,MOSFET,RECEIVE WAFER LOT|LOT IDENTIFICATION|PRE CLEAN INSPECTION|MEASURE THICKNESS|MEASURE SURFACE PARTICLES|PRE CLEAN WAFER|BACKSIDE CLEAN|RCA CLEAN 1|WET CLEAN RCA2|HF DIP|DRY WAFER|SUBSTRATE CHECK|EPITAXY PREP|EPITAXIAL DEPOSITION|MEASURE EPITAXY THICKNESS|MEASURE RESISTIVITY|EPITAXY ANNEAL|WAFER SURFACE CLEAN|THERMAL OXIDATION|MEASURE OXIDE THICKNESS|SPIN COAT PHOTORESIST|SOFT BAKE|ALIGN MASK LEVEL 1|EXPOSE LITHO LEVEL 1|DEVELOP PHOTORESIST|PATTERN INSPECTION LEVEL 1|OXIDE ETCH|STRIP RESIST|CLEAN AFTER ETCH|MEASURE OPENING CD|IMPLANT WELL|DRIVE IN DIFFUSION|RAPID THERMAL ANNEAL|MEASURE JUNCTION DEPTH|THERMAL OXIDATION|GATE OXIDE PREP|GATE OXIDE GROWTH|MEASURE GATE OXIDE THICKNESS|DEPOSIT POLYSILICON|POLYSILICON ANNEAL|SPIN COAT PHOTORESIST|SOFT BAKE|ALIGN MASK LEVEL 2|EXPOSE LITHO LEVEL 2|DEVELOP PHOTORESIST|POLY PATTERN INSPECTION|POLYSILICON ETCH|STRIP PHOTORESIST|CLEAN AFTER POLY ETCH|IMPLANT SOURCE DRAIN|LIGHT ANNEAL|DEPOSIT SPACER DIELECTRIC|ANISOTROPIC ETCH SPACER|IMPLANT LDD|PRE ANNEAL CHECK|RAPID THERMAL ANNEAL|MEASURE JUNCTION PROFILE|DEPOSIT INTERLEVEL DIELECTRIC|DENSIFY OXIDE|MEASURE FILM THICKNESS|CMP DIELECTRIC|MEASURE SURFACE PLANARITY|SPIN COAT PHOTORESIST|SOFT BAKE|ALIGN MASK LEVEL 3|EXPOSE LITHO LEVEL 3|POST EXPOSE BAKE|DEVELOP PHOTORESIST|VIA INSPECTION|HARD BAKE|DIELECTRIC ETCH VIA|STRIP RESIST|CLEAN AFTER VIA ETCH|CMP VIA FILL|DEPOSIT METAL 1|ANNEAL METAL|SPIN COAT PHOTORESIST|SOFT BAKE|ALIGN MASK LEVEL 4|EXPOSE LITHO LEVEL 4|DEVELOP PHOTORESIST|METAL PATTERN INSPECTION|METAL ETCH|STRIP PHOTORESIST|CLEAN AFTER METAL ETCH|MEASURE LINE WIDTH|DEPOSIT PASSIVATION LAYER|CURE PASSIVATION|MEASURE PASSIVATION THICKNESS|OPEN PAD WINDOW|OPEN PAD WINDOW LITHO|DEVELOP PHOTORESIST|PASSIVATION ETCH|STRIP RESIST|CLEAN PAD OPENING|MEASURE PAD OPENING|BACKSIDE CLEAN|BACKSIDE GRIND|MEASURE THICKNESS|BACKSIDE ETCH CLEAN|BACKSIDE RINSE|BACKSIDE DRY|BACKSIDE METALLIZATION PREP|DEPOSIT BACKSIDE METAL|BACKSIDE ANNEAL|MEASURE BACKSIDE CONTACT|FINAL CLEAN|FINAL THICKNESS MEASURE|FINAL GEOMETRY CHECK|FINAL CD INSPECTION|FINAL PARTICLE INSPECTION|ELECTRICAL PARAMETRIC TEST|LEAKAGE TEST|THRESHOLD VOLTAGE TEST|SWITCHING TEST|WAFER SORT TEST|YIELD ANALYSIS|LOT RELEASE|SHIP LOT,RULE_CMP_NO_DEP
anomaly_0776,MOSFET,RECEIVE WAFER LOT|LOT IDENTIFICATION|PRE CLEAN INSPECTION|MEASURE THICKNESS|PRE CLEAN WAFER|FRONTSIDE CLEAN|RCA CLEAN 1|WET CLEAN RCA2|HF DIP|DRY WAFER|SUBSTRATE CHECK|EPITAXY PREP|EPITAXIAL DEPOSITION|MEASURE EPITAXY THICKNESS|MEASURE RESISTIVITY|EPITAXY ANNEAL|WAFER SURFACE CLEAN|THERMAL OXIDATION|MEASURE OXIDE THICKNESS|SPIN COAT PHOTORESIST|SOFT BAKE|ALIGN MASK LEVEL 1|EXPOSE LITHO LEVEL 1|DEVELOP PHOTORESIST|PATTERN INSPECTION LEVEL 1|OXIDE ETCH|STRIP PHOTORESIST|CLEAN AFTER ETCH|IMPLANT WELL|PRE ANNEAL CHECK|DRIVE IN DIFFUSION|RAPID THERMAL ANNEAL|MEASURE JUNCTION DEPTH|THERMAL OXIDATION|GATE OXIDE PREP|GATE OXIDE GROWTH|MEASURE GATE OXIDE THICKNESS|DEPOSIT POLYSILICON|POLYSILICON ANNEAL|MEASURE POLY THICKNESS|SPIN COAT PHOTORESIST|SOFT BAKE|ALIGN MASK LEVEL 2|EXPOSE LITHO LEVEL 2|DEVELOP PHOTORESIST|POLY PATTERN INSPECTION|POLYSILICON ETCH|STRIP PHOTORESIST|CLEAN AFTER POLY ETCH|MEASURE GATE CD|IMPLANT SOURCE DRAIN|LIGHT ANNEAL|DEPOSIT SPACER DIELECTRIC|ANISOTROPIC ETCH SPACER|IMPLANT LDD|RAPID THERMAL ANNEAL|DEPOSIT INTERLEVEL DIELECTRIC|DENSIFY DIELECTRIC|MEASURE DIELECTRIC THICKNESS|CMP DIELECTRIC|MEASURE SURFACE PLANARITY|SPIN COAT PHOTORESIST|SOFT BAKE|ALIGN MASK LEVEL 3|EXPOSE LITHO LEVEL 3|DEVELOP PHOTORESIST|VIA OPENING INSPECTION|VIA ETCH THROUGH DIELECTRIC|STRIP PHOTORESIST|CLEAN AFTER VIA ETCH|DEPOSIT BARRIER METAL|DEPOSIT METAL SEED|FILL VIA METAL|CMP METAL|MEASURE CONTACT RESISTANCE|DEPOSIT METAL 1|ANNEAL METAL 1|SPIN COAT PHOTORESIST|SOFT BAKE|ALIGN MASK LEVEL 4|EXPOSE LITHO LEVEL 4|DEVELOP PHOTORESIST|METAL PATTERN INSPECTION|METAL ETCH|STRIP PHOTORESIST|CLEAN AFTER METAL ETCH|MEASURE LINE WIDTH|OPEN BOND PAD WINDOW|DEPOSIT PASSIVATION|CURE PASSIVATION|MEASURE PASSIVATION QUALITY|PAD WINDOW LITHO|DEVELOP PAD WINDOW|PASSIVATION ETCH|STRIP PHOTORESIST|CLEAN PAD OPENING|MEASURE PAD OPENING|BACKSIDE CLEAN|BACKSIDE GRIND|MEASURE WAFER THICKNESS|BACKSIDE ETCH CLEAN|BACKSIDE RINSE|BACKSIDE DRY|BACKSIDE METALLIZATION PREP|DEPOSIT BACKSIDE METAL|BACKSIDE ANNEAL|MEASURE BACKSIDE CONTACT|FINAL CLEAN|FINAL THICKNESS MEASURE|FINAL GEOMETRY CHECK|FINAL CD INSPECTION|FINAL PARTICLE INSPECTION|ELECTRICAL PARAMETRIC TEST|LEAKAGE TEST|THRESHOLD VOLTAGE TEST|SWITCHING TEST|WAFER SORT TEST|YIELD ANALYSIS|LOT RELEASE|SHIP LOT,RULE_PAD_OPEN_BEFORE_DEP
anomaly_0910,MOSFET,RECEIVE WAFER LOT|LOT IDENTIFICATION|PRE CLEAN INSPECTION|MEASURE THICKNESS|MEASURE SURFACE PARTICLES|PRE CLEAN WAFER|RCA CLEAN 1|WET CLEAN RCA2|HF DIP|SUBSTRATE CHECK|EPITAXY PREP|EPITAXIAL DEPOSITION|MEASURE EPITAXY THICKNESS|MEASURE RESISTIVITY|EPITAXY ANNEAL|WAFER SURFACE CLEAN|THERMAL OXIDATION|MEASURE OXIDE THICKNESS|SPIN COAT PHOTORESIST|SOFT BAKE|ALIGN MASK LEVEL 1|EXPOSE LITHO LEVEL 1|DEVELOP PHOTORESIST|PATTERN INSPECTION LEVEL 1|HARD BAKE|OXIDE ETCH|STRIP PHOTORESIST|CLEAN AFTER ETCH|MEASURE OPENING CD|IMPLANT WELL|PRE ANNEAL CHECK|DRIVE IN DIFFUSION|RAPID THERMAL ANNEAL|MEASURE JUNCTION DEPTH|THERMAL OXIDATION|GATE OXIDE PREP|GATE OXIDE GROWTH|MEASURE GATE OXIDE THICKNESS|DEPOSIT POLYSILICON|POLYSILICON ANNEAL|MEASURE POLY THICKNESS|SPIN COAT PHOTORESIST|SOFT BAKE|ALIGN MASK LEVEL 2|EXPOSE LITHO LEVEL 2|DEVELOP PHOTORESIST|POLY PATTERN INSPECTION|POLYSILICON ETCH|STRIP RESIST|CLEAN AFTER POLY ETCH|IMPLANT SOURCE DRAIN|LIGHT ANNEAL|MEASURE SHEET RESISTANCE|DEPOSIT SPACER DIELECTRIC|ANISOTROPIC ETCH SPACER|MEASURE SPACER WIDTH|IMPLANT LDD|RAPID THERMAL ANNEAL|MEASURE JUNCTION PROFILE|DEPOSIT INTERLEVEL DIELECTRIC|DENSIFY DIELECTRIC|MEASURE FILM THICKNESS|CMP DIELECTRIC|MEASURE SURFACE PLANARITY|SPIN COAT PHOTORESIST|SOFT BAKE|ALIGN MASK LEVEL 3|EXPOSE LITHO LEVEL 3|DEVELOP PHOTORESIST|VIA OPENING INSPECTION|DIELECTRIC ETCH VIA|STRIP RESIST|CLEAN AFTER VIA ETCH|DEPOSIT BARRIER METAL|DEPOSIT METAL SEED|FILL VIA METAL|CMP VIA FILL|MEASURE CONTACT RESISTANCE|DEPOSIT TOP METAL|ANNEAL METAL 1|MEASURE METAL THICKNESS|SPIN COAT PHOTORESIST|SOFT BAKE|ALIGN MASK LEVEL 4|DEVELOP PHOTORESIST|METAL PATTERN INSPECTION|METAL ETCH|STRIP RESIST|CLEAN AFTER METAL ETCH|MEASURE LINE WIDTH|DEPOSIT PASSIVATION|CURE PASSIVATION|MEASURE PASSIVATION THICKNESS|OPEN PAD WINDOW|OPEN PAD WINDOW LITHO|DEVELOP PAD WINDOW|PASSIVATION ETCH PAD OPENING|STRIP PHOTORESIST|CLEAN PAD OPENING|MEASURE PAD OPENING|BACKSIDE CLEAN|BACKSIDE GRIND|MEASURE THICKNESS|BACKSIDE ETCH CLEAN|BACKSIDE RINSE|BACKSIDE DRY|BACKSIDE METALLIZATION PREP|DEPOSIT BACKSIDE METAL|BACKSIDE ANNEAL|MEASURE BACKSIDE CONTACT|FINAL CLEAN|FINAL THICKNESS MEASURE|FINAL GEOMETRY CHECK|PARAMETRIC TEST|LEAKAGE TEST|THRESHOLD VOLTAGE TEST|SWITCHING TEST|WAFER SORT TEST|YIELD ANALYSIS|FINAL LOT RELEASE|SHIP LOT,RULE_METAL_ETCH_NO_LITHO
anomaly_0925,IGBT,RECEIVE WAFER LOT|LOT IDENTIFICATION|PRE CLEAN INSPECTION|MEASURE INITIAL THICKNESS|PRE CLEAN WAFER|BACKSIDE CLEAN|FRONTSIDE CLEAN|RCA CLEAN 1|RCA CLEAN 2|HF DIP|EPITAXIAL WAFER CHECK|MEASURE EPITAXY THICKNESS|MEASURE RESISTIVITY|EPITAXIAL LAYER PREP|THERMAL OXIDATION|MEASURE OXIDE THICKNESS|SPIN COAT PHOTORESIST|SOFT BAKE|ALIGN MASK LEVEL 1|EXPOSE LITHO LEVEL 1|DEVELOP PHOTORESIST|INSPECT PATTERN LEVEL 1|HARD BAKE|OXIDE ETCH DRY|STRIP PHOTORESIST|CLEAN AFTER OXIDE ETCH|MEASURE OPENING CD|IMPLANT P BODY|PRE ANNEAL CHECK|DRIVE IN DIFFUSION|RAPID THERMAL ANNEAL|THERMAL OXIDATION|SPIN COAT PHOTORESIST|SOFT BAKE|ALIGN MASK LEVEL 2|EXPOSE LITHO LEVEL 2|DEVELOP PHOTORESIST|P BODY WINDOW INSPECTION|HARD BAKE|ETCH SILICON OR OXIDE WINDOW|STRIP RESIST|CLEAN AFTER WINDOW ETCH|MEASURE WINDOW CD|IMPLANT N BUFFER|PRE ANNEAL CHECK|RAPID THERMAL ANNEAL|MEASURE SHEET RESISTANCE|EPITAXIAL REWORK CHECK|DEPOSIT FIELD OXIDE|DENSIFY OXIDE|MEASURE FILM THICKNESS|SPIN COAT PHOTORESIST|SOFT BAKE|ALIGN MASK LEVEL 3|EXPOSE LITHO LEVEL 3|POST EXPOSE BAKE|DEVELOP PHOTORESIST|FIELD PATTERN INSPECTION|FIELD OXIDE ETCH|STRIP PHOTORESIST|CLEAN AFTER FIELD ETCH|MEASURE SURFACE UNIFORMITY|IMPLANT SOURCE REGION|IMPLANT DRAIN / CATHODE REGION|PRE ANNEAL CHECK|RAPID THERMAL ANNEAL|DEPOSIT GATE OXIDE OR DIELECTRIC|ANNEAL DIELECTRIC|DEPOSIT POLYSILICON|POLYSILICON ANNEAL|MEASURE POLY THICKNESS|SPIN COAT PHOTORESIST|SOFT BAKE|ALIGN MASK LEVEL 4|EXPOSE LITHO LEVEL 4|DEVELOP PHOTORESIST|POLY PATTERN INSPECTION|POLYSILICON ETCH DRY|STRIP PHOTORESIST|CLEAN AFTER POLY ETCH|IMPLANT CHANNEL STOP|PRE ANNEAL CHECK|RAPID THERMAL ANNEAL|DEPOSIT INTERLEVEL DIELECTRIC|DENSIFY DIELECTRIC|MEASURE FILM THICKNESS|CMP DIELECTRIC|MEASURE PLANARITY|SPIN COAT PHOTORESIST|SOFT BAKE|ALIGN MASK LEVEL 5|EXPOSE LITHO LEVEL 5|DEVELOP PHOTORESIST|VIA INSPECTION|HARD BAKE|VIA ETCH THROUGH DIELECTRIC|STRIP RESIST|CLEAN AFTER VIA ETCH|MEASURE VIA CD|DEPOSIT BARRIER METAL|DEPOSIT METAL SEED|FILL VIA METAL|CMP METAL|MEASURE VIA RESISTANCE|DEPOSIT TOP METAL|ANNEAL METAL 1|MEASURE METAL THICKNESS|SPIN COAT PHOTORESIST|SOFT BAKE|ALIGN MASK LEVEL 6|POST EXPOSE BAKE|DEVELOP PHOTORESIST|METAL PATTERN INSPECTION|HARD BAKE|METAL ETCH DRY|STRIP PHOTORESIST|CLEAN AFTER METAL ETCH|MEASURE LINE WIDTH|DEPOSIT PASSIVATION LAYER|CURE PASSIVATION|MEASURE PASSIVATION QUALITY|OPEN PAD WINDOW|OPEN PAD WINDOW LITHO|DEVELOP PAD WINDOW|PASSIVATION ETCH PAD OPENING|STRIP RESIST|CLEAN PAD OPENING|MEASURE PAD OPENING|BACKSIDE GRIND|MEASURE THICKNESS|BACKSIDE ETCH CLEAN|BACKSIDE RINSE|BACKSIDE DRY|BACKSIDE METALLIZATION PREP|DEPOSIT BACKSIDE METAL|BACKSIDE ANNEAL|MEASURE BACKSIDE CONTACT|FINAL CLEAN|FINAL THICKNESS MEASURE|FINAL GEOMETRY CHECK|PARAMETRIC TEST|LEAKAGE TEST|BREAKDOWN VOLTAGE TEST|SWITCHING TEST|YIELD ANALYSIS|WAFER SORT TEST|FINAL LOT RELEASE|SHIP LOT,RULE_METAL_ETCH_NO_LITHO
anomaly_0701,IC,RECEIVE WAFER LOT|LOT IDENTIFICATION|INITIAL WAFER INSPECTION|MEASURE INITIAL THICKNESS|WAFER CLEAN PRE PROCESS|FRONTSIDE CLEAN|RCA CLEAN 1|RCA CLEAN 2|HF DIP|DRY WAFER|WAFER CLEAN PRE-GRIND|GRINDING WAFER BACKSIDE|MEASURE GEOMETRY|ETCH WET BACKSIDE|RINSE WET WAFER_EDGE|DRY WAFER BACKSIDE|BACKSIDE CLEAN|MEASURE BACKSIDE ROUGHNESS|THERMAL OXIDATION|MEASURE OXIDE THICKNESS|WET CLEAN RCA1|WET CLEAN RCA2|HF DIP|OXIDE STRIP|SURFACE PREP FOR DEPOSITION|DEPOSIT PAD OXIDE|ANNEAL OXIDE|MEASURE OXIDE THICKNESS|SPIN COAT PHOTORESIST|SOFT BAKE|ALIGN MASK LEVEL 1|EXPOSE LITHO LEVEL 1|INSPECT PATTERN LEVEL 1|HARD BAKE|OXIDE ETCH DRY|STRIP PHOTORESIST|CLEAN AFTER ETCH|DEPOSIT POLYSILICON|ANNEAL POLYSILICON|SPIN COAT PHOTORESIST|SOFT BAKE|ALIGN MASK LEVEL 2|EXPOSE LITHO LEVEL 2|DEVELOP PHOTORESIST|PATTERN INSPECTION LEVEL 2|HARD BAKE|POLYSILICON ETCH DRY|STRIP RESIST LEVEL 2|CLEAN AFTER POLY ETCH|IMPLANT N-TYPE|PRE ANNEAL CHECK|RAPID THERMAL ANNEAL|MEASURE SHEET RESISTANCE|DEPOSIT INTERLEVEL DIELECTRIC|DENSIFY OXIDE|MEASURE DIELECTRIC THICKNESS|CMP INTERLAYER DIELECTRIC|MEASURE PLANARITY|SPIN COAT PHOTORESIST|SOFT BAKE|ALIGN MASK LEVEL 3|EXPOSE LITHO LEVEL 3|DEVELOP PHOTORESIST|VIA INSPECTION|VIA ETCH|STRIP RESIST|CLEAN AFTER VIA ETCH|MEASURE VIA CD|DEPOSIT BARRIER METAL|DEPOSIT TUNGSTEN SEED|FILL VIA TUNGSTEN|CMP METAL|MEASURE CONTACT RESISTANCE|DEPOSIT TOP METAL|ANNEAL METAL|MEASURE METAL THICKNESS|SPIN COAT PHOTORESIST|SOFT BAKE|ALIGN MASK LEVEL 4|EXPOSE LITHO LEVEL 4|DEVELOP PHOTORESIST|METAL PATTERN INSPECTION|METAL ETCH DRY|STRIP RESIST|CLEAN AFTER METAL ETCH|MEASURE LINE WIDTH|DEPOSIT PASSIVATION|CURE PASSIVATION|MEASURE PASSIVATION QUALITY|OPEN PAD WINDOW|OPEN PAD WINDOW LITHO|DEVELOP PHOTORESIST|PASSIVATION ETCH|STRIP PHOTORESIST|CLEAN PAD OPENING|MEASURE PAD OPENING|BACKSIDE CLEAN FINAL|DEPOSIT BACKSIDE PROTECTION|BACKSIDE ANNEAL|FRONTSIDE CLEAN FINAL|FINAL CLEAN|FINAL THICKNESS MEASURE|FINAL GEOMETRY CHECK|FINAL OXIDE CHECK|FINAL CD INSPECTION|FINAL PARTICLE INSPECTION|ELECTRICAL PARAMETRIC TEST|LEAKAGE TEST|PARAMETRIC TEST|SWITCHING TEST|WAFER SORT TEST|YIELD ANALYSIS|LOT RELEASE|PACKAGE PREPARATION|SHIP LOT,RULE_ETCH_NO_MASK
anomaly_0440,IGBT,RECEIVE WAFER LOT|LOT IDENTIFICATION|PRE CLEAN INSPECTION|MEASURE SURFACE PARTICLES|PRE CLEAN WAFER|BACKSIDE CLEAN|FRONTSIDE CLEAN|WET CLEAN RCA1|RCA CLEAN 2|HF DIP|EPITAXIAL WAFER CHECK|MEASURE EPITAXY THICKNESS|MEASURE RESISTIVITY|EPITAXIAL REWORK CHECK|EPITAXIAL LAYER PREP|THERMAL OXIDATION|MEASURE OXIDE THICKNESS|SPIN COAT PHOTORESIST|SOFT BAKE|ALIGN MASK LEVEL 1|EXPOSE LITHO LEVEL 1|DEVELOP PHOTORESIST|INSPECT PATTERN LEVEL 1|OXIDE ETCH DRY|STRIP PHOTORESIST|MEASURE OPENING CD|IMPLANT P BODY|PRE ANNEAL CHECK|DRIVE IN DIFFUSION|MEASURE JUNCTION DEPTH|THERMAL OXIDATION|SPIN COAT PHOTORESIST|SOFT BAKE|ALIGN MASK LEVEL 2|EXPOSE LITHO LEVEL 2|DEVELOP PHOTORESIST|P BODY WINDOW INSPECTION|HARD BAKE|ETCH SILICON OR OXIDE WINDOW|STRIP PHOTORESIST|CLEAN AFTER WINDOW ETCH|MEASURE WINDOW CD|IMPLANT N BUFFER|RAPID THERMAL ANNEAL|MEASURE SHEET RESISTANCE|DEPOSIT FIELD OXIDE|DENSIFY OXIDE|MEASURE FILM THICKNESS|SPIN COAT PHOTORESIST|SOFT BAKE|ALIGN MASK LEVEL 3|EXPOSE LITHO LEVEL 3|DEVELOP PHOTORESIST|FIELD PATTERN INSPECTION|FIELD OXIDE ETCH|STRIP PHOTORESIST|CLEAN AFTER FIELD ETCH|MEASURE SURFACE UNIFORMITY|IMPLANT SOURCE REGION|IMPLANT DRAIN / CATHODE REGION|PRE ANNEAL CHECK|RAPID THERMAL ANNEAL|MEASURE SHEET RESISTANCE|DEPOSIT GATE OXIDE OR DIELECTRIC|ANNEAL DIELECTRIC|MEASURE OXIDE QUALITY|DEPOSIT POLYSILICON|POLYSILICON ANNEAL|MEASURE POLY THICKNESS|SPIN COAT PHOTORESIST|SOFT BAKE|ALIGN MASK LEVEL 4|EXPOSE LITHO LEVEL 4|DEVELOP PHOTORESIST|POLY PATTERN INSPECTION|POLYSILICON ETCH DRY|STRIP RESIST|CLEAN AFTER POLY ETCH|IMPLANT CHANNEL STOP|RAPID THERMAL ANNEAL|MEASURE DEVICE PARAMETER|DEPOSIT INTERLEVEL DIELECTRIC|DENSIFY DIELECTRIC|MEASURE DIELECTRIC THICKNESS|CMP INTERLAYER DIELECTRIC|MEASURE SURFACE PLANARITY|SPIN COAT PHOTORESIST|SOFT BAKE|ALIGN MASK LEVEL 5|EXPOSE LITHO LEVEL 5|DEVELOP PHOTORESIST|VIA INSPECTION|HARD BAKE|VIA ETCH|STRIP PHOTORESIST|CLEAN AFTER VIA ETCH|MEASURE VIA CD|DEPOSIT BARRIER METAL|DEPOSIT METAL SEED|FILL VIA METAL|CMP VIA FILL|DEPOSIT METAL 1|ANNEAL METAL 1|SPIN COAT PHOTORESIST|SOFT BAKE|ALIGN MASK LEVEL 6|EXPOSE LITHO LEVEL 6|POST EXPOSE BAKE|DEVELOP PHOTORESIST|METAL PATTERN INSPECTION|HARD BAKE|METAL ETCH DRY|STRIP RESIST|CLEAN AFTER METAL ETCH|MEASURE LINE WIDTH|DEPOSIT PASSIVATION|CURE PASSIVATION|MEASURE PASSIVATION THICKNESS|OPEN PAD WINDOW|PAD WINDOW LITHO|DEVELOP PAD WINDOW|PASSIVATION ETCH PAD OPENING|STRIP PHOTORESIST|CLEAN PAD OPENING|MEASURE PAD OPENING|BACKSIDE GRIND|MEASURE THICKNESS|BACKSIDE ETCH CLEAN|BACKSIDE RINSE|BACKSIDE DRY|BACKSIDE METALLIZATION PREP|DEPOSIT BACKSIDE METAL|BACKSIDE ANNEAL|MEASURE BACKSIDE CONTACT|FINAL CLEAN|FINAL THICKNESS MEASURE|FINAL GEOMETRY CHECK|FINAL PARTICLE INSPECTION|ELECTRICAL PARAMETRIC TEST|LEAKAGE TEST|BREAKDOWN VOLTAGE TEST|SWITCHING TEST|YIELD ANALYSIS|WAFER SORT TEST|FINAL LOT RELEASE|SHIP LOT,RULE_DEP_NO_CLEAN
anomaly_0767,IGBT,RECEIVE WAFER LOT|LOT IDENTIFICATION|INITIAL WAFER INSPECTION|MEASURE INITIAL THICKNESS|PRE CLEAN WAFER|BACKSIDE CLEAN|FRONTSIDE CLEAN|RCA CLEAN 1|WET CLEAN RCA2|HF DIP|DRY WAFER|EPITAXIAL WAFER CHECK|MEASURE EPITAXY THICKNESS|MEASURE RESISTIVITY|EPITAXIAL REWORK CHECK|EPITAXIAL LAYER PREP|THERMAL OXIDATION|MEASURE OXIDE THICKNESS|SPIN COAT PHOTORESIST|SOFT BAKE|ALIGN MASK LEVEL 1|EXPOSE LITHO LEVEL 1|POST EXPOSE BAKE|DEVELOP PHOTORESIST|INSPECT PATTERN LEVEL 1|OXIDE ETCH DRY|STRIP PHOTORESIST|CLEAN AFTER OXIDE ETCH|MEASURE OPENING CD|IMPLANT P BODY|DRIVE IN DIFFUSION|RAPID THERMAL ANNEAL|MEASURE JUNCTION DEPTH|THERMAL OXIDATION|SPIN COAT PHOTORESIST|SOFT BAKE|ALIGN MASK LEVEL 2|EXPOSE LITHO LEVEL 2|DEVELOP PHOTORESIST|P BODY WINDOW INSPECTION|ETCH SILICON OR OXIDE WINDOW|STRIP PHOTORESIST|CLEAN AFTER WINDOW ETCH|MEASURE WINDOW CD|IMPLANT N BUFFER|RAPID THERMAL ANNEAL|MEASURE SHEET RESISTANCE|DEPOSIT FIELD OXIDE|DENSIFY OXIDE|SPIN COAT PHOTORESIST|SOFT BAKE|ALIGN MASK LEVEL 3|EXPOSE LITHO LEVEL 3|DEVELOP PHOTORESIST|FIELD PATTERN INSPECTION|HARD BAKE|FIELD OXIDE ETCH|STRIP PHOTORESIST|CLEAN AFTER FIELD ETCH|IMPLANT SOURCE REGION|IMPLANT DRAIN / CATHODE REGION|RAPID THERMAL ANNEAL|MEASURE SHEET RESISTANCE|DEPOSIT GATE OXIDE OR DIELECTRIC|ANNEAL DIELECTRIC|MEASURE OXIDE QUALITY|DEPOSIT POLYSILICON|POLYSILICON ANNEAL|MEASURE POLY THICKNESS|SPIN COAT PHOTORESIST|SOFT BAKE|ALIGN MASK LEVEL 4|EXPOSE LITHO LEVEL 4|DEVELOP PHOTORESIST|POLY PATTERN INSPECTION|POLYSILICON ETCH DRY|STRIP RESIST|CLEAN AFTER POLY ETCH|MEASURE GATE CD|IMPLANT CHANNEL STOP|PRE ANNEAL CHECK|RAPID THERMAL ANNEAL|MEASURE DEVICE PARAMETER|DEPOSIT INTERLEVEL DIELECTRIC|DENSIFY OXIDE|MEASURE FILM THICKNESS|CMP DIELECTRIC|MEASURE PLANARITY|SPIN COAT PHOTORESIST|SOFT BAKE|ALIGN MASK LEVEL 5|EXPOSE LITHO LEVEL 5|DEVELOP PHOTORESIST|VIA INSPECTION|HARD BAKE|VIA ETCH|STRIP PHOTORESIST|CLEAN AFTER VIA ETCH|MEASURE VIA CD|DEPOSIT BARRIER METAL|DEPOSIT METAL SEED|FILL VIA METAL|CMP VIA FILL|MEASURE VIA RESISTANCE|DEPOSIT METAL 1|ANNEAL METAL|SPIN COAT PHOTORESIST|SOFT BAKE|ALIGN MASK LEVEL 6|EXPOSE LITHO LEVEL 6|POST EXPOSE BAKE|DEVELOP PHOTORESIST|METAL PATTERN INSPECTION|METAL ETCH DRY|STRIP PHOTORESIST|CLEAN AFTER METAL ETCH|MEASURE LINE WIDTH|DEPOSIT PASSIVATION|CURE PASSIVATION|MEASURE PASSIVATION THICKNESS|OPEN PAD WINDOW|OPEN PAD WINDOW LITHO|DEVELOP PAD WINDOW|PASSIVATION ETCH PAD OPENING|STRIP PHOTORESIST|CLEAN PAD OPENING|MEASURE PAD OPENING|BACKSIDE GRIND|MEASURE THICKNESS|BACKSIDE ETCH CLEAN|BACKSIDE RINSE|BACKSIDE DRY|BACKSIDE METALLIZATION PREP|DEPOSIT BACKSIDE METAL|BACKSIDE ANNEAL|MEASURE BACKSIDE CONTACT|FINAL CLEAN|FINAL THICKNESS MEASURE|FINAL GEOMETRY CHECK|FINAL PARTICLE INSPECTION|ELECTRICAL PARAMETRIC TEST|LEAKAGE TEST|BREAKDOWN VOLTAGE TEST|SWITCHING TEST|SHIP LOT|YIELD ANALYSIS|FINAL LOT RELEASE|WAFER SORT TEST,RULE_SHIP_BEFORE_TEST
anomaly_0447,IC,RECEIVE WAFER LOT|LOT IDENTIFICATION|INITIAL WAFER INSPECTION|MEASURE INITIAL GEOMETRY|MEASURE SURFACE DEFECTS|WAFER CLEAN PRE PROCESS|WET CLEAN RCA1|RCA CLEAN 2|HF DIP|WAFER CLEAN PRE-GRIND|GRINDING WAFER BACKSIDE|MEASURE GEOMETRY|ETCH WET BACKSIDE|RINSE WET WAFER_EDGE|DRY WAFER BACKSIDE|BACKSIDE CLEAN|MEASURE BACKSIDE ROUGHNESS|THERMAL OXIDATION|MEASURE OXIDE THICKNESS|RCA CLEAN 1|RCA CLEAN 2|HF DIP|OXIDE STRIP|SURFACE PREP FOR DEPOSITION|DEPOSIT PAD OXIDE|ANNEAL OXIDE|MEASURE OXIDE THICKNESS|SPIN COAT PHOTORESIST|SOFT BAKE|ALIGN MASK LEVEL 1|EXPOSE LITHO LEVEL 1|POST EXPOSE BAKE|DEVELOP PHOTORESIST|INSPECT PATTERN LEVEL 1|HARD BAKE|OXIDE ETCH DRY|STRIP RESIST|CLEAN AFTER ETCH|MEASURE CD LEVEL 1|DEPOSIT POLYSILICON|ANNEAL POLYSILICON|SPIN COAT PHOTORESIST|SOFT BAKE|ALIGN MASK LEVEL 2|EXPOSE LITHO LEVEL 2|POST EXPOSE BAKE|DEVELOP PHOTORESIST|PATTERN INSPECTION LEVEL 2|HARD BAKE|POLYSILICON ETCH DRY|STRIP RESIST LEVEL 2|CLEAN AFTER POLY ETCH|IMPLANT N-TYPE|RAPID THERMAL ANNEAL|DEPOSIT INTERLAYER DIELECTRIC|DENSIFY OXIDE|MEASURE FILM THICKNESS|CMP DIELECTRIC|MEASURE PLANARITY|SPIN COAT PHOTORESIST|SOFT BAKE|ALIGN MASK LEVEL 3|EXPOSE LITHO LEVEL 3|VIA OPENING INSPECTION|VIA ETCH|STRIP PHOTORESIST|CLEAN AFTER VIA ETCH|MEASURE VIA CD|DEPOSIT BARRIER METAL|DEPOSIT TUNGSTEN SEED|FILL VIA TUNGSTEN|CMP VIA FILL|MEASURE CONTACT RESISTANCE|DEPOSIT METAL 1|ANNEAL METAL 1|MEASURE METAL THICKNESS|SPIN COAT PHOTORESIST|SOFT BAKE|ALIGN MASK LEVEL 4|EXPOSE LITHO LEVEL 4|DEVELOP PHOTORESIST|METAL PATTERN INSPECTION|METAL ETCH DRY|STRIP PHOTORESIST|CLEAN AFTER METAL ETCH|DEPOSIT PASSIVATION LAYER|CURE PASSIVATION|MEASURE PASSIVATION QUALITY|OPEN PAD WINDOW|PAD WINDOW LITHO|DEVELOP PHOTORESIST|PASSIVATION ETCH|STRIP RESIST|CLEAN PAD OPENING|MEASURE PAD OPENING|BACKSIDE CLEAN FINAL|DEPOSIT BACKSIDE PROTECTION|BACKSIDE ANNEAL|FINAL CLEAN|FINAL THICKNESS MEASURE|FINAL GEOMETRY CHECK|FINAL CD INSPECTION|ELECTRICAL PARAMETRIC TEST|LEAKAGE TEST|PARAMETRIC TEST|SWITCHING TEST|WAFER SORT TEST|YIELD ANALYSIS|FINAL LOT RELEASE|PACKAGE PREPARATION|SHIP LOT,RULE_ETCH_NO_MASK
anomaly_0679,IGBT,RECEIVE WAFER LOT|LOT IDENTIFICATION|PRE CLEAN INSPECTION|MEASURE INITIAL THICKNESS|MEASURE SURFACE PARTICLES|PRE CLEAN WAFER|BACKSIDE CLEAN|FRONTSIDE CLEAN|WET CLEAN RCA1|WET CLEAN RCA2|HF DIP|DRY WAFER|EPITAXIAL WAFER CHECK|MEASURE EPITAXY THICKNESS|MEASURE RESISTIVITY|EPITAXIAL LAYER PREP|THERMAL OXIDATION|MEASURE OXIDE THICKNESS|SPIN COAT PHOTORESIST|SOFT BAKE|ALIGN MASK LEVEL 1|EXPOSE LITHO LEVEL 1|DEVELOP PHOTORESIST|INSPECT PATTERN LEVEL 1|OXIDE ETCH DRY|STRIP PHOTORESIST|CLEAN AFTER OXIDE ETCH|MEASURE OPENING CD|IMPLANT P BODY|PRE ANNEAL CHECK|DRIVE IN DIFFUSION|RAPID THERMAL ANNEAL|MEASURE JUNCTION DEPTH|THERMAL OXIDATION|SPIN COAT PHOTORESIST|SOFT BAKE|ALIGN MASK LEVEL 2|EXPOSE LITHO LEVEL 2|POST EXPOSE BAKE|DEVELOP PHOTORESIST|P BODY WINDOW INSPECTION|ETCH SILICON OR OXIDE WINDOW|STRIP RESIST|CLEAN AFTER WINDOW ETCH|IMPLANT N BUFFER|PRE ANNEAL CHECK|RAPID THERMAL ANNEAL|MEASURE SHEET RESISTANCE|EPITAXIAL REWORK CHECK|DEPOSIT FIELD OXIDE|DENSIFY OXIDE|SPIN COAT PHOTORESIST|SOFT BAKE|ALIGN MASK LEVEL 3|EXPOSE LITHO LEVEL 3|POST EXPOSE BAKE|DEVELOP PHOTORESIST|FIELD PATTERN INSPECTION|FIELD OXIDE ETCH|STRIP PHOTORESIST|CLEAN AFTER FIELD ETCH|IMPLANT SOURCE REGION|IMPLANT DRAIN / CATHODE REGION|RAPID THERMAL ANNEAL|MEASURE SHEET RESISTANCE|DEPOSIT GATE OXIDE OR DIELECTRIC|ANNEAL DIELECTRIC|MEASURE OXIDE QUALITY|DEPOSIT POLYSILICON|POLYSILICON ANNEAL|MEASURE POLY THICKNESS|SPIN COAT PHOTORESIST|SOFT BAKE|ALIGN MASK LEVEL 4|EXPOSE LITHO LEVEL 4|DEVELOP PHOTORESIST|POLY PATTERN INSPECTION|POLYSILICON ETCH DRY|STRIP PHOTORESIST|CLEAN AFTER POLY ETCH|MEASURE GATE CD|IMPLANT CHANNEL STOP|RAPID THERMAL ANNEAL|MEASURE DEVICE PARAMETER|DEPOSIT INTERLEVEL DIELECTRIC|DENSIFY OXIDE|MEASURE FILM THICKNESS|CMP DIELECTRIC|MEASURE PLANARITY|SPIN COAT PHOTORESIST|SOFT BAKE|ALIGN MASK LEVEL 5|EXPOSE LITHO LEVEL 5|DEVELOP PHOTORESIST|VIA INSPECTION|DIELECTRIC ETCH VIA|STRIP RESIST|CLEAN AFTER VIA ETCH|CMP VIA FILL|MEASURE VIA RESISTANCE|DEPOSIT METAL 1|ANNEAL METAL|MEASURE METAL THICKNESS|SPIN COAT PHOTORESIST|SOFT BAKE|ALIGN MASK LEVEL 6|EXPOSE LITHO LEVEL 6|POST EXPOSE BAKE|DEVELOP PHOTORESIST|METAL PATTERN INSPECTION|METAL ETCH DRY|STRIP PHOTORESIST|CLEAN AFTER METAL ETCH|DEPOSIT PASSIVATION LAYER|CURE PASSIVATION|MEASURE PASSIVATION THICKNESS|OPEN PAD WINDOW|PAD WINDOW LITHO|DEVELOP PAD WINDOW|PASSIVATION ETCH PAD OPENING|STRIP PHOTORESIST|CLEAN PAD OPENING|MEASURE PAD OPENING|BACKSIDE GRIND|MEASURE WAFER THICKNESS|BACKSIDE ETCH CLEAN|BACKSIDE RINSE|BACKSIDE DRY|BACKSIDE METALLIZATION PREP|DEPOSIT BACKSIDE METAL|BACKSIDE ANNEAL|MEASURE BACKSIDE CONTACT|FINAL CLEAN|FINAL THICKNESS MEASURE|FINAL GEOMETRY CHECK|FINAL PARTICLE INSPECTION|PARAMETRIC TEST|LEAKAGE TEST|BREAKDOWN VOLTAGE TEST|SWITCHING TEST|YIELD ANALYSIS|WAFER SORT TEST|LOT RELEASE|SHIP LOT,RULE_CMP_NO_DEP
anomaly_0341,IGBT,RECEIVE WAFER LOT|LOT IDENTIFICATION|PRE CLEAN INSPECTION|MEASURE INITIAL THICKNESS|MEASURE SURFACE PARTICLES|PRE CLEAN WAFER|BACKSIDE CLEAN|FRONTSIDE CLEAN|RCA CLEAN 1|RCA CLEAN 2|HF DIP|EPITAXIAL WAFER CHECK|MEASURE EPITAXY THICKNESS|MEASURE RESISTIVITY|EPITAXIAL REWORK CHECK|EPITAXIAL LAYER PREP|THERMAL OXIDATION|MEASURE OXIDE THICKNESS|SPIN COAT PHOTORESIST|SOFT BAKE|ALIGN MASK LEVEL 1|EXPOSE LITHO LEVEL 1|DEVELOP PHOTORESIST|INSPECT PATTERN LEVEL 1|HARD BAKE|OXIDE ETCH DRY|STRIP RESIST|CLEAN AFTER OXIDE ETCH|IMPLANT P BODY|PRE ANNEAL CHECK|DRIVE IN DIFFUSION|RAPID THERMAL ANNEAL|MEASURE JUNCTION DEPTH|THERMAL OXIDATION|SPIN COAT PHOTORESIST|SOFT BAKE|ALIGN MASK LEVEL 2|EXPOSE LITHO LEVEL 2|DEVELOP PHOTORESIST|P BODY WINDOW INSPECTION|ETCH SILICON OR OXIDE WINDOW|STRIP RESIST|CLEAN AFTER WINDOW ETCH|MEASURE WINDOW CD|IMPLANT N BUFFER|PRE ANNEAL CHECK|RAPID THERMAL ANNEAL|MEASURE SHEET RESISTANCE|EPITAXIAL REWORK CHECK|DEPOSIT FIELD OXIDE|DENSIFY OXIDE|SPIN COAT PHOTORESIST|SOFT BAKE|ALIGN MASK LEVEL 3|EXPOSE LITHO LEVEL 3|DEVELOP PHOTORESIST|FIELD PATTERN INSPECTION|FIELD OXIDE ETCH|STRIP PHOTORESIST|CLEAN AFTER FIELD ETCH|MEASURE SURFACE UNIFORMITY|IMPLANT SOURCE REGION|IMPLANT DRAIN / CATHODE REGION|RAPID THERMAL ANNEAL|DEPOSIT GATE OXIDE OR DIELECTRIC|ANNEAL DIELECTRIC|MEASURE OXIDE QUALITY|DEPOSIT POLYSILICON|POLYSILICON ANNEAL|SPIN COAT PHOTORESIST|SOFT BAKE|ALIGN MASK LEVEL 4|EXPOSE LITHO LEVEL 4|POST EXPOSE BAKE|DEVELOP PHOTORESIST|POLY PATTERN INSPECTION|HARD BAKE|POLYSILICON ETCH DRY|STRIP PHOTORESIST|CLEAN AFTER POLY ETCH|IMPLANT CHANNEL STOP|RAPID THERMAL ANNEAL|DEPOSIT INTERLAYER DIELECTRIC|DENSIFY OXIDE|MEASURE DIELECTRIC THICKNESS|CMP INTERLAYER DIELECTRIC|MEASURE SURFACE PLANARITY|SPIN COAT PHOTORESIST|SOFT BAKE|ALIGN MASK LEVEL 5|EXPOSE LITHO LEVEL 5|POST EXPOSE BAKE|DEVELOP PHOTORESIST|VIA INSPECTION|VIA ETCH THROUGH DIELECTRIC|STRIP RESIST|CLEAN AFTER VIA ETCH|MEASURE VIA CD|DEPOSIT BARRIER METAL|DEPOSIT METAL SEED|FILL VIA METAL|CMP VIA FILL|MEASURE CONTACT RESISTANCE|DEPOSIT TOP METAL|ANNEAL METAL 1|SPIN COAT PHOTORESIST|SOFT BAKE|ALIGN MASK LEVEL 6|EXPOSE LITHO LEVEL 6|DEVELOP PHOTORESIST|METAL PATTERN INSPECTION|HARD BAKE|METAL ETCH DRY|STRIP RESIST|MEASURE LINE WIDTH|DEPOSIT PASSIVATION LAYER|CURE PASSIVATION|MEASURE PASSIVATION THICKNESS|OPEN PAD WINDOW|OPEN PAD WINDOW LITHO|DEVELOP PHOTORESIST|PASSIVATION ETCH|STRIP RESIST|CLEAN PAD OPENING|MEASURE PAD OPENING|BACKSIDE GRIND|MEASURE WAFER THICKNESS|BACKSIDE ETCH CLEAN|BACKSIDE RINSE|BACKSIDE DRY|BACKSIDE METALLIZATION PREP|DEPOSIT BACKSIDE METAL|BACKSIDE ANNEAL|MEASURE BACKSIDE CONTACT|FINAL CLEAN|FINAL THICKNESS MEASURE|FINAL CD INSPECTION|FINAL PARTICLE INSPECTION|PARAMETRIC TEST|LEAKAGE TEST|BREAKDOWN VOLTAGE TEST|SWITCHING TEST|WAFER SORT TEST|YIELD ANALYSIS|LOT RELEASE|SHIP LOT,RULE_DEP_NO_CLEAN
anomaly_0642,MOSFET,RECEIVE WAFER LOT|LOT IDENTIFICATION|PRE CLEAN INSPECTION|MEASURE THICKNESS|MEASURE SURFACE PARTICLES|PRE CLEAN WAFER|BACKSIDE CLEAN|RCA CLEAN 1|WET CLEAN RCA2|HF DIP|SUBSTRATE CHECK|EPITAXY PREP|EPITAXIAL DEPOSITION|MEASURE EPITAXY THICKNESS|MEASURE RESISTIVITY|EPITAXY ANNEAL|WAFER SURFACE CLEAN|THERMAL OXIDATION|MEASURE OXIDE THICKNESS|SPIN COAT PHOTORESIST|SOFT BAKE|ALIGN MASK LEVEL 1|EXPOSE LITHO LEVEL 1|DEVELOP PHOTORESIST|PATTERN INSPECTION LEVEL 1|OXIDE ETCH|STRIP PHOTORESIST|CLEAN AFTER ETCH|MEASURE OPENING CD|IMPLANT WELL|PRE ANNEAL CHECK|DRIVE IN DIFFUSION|RAPID THERMAL ANNEAL|MEASURE JUNCTION DEPTH|THERMAL OXIDATION|GATE OXIDE PREP|GATE OXIDE GROWTH|MEASURE GATE OXIDE THICKNESS|DEPOSIT POLYSILICON|POLYSILICON ANNEAL|MEASURE POLY THICKNESS|SPIN COAT PHOTORESIST|SOFT BAKE|ALIGN MASK LEVEL 2|EXPOSE LITHO LEVEL 2|POST EXPOSE BAKE|DEVELOP PHOTORESIST|POLY PATTERN INSPECTION|HARD BAKE|POLYSILICON ETCH|STRIP RESIST|CLEAN AFTER POLY ETCH|MEASURE GATE CD|IMPLANT SOURCE DRAIN|PRE ANNEAL CHECK|LIGHT ANNEAL|MEASURE SHEET RESISTANCE|DEPOSIT SPACER DIELECTRIC|ANISOTROPIC ETCH SPACER|MEASURE SPACER WIDTH|IMPLANT LDD|PRE ANNEAL CHECK|RAPID THERMAL ANNEAL|MEASURE JUNCTION PROFILE|DEPOSIT INTERLEVEL DIELECTRIC|DENSIFY OXIDE|MEASURE FILM THICKNESS|CMP DIELECTRIC|MEASURE SURFACE PLANARITY|SPIN COAT PHOTORESIST|SOFT BAKE|ALIGN MASK LEVEL 3|EXPOSE LITHO LEVEL 3|DEVELOP PHOTORESIST|VIA OPENING INSPECTION|HARD BAKE|VIA ETCH|STRIP PHOTORESIST|CLEAN AFTER VIA ETCH|DEPOSIT BARRIER METAL|DEPOSIT METAL SEED|FILL VIA METAL|CMP VIA FILL|MEASURE VIA RESISTANCE|DEPOSIT TOP METAL|ANNEAL METAL|SPIN COAT PHOTORESIST|SOFT BAKE|ALIGN MASK LEVEL 4|EXPOSE LITHO LEVEL 4|POST EXPOSE BAKE|DEVELOP PHOTORESIST|METAL PATTERN INSPECTION|HARD BAKE|METAL ETCH|STRIP RESIST|CLEAN AFTER METAL ETCH|DEPOSIT PASSIVATION|SWITCHING TEST|CURE PASSIVATION|MEASURE PASSIVATION QUALITY|OPEN PAD WINDOW|OPEN PAD WINDOW LITHO|DEVELOP PHOTORESIST|PASSIVATION ETCH|STRIP PHOTORESIST|CLEAN PAD OPENING|MEASURE PAD OPENING|BACKSIDE CLEAN|BACKSIDE GRIND|MEASURE THICKNESS|BACKSIDE ETCH CLEAN|BACKSIDE RINSE|BACKSIDE DRY|BACKSIDE METALLIZATION PREP|DEPOSIT BACKSIDE METAL|BACKSIDE ANNEAL|MEASURE BACKSIDE CONTACT|FINAL CLEAN|FINAL THICKNESS MEASURE|FINAL GEOMETRY CHECK|FINAL CD INSPECTION|PARAMETRIC TEST|LEAKAGE TEST|THRESHOLD VOLTAGE TEST|WAFER SORT TEST|YIELD ANALYSIS|FINAL LOT RELEASE|SHIP LOT,RULE_TEST_BEFORE_PASSIVATION
anomaly_0691,IGBT,RECEIVE WAFER LOT|LOT IDENTIFICATION|INITIAL WAFER INSPECTION|MEASURE INITIAL THICKNESS|PRE CLEAN WAFER|BACKSIDE CLEAN|FRONTSIDE CLEAN|RCA CLEAN 1|WET CLEAN RCA2|HF DIP|DRY WAFER|EPITAXIAL WAFER CHECK|MEASURE EPITAXY THICKNESS|MEASURE RESISTIVITY|EPITAXIAL LAYER PREP|THERMAL OXIDATION|MEASURE OXIDE THICKNESS|SPIN COAT PHOTORESIST|SOFT BAKE|ALIGN MASK LEVEL 1|EXPOSE LITHO LEVEL 1|DEVELOP PHOTORESIST|INSPECT PATTERN LEVEL 1|HARD BAKE|OXIDE ETCH DRY|STRIP PHOTORESIST|CLEAN AFTER OXIDE ETCH|MEASURE OPENING CD|IMPLANT P BODY|PRE ANNEAL CHECK|DRIVE IN DIFFUSION|RAPID THERMAL ANNEAL|MEASURE JUNCTION DEPTH|THERMAL OXIDATION|SPIN COAT PHOTORESIST|SOFT BAKE|ALIGN MASK LEVEL 2|EXPOSE LITHO LEVEL 2|DEVELOP PHOTORESIST|P BODY WINDOW INSPECTION|HARD BAKE|ETCH SILICON OR OXIDE WINDOW|STRIP PHOTORESIST|CLEAN AFTER WINDOW ETCH|IMPLANT N BUFFER|PRE ANNEAL CHECK|RAPID THERMAL ANNEAL|MEASURE SHEET RESISTANCE|EPITAXIAL REWORK CHECK|DEPOSIT FIELD OXIDE|DENSIFY OXIDE|MEASURE FILM THICKNESS|SPIN COAT PHOTORESIST|SOFT BAKE|ALIGN MASK LEVEL 3|EXPOSE LITHO LEVEL 3|POST EXPOSE BAKE|DEVELOP PHOTORESIST|FIELD PATTERN INSPECTION|FIELD OXIDE ETCH|STRIP PHOTORESIST|CLEAN AFTER FIELD ETCH|IMPLANT SOURCE REGION|IMPLANT DRAIN / CATHODE REGION|RAPID THERMAL ANNEAL|DEPOSIT GATE OXIDE OR DIELECTRIC|ANNEAL DIELECTRIC|MEASURE OXIDE QUALITY|DEPOSIT POLYSILICON|POLYSILICON ANNEAL|SPIN COAT PHOTORESIST|SOFT BAKE|ALIGN MASK LEVEL 4|EXPOSE LITHO LEVEL 4|DEVELOP PHOTORESIST|POLY PATTERN INSPECTION|HARD BAKE|POLYSILICON ETCH DRY|STRIP RESIST|CLEAN AFTER POLY ETCH|MEASURE GATE CD|IMPLANT CHANNEL STOP|PRE ANNEAL CHECK|RAPID THERMAL ANNEAL|MEASURE DEVICE PARAMETER|DEPOSIT INTERLAYER DIELECTRIC|DENSIFY OXIDE|MEASURE DIELECTRIC THICKNESS|CMP INTERLAYER DIELECTRIC|MEASURE PLANARITY|SPIN COAT PHOTORESIST|SOFT BAKE|ALIGN MASK LEVEL 5|EXPOSE LITHO LEVEL 5|POST EXPOSE BAKE|DEVELOP PHOTORESIST|VIA INSPECTION|DIELECTRIC ETCH VIA|STRIP PHOTORESIST|CLEAN AFTER VIA ETCH|MEASURE VIA CD|DEPOSIT BARRIER METAL|DEPOSIT METAL SEED|FILL VIA METAL|CMP METAL|MEASURE CONTACT RESISTANCE|DEPOSIT METAL 1|ANNEAL METAL|MEASURE METAL THICKNESS|SPIN COAT PHOTORESIST|SOFT BAKE|ALIGN MASK LEVEL 6|EXPOSE LITHO LEVEL 6|DEVELOP PHOTORESIST|METAL PATTERN INSPECTION|HARD BAKE|METAL ETCH DRY|STRIP PHOTORESIST|CLEAN AFTER METAL ETCH|MEASURE LINE WIDTH|DEPOSIT PASSIVATION LAYER|DEPOSIT BACKSIDE METAL|CURE PASSIVATION|MEASURE PASSIVATION QUALITY|OPEN PAD WINDOW|OPEN PAD WINDOW LITHO|DEVELOP PHOTORESIST|PASSIVATION ETCH|STRIP RESIST|CLEAN PAD OPENING|MEASURE PAD OPENING|BACKSIDE GRIND|MEASURE THICKNESS|BACKSIDE ETCH CLEAN|BACKSIDE RINSE|BACKSIDE DRY|BACKSIDE METALLIZATION PREP|BACKSIDE ANNEAL|MEASURE BACKSIDE CONTACT|FINAL CLEAN|FINAL THICKNESS MEASURE|FINAL CD INSPECTION|FINAL PARTICLE INSPECTION|ELECTRICAL PARAMETRIC TEST|LEAKAGE TEST|BREAKDOWN VOLTAGE TEST|SWITCHING TEST|WAFER SORT TEST|YIELD ANALYSIS|LOT RELEASE|SHIP LOT,RULE_BACKSIDE_BEFORE_PASSIVATION
anomaly_0749,MOSFET,RECEIVE WAFER LOT|LOT IDENTIFICATION|INITIAL WAFER INSPECTION|MEASURE THICKNESS|MEASURE SURFACE PARTICLES|PRE CLEAN WAFER|FRONTSIDE CLEAN|WET CLEAN RCA1|RCA CLEAN 2|HF DIP|SUBSTRATE CHECK|EPITAXY PREP|EPITAXIAL DEPOSITION|MEASURE EPITAXY THICKNESS|MEASURE RESISTIVITY|EPITAXY ANNEAL|WAFER SURFACE CLEAN|THERMAL OXIDATION|MEASURE OXIDE THICKNESS|SPIN COAT PHOTORESIST|SOFT BAKE|ALIGN MASK LEVEL 1|EXPOSE LITHO LEVEL 1|DEVELOP PHOTORESIST|PATTERN INSPECTION LEVEL 1|HARD BAKE|OXIDE ETCH|STRIP PHOTORESIST|CLEAN AFTER ETCH|MEASURE OPENING CD|IMPLANT WELL|PRE ANNEAL CHECK|DRIVE IN DIFFUSION|RAPID THERMAL ANNEAL|MEASURE JUNCTION DEPTH|THERMAL OXIDATION|GATE OXIDE PREP|GATE OXIDE GROWTH|MEASURE GATE OXIDE THICKNESS|DEPOSIT POLYSILICON|POLYSILICON ANNEAL|MEASURE POLY THICKNESS|SPIN COAT PHOTORESIST|SOFT BAKE|ALIGN MASK LEVEL 2|EXPOSE LITHO LEVEL 2|DEVELOP PHOTORESIST|POLY PATTERN INSPECTION|POLYSILICON ETCH|STRIP RESIST|CLEAN AFTER POLY ETCH|IMPLANT SOURCE DRAIN|LIGHT ANNEAL|MEASURE SHEET RESISTANCE|DEPOSIT SPACER DIELECTRIC|ANISOTROPIC ETCH SPACER|IMPLANT LDD|PRE ANNEAL CHECK|RAPID THERMAL ANNEAL|DEPOSIT INTERLAYER DIELECTRIC|DENSIFY OXIDE|MEASURE FILM THICKNESS|CMP DIELECTRIC|MEASURE PLANARITY|SPIN COAT PHOTORESIST|SOFT BAKE|ALIGN MASK LEVEL 3|EXPOSE LITHO LEVEL 3|DEVELOP PHOTORESIST|VIA OPENING INSPECTION|DIELECTRIC ETCH VIA|STRIP RESIST|CLEAN AFTER VIA ETCH|DEPOSIT BARRIER METAL|DEPOSIT METAL SEED|FILL VIA METAL|CMP VIA FILL|DEPOSIT METAL 1|ANNEAL METAL 1|SPIN COAT PHOTORESIST|SOFT BAKE|ALIGN MASK LEVEL 4|EXPOSE LITHO LEVEL 4|DEVELOP PHOTORESIST|METAL PATTERN INSPECTION|METAL ETCH|STRIP PHOTORESIST|CLEAN AFTER METAL ETCH|MEASURE LINE WIDTH|OPEN PAD WINDOW|DEPOSIT PASSIVATION|CURE PASSIVATION|MEASURE PASSIVATION THICKNESS|PAD WINDOW LITHO|DEVELOP PHOTORESIST|PASSIVATION ETCH|STRIP RESIST|CLEAN PAD OPENING|MEASURE PAD OPENING|BACKSIDE CLEAN|BACKSIDE GRIND|MEASURE THICKNESS|BACKSIDE ETCH CLEAN|BACKSIDE RINSE|BACKSIDE DRY|BACKSIDE METALLIZATION PREP|DEPOSIT BACKSIDE METAL|BACKSIDE ANNEAL|MEASURE BACKSIDE CONTACT|FINAL CLEAN|FINAL GEOMETRY CHECK|FINAL CD INSPECTION|FINAL PARTICLE INSPECTION|PARAMETRIC TEST|LEAKAGE TEST|THRESHOLD VOLTAGE TEST|SWITCHING TEST|WAFER SORT TEST|YIELD ANALYSIS|FINAL LOT RELEASE|SHIP LOT,RULE_PAD_OPEN_BEFORE_DEP
anomaly_0441,MOSFET,RECEIVE WAFER LOT|LOT IDENTIFICATION|PRE CLEAN INSPECTION|MEASURE THICKNESS|PRE CLEAN WAFER|FRONTSIDE CLEAN|RCA CLEAN 1|WET CLEAN RCA2|HF DIP|DRY WAFER|SUBSTRATE CHECK|EPITAXY PREP|EPITAXIAL DEPOSITION|MEASURE EPITAXY THICKNESS|MEASURE RESISTIVITY|EPITAXY ANNEAL|WAFER SURFACE CLEAN|THERMAL OXIDATION|MEASURE OXIDE THICKNESS|SPIN COAT PHOTORESIST|SOFT BAKE|ALIGN MASK LEVEL 1|EXPOSE LITHO LEVEL 1|POST EXPOSE BAKE|DEVELOP PHOTORESIST|PATTERN INSPECTION LEVEL 1|HARD BAKE|OXIDE ETCH|STRIP RESIST|CLEAN AFTER ETCH|IMPLANT WELL|PRE ANNEAL CHECK|DRIVE IN DIFFUSION|RAPID THERMAL ANNEAL|THERMAL OXIDATION|GATE OXIDE PREP|GATE OXIDE GROWTH|MEASURE GATE OXIDE THICKNESS|DEPOSIT POLYSILICON|POLYSILICON ANNEAL|SPIN COAT PHOTORESIST|SOFT BAKE|ALIGN MASK LEVEL 2|EXPOSE LITHO LEVEL 2|POST EXPOSE BAKE|DEVELOP PHOTORESIST|POLY PATTERN INSPECTION|POLYSILICON ETCH|STRIP RESIST|MEASURE GATE CD|IMPLANT SOURCE DRAIN|PRE ANNEAL CHECK|LIGHT ANNEAL|DEPOSIT SPACER DIELECTRIC|ANISOTROPIC ETCH SPACER|MEASURE SPACER WIDTH|IMPLANT LDD|PRE ANNEAL CHECK|RAPID THERMAL ANNEAL|MEASURE JUNCTION PROFILE|DEPOSIT INTERLAYER DIELECTRIC|DENSIFY OXIDE|MEASURE FILM THICKNESS|CMP DIELECTRIC|MEASURE SURFACE PLANARITY|SPIN COAT PHOTORESIST|SOFT BAKE|ALIGN MASK LEVEL 3|EXPOSE LITHO LEVEL 3|POST EXPOSE BAKE|DEVELOP PHOTORESIST|VIA OPENING INSPECTION|VIA ETCH|STRIP PHOTORESIST|CLEAN AFTER VIA ETCH|DEPOSIT BARRIER METAL|DEPOSIT METAL SEED|FILL VIA METAL|CMP VIA FILL|MEASURE CONTACT RESISTANCE|DEPOSIT TOP METAL|ANNEAL METAL 1|SPIN COAT PHOTORESIST|SOFT BAKE|ALIGN MASK LEVEL 4|EXPOSE LITHO LEVEL 4|DEVELOP PHOTORESIST|METAL PATTERN INSPECTION|HARD BAKE|METAL ETCH|STRIP RESIST|CLEAN AFTER METAL ETCH|MEASURE LINE WIDTH|DEPOSIT PASSIVATION LAYER|CURE PASSIVATION|MEASURE PASSIVATION QUALITY|OPEN BOND PAD WINDOW|OPEN PAD WINDOW LITHO|DEVELOP PAD WINDOW|PASSIVATION ETCH|STRIP PHOTORESIST|CLEAN PAD OPENING|MEASURE PAD OPENING|BACKSIDE CLEAN|BACKSIDE GRIND|MEASURE WAFER THICKNESS|BACKSIDE ETCH CLEAN|BACKSIDE RINSE|BACKSIDE DRY|BACKSIDE METALLIZATION PREP|DEPOSIT BACKSIDE METAL|BACKSIDE ANNEAL|MEASURE BACKSIDE CONTACT|FINAL CLEAN|FINAL GEOMETRY CHECK|FINAL CD INSPECTION|FINAL PARTICLE INSPECTION|ELECTRICAL PARAMETRIC TEST|LEAKAGE TEST|THRESHOLD VOLTAGE TEST|SWITCHING TEST|WAFER SORT TEST|YIELD ANALYSIS|LOT RELEASE|SHIP LOT,RULE_DEP_NO_CLEAN
anomaly_0153,IGBT,RECEIVE WAFER LOT|LOT IDENTIFICATION|PRE CLEAN INSPECTION|MEASURE INITIAL THICKNESS|MEASURE SURFACE PARTICLES|PRE CLEAN WAFER|BACKSIDE CLEAN|FRONTSIDE CLEAN|RCA CLEAN 1|RCA CLEAN 2|HF DIP|DRY WAFER|EPITAXIAL WAFER CHECK|MEASURE EPITAXY THICKNESS|MEASURE RESISTIVITY|EPITAXIAL REWORK CHECK|EPITAXIAL LAYER PREP|THERMAL OXIDATION|MEASURE OXIDE THICKNESS|SPIN COAT PHOTORESIST|SOFT BAKE|ALIGN MASK LEVEL 1|EXPOSE LITHO LEVEL 1|DEVELOP PHOTORESIST|INSPECT PATTERN LEVEL 1|HARD BAKE|OXIDE ETCH DRY|STRIP PHOTORESIST|CLEAN AFTER OXIDE ETCH|MEASURE OPENING CD|IMPLANT P BODY|PRE ANNEAL CHECK|DRIVE IN DIFFUSION|RAPID THERMAL ANNEAL|MEASURE JUNCTION DEPTH|THERMAL OXIDATION|SPIN COAT PHOTORESIST|SOFT BAKE|ALIGN MASK LEVEL 2|EXPOSE LITHO LEVEL 2|POST EXPOSE BAKE|DEVELOP PHOTORESIST|P BODY WINDOW INSPECTION|ETCH SILICON OR OXIDE WINDOW|STRIP RESIST|CLEAN AFTER WINDOW ETCH|IMPLANT N BUFFER|RAPID THERMAL ANNEAL|MEASURE SHEET RESISTANCE|DEPOSIT FIELD OXIDE|DENSIFY OXIDE|SPIN COAT PHOTORESIST|SOFT BAKE|ALIGN MASK LEVEL 3|EXPOSE LITHO LEVEL 3|DEVELOP PHOTORESIST|FIELD PATTERN INSPECTION|FIELD OXIDE ETCH|STRIP PHOTORESIST|CLEAN AFTER FIELD ETCH|MEASURE SURFACE UNIFORMITY|IMPLANT SOURCE REGION|IMPLANT DRAIN / CATHODE REGION|RAPID THERMAL ANNEAL|MEASURE SHEET RESISTANCE|DEPOSIT GATE OXIDE OR DIELECTRIC|ANNEAL DIELECTRIC|MEASURE OXIDE QUALITY|DEPOSIT POLYSILICON|POLYSILICON ANNEAL|SPIN COAT PHOTORESIST|SOFT BAKE|ALIGN MASK LEVEL 4|EXPOSE LITHO LEVEL 4|DEVELOP PHOTORESIST|POLY PATTERN INSPECTION|HARD BAKE|POLYSILICON ETCH DRY|STRIP RESIST|CLEAN AFTER POLY ETCH|MEASURE GATE CD|IMPLANT CHANNEL STOP|PRE ANNEAL CHECK|RAPID THERMAL ANNEAL|MEASURE DEVICE PARAMETER|DENSIFY DIELECTRIC|MEASURE FILM THICKNESS|CMP DIELECTRIC|MEASURE SURFACE PLANARITY|SPIN COAT PHOTORESIST|SOFT BAKE|ALIGN MASK LEVEL 5|EXPOSE LITHO LEVEL 5|DEVELOP PHOTORESIST|VIA INSPECTION|HARD BAKE|DIELECTRIC ETCH VIA|STRIP PHOTORESIST|CLEAN AFTER VIA ETCH|MEASURE VIA CD|DEPOSIT BARRIER METAL|DEPOSIT METAL SEED|FILL VIA METAL|CMP VIA FILL|MEASURE VIA RESISTANCE|DEPOSIT TOP METAL|ANNEAL METAL|MEASURE METAL THICKNESS|SPIN COAT PHOTORESIST|SOFT BAKE|ALIGN MASK LEVEL 6|EXPOSE LITHO LEVEL 6|DEVELOP PHOTORESIST|METAL PATTERN INSPECTION|METAL ETCH DRY|STRIP PHOTORESIST|CLEAN AFTER METAL ETCH|MEASURE LINE WIDTH|DEPOSIT PASSIVATION LAYER|CURE PASSIVATION|MEASURE PASSIVATION QUALITY|OPEN BOND PAD WINDOW|OPEN PAD WINDOW LITHO|DEVELOP PHOTORESIST|PASSIVATION ETCH|STRIP RESIST|CLEAN PAD OPENING|MEASURE PAD OPENING|BACKSIDE GRIND|MEASURE THICKNESS|BACKSIDE ETCH CLEAN|BACKSIDE RINSE|BACKSIDE DRY|BACKSIDE METALLIZATION PREP|DEPOSIT BACKSIDE METAL|BACKSIDE ANNEAL|MEASURE BACKSIDE CONTACT|FINAL CLEAN|FINAL THICKNESS MEASURE|FINAL GEOMETRY CHECK|ELECTRICAL PARAMETRIC TEST|LEAKAGE TEST|BREAKDOWN VOLTAGE TEST|SWITCHING TEST|WAFER SORT TEST|YIELD ANALYSIS|LOT RELEASE|SHIP LOT,RULE_CMP_NO_DEP
anomaly_0668,IC,RECEIVE WAFER LOT|LOT IDENTIFICATION|PRE CLEAN INSPECTION|MEASURE INITIAL THICKNESS|MEASURE SURFACE DEFECTS|WAFER CLEAN PRE PROCESS|WET CLEAN RCA1|WET CLEAN RCA2|HF DIP|DRY WAFER|WAFER CLEAN PRE-GRIND|GRINDING WAFER BACKSIDE|MEASURE INITIAL GEOMETRY|ETCH WET BACKSIDE|RINSE WET WAFER_EDGE|DRY WAFER BACKSIDE|BACKSIDE CLEAN|MEASURE BACKSIDE ROUGHNESS|THERMAL OXIDATION|MEASURE OXIDE THICKNESS|WET CLEAN RCA1|WET CLEAN RCA2|HF DIP|OXIDE STRIP|SURFACE PREP FOR DEPOSITION|DEPOSIT PAD OXIDE|ANNEAL OXIDE|MEASURE OXIDE THICKNESS|SPIN COAT PHOTORESIST|SOFT BAKE|ALIGN MASK LEVEL 1|EXPOSE LITHO LEVEL 1|DEVELOP PHOTORESIST|INSPECT PATTERN LEVEL 1|HARD BAKE|OXIDE ETCH DRY|STRIP RESIST|CLEAN AFTER ETCH|MEASURE CD LEVEL 1|DEPOSIT POLYSILICON|ANNEAL POLYSILICON|SPIN COAT PHOTORESIST|SOFT BAKE|ALIGN MASK LEVEL 2|EXPOSE LITHO LEVEL 2|POST EXPOSE BAKE|DEVELOP PHOTORESIST|PATTERN INSPECTION LEVEL 2|POLYSILICON ETCH DRY|STRIP RESIST|CLEAN AFTER POLY ETCH|MEASURE CD LEVEL 2|IMPLANT N-TYPE|RAPID THERMAL ANNEAL|DEPOSIT INTERLAYER DIELECTRIC|DENSIFY DIELECTRIC|MEASURE DIELECTRIC THICKNESS|CMP INTERLAYER DIELECTRIC|MEASURE SURFACE PLANARITY|SPIN COAT PHOTORESIST|SOFT BAKE|ALIGN MASK LEVEL 3|EXPOSE LITHO LEVEL 3|POST EXPOSE BAKE|DEVELOP PHOTORESIST|VIA INSPECTION|DIELECTRIC ETCH VIA|STRIP PHOTORESIST|CLEAN AFTER VIA ETCH|DEPOSIT BARRIER METAL|DEPOSIT TUNGSTEN SEED|FILL VIA TUNGSTEN|CMP VIA FILL|DEPOSIT METAL 1|ANNEAL METAL 1|MEASURE METAL THICKNESS|SPIN COAT PHOTORESIST|SOFT BAKE|ALIGN MASK LEVEL 4|DEVELOP PHOTORESIST|METAL PATTERN INSPECTION|METAL ETCH DRY|STRIP RESIST|CLEAN AFTER METAL ETCH|DEPOSIT PASSIVATION|CURE PASSIVATION|MEASURE PASSIVATION THICKNESS|OPEN BOND PAD WINDOW|PAD WINDOW LITHO|DEVELOP PHOTORESIST|PASSIVATION ETCH|STRIP PHOTORESIST|CLEAN PAD OPENING|MEASURE PAD OPENING|BACKSIDE THINNING CHECK|BACKSIDE CLEAN|DEPOSIT BACKSIDE PROTECTION|BACKSIDE ANNEAL|FINAL CLEAN|FINAL THICKNESS MEASURE|FINAL GEOMETRY CHECK|FINAL OXIDE CHECK|FINAL CD INSPECTION|FINAL PARTICLE INSPECTION|PARAMETRIC TEST|LEAKAGE TEST|THRESHOLD VOLTAGE TEST|SWITCHING TEST|WAFER SORT TEST|YIELD ANALYSIS|FINAL LOT RELEASE|SHIP LOT,RULE_METAL_ETCH_NO_LITHO
anomaly_0766,IGBT,RECEIVE WAFER LOT|LOT IDENTIFICATION|PRE CLEAN INSPECTION|MEASURE INITIAL THICKNESS|MEASURE SURFACE PARTICLES|PRE CLEAN WAFER|BACKSIDE CLEAN|FRONTSIDE CLEAN|RCA CLEAN 1|RCA CLEAN 2|HF DIP|EPITAXIAL WAFER CHECK|MEASURE EPITAXY THICKNESS|MEASURE RESISTIVITY|EPITAXIAL LAYER PREP|THERMAL OXIDATION|MEASURE OXIDE THICKNESS|SPIN COAT PHOTORESIST|SOFT BAKE|ALIGN MASK LEVEL 1|EXPOSE LITHO LEVEL 1|DEVELOP PHOTORESIST|INSPECT PATTERN LEVEL 1|OXIDE ETCH DRY|STRIP PHOTORESIST|CLEAN AFTER OXIDE ETCH|IMPLANT P BODY|DRIVE IN DIFFUSION|RAPID THERMAL ANNEAL|MEASURE JUNCTION DEPTH|THERMAL OXIDATION|SPIN COAT PHOTORESIST|SOFT BAKE|ALIGN MASK LEVEL 2|EXPOSE LITHO LEVEL 2|POST EXPOSE BAKE|DEVELOP PHOTORESIST|P BODY WINDOW INSPECTION|HARD BAKE|ETCH SILICON OR OXIDE WINDOW|STRIP PHOTORESIST|CLEAN AFTER WINDOW ETCH|MEASURE WINDOW CD|IMPLANT N BUFFER|RAPID THERMAL ANNEAL|MEASURE SHEET RESISTANCE|EPITAXIAL REWORK CHECK|DEPOSIT FIELD OXIDE|DENSIFY OXIDE|MEASURE FILM THICKNESS|SPIN COAT PHOTORESIST|SOFT BAKE|ALIGN MASK LEVEL 3|EXPOSE LITHO LEVEL 3|DEVELOP PHOTORESIST|FIELD PATTERN INSPECTION|FIELD OXIDE ETCH|STRIP PHOTORESIST|CLEAN AFTER FIELD ETCH|IMPLANT SOURCE REGION|IMPLANT DRAIN / CATHODE REGION|PRE ANNEAL CHECK|RAPID THERMAL ANNEAL|MEASURE SHEET RESISTANCE|DEPOSIT GATE OXIDE OR DIELECTRIC|ANNEAL DIELECTRIC|MEASURE OXIDE QUALITY|DEPOSIT POLYSILICON|POLYSILICON ANNEAL|MEASURE POLY THICKNESS|SPIN COAT PHOTORESIST|SOFT BAKE|ALIGN MASK LEVEL 4|EXPOSE LITHO LEVEL 4|POST EXPOSE BAKE|DEVELOP PHOTORESIST|POLY PATTERN INSPECTION|POLYSILICON ETCH DRY|STRIP RESIST|CLEAN AFTER POLY ETCH|MEASURE GATE CD|IMPLANT CHANNEL STOP|PRE ANNEAL CHECK|RAPID THERMAL ANNEAL|DEPOSIT INTERLEVEL DIELECTRIC|DENSIFY OXIDE|MEASURE FILM THICKNESS|CMP DIELECTRIC|MEASURE SURFACE PLANARITY|SPIN COAT PHOTORESIST|SOFT BAKE|ALIGN MASK LEVEL 5|EXPOSE LITHO LEVEL 5|DEVELOP PHOTORESIST|VIA INSPECTION|VIA ETCH|STRIP PHOTORESIST|CLEAN AFTER VIA ETCH|MEASURE VIA CD|DEPOSIT BARRIER METAL|DEPOSIT METAL SEED|FILL VIA METAL|CMP METAL|MEASURE CONTACT RESISTANCE|DEPOSIT METAL 1|ANNEAL METAL 1|SPIN COAT PHOTORESIST|SOFT BAKE|ALIGN MASK LEVEL 6|DEVELOP PHOTORESIST|METAL PATTERN INSPECTION|METAL ETCH DRY|STRIP PHOTORESIST|CLEAN AFTER METAL ETCH|MEASURE LINE WIDTH|DEPOSIT PASSIVATION LAYER|CURE PASSIVATION|MEASURE PASSIVATION QUALITY|OPEN PAD WINDOW|PAD WINDOW LITHO|DEVELOP PHOTORESIST|PASSIVATION ETCH PAD OPENING|STRIP PHOTORESIST|CLEAN PAD OPENING|MEASURE PAD OPENING|BACKSIDE GRIND|MEASURE WAFER THICKNESS|BACKSIDE ETCH CLEAN|BACKSIDE RINSE|BACKSIDE DRY|BACKSIDE METALLIZATION PREP|DEPOSIT BACKSIDE METAL|BACKSIDE ANNEAL|MEASURE BACKSIDE CONTACT|FINAL CLEAN|FINAL THICKNESS MEASURE|FINAL GEOMETRY CHECK|FINAL CD INSPECTION|FINAL PARTICLE INSPECTION|ELECTRICAL PARAMETRIC TEST|LEAKAGE TEST|BREAKDOWN VOLTAGE TEST|SWITCHING TEST|YIELD ANALYSIS|WAFER SORT TEST|FINAL LOT RELEASE|SHIP LOT,RULE_METAL_ETCH_NO_LITHO
anomaly_0637,IC,RECEIVE WAFER LOT|LOT IDENTIFICATION|PRE CLEAN INSPECTION|MEASURE INITIAL GEOMETRY|MEASURE SURFACE DEFECTS|WAFER CLEAN PRE PROCESS|BACKSIDE CLEAN|WET CLEAN RCA1|WET CLEAN RCA2|HF DIP|DRY WAFER|WAFER CLEAN PRE-GRIND|GRINDING WAFER BACKSIDE|MEASURE INITIAL GEOMETRY|ETCH WET BACKSIDE|RINSE WET WAFER_EDGE|DRY WAFER BACKSIDE|BACKSIDE CLEAN|MEASURE BACKSIDE ROUGHNESS|THERMAL OXIDATION|MEASURE OXIDE THICKNESS|RCA CLEAN 1|WET CLEAN RCA2|HF DIP|OXIDE STRIP|SURFACE PREP FOR DEPOSITION|DEPOSIT PAD OXIDE|ANNEAL OXIDE|MEASURE FILM THICKNESS|SPIN COAT PHOTORESIST|SOFT BAKE|ALIGN MASK LEVEL 1|EXPOSE LITHO LEVEL 1|DEVELOP PHOTORESIST|INSPECT PATTERN LEVEL 1|HARD BAKE|OXIDE ETCH DRY|STRIP RESIST|CLEAN AFTER ETCH|MEASURE CD LEVEL 1|DEPOSIT POLYSILICON|ANNEAL POLYSILICON|SPIN COAT PHOTORESIST|SOFT BAKE|ALIGN MASK LEVEL 2|EXPOSE LITHO LEVEL 2|DEVELOP PHOTORESIST|PATTERN INSPECTION LEVEL 2|HARD BAKE|POLYSILICON ETCH DRY|STRIP RESIST LEVEL 2|CLEAN AFTER POLY ETCH|MEASURE CD LEVEL 2|IMPLANT N-TYPE|PRE ANNEAL CHECK|RAPID THERMAL ANNEAL|MEASURE SHEET RESISTANCE|DEPOSIT INTERLAYER DIELECTRIC|DENSIFY DIELECTRIC|MEASURE FILM THICKNESS|CMP DIELECTRIC|MEASURE SURFACE PLANARITY|SPIN COAT PHOTORESIST|SOFT BAKE|ALIGN MASK LEVEL 3|EXPOSE LITHO LEVEL 3|DEVELOP PHOTORESIST|VIA INSPECTION|HARD BAKE|VIA ETCH THROUGH DIELECTRIC|STRIP RESIST|CLEAN AFTER VIA ETCH|DEPOSIT BARRIER METAL|DEPOSIT TUNGSTEN SEED|FILL VIA TUNGSTEN|CMP METAL|MEASURE VIA RESISTANCE|DEPOSIT TOP METAL|ANNEAL METAL 1|MEASURE METAL THICKNESS|SPIN COAT PHOTORESIST|SOFT BAKE|ALIGN MASK LEVEL 4|DEVELOP PHOTORESIST|METAL PATTERN INSPECTION|METAL ETCH DRY|STRIP PHOTORESIST|CLEAN AFTER METAL ETCH|MEASURE LINE WIDTH|DEPOSIT PASSIVATION|CURE PASSIVATION|MEASURE PASSIVATION QUALITY|OPEN BOND PAD WINDOW|PAD WINDOW LITHO|DEVELOP PHOTORESIST|PASSIVATION ETCH|STRIP RESIST|CLEAN PAD OPENING|MEASURE PAD OPENING|BACKSIDE THINNING CHECK|BACKSIDE CLEAN|DEPOSIT BACKSIDE PROTECTION|BACKSIDE ANNEAL|FINAL CLEAN|FINAL THICKNESS MEASURE|FINAL GEOMETRY CHECK|FINAL CD INSPECTION|FINAL PARTICLE INSPECTION|FINAL ELECTRICAL TEST PREP|PARAMETRIC TEST|LEAKAGE TEST|THRESHOLD VOLTAGE TEST|SWITCHING TEST|WAFER SORT TEST|YIELD ANALYSIS|FINAL LOT RELEASE|PACKAGE PREPARATION|SHIP LOT,RULE_METAL_ETCH_NO_LITHO
anomaly_0453,IGBT,RECEIVE WAFER LOT|LOT IDENTIFICATION|INITIAL WAFER INSPECTION|MEASURE INITIAL THICKNESS|MEASURE SURFACE PARTICLES|PRE CLEAN WAFER|BACKSIDE CLEAN|FRONTSIDE CLEAN|WET CLEAN RCA1|RCA CLEAN 2|HF DIP|EPITAXIAL WAFER CHECK|MEASURE EPITAXY THICKNESS|MEASURE RESISTIVITY|EPITAXIAL REWORK CHECK|EPITAXIAL LAYER PREP|THERMAL OXIDATION|MEASURE OXIDE THICKNESS|SPIN COAT PHOTORESIST|SOFT BAKE|ALIGN MASK LEVEL 1|EXPOSE LITHO LEVEL 1|INSPECT PATTERN LEVEL 1|STRIP RESIST|CLEAN AFTER OXIDE ETCH|MEASURE OPENING CD|IMPLANT P BODY|PRE ANNEAL CHECK|DRIVE IN DIFFUSION|RAPID THERMAL ANNEAL|THERMAL OXIDATION|SPIN COAT PHOTORESIST|SOFT BAKE|ALIGN MASK LEVEL 2|EXPOSE LITHO LEVEL 2|POST EXPOSE BAKE|DEVELOP PHOTORESIST|P BODY WINDOW INSPECTION|ETCH SILICON OR OXIDE WINDOW|STRIP RESIST|CLEAN AFTER WINDOW ETCH|MEASURE WINDOW CD|IMPLANT N BUFFER|RAPID THERMAL ANNEAL|MEASURE SHEET RESISTANCE|EPITAXIAL REWORK CHECK|DEPOSIT FIELD OXIDE|DENSIFY OXIDE|SPIN COAT PHOTORESIST|SOFT BAKE|ALIGN MASK LEVEL 3|EXPOSE LITHO LEVEL 3|DEVELOP PHOTORESIST|FIELD PATTERN INSPECTION|HARD BAKE|FIELD OXIDE ETCH|STRIP PHOTORESIST|CLEAN AFTER FIELD ETCH|MEASURE SURFACE UNIFORMITY|IMPLANT SOURCE REGION|IMPLANT DRAIN / CATHODE REGION|RAPID THERMAL ANNEAL|DEPOSIT GATE OXIDE OR DIELECTRIC|ANNEAL DIELECTRIC|MEASURE OXIDE QUALITY|DEPOSIT POLYSILICON|POLYSILICON ANNEAL|SPIN COAT PHOTORESIST|SOFT BAKE|ALIGN MASK LEVEL 4|EXPOSE LITHO LEVEL 4|DEVELOP PHOTORESIST|POLY PATTERN INSPECTION|POLYSILICON ETCH DRY|STRIP RESIST|CLEAN AFTER POLY ETCH|IMPLANT CHANNEL STOP|PRE ANNEAL CHECK|RAPID THERMAL ANNEAL|MEASURE DEVICE PARAMETER|DEPOSIT INTERLEVEL DIELECTRIC|DENSIFY DIELECTRIC|MEASURE DIELECTRIC THICKNESS|CMP INTERLAYER DIELECTRIC|MEASURE PLANARITY|SPIN COAT PHOTORESIST|SOFT BAKE|ALIGN MASK LEVEL 5|EXPOSE LITHO LEVEL 5|DEVELOP PHOTORESIST|VIA OPENING INSPECTION|VIA ETCH THROUGH DIELECTRIC|STRIP PHOTORESIST|CLEAN AFTER VIA ETCH|MEASURE VIA CD|DEPOSIT BARRIER METAL|DEPOSIT METAL SEED|FILL VIA METAL|CMP METAL|MEASURE CONTACT RESISTANCE|DEPOSIT METAL 1|ANNEAL METAL 1|SPIN COAT PHOTORESIST|SOFT BAKE|ALIGN MASK LEVEL 6|EXPOSE LITHO LEVEL 6|DEVELOP PHOTORESIST|METAL PATTERN INSPECTION|HARD BAKE|METAL ETCH DRY|STRIP PHOTORESIST|CLEAN AFTER METAL ETCH|DEPOSIT PASSIVATION|CURE PASSIVATION|MEASURE PASSIVATION THICKNESS|OPEN BOND PAD WINDOW|OPEN PAD WINDOW LITHO|DEVELOP PAD WINDOW|PASSIVATION ETCH|STRIP RESIST|CLEAN PAD OPENING|MEASURE PAD OPENING|BACKSIDE GRIND|MEASURE THICKNESS|BACKSIDE ETCH CLEAN|BACKSIDE RINSE|BACKSIDE DRY|BACKSIDE METALLIZATION PREP|DEPOSIT BACKSIDE METAL|BACKSIDE ANNEAL|MEASURE BACKSIDE CONTACT|FINAL CLEAN|FINAL PARTICLE INSPECTION|PARAMETRIC TEST|LEAKAGE TEST|BREAKDOWN VOLTAGE TEST|SWITCHING TEST|WAFER SORT TEST|YIELD ANALYSIS|LOT RELEASE|SHIP LOT,RULE_IMPLANT_NO_MASK
anomaly_0859,IC,RECEIVE WAFER LOT|LOT IDENTIFICATION|PRE CLEAN INSPECTION|MEASURE INITIAL THICKNESS|WAFER CLEAN PRE PROCESS|RCA CLEAN 1|RCA CLEAN 2|HF DIP|DRY WAFER|WAFER CLEAN PRE-GRIND|GRINDING WAFER BACKSIDE|MEASURE GEOMETRY|ETCH WET BACKSIDE|RINSE WET WAFER_EDGE|DRY WAFER BACKSIDE|BACKSIDE CLEAN|MEASURE BACKSIDE ROUGHNESS|THERMAL OXIDATION|MEASURE OXIDE THICKNESS|RCA CLEAN 1|WET CLEAN RCA2|HF DIP|OXIDE STRIP|SURFACE PREP FOR DEPOSITION|DEPOSIT PAD OXIDE|ANNEAL OXIDE|MEASURE FILM THICKNESS|SPIN COAT PHOTORESIST|SOFT BAKE|ALIGN MASK LEVEL 1|EXPOSE LITHO LEVEL 1|DEVELOP PHOTORESIST|INSPECT PATTERN LEVEL 1|HARD BAKE|OXIDE ETCH DRY|STRIP PHOTORESIST|CLEAN AFTER ETCH|DEPOSIT POLYSILICON|ANNEAL POLYSILICON|SPIN COAT PHOTORESIST|SOFT BAKE|DEVELOP PHOTORESIST|PATTERN INSPECTION LEVEL 2|HARD BAKE|POLYSILICON ETCH DRY|STRIP RESIST|CLEAN AFTER POLY ETCH|MEASURE CD LEVEL 2|IMPLANT N-TYPE|PRE ANNEAL CHECK|RAPID THERMAL ANNEAL|MEASURE SHEET RESISTANCE|DEPOSIT INTERLAYER DIELECTRIC|DENSIFY OXIDE|MEASURE FILM THICKNESS|CMP DIELECTRIC|MEASURE SURFACE PLANARITY|SPIN COAT PHOTORESIST|SOFT BAKE|ALIGN MASK LEVEL 3|EXPOSE LITHO LEVEL 3|DEVELOP PHOTORESIST|VIA INSPECTION|DIELECTRIC ETCH VIA|STRIP PHOTORESIST|CLEAN AFTER VIA ETCH|MEASURE VIA CD|DEPOSIT BARRIER METAL|DEPOSIT TUNGSTEN SEED|FILL VIA TUNGSTEN|CMP VIA FILL|DEPOSIT TOP METAL|ANNEAL METAL|SPIN COAT PHOTORESIST|SOFT BAKE|ALIGN MASK LEVEL 4|EXPOSE LITHO LEVEL 4|DEVELOP PHOTORESIST|METAL PATTERN INSPECTION|METAL ETCH DRY|STRIP RESIST|CLEAN AFTER METAL ETCH|DEPOSIT PASSIVATION LAYER|CURE PASSIVATION|MEASURE PASSIVATION QUALITY|OPEN PAD WINDOW|OPEN PAD WINDOW LITHO|DEVELOP PHOTORESIST|PASSIVATION ETCH|STRIP PHOTORESIST|CLEAN PAD OPENING|MEASURE PAD OPENING|BACKSIDE CLEAN|DEPOSIT BACKSIDE PROTECTION|BACKSIDE ANNEAL|FINAL CLEAN|FINAL THICKNESS MEASURE|FINAL GEOMETRY CHECK|FINAL CD INSPECTION|FINAL PARTICLE INSPECTION|FINAL ELECTRICAL TEST PREP|ELECTRICAL PARAMETRIC TEST|LEAKAGE TEST|THRESHOLD VOLTAGE TEST|SWITCHING TEST|WAFER SORT TEST|YIELD ANALYSIS|LOT RELEASE|PACKAGE PREPARATION|SHIP LOT,RULE_LITHO_LEVEL_SKIP
anomaly_0342,IC,RECEIVE WAFER LOT|LOT IDENTIFICATION|INITIAL WAFER INSPECTION|MEASURE INITIAL GEOMETRY|MEASURE SURFACE PARTICLES|WAFER CLEAN PRE PROCESS|BACKSIDE CLEAN|FRONTSIDE CLEAN|WET CLEAN RCA1|RCA CLEAN 2|HF DIP|DRY WAFER|WAFER CLEAN PRE-GRIND|GRINDING WAFER BACKSIDE|MEASURE INITIAL GEOMETRY|ETCH WET BACKSIDE|RINSE WET WAFER_EDGE|DRY WAFER BACKSIDE|BACKSIDE CLEAN|MEASURE BACKSIDE ROUGHNESS|THERMAL OXIDATION|MEASURE OXIDE THICKNESS|RCA CLEAN 1|WET CLEAN RCA2|HF DIP|OXIDE STRIP|SURFACE PREP FOR DEPOSITION|DEPOSIT PAD OXIDE|ANNEAL OXIDE|MEASURE FILM THICKNESS|SPIN COAT PHOTORESIST|SOFT BAKE|ALIGN MASK LEVEL 1|EXPOSE LITHO LEVEL 1|DEVELOP PHOTORESIST|INSPECT PATTERN LEVEL 1|HARD BAKE|OXIDE ETCH DRY|STRIP RESIST|CLEAN AFTER ETCH|MEASURE CD LEVEL 1|DEPOSIT POLYSILICON|ANNEAL POLYSILICON|SPIN COAT PHOTORESIST|SOFT BAKE|ALIGN MASK LEVEL 2|EXPOSE LITHO LEVEL 2|DEVELOP PHOTORESIST|PATTERN INSPECTION LEVEL 2|POLYSILICON ETCH DRY|STRIP RESIST|CLEAN AFTER POLY ETCH|MEASURE CD LEVEL 2|IMPLANT N-TYPE|PRE ANNEAL CHECK|RAPID THERMAL ANNEAL|DEPOSIT INTERLAYER DIELECTRIC|DENSIFY OXIDE|MEASURE FILM THICKNESS|CMP INTERLAYER DIELECTRIC|MEASURE SURFACE PLANARITY|SPIN COAT PHOTORESIST|SOFT BAKE|ALIGN MASK LEVEL 3|EXPOSE LITHO LEVEL 3|POST EXPOSE BAKE|DEVELOP PHOTORESIST|VIA OPENING INSPECTION|HARD BAKE|VIA ETCH THROUGH DIELECTRIC|STRIP RESIST|DEPOSIT BARRIER METAL|DEPOSIT TUNGSTEN SEED|FILL VIA TUNGSTEN|CMP VIA FILL|MEASURE VIA RESISTANCE|DEPOSIT METAL 1|ANNEAL METAL 1|MEASURE METAL THICKNESS|SPIN COAT PHOTORESIST|SOFT BAKE|ALIGN MASK LEVEL 4|EXPOSE LITHO LEVEL 4|DEVELOP PHOTORESIST|METAL PATTERN INSPECTION|METAL ETCH DRY|STRIP RESIST|CLEAN AFTER METAL ETCH|DEPOSIT PASSIVATION LAYER|CURE PASSIVATION|MEASURE PASSIVATION QUALITY|OPEN BOND PAD WINDOW|OPEN PAD WINDOW LITHO|DEVELOP PAD WINDOW|PASSIVATION ETCH PAD OPENING|STRIP RESIST|CLEAN PAD OPENING|MEASURE PAD OPENING|BACKSIDE THINNING CHECK|BACKSIDE CLEAN|DEPOSIT BACKSIDE PROTECTION|BACKSIDE ANNEAL|FRONTSIDE CLEAN FINAL|FINAL CLEAN|FINAL THICKNESS MEASURE|FINAL OXIDE CHECK|FINAL PARTICLE INSPECTION|FINAL ELECTRICAL TEST PREP|PARAMETRIC TEST|LEAKAGE TEST|SWITCHING TEST|WAFER SORT TEST|YIELD ANALYSIS|LOT RELEASE|PACKAGE PREPARATION|SHIP LOT,RULE_DEP_NO_CLEAN
anomaly_0053,IC,RECEIVE WAFER LOT|LOT IDENTIFICATION|INITIAL WAFER INSPECTION|MEASURE INITIAL THICKNESS|MEASURE SURFACE DEFECTS|WAFER CLEAN PRE PROCESS|BACKSIDE CLEAN|FRONTSIDE CLEAN|RCA CLEAN 1|WET CLEAN RCA2|HF DIP|DRY WAFER|WAFER CLEAN PRE-GRIND|GRINDING WAFER BACKSIDE|MEASURE GEOMETRY|ETCH WET BACKSIDE|RINSE WET WAFER_EDGE|DRY WAFER BACKSIDE|BACKSIDE CLEAN|MEASURE BACKSIDE ROUGHNESS|THERMAL OXIDATION|MEASURE OXIDE THICKNESS|WET CLEAN RCA1|RCA CLEAN 2|HF DIP|OXIDE STRIP|SURFACE PREP FOR DEPOSITION|DEPOSIT PAD OXIDE|ANNEAL OXIDE|MEASURE OXIDE THICKNESS|SPIN COAT PHOTORESIST|SOFT BAKE|ALIGN MASK LEVEL 1|EXPOSE LITHO LEVEL 1|DEVELOP PHOTORESIST|INSPECT PATTERN LEVEL 1|HARD BAKE|OXIDE ETCH DRY|STRIP PHOTORESIST|CLEAN AFTER ETCH|MEASURE CD LEVEL 1|DEPOSIT POLYSILICON|ANNEAL POLYSILICON|SPIN COAT PHOTORESIST|SOFT BAKE|ALIGN MASK LEVEL 2|EXPOSE LITHO LEVEL 2|POST EXPOSE BAKE|DEVELOP PHOTORESIST|PATTERN INSPECTION LEVEL 2|HARD BAKE|POLYSILICON ETCH DRY|STRIP RESIST LEVEL 2|CLEAN AFTER POLY ETCH|MEASURE CD LEVEL 2|IMPLANT N-TYPE|PRE ANNEAL CHECK|RAPID THERMAL ANNEAL|MEASURE SHEET RESISTANCE|DEPOSIT INTERLAYER DIELECTRIC|DENSIFY DIELECTRIC|MEASURE FILM THICKNESS|CMP INTERLAYER DIELECTRIC|MEASURE PLANARITY|SPIN COAT PHOTORESIST|SOFT BAKE|ALIGN MASK LEVEL 3|EXPOSE LITHO LEVEL 3|POST EXPOSE BAKE|DEVELOP PHOTORESIST|VIA OPENING INSPECTION|HARD BAKE|VIA ETCH THROUGH DIELECTRIC|STRIP RESIST|CLEAN AFTER VIA ETCH|MEASURE VIA CD|DEPOSIT BARRIER METAL|DEPOSIT TUNGSTEN SEED|FILL VIA TUNGSTEN|CMP VIA FILL|MEASURE VIA RESISTANCE|DEPOSIT METAL 1|ANNEAL METAL 1|SPIN COAT PHOTORESIST|SOFT BAKE|ALIGN MASK LEVEL 4|EXPOSE LITHO LEVEL 4|POST EXPOSE BAKE|DEVELOP PHOTORESIST|METAL PATTERN INSPECTION|METAL ETCH DRY|STRIP PHOTORESIST|CLEAN AFTER METAL ETCH|MEASURE LINE WIDTH|DEPOSIT PASSIVATION LAYER|CURE PASSIVATION|MEASURE PASSIVATION THICKNESS|OPEN BOND PAD WINDOW|PAD WINDOW LITHO|DEVELOP PAD WINDOW|PASSIVATION ETCH PAD OPENING|STRIP PHOTORESIST|CLEAN PAD OPENING|MEASURE PAD OPENING|BACKSIDE THINNING CHECK|BACKSIDE CLEAN FINAL|DEPOSIT BACKSIDE PROTECTION|BACKSIDE ANNEAL|FINAL CLEAN|FINAL GEOMETRY CHECK|FINAL OXIDE CHECK|FINAL CD INSPECTION|FINAL PARTICLE INSPECTION|PARAMETRIC TEST|LEAKAGE TEST|SWITCHING TEST|SHIP LOT|YIELD ANALYSIS|FINAL LOT RELEASE|PACKAGE PREPARATION|WAFER SORT TEST,RULE_SHIP_BEFORE_TEST
anomaly_0216,IC,RECEIVE WAFER LOT|LOT IDENTIFICATION|PRE CLEAN INSPECTION|MEASURE INITIAL THICKNESS|MEASURE SURFACE PARTICLES|WAFER CLEAN PRE PROCESS|BACKSIDE CLEAN|FRONTSIDE CLEAN|WET CLEAN RCA1|RCA CLEAN 2|HF DIP|DRY WAFER|WAFER CLEAN PRE-GRIND|GRINDING WAFER BACKSIDE|MEASURE GEOMETRY|ETCH WET BACKSIDE|RINSE WET WAFER_EDGE|DRY WAFER BACKSIDE|BACKSIDE CLEAN|MEASURE BACKSIDE ROUGHNESS|THERMAL OXIDATION|MEASURE OXIDE THICKNESS|RCA CLEAN 1|WET CLEAN RCA2|HF DIP|OXIDE STRIP|SURFACE PREP FOR DEPOSITION|DEPOSIT PAD OXIDE|ANNEAL OXIDE|MEASURE OXIDE THICKNESS|SPIN COAT PHOTORESIST|SOFT BAKE|ALIGN MASK LEVEL 1|EXPOSE LITHO LEVEL 1|DEVELOP PHOTORESIST|INSPECT PATTERN LEVEL 1|HARD BAKE|OXIDE ETCH DRY|STRIP RESIST|CLEAN AFTER ETCH|DEPOSIT POLYSILICON|ANNEAL POLYSILICON|SPIN COAT PHOTORESIST|SOFT BAKE|ALIGN MASK LEVEL 2|EXPOSE LITHO LEVEL 2|POST EXPOSE BAKE|DEVELOP PHOTORESIST|PATTERN INSPECTION LEVEL 2|POLYSILICON ETCH DRY|STRIP RESIST LEVEL 2|CLEAN AFTER POLY ETCH|MEASURE CD LEVEL 2|IMPLANT N-TYPE|RAPID THERMAL ANNEAL|MEASURE SHEET RESISTANCE|DEPOSIT INTERLEVEL DIELECTRIC|DENSIFY DIELECTRIC|MEASURE DIELECTRIC THICKNESS|CMP DIELECTRIC|MEASURE SURFACE PLANARITY|SPIN COAT PHOTORESIST|SOFT BAKE|ALIGN MASK LEVEL 3|EXPOSE LITHO LEVEL 3|POST EXPOSE BAKE|DEVELOP PHOTORESIST|VIA INSPECTION|HARD BAKE|VIA ETCH|STRIP RESIST|CLEAN AFTER VIA ETCH|MEASURE VIA CD|DEPOSIT BARRIER METAL|DEPOSIT TUNGSTEN SEED|FILL VIA TUNGSTEN|CMP VIA FILL|DEPOSIT METAL 1|ANNEAL METAL|MEASURE METAL THICKNESS|SPIN COAT PHOTORESIST|SOFT BAKE|ALIGN MASK LEVEL 4|EXPOSE LITHO LEVEL 4|DEVELOP PHOTORESIST|METAL PATTERN INSPECTION|METAL ETCH DRY|STRIP RESIST|CLEAN AFTER METAL ETCH|MEASURE LINE WIDTH|DEPOSIT PASSIVATION LAYER|THRESHOLD VOLTAGE TEST|CURE PASSIVATION|MEASURE PASSIVATION QUALITY|OPEN BOND PAD WINDOW|OPEN PAD WINDOW LITHO|DEVELOP PHOTORESIST|PASSIVATION ETCH PAD OPENING|STRIP RESIST|CLEAN PAD OPENING|MEASURE PAD OPENING|BACKSIDE THINNING CHECK|BACKSIDE CLEAN|DEPOSIT BACKSIDE PROTECTION|BACKSIDE ANNEAL|FRONTSIDE CLEAN FINAL|FINAL CLEAN|FINAL THICKNESS MEASURE|FINAL OXIDE CHECK|FINAL CD INSPECTION|FINAL PARTICLE INSPECTION|FINAL ELECTRICAL TEST PREP|PARAMETRIC TEST|LEAKAGE TEST|SWITCHING TEST|WAFER SORT TEST|YIELD ANALYSIS|LOT RELEASE|SHIP LOT,RULE_TEST_BEFORE_PASSIVATION
anomaly_0289,IGBT,RECEIVE WAFER LOT|LOT IDENTIFICATION|PRE CLEAN INSPECTION|MEASURE INITIAL THICKNESS|MEASURE SURFACE PARTICLES|PRE CLEAN WAFER|BACKSIDE CLEAN|FRONTSIDE CLEAN|WET CLEAN RCA1|RCA CLEAN 2|HF DIP|DRY WAFER|EPITAXIAL WAFER CHECK|MEASURE EPITAXY THICKNESS|MEASURE RESISTIVITY|EPITAXIAL REWORK CHECK|EPITAXIAL LAYER PREP|THERMAL OXIDATION|MEASURE OXIDE THICKNESS|SPIN COAT PHOTORESIST|SOFT BAKE|ALIGN MASK LEVEL 1|EXPOSE LITHO LEVEL 1|DEVELOP PHOTORESIST|INSPECT PATTERN LEVEL 1|OXIDE ETCH DRY|STRIP PHOTORESIST|CLEAN AFTER OXIDE ETCH|MEASURE OPENING CD|IMPLANT P BODY|PRE ANNEAL CHECK|DRIVE IN DIFFUSION|RAPID THERMAL ANNEAL|MEASURE JUNCTION DEPTH|THERMAL OXIDATION|SPIN COAT PHOTORESIST|SOFT BAKE|ALIGN MASK LEVEL 2|EXPOSE LITHO LEVEL 2|DEVELOP PHOTORESIST|P BODY WINDOW INSPECTION|HARD BAKE|ETCH SILICON OR OXIDE WINDOW|STRIP PHOTORESIST|CLEAN AFTER WINDOW ETCH|MEASURE WINDOW CD|IMPLANT N BUFFER|RAPID THERMAL ANNEAL|DEPOSIT FIELD OXIDE|DENSIFY OXIDE|SPIN COAT PHOTORESIST|SOFT BAKE|ALIGN MASK LEVEL 3|EXPOSE LITHO LEVEL 3|DEVELOP PHOTORESIST|FIELD PATTERN INSPECTION|FIELD OXIDE ETCH|STRIP PHOTORESIST|CLEAN AFTER FIELD ETCH|MEASURE SURFACE UNIFORMITY|IMPLANT SOURCE REGION|IMPLANT DRAIN / CATHODE REGION|PRE ANNEAL CHECK|RAPID THERMAL ANNEAL|MEASURE SHEET RESISTANCE|DEPOSIT GATE OXIDE OR DIELECTRIC|ANNEAL DIELECTRIC|DEPOSIT POLYSILICON|POLYSILICON ANNEAL|MEASURE POLY THICKNESS|SPIN COAT PHOTORESIST|SOFT BAKE|ALIGN MASK LEVEL 4|EXPOSE LITHO LEVEL 4|DEVELOP PHOTORESIST|POLY PATTERN INSPECTION|HARD BAKE|POLYSILICON ETCH DRY|STRIP RESIST|CLEAN AFTER POLY ETCH|IMPLANT CHANNEL STOP|RAPID THERMAL ANNEAL|MEASURE DEVICE PARAMETER|DEPOSIT INTERLEVEL DIELECTRIC|DENSIFY OXIDE|MEASURE FILM THICKNESS|CMP INTERLAYER DIELECTRIC|MEASURE SURFACE PLANARITY|SPIN COAT PHOTORESIST|SOFT BAKE|ALIGN MASK LEVEL 5|EXPOSE LITHO LEVEL 5|POST EXPOSE BAKE|DEVELOP PHOTORESIST|VIA OPENING INSPECTION|VIA ETCH THROUGH DIELECTRIC|STRIP RESIST|CLEAN AFTER VIA ETCH|MEASURE VIA CD|DEPOSIT BARRIER METAL|DEPOSIT METAL SEED|FILL VIA METAL|CMP VIA FILL|DEPOSIT TOP METAL|ANNEAL METAL|SPIN COAT PHOTORESIST|SOFT BAKE|ALIGN MASK LEVEL 6|EXPOSE LITHO LEVEL 6|DEVELOP PHOTORESIST|METAL PATTERN INSPECTION|METAL ETCH DRY|STRIP PHOTORESIST|CLEAN AFTER METAL ETCH|MEASURE LINE WIDTH|DEPOSIT PASSIVATION LAYER|CURE PASSIVATION|MEASURE PASSIVATION QUALITY|OPEN BOND PAD WINDOW|OPEN PAD WINDOW LITHO|DEVELOP PAD WINDOW|PASSIVATION ETCH PAD OPENING|STRIP PHOTORESIST|CLEAN PAD OPENING|MEASURE PAD OPENING|BACKSIDE GRIND|MEASURE WAFER THICKNESS|BACKSIDE ETCH CLEAN|BACKSIDE RINSE|BACKSIDE DRY|BACKSIDE METALLIZATION PREP|DEPOSIT BACKSIDE METAL|BACKSIDE ANNEAL|MEASURE BACKSIDE CONTACT|FINAL CLEAN|FINAL GEOMETRY CHECK|FINAL PARTICLE INSPECTION|PARAMETRIC TEST|LEAKAGE TEST|BREAKDOWN VOLTAGE TEST|SWITCHING TEST|SHIP LOT|YIELD ANALYSIS|FINAL LOT RELEASE|WAFER SORT TEST,RULE_SHIP_BEFORE_TEST
anomaly_0110,IGBT,RECEIVE WAFER LOT|LOT IDENTIFICATION|PRE CLEAN INSPECTION|MEASURE INITIAL THICKNESS|MEASURE SURFACE PARTICLES|PRE CLEAN WAFER|BACKSIDE CLEAN|FRONTSIDE CLEAN|RCA CLEAN 1|RCA CLEAN 2|HF DIP|EPITAXIAL WAFER CHECK|MEASURE EPITAXY THICKNESS|MEASURE RESISTIVITY|EPITAXIAL LAYER PREP|THERMAL OXIDATION|MEASURE OXIDE THICKNESS|SPIN COAT PHOTORESIST|SOFT BAKE|ALIGN MASK LEVEL 1|EXPOSE LITHO LEVEL 1|DEVELOP PHOTORESIST|INSPECT PATTERN LEVEL 1|HARD BAKE|OXIDE ETCH DRY|STRIP RESIST|CLEAN AFTER OXIDE ETCH|MEASURE OPENING CD|IMPLANT P BODY|PRE ANNEAL CHECK|DRIVE IN DIFFUSION|RAPID THERMAL ANNEAL|MEASURE JUNCTION DEPTH|THERMAL OXIDATION|SPIN COAT PHOTORESIST|SOFT BAKE|ALIGN MASK LEVEL 2|EXPOSE LITHO LEVEL 2|DEVELOP PHOTORESIST|P BODY WINDOW INSPECTION|ETCH SILICON OR OXIDE WINDOW|STRIP PHOTORESIST|CLEAN AFTER WINDOW ETCH|MEASURE WINDOW CD|IMPLANT N BUFFER|RAPID THERMAL ANNEAL|MEASURE SHEET RESISTANCE|DEPOSIT FIELD OXIDE|DENSIFY OXIDE|MEASURE FILM THICKNESS|SPIN COAT PHOTORESIST|SOFT BAKE|ALIGN MASK LEVEL 3|EXPOSE LITHO LEVEL 3|DEVELOP PHOTORESIST|FIELD PATTERN INSPECTION|FIELD OXIDE ETCH|STRIP RESIST|CLEAN AFTER FIELD ETCH|MEASURE SURFACE UNIFORMITY|IMPLANT SOURCE REGION|IMPLANT DRAIN / CATHODE REGION|PRE ANNEAL CHECK|RAPID THERMAL ANNEAL|DEPOSIT GATE OXIDE OR DIELECTRIC|ANNEAL DIELECTRIC|MEASURE OXIDE QUALITY|DEPOSIT POLYSILICON|POLYSILICON ANNEAL|MEASURE POLY THICKNESS|SPIN COAT PHOTORESIST|SOFT BAKE|ALIGN MASK LEVEL 4|EXPOSE LITHO LEVEL 4|DEVELOP PHOTORESIST|POLY PATTERN INSPECTION|POLYSILICON ETCH DRY|STRIP PHOTORESIST|CLEAN AFTER POLY ETCH|MEASURE GATE CD|IMPLANT CHANNEL STOP|PRE ANNEAL CHECK|RAPID THERMAL ANNEAL|MEASURE DEVICE PARAMETER|DEPOSIT INTERLEVEL DIELECTRIC|DENSIFY DIELECTRIC|MEASURE DIELECTRIC THICKNESS|CMP INTERLAYER DIELECTRIC|MEASURE PLANARITY|SPIN COAT PHOTORESIST|SOFT BAKE|ALIGN MASK LEVEL 5|EXPOSE LITHO LEVEL 5|DEVELOP PHOTORESIST|VIA INSPECTION|DIELECTRIC ETCH VIA|STRIP RESIST|CLEAN AFTER VIA ETCH|MEASURE VIA CD|DEPOSIT BARRIER METAL|DEPOSIT METAL SEED|FILL VIA METAL|CMP METAL|MEASURE VIA RESISTANCE|DEPOSIT METAL 1|ANNEAL METAL|SPIN COAT PHOTORESIST|SOFT BAKE|ALIGN MASK LEVEL 6|DEVELOP PHOTORESIST|METAL PATTERN INSPECTION|HARD BAKE|METAL ETCH DRY|STRIP PHOTORESIST|CLEAN AFTER METAL ETCH|DEPOSIT PASSIVATION LAYER|CURE PASSIVATION|MEASURE PASSIVATION QUALITY|OPEN BOND PAD WINDOW|PAD WINDOW LITHO|DEVELOP PHOTORESIST|PASSIVATION ETCH|STRIP RESIST|CLEAN PAD OPENING|MEASURE PAD OPENING|BACKSIDE GRIND|MEASURE THICKNESS|BACKSIDE ETCH CLEAN|BACKSIDE RINSE|BACKSIDE DRY|BACKSIDE METALLIZATION PREP|DEPOSIT BACKSIDE METAL|BACKSIDE ANNEAL|MEASURE BACKSIDE CONTACT|FINAL CLEAN|FINAL THICKNESS MEASURE|FINAL GEOMETRY CHECK|FINAL PARTICLE INSPECTION|PARAMETRIC TEST|LEAKAGE TEST|BREAKDOWN VOLTAGE TEST|SWITCHING TEST|WAFER SORT TEST|YIELD ANALYSIS|FINAL LOT RELEASE|SHIP LOT,RULE_METAL_ETCH_NO_LITHO
anomaly_0929,MOSFET,RECEIVE WAFER LOT|LOT IDENTIFICATION|PRE CLEAN INSPECTION|MEASURE THICKNESS|MEASURE SURFACE PARTICLES|PRE CLEAN WAFER|BACKSIDE CLEAN|FRONTSIDE CLEAN|RCA CLEAN 1|WET CLEAN RCA2|HF DIP|DRY WAFER|SUBSTRATE CHECK|EPITAXY PREP|EPITAXIAL DEPOSITION|MEASURE EPITAXY THICKNESS|MEASURE RESISTIVITY|EPITAXY ANNEAL|WAFER SURFACE CLEAN|THERMAL OXIDATION|MEASURE OXIDE THICKNESS|SPIN COAT PHOTORESIST|SOFT BAKE|ALIGN MASK LEVEL 1|EXPOSE LITHO LEVEL 1|DEVELOP PHOTORESIST|PATTERN INSPECTION LEVEL 1|OXIDE ETCH|STRIP RESIST|CLEAN AFTER ETCH|MEASURE OPENING CD|IMPLANT WELL|PRE ANNEAL CHECK|DRIVE IN DIFFUSION|RAPID THERMAL ANNEAL|MEASURE JUNCTION DEPTH|THERMAL OXIDATION|GATE OXIDE PREP|GATE OXIDE GROWTH|MEASURE GATE OXIDE THICKNESS|DEPOSIT POLYSILICON|POLYSILICON ANNEAL|SPIN COAT PHOTORESIST|SOFT BAKE|ALIGN MASK LEVEL 2|EXPOSE LITHO LEVEL 2|DEVELOP PHOTORESIST|POLY PATTERN INSPECTION|POLYSILICON ETCH|STRIP RESIST|CLEAN AFTER POLY ETCH|MEASURE GATE CD|IMPLANT SOURCE DRAIN|PRE ANNEAL CHECK|LIGHT ANNEAL|MEASURE SHEET RESISTANCE|DEPOSIT SPACER DIELECTRIC|ANISOTROPIC ETCH SPACER|MEASURE SPACER WIDTH|IMPLANT LDD|RAPID THERMAL ANNEAL|MEASURE JUNCTION PROFILE|DEPOSIT INTERLEVEL DIELECTRIC|DENSIFY OXIDE|MEASURE FILM THICKNESS|CMP INTERLAYER DIELECTRIC|MEASURE SURFACE PLANARITY|SPIN COAT PHOTORESIST|SOFT BAKE|ALIGN MASK LEVEL 3|EXPOSE LITHO LEVEL 3|DEVELOP PHOTORESIST|VIA INSPECTION|DIELECTRIC ETCH VIA|STRIP PHOTORESIST|CLEAN AFTER VIA ETCH|MEASURE VIA CD|CMP VIA FILL|MEASURE CONTACT RESISTANCE|DEPOSIT TOP METAL|ANNEAL METAL|MEASURE METAL THICKNESS|SPIN COAT PHOTORESIST|SOFT BAKE|ALIGN MASK LEVEL 4|EXPOSE LITHO LEVEL 4|DEVELOP PHOTORESIST|METAL PATTERN INSPECTION|HARD BAKE|METAL ETCH|STRIP PHOTORESIST|CLEAN AFTER METAL ETCH|DEPOSIT PASSIVATION|CURE PASSIVATION|MEASURE PASSIVATION THICKNESS|OPEN PAD WINDOW|PAD WINDOW LITHO|DEVELOP PHOTORESIST|PASSIVATION ETCH PAD OPENING|STRIP PHOTORESIST|CLEAN PAD OPENING|MEASURE PAD OPENING|BACKSIDE CLEAN|BACKSIDE GRIND|MEASURE WAFER THICKNESS|BACKSIDE ETCH CLEAN|BACKSIDE RINSE|BACKSIDE DRY|BACKSIDE METALLIZATION PREP|DEPOSIT BACKSIDE METAL|BACKSIDE ANNEAL|MEASURE BACKSIDE CONTACT|FINAL CLEAN|FINAL THICKNESS MEASURE|FINAL PARTICLE INSPECTION|PARAMETRIC TEST|LEAKAGE TEST|THRESHOLD VOLTAGE TEST|SWITCHING TEST|WAFER SORT TEST|YIELD ANALYSIS|LOT RELEASE|SHIP LOT,RULE_CMP_NO_DEP
anomaly_0138,MOSFET,RECEIVE WAFER LOT|LOT IDENTIFICATION|INITIAL WAFER INSPECTION|MEASURE THICKNESS|MEASURE SURFACE PARTICLES|PRE CLEAN WAFER|RCA CLEAN 1|WET CLEAN RCA2|HF DIP|DRY WAFER|SUBSTRATE CHECK|EPITAXY PREP|EPITAXIAL DEPOSITION|MEASURE EPITAXY THICKNESS|MEASURE RESISTIVITY|EPITAXY ANNEAL|WAFER SURFACE CLEAN|THERMAL OXIDATION|MEASURE OXIDE THICKNESS|SPIN COAT PHOTORESIST|SOFT BAKE|ALIGN MASK LEVEL 1|EXPOSE LITHO LEVEL 1|DEVELOP PHOTORESIST|PATTERN INSPECTION LEVEL 1|HARD BAKE|OXIDE ETCH|STRIP RESIST|CLEAN AFTER ETCH|MEASURE OPENING CD|IMPLANT WELL|PRE ANNEAL CHECK|DRIVE IN DIFFUSION|RAPID THERMAL ANNEAL|MEASURE JUNCTION DEPTH|THERMAL OXIDATION|GATE OXIDE PREP|GATE OXIDE GROWTH|MEASURE GATE OXIDE THICKNESS|DEPOSIT POLYSILICON|POLYSILICON ANNEAL|MEASURE POLY THICKNESS|SPIN COAT PHOTORESIST|SOFT BAKE|ALIGN MASK LEVEL 2|EXPOSE LITHO LEVEL 2|POST EXPOSE BAKE|DEVELOP PHOTORESIST|POLY PATTERN INSPECTION|POLYSILICON ETCH|STRIP PHOTORESIST|CLEAN AFTER POLY ETCH|MEASURE GATE CD|IMPLANT SOURCE DRAIN|LIGHT ANNEAL|MEASURE SHEET RESISTANCE|DEPOSIT SPACER DIELECTRIC|ANISOTROPIC ETCH SPACER|IMPLANT LDD|PRE ANNEAL CHECK|RAPID THERMAL ANNEAL|DEPOSIT INTERLAYER DIELECTRIC|DENSIFY OXIDE|MEASURE FILM THICKNESS|CMP DIELECTRIC|MEASURE PLANARITY|SPIN COAT PHOTORESIST|SOFT BAKE|ALIGN MASK LEVEL 3|EXPOSE LITHO LEVEL 3|DEVELOP PHOTORESIST|VIA INSPECTION|HARD BAKE|DIELECTRIC ETCH VIA|STRIP PHOTORESIST|CLEAN AFTER VIA ETCH|MEASURE VIA CD|DEPOSIT BARRIER METAL|DEPOSIT METAL SEED|FILL VIA METAL|CMP VIA FILL|MEASURE CONTACT RESISTANCE|DEPOSIT TOP METAL|ANNEAL METAL|MEASURE METAL THICKNESS|SPIN COAT PHOTORESIST|SOFT BAKE|ALIGN MASK LEVEL 4|EXPOSE LITHO LEVEL 4|DEVELOP PHOTORESIST|METAL PATTERN INSPECTION|METAL ETCH|STRIP RESIST|CLEAN AFTER METAL ETCH|DEPOSIT PASSIVATION|CURE PASSIVATION|MEASURE PASSIVATION THICKNESS|OPEN BOND PAD WINDOW|PAD WINDOW LITHO|DEVELOP PAD WINDOW|PASSIVATION ETCH PAD OPENING|STRIP RESIST|CLEAN PAD OPENING|MEASURE PAD OPENING|BACKSIDE CLEAN|BACKSIDE GRIND|MEASURE THICKNESS|BACKSIDE ETCH CLEAN|BACKSIDE RINSE|BACKSIDE DRY|BACKSIDE METALLIZATION PREP|DEPOSIT BACKSIDE METAL|BACKSIDE ANNEAL|MEASURE BACKSIDE CONTACT|FINAL CLEAN|FINAL GEOMETRY CHECK|FINAL PARTICLE INSPECTION|PARAMETRIC TEST|LEAKAGE TEST|THRESHOLD VOLTAGE TEST|SWITCHING TEST|SHIP LOT|YIELD ANALYSIS|FINAL LOT RELEASE|WAFER SORT TEST,RULE_SHIP_BEFORE_TEST
anomaly_0107,MOSFET,RECEIVE WAFER LOT|LOT IDENTIFICATION|INITIAL WAFER INSPECTION|MEASURE SURFACE PARTICLES|PRE CLEAN WAFER|WET CLEAN RCA1|WET CLEAN RCA2|HF DIP|SUBSTRATE CHECK|EPITAXY PREP|EPITAXIAL DEPOSITION|MEASURE EPITAXY THICKNESS|MEASURE RESISTIVITY|EPITAXY ANNEAL|WAFER SURFACE CLEAN|THERMAL OXIDATION|MEASURE OXIDE THICKNESS|SPIN COAT PHOTORESIST|SOFT BAKE|ALIGN MASK LEVEL 1|EXPOSE LITHO LEVEL 1|POST EXPOSE BAKE|DEVELOP PHOTORESIST|PATTERN INSPECTION LEVEL 1|OXIDE ETCH|STRIP RESIST|CLEAN AFTER ETCH|IMPLANT WELL|DRIVE IN DIFFUSION|RAPID THERMAL ANNEAL|THERMAL OXIDATION|GATE OXIDE PREP|GATE OXIDE GROWTH|MEASURE GATE OXIDE THICKNESS|DEPOSIT POLYSILICON|POLYSILICON ANNEAL|SPIN COAT PHOTORESIST|SOFT BAKE|ALIGN MASK LEVEL 2|EXPOSE LITHO LEVEL 2|DEVELOP PHOTORESIST|POLY PATTERN INSPECTION|HARD BAKE|POLYSILICON ETCH|STRIP RESIST|CLEAN AFTER POLY ETCH|IMPLANT SOURCE DRAIN|PRE ANNEAL CHECK|LIGHT ANNEAL|DEPOSIT SPACER DIELECTRIC|ANISOTROPIC ETCH SPACER|IMPLANT LDD|PRE ANNEAL CHECK|RAPID THERMAL ANNEAL|MEASURE JUNCTION PROFILE|DEPOSIT INTERLEVEL DIELECTRIC|DENSIFY DIELECTRIC|MEASURE DIELECTRIC THICKNESS|CMP DIELECTRIC|MEASURE SURFACE PLANARITY|SPIN COAT PHOTORESIST|SOFT BAKE|ALIGN MASK LEVEL 3|EXPOSE LITHO LEVEL 3|DEVELOP PHOTORESIST|VIA OPENING INSPECTION|DIELECTRIC ETCH VIA|STRIP RESIST|CLEAN AFTER VIA ETCH|DEPOSIT BARRIER METAL|DEPOSIT METAL SEED|FILL VIA METAL|CMP VIA FILL|MEASURE CONTACT RESISTANCE|DEPOSIT TOP METAL|ANNEAL METAL 1|SPIN COAT PHOTORESIST|SOFT BAKE|ALIGN MASK LEVEL 4|DEVELOP PHOTORESIST|METAL PATTERN INSPECTION|METAL ETCH|STRIP RESIST|CLEAN AFTER METAL ETCH|MEASURE LINE WIDTH|DEPOSIT PASSIVATION LAYER|CURE PASSIVATION|MEASURE PASSIVATION QUALITY|OPEN BOND PAD WINDOW|PAD WINDOW LITHO|DEVELOP PHOTORESIST|PASSIVATION ETCH PAD OPENING|STRIP RESIST|CLEAN PAD OPENING|MEASURE PAD OPENING|BACKSIDE CLEAN|BACKSIDE GRIND|MEASURE WAFER THICKNESS|BACKSIDE ETCH CLEAN|BACKSIDE RINSE|BACKSIDE DRY|BACKSIDE METALLIZATION PREP|DEPOSIT BACKSIDE METAL|BACKSIDE ANNEAL|MEASURE BACKSIDE CONTACT|FINAL CLEAN|FINAL GEOMETRY CHECK|FINAL CD INSPECTION|FINAL PARTICLE INSPECTION|ELECTRICAL PARAMETRIC TEST|LEAKAGE TEST|THRESHOLD VOLTAGE TEST|SWITCHING TEST|WAFER SORT TEST|YIELD ANALYSIS|FINAL LOT RELEASE|SHIP LOT,RULE_METAL_ETCH_NO_LITHO
anomaly_0810,IC,RECEIVE WAFER LOT|LOT IDENTIFICATION|PRE CLEAN INSPECTION|MEASURE SURFACE DEFECTS|WAFER CLEAN PRE PROCESS|FRONTSIDE CLEAN|RCA CLEAN 1|WET CLEAN RCA2|HF DIP|WAFER CLEAN PRE-GRIND|GRINDING WAFER BACKSIDE|MEASURE INITIAL GEOMETRY|ETCH WET BACKSIDE|RINSE WET WAFER_EDGE|DRY WAFER BACKSIDE|BACKSIDE CLEAN|MEASURE BACKSIDE ROUGHNESS|THERMAL OXIDATION|MEASURE OXIDE THICKNESS|WET CLEAN RCA1|WET CLEAN RCA2|HF DIP|OXIDE STRIP|SURFACE PREP FOR DEPOSITION|DEPOSIT PAD OXIDE|ANNEAL OXIDE|MEASURE FILM THICKNESS|SPIN COAT PHOTORESIST|SOFT BAKE|ALIGN MASK LEVEL 1|EXPOSE LITHO LEVEL 1|DEVELOP PHOTORESIST|INSPECT PATTERN LEVEL 1|HARD BAKE|OXIDE ETCH DRY|STRIP RESIST|CLEAN AFTER ETCH|MEASURE CD LEVEL 1|DEPOSIT POLYSILICON|ANNEAL POLYSILICON|SPIN COAT PHOTORESIST|SOFT BAKE|ALIGN MASK LEVEL 2|EXPOSE LITHO LEVEL 2|DEVELOP PHOTORESIST|PATTERN INSPECTION LEVEL 2|HARD BAKE|POLYSILICON ETCH DRY|STRIP RESIST|CLEAN AFTER POLY ETCH|MEASURE CD LEVEL 2|IMPLANT N-TYPE|RAPID THERMAL ANNEAL|MEASURE SHEET RESISTANCE|DEPOSIT INTERLEVEL DIELECTRIC|DENSIFY OXIDE|MEASURE FILM THICKNESS|CMP DIELECTRIC|MEASURE PLANARITY|SPIN COAT PHOTORESIST|SOFT BAKE|ALIGN MASK LEVEL 3|EXPOSE LITHO LEVEL 3|DEVELOP PHOTORESIST|VIA INSPECTION|VIA ETCH THROUGH DIELECTRIC|STRIP PHOTORESIST|CLEAN AFTER VIA ETCH|DEPOSIT BARRIER METAL|DEPOSIT TUNGSTEN SEED|FILL VIA TUNGSTEN|CMP METAL|MEASURE CONTACT RESISTANCE|DEPOSIT METAL 1|ANNEAL METAL 1|MEASURE METAL THICKNESS|SPIN COAT PHOTORESIST|SOFT BAKE|ALIGN MASK LEVEL 4|EXPOSE LITHO LEVEL 4|POST EXPOSE BAKE|DEVELOP PHOTORESIST|METAL PATTERN INSPECTION|METAL ETCH DRY|STRIP PHOTORESIST|CLEAN AFTER METAL ETCH|MEASURE LINE WIDTH|DEPOSIT PASSIVATION LAYER|SWITCHING TEST|CURE PASSIVATION|MEASURE PASSIVATION QUALITY|OPEN BOND PAD WINDOW|OPEN PAD WINDOW LITHO|DEVELOP PHOTORESIST|PASSIVATION ETCH PAD OPENING|STRIP PHOTORESIST|CLEAN PAD OPENING|MEASURE PAD OPENING|BACKSIDE THINNING CHECK|BACKSIDE CLEAN FINAL|DEPOSIT BACKSIDE PROTECTION|BACKSIDE ANNEAL|FRONTSIDE CLEAN FINAL|FINAL CLEAN|FINAL THICKNESS MEASURE|FINAL GEOMETRY CHECK|FINAL CD INSPECTION|FINAL PARTICLE INSPECTION|PARAMETRIC TEST|LEAKAGE TEST|THRESHOLD VOLTAGE TEST|WAFER SORT TEST|YIELD ANALYSIS|LOT RELEASE|PACKAGE PREPARATION|SHIP LOT,RULE_TEST_BEFORE_PASSIVATION
anomaly_0310,IGBT,RECEIVE WAFER LOT|LOT IDENTIFICATION|INITIAL WAFER INSPECTION|PRE CLEAN WAFER|BACKSIDE CLEAN|FRONTSIDE CLEAN|RCA CLEAN 1|WET CLEAN RCA2|HF DIP|DRY WAFER|EPITAXIAL WAFER CHECK|MEASURE EPITAXY THICKNESS|MEASURE RESISTIVITY|EPITAXIAL LAYER PREP|THERMAL OXIDATION|MEASURE OXIDE THICKNESS|SPIN COAT PHOTORESIST|SOFT BAKE|ALIGN MASK LEVEL 1|EXPOSE LITHO LEVEL 1|DEVELOP PHOTORESIST|INSPECT PATTERN LEVEL 1|OXIDE ETCH DRY|STRIP PHOTORESIST|CLEAN AFTER OXIDE ETCH|MEASURE OPENING CD|IMPLANT P BODY|DRIVE IN DIFFUSION|RAPID THERMAL ANNEAL|MEASURE JUNCTION DEPTH|THERMAL OXIDATION|SPIN COAT PHOTORESIST|SOFT BAKE|ALIGN MASK LEVEL 2|EXPOSE LITHO LEVEL 2|DEVELOP PHOTORESIST|P BODY WINDOW INSPECTION|ETCH SILICON OR OXIDE WINDOW|STRIP PHOTORESIST|CLEAN AFTER WINDOW ETCH|MEASURE WINDOW CD|IMPLANT N BUFFER|PRE ANNEAL CHECK|RAPID THERMAL ANNEAL|MEASURE SHEET RESISTANCE|DEPOSIT FIELD OXIDE|DENSIFY OXIDE|MEASURE FILM THICKNESS|SPIN COAT PHOTORESIST|SOFT BAKE|ALIGN MASK LEVEL 3|EXPOSE LITHO LEVEL 3|POST EXPOSE BAKE|DEVELOP PHOTORESIST|FIELD PATTERN INSPECTION|HARD BAKE|FIELD OXIDE ETCH|STRIP RESIST|CLEAN AFTER FIELD ETCH|IMPLANT SOURCE REGION|IMPLANT DRAIN / CATHODE REGION|RAPID THERMAL ANNEAL|MEASURE SHEET RESISTANCE|DEPOSIT GATE OXIDE OR DIELECTRIC|ANNEAL DIELECTRIC|DEPOSIT POLYSILICON|POLYSILICON ANNEAL|MEASURE POLY THICKNESS|SPIN COAT PHOTORESIST|SOFT BAKE|DEVELOP PHOTORESIST|POLY PATTERN INSPECTION|HARD BAKE|POLYSILICON ETCH DRY|STRIP RESIST|CLEAN AFTER POLY ETCH|MEASURE GATE CD|IMPLANT CHANNEL STOP|RAPID THERMAL ANNEAL|MEASURE DEVICE PARAMETER|DEPOSIT INTERLEVEL DIELECTRIC|DENSIFY OXIDE|MEASURE FILM THICKNESS|CMP DIELECTRIC|MEASURE SURFACE PLANARITY|SPIN COAT PHOTORESIST|SOFT BAKE|ALIGN MASK LEVEL 5|EXPOSE LITHO LEVEL 5|DEVELOP PHOTORESIST|VIA INSPECTION|VIA ETCH THROUGH DIELECTRIC|STRIP PHOTORESIST|CLEAN AFTER VIA ETCH|MEASURE VIA CD|DEPOSIT BARRIER METAL|DEPOSIT METAL SEED|FILL VIA METAL|CMP METAL|MEASURE VIA RESISTANCE|DEPOSIT TOP METAL|ANNEAL METAL 1|MEASURE METAL THICKNESS|SPIN COAT PHOTORESIST|SOFT BAKE|ALIGN MASK LEVEL 6|EXPOSE LITHO LEVEL 6|DEVELOP PHOTORESIST|METAL PATTERN INSPECTION|HARD BAKE|METAL ETCH DRY|STRIP RESIST|CLEAN AFTER METAL ETCH|DEPOSIT PASSIVATION LAYER|CURE PASSIVATION|MEASURE PASSIVATION THICKNESS|OPEN PAD WINDOW|OPEN PAD WINDOW LITHO|DEVELOP PHOTORESIST|PASSIVATION ETCH PAD OPENING|STRIP RESIST|CLEAN PAD OPENING|MEASURE PAD OPENING|BACKSIDE GRIND|MEASURE THICKNESS|BACKSIDE ETCH CLEAN|BACKSIDE RINSE|BACKSIDE DRY|BACKSIDE METALLIZATION PREP|DEPOSIT BACKSIDE METAL|BACKSIDE ANNEAL|MEASURE BACKSIDE CONTACT|FINAL CLEAN|FINAL GEOMETRY CHECK|FINAL PARTICLE INSPECTION|ELECTRICAL PARAMETRIC TEST|LEAKAGE TEST|BREAKDOWN VOLTAGE TEST|SWITCHING TEST|WAFER SORT TEST|YIELD ANALYSIS|FINAL LOT RELEASE|SHIP LOT,RULE_LITHO_LEVEL_SKIP
anomaly_0627,MOSFET,RECEIVE WAFER LOT|LOT IDENTIFICATION|INITIAL WAFER INSPECTION|MEASURE THICKNESS|MEASURE SURFACE PARTICLES|PRE CLEAN WAFER|RCA CLEAN 1|RCA CLEAN 2|HF DIP|DRY WAFER|SUBSTRATE CHECK|EPITAXY PREP|EPITAXIAL DEPOSITION|MEASURE EPITAXY THICKNESS|MEASURE RESISTIVITY|EPITAXY ANNEAL|WAFER SURFACE CLEAN|THERMAL OXIDATION|MEASURE OXIDE THICKNESS|SPIN COAT PHOTORESIST|SOFT BAKE|ALIGN MASK LEVEL 1|EXPOSE LITHO LEVEL 1|POST EXPOSE BAKE|DEVELOP PHOTORESIST|PATTERN INSPECTION LEVEL 1|HARD BAKE|OXIDE ETCH|STRIP RESIST|CLEAN AFTER ETCH|IMPLANT WELL|PRE ANNEAL CHECK|DRIVE IN DIFFUSION|RAPID THERMAL ANNEAL|MEASURE JUNCTION DEPTH|THERMAL OXIDATION|GATE OXIDE PREP|GATE OXIDE GROWTH|MEASURE GATE OXIDE THICKNESS|DEPOSIT POLYSILICON|POLYSILICON ANNEAL|MEASURE POLY THICKNESS|SPIN COAT PHOTORESIST|SOFT BAKE|ALIGN MASK LEVEL 2|EXPOSE LITHO LEVEL 2|POST EXPOSE BAKE|DEVELOP PHOTORESIST|POLY PATTERN INSPECTION|POLYSILICON ETCH|STRIP RESIST|CLEAN AFTER POLY ETCH|MEASURE GATE CD|IMPLANT SOURCE DRAIN|PRE ANNEAL CHECK|LIGHT ANNEAL|MEASURE SHEET RESISTANCE|DEPOSIT SPACER DIELECTRIC|ANISOTROPIC ETCH SPACER|MEASURE SPACER WIDTH|IMPLANT LDD|RAPID THERMAL ANNEAL|DEPOSIT INTERLAYER DIELECTRIC|DENSIFY OXIDE|MEASURE DIELECTRIC THICKNESS|CMP DIELECTRIC|MEASURE SURFACE PLANARITY|SPIN COAT PHOTORESIST|SOFT BAKE|ALIGN MASK LEVEL 3|EXPOSE LITHO LEVEL 3|DEVELOP PHOTORESIST|VIA INSPECTION|VIA ETCH THROUGH DIELECTRIC|STRIP RESIST|CLEAN AFTER VIA ETCH|MEASURE VIA CD|DEPOSIT BARRIER METAL|DEPOSIT METAL SEED|FILL VIA METAL|CMP VIA FILL|MEASURE CONTACT RESISTANCE|DEPOSIT TOP METAL|ANNEAL METAL|MEASURE METAL THICKNESS|SPIN COAT PHOTORESIST|SOFT BAKE|ALIGN MASK LEVEL 4|EXPOSE LITHO LEVEL 4|POST EXPOSE BAKE|DEVELOP PHOTORESIST|METAL PATTERN INSPECTION|METAL ETCH|STRIP RESIST|CLEAN AFTER METAL ETCH|DEPOSIT PASSIVATION LAYER|DEPOSIT BACKSIDE METAL|CURE PASSIVATION|MEASURE PASSIVATION QUALITY|OPEN BOND PAD WINDOW|PAD WINDOW LITHO|DEVELOP PHOTORESIST|PASSIVATION ETCH PAD OPENING|STRIP RESIST|CLEAN PAD OPENING|MEASURE PAD OPENING|BACKSIDE CLEAN|BACKSIDE GRIND|MEASURE THICKNESS|BACKSIDE ETCH CLEAN|BACKSIDE RINSE|BACKSIDE DRY|BACKSIDE METALLIZATION PREP|BACKSIDE ANNEAL|MEASURE BACKSIDE CONTACT|FINAL CLEAN|FINAL THICKNESS MEASURE|FINAL GEOMETRY CHECK|FINAL PARTICLE INSPECTION|ELECTRICAL PARAMETRIC TEST|LEAKAGE TEST|THRESHOLD VOLTAGE TEST|SWITCHING TEST|WAFER SORT TEST|YIELD ANALYSIS|LOT RELEASE|SHIP LOT,RULE_BACKSIDE_BEFORE_PASSIVATION
anomaly_0292,IGBT,RECEIVE WAFER LOT|LOT IDENTIFICATION|PRE CLEAN INSPECTION|MEASURE INITIAL THICKNESS|MEASURE SURFACE PARTICLES|PRE CLEAN WAFER|BACKSIDE CLEAN|FRONTSIDE CLEAN|WET CLEAN RCA1|RCA CLEAN 2|HF DIP|DRY WAFER|EPITAXIAL WAFER CHECK|MEASURE EPITAXY THICKNESS|MEASURE RESISTIVITY|EPITAXIAL LAYER PREP|THERMAL OXIDATION|MEASURE OXIDE THICKNESS|SPIN COAT PHOTORESIST|SOFT BAKE|ALIGN MASK LEVEL 1|EXPOSE LITHO LEVEL 1|POST EXPOSE BAKE|DEVELOP PHOTORESIST|INSPECT PATTERN LEVEL 1|OXIDE ETCH DRY|STRIP PHOTORESIST|CLEAN AFTER OXIDE ETCH|MEASURE OPENING CD|IMPLANT P BODY|DRIVE IN DIFFUSION|RAPID THERMAL ANNEAL|THERMAL OXIDATION|SPIN COAT PHOTORESIST|SOFT BAKE|ALIGN MASK LEVEL 2|EXPOSE LITHO LEVEL 2|DEVELOP PHOTORESIST|P BODY WINDOW INSPECTION|HARD BAKE|ETCH SILICON OR OXIDE WINDOW|STRIP PHOTORESIST|CLEAN AFTER WINDOW ETCH|MEASURE WINDOW CD|IMPLANT N BUFFER|RAPID THERMAL ANNEAL|EPITAXIAL REWORK CHECK|DEPOSIT FIELD OXIDE|DENSIFY OXIDE|MEASURE FILM THICKNESS|SPIN COAT PHOTORESIST|SOFT BAKE|ALIGN MASK LEVEL 3|EXPOSE LITHO LEVEL 3|DEVELOP PHOTORESIST|FIELD PATTERN INSPECTION|FIELD OXIDE ETCH|STRIP RESIST|CLEAN AFTER FIELD ETCH|MEASURE SURFACE UNIFORMITY|IMPLANT SOURCE REGION|IMPLANT DRAIN / CATHODE REGION|RAPID THERMAL ANNEAL|MEASURE SHEET RESISTANCE|DEPOSIT GATE OXIDE OR DIELECTRIC|ANNEAL DIELECTRIC|MEASURE OXIDE QUALITY|DEPOSIT POLYSILICON|POLYSILICON ANNEAL|MEASURE POLY THICKNESS|SPIN COAT PHOTORESIST|SOFT BAKE|ALIGN MASK LEVEL 4|EXPOSE LITHO LEVEL 4|DEVELOP PHOTORESIST|POLY PATTERN INSPECTION|POLYSILICON ETCH DRY|STRIP RESIST|CLEAN AFTER POLY ETCH|IMPLANT CHANNEL STOP|PRE ANNEAL CHECK|RAPID THERMAL ANNEAL|MEASURE DEVICE PARAMETER|DEPOSIT INTERLAYER DIELECTRIC|DENSIFY DIELECTRIC|MEASURE FILM THICKNESS|CMP INTERLAYER DIELECTRIC|MEASURE PLANARITY|SPIN COAT PHOTORESIST|SOFT BAKE|ALIGN MASK LEVEL 5|EXPOSE LITHO LEVEL 5|POST EXPOSE BAKE|DEVELOP PHOTORESIST|VIA INSPECTION|DIELECTRIC ETCH VIA|STRIP RESIST|CLEAN AFTER VIA ETCH|DEPOSIT BARRIER METAL|DEPOSIT METAL SEED|FILL VIA METAL|CMP METAL|DEPOSIT TOP METAL|ANNEAL METAL 1|SPIN COAT PHOTORESIST|SOFT BAKE|ALIGN MASK LEVEL 6|EXPOSE LITHO LEVEL 6|POST EXPOSE BAKE|DEVELOP PHOTORESIST|METAL PATTERN INSPECTION|HARD BAKE|METAL ETCH DRY|STRIP RESIST|CLEAN AFTER METAL ETCH|MEASURE LINE WIDTH|DEPOSIT PASSIVATION LAYER|BREAKDOWN VOLTAGE TEST|CURE PASSIVATION|MEASURE PASSIVATION QUALITY|OPEN BOND PAD WINDOW|OPEN PAD WINDOW LITHO|DEVELOP PAD WINDOW|PASSIVATION ETCH PAD OPENING|STRIP RESIST|CLEAN PAD OPENING|MEASURE PAD OPENING|BACKSIDE GRIND|MEASURE WAFER THICKNESS|BACKSIDE ETCH CLEAN|BACKSIDE RINSE|BACKSIDE DRY|BACKSIDE METALLIZATION PREP|DEPOSIT BACKSIDE METAL|BACKSIDE ANNEAL|MEASURE BACKSIDE CONTACT|FINAL CLEAN|FINAL THICKNESS MEASURE|FINAL GEOMETRY CHECK|FINAL CD INSPECTION|FINAL PARTICLE INSPECTION|ELECTRICAL PARAMETRIC TEST|LEAKAGE TEST|SWITCHING TEST|YIELD ANALYSIS|WAFER SORT TEST|FINAL LOT RELEASE|SHIP LOT,RULE_TEST_BEFORE_PASSIVATION
anomaly_0877,IGBT,RECEIVE WAFER LOT|LOT IDENTIFICATION|INITIAL WAFER INSPECTION|MEASURE INITIAL THICKNESS|MEASURE SURFACE PARTICLES|PRE CLEAN WAFER|BACKSIDE CLEAN|FRONTSIDE CLEAN|RCA CLEAN 1|WET CLEAN RCA2|HF DIP|EPITAXIAL WAFER CHECK|MEASURE EPITAXY THICKNESS|MEASURE RESISTIVITY|EPITAXIAL REWORK CHECK|EPITAXIAL LAYER PREP|THERMAL OXIDATION|MEASURE OXIDE THICKNESS|SPIN COAT PHOTORESIST|SOFT BAKE|ALIGN MASK LEVEL 1|EXPOSE LITHO LEVEL 1|INSPECT PATTERN LEVEL 1|STRIP PHOTORESIST|CLEAN AFTER OXIDE ETCH|MEASURE OPENING CD|IMPLANT P BODY|PRE ANNEAL CHECK|DRIVE IN DIFFUSION|RAPID THERMAL ANNEAL|THERMAL OXIDATION|SPIN COAT PHOTORESIST|SOFT BAKE|ALIGN MASK LEVEL 2|EXPOSE LITHO LEVEL 2|DEVELOP PHOTORESIST|P BODY WINDOW INSPECTION|ETCH SILICON OR OXIDE WINDOW|STRIP RESIST|CLEAN AFTER WINDOW ETCH|MEASURE WINDOW CD|IMPLANT N BUFFER|RAPID THERMAL ANNEAL|MEASURE SHEET RESISTANCE|EPITAXIAL REWORK CHECK|DEPOSIT FIELD OXIDE|DENSIFY OXIDE|MEASURE FILM THICKNESS|SPIN COAT PHOTORESIST|SOFT BAKE|ALIGN MASK LEVEL 3|EXPOSE LITHO LEVEL 3|DEVELOP PHOTORESIST|FIELD PATTERN INSPECTION|HARD BAKE|FIELD OXIDE ETCH|STRIP PHOTORESIST|CLEAN AFTER FIELD ETCH|MEASURE SURFACE UNIFORMITY|IMPLANT SOURCE REGION|IMPLANT DRAIN / CATHODE REGION|PRE ANNEAL CHECK|RAPID THERMAL ANNEAL|MEASURE SHEET RESISTANCE|DEPOSIT GATE OXIDE OR DIELECTRIC|ANNEAL DIELECTRIC|MEASURE OXIDE QUALITY|DEPOSIT POLYSILICON|POLYSILICON ANNEAL|MEASURE POLY THICKNESS|SPIN COAT PHOTORESIST|SOFT BAKE|ALIGN MASK LEVEL 4|EXPOSE LITHO LEVEL 4|DEVELOP PHOTORESIST|POLY PATTERN INSPECTION|HARD BAKE|POLYSILICON ETCH DRY|STRIP RESIST|CLEAN AFTER POLY ETCH|MEASURE GATE CD|IMPLANT CHANNEL STOP|RAPID THERMAL ANNEAL|MEASURE DEVICE PARAMETER|DEPOSIT INTERLAYER DIELECTRIC|DENSIFY OXIDE|MEASURE DIELECTRIC THICKNESS|CMP DIELECTRIC|MEASURE PLANARITY|SPIN COAT PHOTORESIST|SOFT BAKE|ALIGN MASK LEVEL 5|EXPOSE LITHO LEVEL 5|POST EXPOSE BAKE|DEVELOP PHOTORESIST|VIA INSPECTION|HARD BAKE|VIA ETCH|STRIP PHOTORESIST|CLEAN AFTER VIA ETCH|MEASURE VIA CD|DEPOSIT BARRIER METAL|DEPOSIT METAL SEED|FILL VIA METAL|CMP VIA FILL|DEPOSIT TOP METAL|ANNEAL METAL 1|MEASURE METAL THICKNESS|SPIN COAT PHOTORESIST|SOFT BAKE|ALIGN MASK LEVEL 6|EXPOSE LITHO LEVEL 6|DEVELOP PHOTORESIST|METAL PATTERN INSPECTION|HARD BAKE|METAL ETCH DRY|STRIP PHOTORESIST|CLEAN AFTER METAL ETCH|MEASURE LINE WIDTH|DEPOSIT PASSIVATION|CURE PASSIVATION|MEASURE PASSIVATION QUALITY|OPEN BOND PAD WINDOW|PAD WINDOW LITHO|DEVELOP PHOTORESIST|PASSIVATION ETCH|STRIP PHOTORESIST|CLEAN PAD OPENING|MEASURE PAD OPENING|BACKSIDE GRIND|MEASURE WAFER THICKNESS|BACKSIDE ETCH CLEAN|BACKSIDE RINSE|BACKSIDE DRY|BACKSIDE METALLIZATION PREP|DEPOSIT BACKSIDE METAL|BACKSIDE ANNEAL|MEASURE BACKSIDE CONTACT|FINAL CLEAN|FINAL THICKNESS MEASURE|FINAL GEOMETRY CHECK|FINAL PARTICLE INSPECTION|ELECTRICAL PARAMETRIC TEST|LEAKAGE TEST|BREAKDOWN VOLTAGE TEST|SWITCHING TEST|WAFER SORT TEST|YIELD ANALYSIS|LOT RELEASE|SHIP LOT,RULE_IMPLANT_NO_MASK
anomaly_0745,MOSFET,RECEIVE WAFER LOT|LOT IDENTIFICATION|PRE CLEAN INSPECTION|MEASURE THICKNESS|MEASURE SURFACE PARTICLES|PRE CLEAN WAFER|RCA CLEAN 1|RCA CLEAN 2|HF DIP|SUBSTRATE CHECK|EPITAXY PREP|EPITAXIAL DEPOSITION|MEASURE EPITAXY THICKNESS|MEASURE RESISTIVITY|EPITAXY ANNEAL|WAFER SURFACE CLEAN|THERMAL OXIDATION|MEASURE OXIDE THICKNESS|SPIN COAT PHOTORESIST|SOFT BAKE|ALIGN MASK LEVEL 1|EXPOSE LITHO LEVEL 1|DEVELOP PHOTORESIST|PATTERN INSPECTION LEVEL 1|HARD BAKE|OXIDE ETCH|STRIP PHOTORESIST|CLEAN AFTER ETCH|IMPLANT WELL|DRIVE IN DIFFUSION|RAPID THERMAL ANNEAL|MEASURE JUNCTION DEPTH|THERMAL OXIDATION|GATE OXIDE PREP|GATE OXIDE GROWTH|MEASURE GATE OXIDE THICKNESS|DEPOSIT POLYSILICON|POLYSILICON ANNEAL|MEASURE POLY THICKNESS|SPIN COAT PHOTORESIST|SOFT BAKE|ALIGN MASK LEVEL 2|EXPOSE LITHO LEVEL 2|DEVELOP PHOTORESIST|POLY PATTERN INSPECTION|POLYSILICON ETCH|STRIP PHOTORESIST|CLEAN AFTER POLY ETCH|MEASURE GATE CD|IMPLANT SOURCE DRAIN|LIGHT ANNEAL|MEASURE SHEET RESISTANCE|DEPOSIT SPACER DIELECTRIC|ANISOTROPIC ETCH SPACER|MEASURE SPACER WIDTH|IMPLANT LDD|PRE ANNEAL CHECK|RAPID THERMAL ANNEAL|MEASURE JUNCTION PROFILE|DEPOSIT INTERLEVEL DIELECTRIC|DENSIFY DIELECTRIC|MEASURE DIELECTRIC THICKNESS|CMP DIELECTRIC|MEASURE PLANARITY|SPIN COAT PHOTORESIST|SOFT BAKE|ALIGN MASK LEVEL 3|EXPOSE LITHO LEVEL 3|DEVELOP PHOTORESIST|VIA INSPECTION|HARD BAKE|VIA ETCH|STRIP RESIST|CLEAN AFTER VIA ETCH|MEASURE VIA CD|DEPOSIT BARRIER METAL|DEPOSIT METAL SEED|FILL VIA METAL|CMP VIA FILL|MEASURE CONTACT RESISTANCE|DEPOSIT METAL 1|ANNEAL METAL|MEASURE METAL THICKNESS|SPIN COAT PHOTORESIST|SOFT BAKE|ALIGN MASK LEVEL 4|EXPOSE LITHO LEVEL 4|POST EXPOSE BAKE|DEVELOP PHOTORESIST|METAL PATTERN INSPECTION|METAL ETCH|STRIP RESIST|CLEAN AFTER METAL ETCH|MEASURE LINE WIDTH|DEPOSIT PASSIVATION|ELECTRICAL PARAMETRIC TEST|CURE PASSIVATION|MEASURE PASSIVATION THICKNESS|OPEN BOND PAD WINDOW|PAD WINDOW LITHO|DEVELOP PAD WINDOW|PASSIVATION ETCH|STRIP PHOTORESIST|CLEAN PAD OPENING|MEASURE PAD OPENING|BACKSIDE CLEAN|BACKSIDE GRIND|MEASURE WAFER THICKNESS|BACKSIDE ETCH CLEAN|BACKSIDE RINSE|BACKSIDE DRY|BACKSIDE METALLIZATION PREP|DEPOSIT BACKSIDE METAL|BACKSIDE ANNEAL|MEASURE BACKSIDE CONTACT|FINAL CLEAN|FINAL THICKNESS MEASURE|FINAL CD INSPECTION|FINAL PARTICLE INSPECTION|LEAKAGE TEST|THRESHOLD VOLTAGE TEST|SWITCHING TEST|WAFER SORT TEST|YIELD ANALYSIS|FINAL LOT RELEASE|SHIP LOT,RULE_TEST_BEFORE_PASSIVATION
anomaly_0358,IC,RECEIVE WAFER LOT|LOT IDENTIFICATION|PRE CLEAN INSPECTION|MEASURE INITIAL THICKNESS|MEASURE SURFACE DEFECTS|WAFER CLEAN PRE PROCESS|BACKSIDE CLEAN|FRONTSIDE CLEAN|RCA CLEAN 1|WET CLEAN RCA2|HF DIP|DRY WAFER|WAFER CLEAN PRE-GRIND|GRINDING WAFER BACKSIDE|MEASURE INITIAL GEOMETRY|ETCH WET BACKSIDE|RINSE WET WAFER_EDGE|DRY WAFER BACKSIDE|BACKSIDE CLEAN|MEASURE BACKSIDE ROUGHNESS|THERMAL OXIDATION|MEASURE OXIDE THICKNESS|WET CLEAN RCA1|WET CLEAN RCA2|HF DIP|OXIDE STRIP|SURFACE PREP FOR DEPOSITION|DEPOSIT PAD OXIDE|ANNEAL OXIDE|MEASURE OXIDE THICKNESS|SPIN COAT PHOTORESIST|SOFT BAKE|ALIGN MASK LEVEL 1|EXPOSE LITHO LEVEL 1|DEVELOP PHOTORESIST|INSPECT PATTERN LEVEL 1|HARD BAKE|OXIDE ETCH DRY|STRIP RESIST|CLEAN AFTER ETCH|DEPOSIT POLYSILICON|ANNEAL POLYSILICON|SPIN COAT PHOTORESIST|SOFT BAKE|ALIGN MASK LEVEL 2|EXPOSE LITHO LEVEL 2|POST EXPOSE BAKE|DEVELOP PHOTORESIST|PATTERN INSPECTION LEVEL 2|HARD BAKE|POLYSILICON ETCH DRY|STRIP RESIST LEVEL 2|CLEAN AFTER POLY ETCH|MEASURE CD LEVEL 2|IMPLANT N-TYPE|RAPID THERMAL ANNEAL|MEASURE SHEET RESISTANCE|DEPOSIT INTERLEVEL DIELECTRIC|DENSIFY OXIDE|MEASURE DIELECTRIC THICKNESS|CMP INTERLAYER DIELECTRIC|MEASURE PLANARITY|SPIN COAT PHOTORESIST|SOFT BAKE|ALIGN MASK LEVEL 3|EXPOSE LITHO LEVEL 3|DEVELOP PHOTORESIST|VIA INSPECTION|VIA ETCH THROUGH DIELECTRIC|STRIP RESIST|CLEAN AFTER VIA ETCH|MEASURE VIA CD|DEPOSIT BARRIER METAL|DEPOSIT TUNGSTEN SEED|FILL VIA TUNGSTEN|CMP METAL|DEPOSIT TOP METAL|ANNEAL METAL 1|SPIN COAT PHOTORESIST|SOFT BAKE|ALIGN MASK LEVEL 4|EXPOSE LITHO LEVEL 4|DEVELOP PHOTORESIST|METAL PATTERN INSPECTION|METAL ETCH DRY|STRIP PHOTORESIST|DEPOSIT PASSIVATION LAYER|CURE PASSIVATION|MEASURE PASSIVATION THICKNESS|OPEN PAD WINDOW|OPEN PAD WINDOW LITHO|DEVELOP PHOTORESIST|PASSIVATION ETCH|STRIP PHOTORESIST|MEASURE PAD OPENING|DEPOSIT BACKSIDE PROTECTION|BACKSIDE ANNEAL|FRONTSIDE CLEAN FINAL|FINAL CLEAN|FINAL THICKNESS MEASURE|FINAL GEOMETRY CHECK|FINAL CD INSPECTION|FINAL PARTICLE INSPECTION|FINAL ELECTRICAL TEST PREP|ELECTRICAL PARAMETRIC TEST|LEAKAGE TEST|THRESHOLD VOLTAGE TEST|SWITCHING TEST|WAFER SORT TEST|YIELD ANALYSIS|FINAL LOT RELEASE|PACKAGE PREPARATION|SHIP LOT,RULE_DEP_NO_CLEAN
anomaly_0703,IC,RECEIVE WAFER LOT|LOT IDENTIFICATION|PRE CLEAN INSPECTION|MEASURE INITIAL GEOMETRY|MEASURE SURFACE DEFECTS|WAFER CLEAN PRE PROCESS|FRONTSIDE CLEAN|WET CLEAN RCA1|RCA CLEAN 2|HF DIP|DRY WAFER|WAFER CLEAN PRE-GRIND|GRINDING WAFER BACKSIDE|MEASURE INITIAL GEOMETRY|ETCH WET BACKSIDE|RINSE WET WAFER_EDGE|DRY WAFER BACKSIDE|BACKSIDE CLEAN|MEASURE BACKSIDE ROUGHNESS|THERMAL OXIDATION|MEASURE OXIDE THICKNESS|RCA CLEAN 1|WET CLEAN RCA2|HF DIP|OXIDE STRIP|SURFACE PREP FOR DEPOSITION|DEPOSIT PAD OXIDE|ANNEAL OXIDE|MEASURE FILM THICKNESS|SPIN COAT PHOTORESIST|SOFT BAKE|ALIGN MASK LEVEL 1|EXPOSE LITHO LEVEL 1|DEVELOP PHOTORESIST|INSPECT PATTERN LEVEL 1|HARD BAKE|OXIDE ETCH DRY|STRIP RESIST|CLEAN AFTER ETCH|MEASURE CD LEVEL 1|DEPOSIT POLYSILICON|ANNEAL POLYSILICON|SPIN COAT PHOTORESIST|SOFT BAKE|ALIGN MASK LEVEL 2|EXPOSE LITHO LEVEL 2|DEVELOP PHOTORESIST|PATTERN INSPECTION LEVEL 2|POLYSILICON ETCH DRY|STRIP RESIST|CLEAN AFTER POLY ETCH|MEASURE CD LEVEL 2|IMPLANT N-TYPE|RAPID THERMAL ANNEAL|DEPOSIT INTERLEVEL DIELECTRIC|DENSIFY DIELECTRIC|MEASURE FILM THICKNESS|CMP INTERLAYER DIELECTRIC|MEASURE PLANARITY|SPIN COAT PHOTORESIST|SOFT BAKE|ALIGN MASK LEVEL 3|EXPOSE LITHO LEVEL 3|DEVELOP PHOTORESIST|VIA INSPECTION|HARD BAKE|VIA ETCH THROUGH DIELECTRIC|STRIP PHOTORESIST|MEASURE VIA CD|DEPOSIT BARRIER METAL|DEPOSIT TUNGSTEN SEED|FILL VIA TUNGSTEN|CMP METAL|MEASURE VIA RESISTANCE|DEPOSIT METAL 1|ANNEAL METAL|SPIN COAT PHOTORESIST|SOFT BAKE|ALIGN MASK LEVEL 4|EXPOSE LITHO LEVEL 4|DEVELOP PHOTORESIST|METAL PATTERN INSPECTION|METAL ETCH DRY|STRIP RESIST|CLEAN AFTER METAL ETCH|MEASURE LINE WIDTH|DEPOSIT PASSIVATION|CURE PASSIVATION|MEASURE PASSIVATION QUALITY|OPEN PAD WINDOW|PAD WINDOW LITHO|DEVELOP PHOTORESIST|PASSIVATION ETCH|STRIP PHOTORESIST|CLEAN PAD OPENING|MEASURE PAD OPENING|BACKSIDE THINNING CHECK|BACKSIDE CLEAN|DEPOSIT BACKSIDE PROTECTION|BACKSIDE ANNEAL|FRONTSIDE CLEAN FINAL|FINAL CLEAN|FINAL THICKNESS MEASURE|FINAL GEOMETRY CHECK|FINAL CD INSPECTION|FINAL PARTICLE INSPECTION|FINAL ELECTRICAL TEST PREP|ELECTRICAL PARAMETRIC TEST|LEAKAGE TEST|THRESHOLD VOLTAGE TEST|SWITCHING TEST|WAFER SORT TEST|YIELD ANALYSIS|LOT RELEASE|SHIP LOT,RULE_DEP_NO_CLEAN
anomaly_0601,IC,RECEIVE WAFER LOT|LOT IDENTIFICATION|PRE CLEAN INSPECTION|MEASURE INITIAL THICKNESS|MEASURE SURFACE PARTICLES|WAFER CLEAN PRE PROCESS|BACKSIDE CLEAN|FRONTSIDE CLEAN|RCA CLEAN 1|RCA CLEAN 2|HF DIP|DRY WAFER|WAFER CLEAN PRE-GRIND|GRINDING WAFER BACKSIDE|MEASURE INITIAL GEOMETRY|ETCH WET BACKSIDE|RINSE WET WAFER_EDGE|DRY WAFER BACKSIDE|BACKSIDE CLEAN|MEASURE BACKSIDE ROUGHNESS|THERMAL OXIDATION|MEASURE OXIDE THICKNESS|RCA CLEAN 1|WET CLEAN RCA2|HF DIP|OXIDE STRIP|SURFACE PREP FOR DEPOSITION|DEPOSIT PAD OXIDE|ANNEAL OXIDE|MEASURE FILM THICKNESS|SPIN COAT PHOTORESIST|SOFT BAKE|ALIGN MASK LEVEL 1|EXPOSE LITHO LEVEL 1|POST EXPOSE BAKE|DEVELOP PHOTORESIST|INSPECT PATTERN LEVEL 1|HARD BAKE|OXIDE ETCH DRY|STRIP RESIST|CLEAN AFTER ETCH|MEASURE CD LEVEL 1|DEPOSIT POLYSILICON|ANNEAL POLYSILICON|SPIN COAT PHOTORESIST|SOFT BAKE|ALIGN MASK LEVEL 2|EXPOSE LITHO LEVEL 2|DEVELOP PHOTORESIST|PATTERN INSPECTION LEVEL 2|HARD BAKE|POLYSILICON ETCH DRY|STRIP RESIST LEVEL 2|CLEAN AFTER POLY ETCH|MEASURE CD LEVEL 2|IMPLANT N-TYPE|RAPID THERMAL ANNEAL|MEASURE SHEET RESISTANCE|DEPOSIT INTERLAYER DIELECTRIC|DENSIFY DIELECTRIC|MEASURE DIELECTRIC THICKNESS|CMP INTERLAYER DIELECTRIC|MEASURE PLANARITY|SPIN COAT PHOTORESIST|SOFT BAKE|ALIGN MASK LEVEL 3|EXPOSE LITHO LEVEL 3|POST EXPOSE BAKE|DEVELOP PHOTORESIST|VIA INSPECTION|VIA ETCH|STRIP PHOTORESIST|CLEAN AFTER VIA ETCH|MEASURE VIA CD|DEPOSIT BARRIER METAL|DEPOSIT TUNGSTEN SEED|FILL VIA TUNGSTEN|CMP METAL|DEPOSIT METAL 1|ANNEAL METAL 1|SPIN COAT PHOTORESIST|SOFT BAKE|ALIGN MASK LEVEL 4|EXPOSE LITHO LEVEL 4|DEVELOP PHOTORESIST|METAL PATTERN INSPECTION|METAL ETCH DRY|STRIP RESIST|CLEAN AFTER METAL ETCH|MEASURE LINE WIDTH|DEPOSIT PASSIVATION|CURE PASSIVATION|MEASURE PASSIVATION THICKNESS|OPEN BOND PAD WINDOW|OPEN PAD WINDOW LITHO|DEVELOP PHOTORESIST|PASSIVATION ETCH|STRIP PHOTORESIST|CLEAN PAD OPENING|MEASURE PAD OPENING|BACKSIDE THINNING CHECK|BACKSIDE CLEAN|DEPOSIT BACKSIDE PROTECTION|BACKSIDE ANNEAL|FINAL CLEAN|FINAL THICKNESS MEASURE|FINAL GEOMETRY CHECK|FINAL PARTICLE INSPECTION|FINAL ELECTRICAL TEST PREP|ELECTRICAL PARAMETRIC TEST|LEAKAGE TEST|PARAMETRIC TEST|SWITCHING TEST|SHIP LOT|YIELD ANALYSIS|LOT RELEASE|PACKAGE PREPARATION|WAFER SORT TEST,RULE_SHIP_BEFORE_TEST
anomaly_0780,IGBT,RECEIVE WAFER LOT|LOT IDENTIFICATION|INITIAL WAFER INSPECTION|MEASURE SURFACE PARTICLES|PRE CLEAN WAFER|BACKSIDE CLEAN|FRONTSIDE CLEAN|RCA CLEAN 1|RCA CLEAN 2|HF DIP|DRY WAFER|EPITAXIAL WAFER CHECK|MEASURE EPITAXY THICKNESS|MEASURE RESISTIVITY|EPITAXIAL LAYER PREP|THERMAL OXIDATION|MEASURE OXIDE THICKNESS|SPIN COAT PHOTORESIST|SOFT BAKE|ALIGN MASK LEVEL 1|EXPOSE LITHO LEVEL 1|DEVELOP PHOTORESIST|INSPECT PATTERN LEVEL 1|OXIDE ETCH DRY|STRIP RESIST|CLEAN AFTER OXIDE ETCH|MEASURE OPENING CD|IMPLANT P BODY|DRIVE IN DIFFUSION|RAPID THERMAL ANNEAL|MEASURE JUNCTION DEPTH|THERMAL OXIDATION|SPIN COAT PHOTORESIST|SOFT BAKE|ALIGN MASK LEVEL 2|EXPOSE LITHO LEVEL 2|DEVELOP PHOTORESIST|P BODY WINDOW INSPECTION|HARD BAKE|ETCH SILICON OR OXIDE WINDOW|STRIP RESIST|CLEAN AFTER WINDOW ETCH|MEASURE WINDOW CD|IMPLANT N BUFFER|PRE ANNEAL CHECK|RAPID THERMAL ANNEAL|MEASURE SHEET RESISTANCE|EPITAXIAL REWORK CHECK|DEPOSIT FIELD OXIDE|DENSIFY OXIDE|MEASURE FILM THICKNESS|SPIN COAT PHOTORESIST|SOFT BAKE|ALIGN MASK LEVEL 3|EXPOSE LITHO LEVEL 3|DEVELOP PHOTORESIST|FIELD PATTERN INSPECTION|FIELD OXIDE ETCH|STRIP PHOTORESIST|CLEAN AFTER FIELD ETCH|MEASURE SURFACE UNIFORMITY|IMPLANT SOURCE REGION|IMPLANT DRAIN / CATHODE REGION|RAPID THERMAL ANNEAL|MEASURE SHEET RESISTANCE|DEPOSIT GATE OXIDE OR DIELECTRIC|ANNEAL DIELECTRIC|DEPOSIT POLYSILICON|POLYSILICON ANNEAL|MEASURE POLY THICKNESS|SPIN COAT PHOTORESIST|SOFT BAKE|ALIGN MASK LEVEL 4|EXPOSE LITHO LEVEL 4|DEVELOP PHOTORESIST|POLY PATTERN INSPECTION|POLYSILICON ETCH DRY|STRIP RESIST|CLEAN AFTER POLY ETCH|IMPLANT CHANNEL STOP|PRE ANNEAL CHECK|RAPID THERMAL ANNEAL|DEPOSIT INTERLAYER DIELECTRIC|DENSIFY OXIDE|MEASURE FILM THICKNESS|CMP INTERLAYER DIELECTRIC|MEASURE PLANARITY|SPIN COAT PHOTORESIST|SOFT BAKE|ALIGN MASK LEVEL 5|EXPOSE LITHO LEVEL 5|POST EXPOSE BAKE|DEVELOP PHOTORESIST|VIA INSPECTION|DIELECTRIC ETCH VIA|STRIP PHOTORESIST|CLEAN AFTER VIA ETCH|DEPOSIT BARRIER METAL|DEPOSIT METAL SEED|FILL VIA METAL|CMP VIA FILL|MEASURE VIA RESISTANCE|DEPOSIT METAL 1|ANNEAL METAL|SPIN COAT PHOTORESIST|SOFT BAKE|ALIGN MASK LEVEL 6|EXPOSE LITHO LEVEL 6|DEVELOP PHOTORESIST|METAL PATTERN INSPECTION|HARD BAKE|METAL ETCH DRY|STRIP RESIST|CLEAN AFTER METAL ETCH|MEASURE LINE WIDTH|DEPOSIT PASSIVATION|DEPOSIT BACKSIDE METAL|CURE PASSIVATION|MEASURE PASSIVATION QUALITY|OPEN BOND PAD WINDOW|OPEN PAD WINDOW LITHO|DEVELOP PHOTORESIST|PASSIVATION ETCH|STRIP RESIST|CLEAN PAD OPENING|MEASURE PAD OPENING|BACKSIDE GRIND|MEASURE THICKNESS|BACKSIDE ETCH CLEAN|BACKSIDE RINSE|BACKSIDE DRY|BACKSIDE METALLIZATION PREP|BACKSIDE ANNEAL|MEASURE BACKSIDE CONTACT|FINAL CLEAN|FINAL THICKNESS MEASURE|FINAL PARTICLE INSPECTION|PARAMETRIC TEST|LEAKAGE TEST|BREAKDOWN VOLTAGE TEST|SWITCHING TEST|WAFER SORT TEST|YIELD ANALYSIS|LOT RELEASE|SHIP LOT,RULE_BACKSIDE_BEFORE_PASSIVATION
anomaly_0551,IC,RECEIVE WAFER LOT|LOT IDENTIFICATION|PRE CLEAN INSPECTION|MEASURE INITIAL THICKNESS|MEASURE SURFACE DEFECTS|WAFER CLEAN PRE PROCESS|WET CLEAN RCA1|RCA CLEAN 2|HF DIP|WAFER CLEAN PRE-GRIND|GRINDING WAFER BACKSIDE|MEASURE GEOMETRY|ETCH WET BACKSIDE|RINSE WET WAFER_EDGE|DRY WAFER BACKSIDE|BACKSIDE CLEAN|MEASURE BACKSIDE ROUGHNESS|THERMAL OXIDATION|MEASURE OXIDE THICKNESS|WET CLEAN RCA1|RCA CLEAN 2|HF DIP|OXIDE STRIP|SURFACE PREP FOR DEPOSITION|DEPOSIT PAD OXIDE|ANNEAL OXIDE|MEASURE FILM THICKNESS|SPIN COAT PHOTORESIST|SOFT BAKE|ALIGN MASK LEVEL 1|EXPOSE LITHO LEVEL 1|DEVELOP PHOTORESIST|INSPECT PATTERN LEVEL 1|HARD BAKE|OXIDE ETCH DRY|STRIP RESIST|CLEAN AFTER ETCH|MEASURE CD LEVEL 1|DEPOSIT POLYSILICON|ANNEAL POLYSILICON|SPIN COAT PHOTORESIST|SOFT BAKE|ALIGN MASK LEVEL 2|EXPOSE LITHO LEVEL 2|DEVELOP PHOTORESIST|PATTERN INSPECTION LEVEL 2|HARD BAKE|POLYSILICON ETCH DRY|STRIP RESIST|CLEAN AFTER POLY ETCH|IMPLANT N-TYPE|RAPID THERMAL ANNEAL|DEPOSIT INTERLEVEL DIELECTRIC|DENSIFY OXIDE|MEASURE FILM THICKNESS|CMP DIELECTRIC|MEASURE PLANARITY|SPIN COAT PHOTORESIST|SOFT BAKE|ALIGN MASK LEVEL 3|EXPOSE LITHO LEVEL 3|DEVELOP PHOTORESIST|VIA INSPECTION|VIA ETCH|STRIP RESIST|CLEAN AFTER VIA ETCH|MEASURE VIA CD|DEPOSIT BARRIER METAL|DEPOSIT TUNGSTEN SEED|FILL VIA TUNGSTEN|CMP METAL|MEASURE CONTACT RESISTANCE|DEPOSIT TOP METAL|ANNEAL METAL|SPIN COAT PHOTORESIST|SOFT BAKE|ALIGN MASK LEVEL 4|EXPOSE LITHO LEVEL 4|POST EXPOSE BAKE|DEVELOP PHOTORESIST|METAL PATTERN INSPECTION|METAL ETCH DRY|STRIP RESIST|CLEAN AFTER METAL ETCH|MEASURE LINE WIDTH|DEPOSIT PASSIVATION|CURE PASSIVATION|MEASURE PASSIVATION QUALITY|OPEN BOND PAD WINDOW|OPEN PAD WINDOW LITHO|DEVELOP PHOTORESIST|PASSIVATION ETCH PAD OPENING|STRIP PHOTORESIST|CLEAN PAD OPENING|MEASURE PAD OPENING|BACKSIDE THINNING CHECK|BACKSIDE CLEAN|DEPOSIT BACKSIDE PROTECTION|BACKSIDE ANNEAL|FINAL CLEAN|FINAL THICKNESS MEASURE|FINAL GEOMETRY CHECK|FINAL OXIDE CHECK|ELECTRICAL PARAMETRIC TEST|LEAKAGE TEST|PARAMETRIC TEST|SWITCHING TEST|SHIP LOT|YIELD ANALYSIS|LOT RELEASE|PACKAGE PREPARATION|WAFER SORT TEST,RULE_SHIP_BEFORE_TEST
anomaly_0577,IC,RECEIVE WAFER LOT|LOT IDENTIFICATION|INITIAL WAFER INSPECTION|MEASURE INITIAL THICKNESS|MEASURE SURFACE DEFECTS|WAFER CLEAN PRE PROCESS|FRONTSIDE CLEAN|RCA CLEAN 1|WET CLEAN RCA2|HF DIP|DRY WAFER|WAFER CLEAN PRE-GRIND|GRINDING WAFER BACKSIDE|MEASURE GEOMETRY|ETCH WET BACKSIDE|RINSE WET WAFER_EDGE|DRY WAFER BACKSIDE|BACKSIDE CLEAN|MEASURE BACKSIDE ROUGHNESS|THERMAL OXIDATION|MEASURE OXIDE THICKNESS|WET CLEAN RCA1|RCA CLEAN 2|HF DIP|OXIDE STRIP|SURFACE PREP FOR DEPOSITION|DEPOSIT PAD OXIDE|ANNEAL OXIDE|MEASURE FILM THICKNESS|SPIN COAT PHOTORESIST|SOFT BAKE|ALIGN MASK LEVEL 1|EXPOSE LITHO LEVEL 1|POST EXPOSE BAKE|DEVELOP PHOTORESIST|INSPECT PATTERN LEVEL 1|HARD BAKE|OXIDE ETCH DRY|STRIP PHOTORESIST|CLEAN AFTER ETCH|MEASURE CD LEVEL 1|DEPOSIT POLYSILICON|ANNEAL POLYSILICON|SPIN COAT PHOTORESIST|SOFT BAKE|ALIGN MASK LEVEL 2|EXPOSE LITHO LEVEL 2|POST EXPOSE BAKE|DEVELOP PHOTORESIST|PATTERN INSPECTION LEVEL 2|HARD BAKE|POLYSILICON ETCH DRY|STRIP RESIST LEVEL 2|CLEAN AFTER POLY ETCH|MEASURE CD LEVEL 2|IMPLANT N-TYPE|PRE ANNEAL CHECK|RAPID THERMAL ANNEAL|MEASURE SHEET RESISTANCE|DEPOSIT INTERLAYER DIELECTRIC|DENSIFY DIELECTRIC|MEASURE FILM THICKNESS|CMP DIELECTRIC|MEASURE PLANARITY|SPIN COAT PHOTORESIST|SOFT BAKE|DEVELOP PHOTORESIST|VIA OPENING INSPECTION|DIELECTRIC ETCH VIA|STRIP RESIST|CLEAN AFTER VIA ETCH|MEASURE VIA CD|DEPOSIT BARRIER METAL|DEPOSIT TUNGSTEN SEED|FILL VIA TUNGSTEN|CMP VIA FILL|MEASURE CONTACT RESISTANCE|DEPOSIT METAL 1|ANNEAL METAL|SPIN COAT PHOTORESIST|SOFT BAKE|ALIGN MASK LEVEL 4|EXPOSE LITHO LEVEL 4|DEVELOP PHOTORESIST|METAL PATTERN INSPECTION|METAL ETCH DRY|STRIP PHOTORESIST|CLEAN AFTER METAL ETCH|MEASURE LINE WIDTH|DEPOSIT PASSIVATION LAYER|CURE PASSIVATION|MEASURE PASSIVATION QUALITY|OPEN BOND PAD WINDOW|OPEN PAD WINDOW LITHO|DEVELOP PHOTORESIST|PASSIVATION ETCH PAD OPENING|STRIP RESIST|CLEAN PAD OPENING|MEASURE PAD OPENING|BACKSIDE THINNING CHECK|BACKSIDE CLEAN|DEPOSIT BACKSIDE PROTECTION|BACKSIDE ANNEAL|FRONTSIDE CLEAN FINAL|FINAL CLEAN|FINAL THICKNESS MEASURE|FINAL GEOMETRY CHECK|FINAL OXIDE CHECK|FINAL CD INSPECTION|FINAL PARTICLE INSPECTION|FINAL ELECTRICAL TEST PREP|PARAMETRIC TEST|LEAKAGE TEST|SWITCHING TEST|WAFER SORT TEST|YIELD ANALYSIS|FINAL LOT RELEASE|SHIP LOT,RULE_LITHO_LEVEL_SKIP
anomaly_0845,IGBT,RECEIVE WAFER LOT|LOT IDENTIFICATION|PRE CLEAN INSPECTION|MEASURE INITIAL THICKNESS|MEASURE SURFACE PARTICLES|PRE CLEAN WAFER|BACKSIDE CLEAN|FRONTSIDE CLEAN|WET CLEAN RCA1|RCA CLEAN 2|HF DIP|DRY WAFER|EPITAXIAL WAFER CHECK|MEASURE EPITAXY THICKNESS|MEASURE RESISTIVITY|EPITAXIAL LAYER PREP|THERMAL OXIDATION|MEASURE OXIDE THICKNESS|SPIN COAT PHOTORESIST|SOFT BAKE|ALIGN MASK LEVEL 1|EXPOSE LITHO LEVEL 1|DEVELOP PHOTORESIST|INSPECT PATTERN LEVEL 1|OXIDE ETCH DRY|STRIP RESIST|CLEAN AFTER OXIDE ETCH|IMPLANT P BODY|PRE ANNEAL CHECK|DRIVE IN DIFFUSION|RAPID THERMAL ANNEAL|MEASURE JUNCTION DEPTH|THERMAL OXIDATION|SPIN COAT PHOTORESIST|SOFT BAKE|ALIGN MASK LEVEL 2|EXPOSE LITHO LEVEL 2|DEVELOP PHOTORESIST|P BODY WINDOW INSPECTION|ETCH SILICON OR OXIDE WINDOW|STRIP PHOTORESIST|CLEAN AFTER WINDOW ETCH|IMPLANT N BUFFER|PRE ANNEAL CHECK|RAPID THERMAL ANNEAL|MEASURE SHEET RESISTANCE|DEPOSIT FIELD OXIDE|DENSIFY OXIDE|SPIN COAT PHOTORESIST|SOFT BAKE|ALIGN MASK LEVEL 3|EXPOSE LITHO LEVEL 3|POST EXPOSE BAKE|DEVELOP PHOTORESIST|FIELD PATTERN INSPECTION|FIELD OXIDE ETCH|STRIP PHOTORESIST|CLEAN AFTER FIELD ETCH|IMPLANT SOURCE REGION|IMPLANT DRAIN / CATHODE REGION|PRE ANNEAL CHECK|RAPID THERMAL ANNEAL|MEASURE SHEET RESISTANCE|DEPOSIT GATE OXIDE OR DIELECTRIC|ANNEAL DIELECTRIC|MEASURE OXIDE QUALITY|DEPOSIT POLYSILICON|POLYSILICON ANNEAL|MEASURE POLY THICKNESS|SPIN COAT PHOTORESIST|SOFT BAKE|ALIGN MASK LEVEL 4|EXPOSE LITHO LEVEL 4|DEVELOP PHOTORESIST|POLY PATTERN INSPECTION|POLYSILICON ETCH DRY|STRIP PHOTORESIST|CLEAN AFTER POLY ETCH|MEASURE GATE CD|IMPLANT CHANNEL STOP|PRE ANNEAL CHECK|RAPID THERMAL ANNEAL|MEASURE DEVICE PARAMETER|DEPOSIT INTERLEVEL DIELECTRIC|DENSIFY DIELECTRIC|MEASURE DIELECTRIC THICKNESS|CMP INTERLAYER DIELECTRIC|MEASURE PLANARITY|SPIN COAT PHOTORESIST|SOFT BAKE|POST EXPOSE BAKE|DEVELOP PHOTORESIST|VIA OPENING INSPECTION|HARD BAKE|VIA ETCH THROUGH DIELECTRIC|STRIP PHOTORESIST|CLEAN AFTER VIA ETCH|MEASURE VIA CD|DEPOSIT BARRIER METAL|DEPOSIT METAL SEED|FILL VIA METAL|CMP METAL|MEASURE VIA RESISTANCE|DEPOSIT METAL 1|ANNEAL METAL|SPIN COAT PHOTORESIST|SOFT BAKE|ALIGN MASK LEVEL 6|EXPOSE LITHO LEVEL 6|DEVELOP PHOTORESIST|METAL PATTERN INSPECTION|METAL ETCH DRY|STRIP RESIST|CLEAN AFTER METAL ETCH|DEPOSIT PASSIVATION|CURE PASSIVATION|MEASURE PASSIVATION QUALITY|OPEN PAD WINDOW|PAD WINDOW LITHO|DEVELOP PHOTORESIST|PASSIVATION ETCH PAD OPENING|STRIP RESIST|CLEAN PAD OPENING|MEASURE PAD OPENING|BACKSIDE GRIND|MEASURE WAFER THICKNESS|BACKSIDE ETCH CLEAN|BACKSIDE RINSE|BACKSIDE DRY|BACKSIDE METALLIZATION PREP|DEPOSIT BACKSIDE METAL|BACKSIDE ANNEAL|MEASURE BACKSIDE CONTACT|FINAL CLEAN|FINAL GEOMETRY CHECK|FINAL CD INSPECTION|FINAL PARTICLE INSPECTION|PARAMETRIC TEST|LEAKAGE TEST|BREAKDOWN VOLTAGE TEST|SWITCHING TEST|WAFER SORT TEST|YIELD ANALYSIS|FINAL LOT RELEASE|SHIP LOT,RULE_LITHO_LEVEL_SKIP
anomaly_0010,MOSFET,RECEIVE WAFER LOT|LOT IDENTIFICATION|INITIAL WAFER INSPECTION|MEASURE THICKNESS|MEASURE SURFACE PARTICLES|PRE CLEAN WAFER|WET CLEAN RCA1|WET CLEAN RCA2|HF DIP|SUBSTRATE CHECK|EPITAXY PREP|EPITAXIAL DEPOSITION|MEASURE EPITAXY THICKNESS|MEASURE RESISTIVITY|EPITAXY ANNEAL|WAFER SURFACE CLEAN|THERMAL OXIDATION|MEASURE OXIDE THICKNESS|SPIN COAT PHOTORESIST|SOFT BAKE|ALIGN MASK LEVEL 1|EXPOSE LITHO LEVEL 1|POST EXPOSE BAKE|DEVELOP PHOTORESIST|PATTERN INSPECTION LEVEL 1|HARD BAKE|OXIDE ETCH|STRIP PHOTORESIST|CLEAN AFTER ETCH|MEASURE OPENING CD|IMPLANT WELL|DRIVE IN DIFFUSION|RAPID THERMAL ANNEAL|MEASURE JUNCTION DEPTH|THERMAL OXIDATION|GATE OXIDE PREP|GATE OXIDE GROWTH|MEASURE GATE OXIDE THICKNESS|DEPOSIT POLYSILICON|POLYSILICON ANNEAL|MEASURE POLY THICKNESS|SPIN COAT PHOTORESIST|SOFT BAKE|ALIGN MASK LEVEL 2|EXPOSE LITHO LEVEL 2|DEVELOP PHOTORESIST|POLY PATTERN INSPECTION|POLYSILICON ETCH|STRIP RESIST|CLEAN AFTER POLY ETCH|IMPLANT SOURCE DRAIN|LIGHT ANNEAL|MEASURE SHEET RESISTANCE|DEPOSIT SPACER DIELECTRIC|ANISOTROPIC ETCH SPACER|MEASURE SPACER WIDTH|IMPLANT LDD|PRE ANNEAL CHECK|RAPID THERMAL ANNEAL|MEASURE JUNCTION PROFILE|DEPOSIT INTERLAYER DIELECTRIC|DENSIFY OXIDE|MEASURE FILM THICKNESS|CMP DIELECTRIC|MEASURE SURFACE PLANARITY|SPIN COAT PHOTORESIST|SOFT BAKE|ALIGN MASK LEVEL 3|EXPOSE LITHO LEVEL 3|POST EXPOSE BAKE|DEVELOP PHOTORESIST|VIA OPENING INSPECTION|VIA ETCH THROUGH DIELECTRIC|STRIP RESIST|MEASURE VIA CD|DEPOSIT BARRIER METAL|DEPOSIT METAL SEED|FILL VIA METAL|CMP METAL|DEPOSIT TOP METAL|ANNEAL METAL|SPIN COAT PHOTORESIST|SOFT BAKE|ALIGN MASK LEVEL 4|EXPOSE LITHO LEVEL 4|DEVELOP PHOTORESIST|METAL PATTERN INSPECTION|HARD BAKE|METAL ETCH|STRIP RESIST|CLEAN AFTER METAL ETCH|DEPOSIT PASSIVATION LAYER|CURE PASSIVATION|MEASURE PASSIVATION THICKNESS|OPEN BOND PAD WINDOW|OPEN PAD WINDOW LITHO|DEVELOP PAD WINDOW|PASSIVATION ETCH PAD OPENING|STRIP RESIST|CLEAN PAD OPENING|MEASURE PAD OPENING|BACKSIDE CLEAN|BACKSIDE GRIND|MEASURE WAFER THICKNESS|BACKSIDE ETCH CLEAN|BACKSIDE RINSE|BACKSIDE DRY|BACKSIDE METALLIZATION PREP|DEPOSIT BACKSIDE METAL|BACKSIDE ANNEAL|MEASURE BACKSIDE CONTACT|FINAL CLEAN|FINAL THICKNESS MEASURE|FINAL GEOMETRY CHECK|FINAL CD INSPECTION|FINAL PARTICLE INSPECTION|PARAMETRIC TEST|LEAKAGE TEST|THRESHOLD VOLTAGE TEST|SWITCHING TEST|WAFER SORT TEST|YIELD ANALYSIS|FINAL LOT RELEASE|SHIP LOT,RULE_DEP_NO_CLEAN
anomaly_0606,IGBT,RECEIVE WAFER LOT|LOT IDENTIFICATION|INITIAL WAFER INSPECTION|MEASURE INITIAL THICKNESS|PRE CLEAN WAFER|BACKSIDE CLEAN|FRONTSIDE CLEAN|RCA CLEAN 1|WET CLEAN RCA2|HF DIP|EPITAXIAL WAFER CHECK|MEASURE EPITAXY THICKNESS|MEASURE RESISTIVITY|EPITAXIAL REWORK CHECK|EPITAXIAL LAYER PREP|THERMAL OXIDATION|MEASURE OXIDE THICKNESS|SPIN COAT PHOTORESIST|SOFT BAKE|ALIGN MASK LEVEL 1|EXPOSE LITHO LEVEL 1|DEVELOP PHOTORESIST|INSPECT PATTERN LEVEL 1|OXIDE ETCH DRY|STRIP RESIST|CLEAN AFTER OXIDE ETCH|MEASURE OPENING CD|IMPLANT P BODY|DRIVE IN DIFFUSION|RAPID THERMAL ANNEAL|MEASURE JUNCTION DEPTH|THERMAL OXIDATION|SPIN COAT PHOTORESIST|SOFT BAKE|ALIGN MASK LEVEL 2|EXPOSE LITHO LEVEL 2|DEVELOP PHOTORESIST|P BODY WINDOW INSPECTION|ETCH SILICON OR OXIDE WINDOW|STRIP PHOTORESIST|CLEAN AFTER WINDOW ETCH|MEASURE WINDOW CD|IMPLANT N BUFFER|PRE ANNEAL CHECK|RAPID THERMAL ANNEAL|EPITAXIAL REWORK CHECK|DEPOSIT FIELD OXIDE|DENSIFY OXIDE|MEASURE FILM THICKNESS|SPIN COAT PHOTORESIST|SOFT BAKE|ALIGN MASK LEVEL 3|EXPOSE LITHO LEVEL 3|DEVELOP PHOTORESIST|FIELD PATTERN INSPECTION|FIELD OXIDE ETCH|STRIP RESIST|CLEAN AFTER FIELD ETCH|MEASURE SURFACE UNIFORMITY|IMPLANT SOURCE REGION|IMPLANT DRAIN / CATHODE REGION|PRE ANNEAL CHECK|RAPID THERMAL ANNEAL|DEPOSIT GATE OXIDE OR DIELECTRIC|ANNEAL DIELECTRIC|MEASURE OXIDE QUALITY|DEPOSIT POLYSILICON|POLYSILICON ANNEAL|MEASURE POLY THICKNESS|SPIN COAT PHOTORESIST|SOFT BAKE|ALIGN MASK LEVEL 4|EXPOSE LITHO LEVEL 4|DEVELOP PHOTORESIST|POLY PATTERN INSPECTION|POLYSILICON ETCH DRY|STRIP RESIST|CLEAN AFTER POLY ETCH|IMPLANT CHANNEL STOP|PRE ANNEAL CHECK|RAPID THERMAL ANNEAL|DEPOSIT INTERLAYER DIELECTRIC|DENSIFY DIELECTRIC|MEASURE FILM THICKNESS|CMP INTERLAYER DIELECTRIC|MEASURE SURFACE PLANARITY|SPIN COAT PHOTORESIST|SOFT BAKE|ALIGN MASK LEVEL 5|EXPOSE LITHO LEVEL 5|POST EXPOSE BAKE|DEVELOP PHOTORESIST|VIA INSPECTION|VIA ETCH|STRIP RESIST|CLEAN AFTER VIA ETCH|MEASURE VIA CD|DEPOSIT BARRIER METAL|DEPOSIT METAL SEED|FILL VIA METAL|CMP METAL|MEASURE CONTACT RESISTANCE|DEPOSIT METAL 1|ANNEAL METAL|SPIN COAT PHOTORESIST|SOFT BAKE|ALIGN MASK LEVEL 6|EXPOSE LITHO LEVEL 6|DEVELOP PHOTORESIST|METAL PATTERN INSPECTION|HARD BAKE|METAL ETCH DRY|STRIP PHOTORESIST|CLEAN AFTER METAL ETCH|MEASURE LINE WIDTH|DEPOSIT PASSIVATION|DEPOSIT BACKSIDE METAL|CURE PASSIVATION|MEASURE PASSIVATION QUALITY|OPEN PAD WINDOW|PAD WINDOW LITHO|DEVELOP PHOTORESIST|PASSIVATION ETCH|STRIP PHOTORESIST|CLEAN PAD OPENING|MEASURE PAD OPENING|BACKSIDE GRIND|MEASURE THICKNESS|BACKSIDE ETCH CLEAN|BACKSIDE RINSE|BACKSIDE DRY|BACKSIDE METALLIZATION PREP|BACKSIDE ANNEAL|MEASURE BACKSIDE CONTACT|FINAL CLEAN|FINAL THICKNESS MEASURE|FINAL GEOMETRY CHECK|FINAL CD INSPECTION|FINAL PARTICLE INSPECTION|ELECTRICAL PARAMETRIC TEST|LEAKAGE TEST|BREAKDOWN VOLTAGE TEST|SWITCHING TEST|WAFER SORT TEST|YIELD ANALYSIS|FINAL LOT RELEASE|SHIP LOT,RULE_BACKSIDE_BEFORE_PASSIVATION
anomaly_0469,IC,RECEIVE WAFER LOT|LOT IDENTIFICATION|PRE CLEAN INSPECTION|MEASURE INITIAL THICKNESS|MEASURE SURFACE DEFECTS|WAFER CLEAN PRE PROCESS|FRONTSIDE CLEAN|RCA CLEAN 1|WET CLEAN RCA2|HF DIP|WAFER CLEAN PRE-GRIND|GRINDING WAFER BACKSIDE|MEASURE INITIAL GEOMETRY|ETCH WET BACKSIDE|RINSE WET WAFER_EDGE|DRY WAFER BACKSIDE|BACKSIDE CLEAN|MEASURE BACKSIDE ROUGHNESS|THERMAL OXIDATION|MEASURE OXIDE THICKNESS|WET CLEAN RCA1|RCA CLEAN 2|HF DIP|OXIDE STRIP|SURFACE PREP FOR DEPOSITION|DEPOSIT PAD OXIDE|ANNEAL OXIDE|MEASURE OXIDE THICKNESS|SPIN COAT PHOTORESIST|SOFT BAKE|ALIGN MASK LEVEL 1|EXPOSE LITHO LEVEL 1|POST EXPOSE BAKE|DEVELOP PHOTORESIST|INSPECT PATTERN LEVEL 1|HARD BAKE|OXIDE ETCH DRY|STRIP PHOTORESIST|CLEAN AFTER ETCH|MEASURE CD LEVEL 1|DEPOSIT POLYSILICON|ANNEAL POLYSILICON|SPIN COAT PHOTORESIST|SOFT BAKE|ALIGN MASK LEVEL 2|EXPOSE LITHO LEVEL 2|POST EXPOSE BAKE|DEVELOP PHOTORESIST|PATTERN INSPECTION LEVEL 2|POLYSILICON ETCH DRY|STRIP RESIST|CLEAN AFTER POLY ETCH|IMPLANT N-TYPE|RAPID THERMAL ANNEAL|MEASURE SHEET RESISTANCE|DENSIFY OXIDE|MEASURE FILM THICKNESS|CMP INTERLAYER DIELECTRIC|MEASURE SURFACE PLANARITY|SPIN COAT PHOTORESIST|SOFT BAKE|ALIGN MASK LEVEL 3|EXPOSE LITHO LEVEL 3|DEVELOP PHOTORESIST|VIA OPENING INSPECTION|DIELECTRIC ETCH VIA|STRIP RESIST|CLEAN AFTER VIA ETCH|DEPOSIT BARRIER METAL|DEPOSIT TUNGSTEN SEED|FILL VIA TUNGSTEN|CMP VIA FILL|MEASURE CONTACT RESISTANCE|DEPOSIT TOP METAL|ANNEAL METAL|SPIN COAT PHOTORESIST|SOFT BAKE|ALIGN MASK LEVEL 4|EXPOSE LITHO LEVEL 4|DEVELOP PHOTORESIST|METAL PATTERN INSPECTION|METAL ETCH DRY|STRIP RESIST|CLEAN AFTER METAL ETCH|MEASURE LINE WIDTH|DEPOSIT PASSIVATION LAYER|CURE PASSIVATION|MEASURE PASSIVATION THICKNESS|OPEN PAD WINDOW|PAD WINDOW LITHO|DEVELOP PHOTORESIST|PASSIVATION ETCH PAD OPENING|STRIP RESIST|CLEAN PAD OPENING|MEASURE PAD OPENING|BACKSIDE THINNING CHECK|BACKSIDE CLEAN FINAL|DEPOSIT BACKSIDE PROTECTION|BACKSIDE ANNEAL|FRONTSIDE CLEAN FINAL|FINAL CLEAN|FINAL THICKNESS MEASURE|FINAL GEOMETRY CHECK|FINAL OXIDE CHECK|FINAL CD INSPECTION|FINAL ELECTRICAL TEST PREP|PARAMETRIC TEST|LEAKAGE TEST|SWITCHING TEST|WAFER SORT TEST|YIELD ANALYSIS|LOT RELEASE|SHIP LOT,RULE_CMP_NO_DEP
anomaly_0308,MOSFET,RECEIVE WAFER LOT|LOT IDENTIFICATION|INITIAL WAFER INSPECTION|MEASURE THICKNESS|MEASURE SURFACE PARTICLES|PRE CLEAN WAFER|BACKSIDE CLEAN|FRONTSIDE CLEAN|RCA CLEAN 1|RCA CLEAN 2|HF DIP|SUBSTRATE CHECK|EPITAXY PREP|EPITAXIAL DEPOSITION|MEASURE EPITAXY THICKNESS|MEASURE RESISTIVITY|EPITAXY ANNEAL|WAFER SURFACE CLEAN|THERMAL OXIDATION|MEASURE OXIDE THICKNESS|SPIN COAT PHOTORESIST|SOFT BAKE|ALIGN MASK LEVEL 1|EXPOSE LITHO LEVEL 1|DEVELOP PHOTORESIST|PATTERN INSPECTION LEVEL 1|OXIDE ETCH|STRIP PHOTORESIST|CLEAN AFTER ETCH|MEASURE OPENING CD|IMPLANT WELL|PRE ANNEAL CHECK|DRIVE IN DIFFUSION|RAPID THERMAL ANNEAL|THERMAL OXIDATION|GATE OXIDE PREP|GATE OXIDE GROWTH|MEASURE GATE OXIDE THICKNESS|DEPOSIT POLYSILICON|POLYSILICON ANNEAL|MEASURE POLY THICKNESS|SPIN COAT PHOTORESIST|SOFT BAKE|ALIGN MASK LEVEL 2|EXPOSE LITHO LEVEL 2|DEVELOP PHOTORESIST|POLY PATTERN INSPECTION|POLYSILICON ETCH|STRIP PHOTORESIST|CLEAN AFTER POLY ETCH|MEASURE GATE CD|IMPLANT SOURCE DRAIN|LIGHT ANNEAL|MEASURE SHEET RESISTANCE|DEPOSIT SPACER DIELECTRIC|ANISOTROPIC ETCH SPACER|MEASURE SPACER WIDTH|IMPLANT LDD|PRE ANNEAL CHECK|RAPID THERMAL ANNEAL|MEASURE JUNCTION PROFILE|DEPOSIT INTERLEVEL DIELECTRIC|DENSIFY OXIDE|MEASURE FILM THICKNESS|CMP DIELECTRIC|MEASURE SURFACE PLANARITY|SPIN COAT PHOTORESIST|SOFT BAKE|ALIGN MASK LEVEL 3|EXPOSE LITHO LEVEL 3|DEVELOP PHOTORESIST|VIA INSPECTION|VIA ETCH|STRIP PHOTORESIST|CLEAN AFTER VIA ETCH|CMP VIA FILL|MEASURE CONTACT RESISTANCE|DEPOSIT TOP METAL|ANNEAL METAL|SPIN COAT PHOTORESIST|SOFT BAKE|ALIGN MASK LEVEL 4|EXPOSE LITHO LEVEL 4|DEVELOP PHOTORESIST|METAL PATTERN INSPECTION|HARD BAKE|METAL ETCH|STRIP RESIST|CLEAN AFTER METAL ETCH|MEASURE LINE WIDTH|DEPOSIT PASSIVATION LAYER|CURE PASSIVATION|MEASURE PASSIVATION QUALITY|OPEN PAD WINDOW|OPEN PAD WINDOW LITHO|DEVELOP PAD WINDOW|PASSIVATION ETCH PAD OPENING|STRIP PHOTORESIST|CLEAN PAD OPENING|MEASURE PAD OPENING|BACKSIDE CLEAN|BACKSIDE GRIND|MEASURE THICKNESS|BACKSIDE ETCH CLEAN|BACKSIDE RINSE|BACKSIDE DRY|BACKSIDE METALLIZATION PREP|DEPOSIT BACKSIDE METAL|BACKSIDE ANNEAL|MEASURE BACKSIDE CONTACT|FINAL CLEAN|FINAL CD INSPECTION|FINAL PARTICLE INSPECTION|PARAMETRIC TEST|LEAKAGE TEST|THRESHOLD VOLTAGE TEST|SWITCHING TEST|WAFER SORT TEST|YIELD ANALYSIS|FINAL LOT RELEASE|SHIP LOT,RULE_CMP_NO_DEP
anomaly_0847,IGBT,RECEIVE WAFER LOT|LOT IDENTIFICATION|INITIAL WAFER INSPECTION|MEASURE INITIAL THICKNESS|MEASURE SURFACE PARTICLES|PRE CLEAN WAFER|BACKSIDE CLEAN|FRONTSIDE CLEAN|RCA CLEAN 1|WET CLEAN RCA2|HF DIP|EPITAXIAL WAFER CHECK|MEASURE EPITAXY THICKNESS|MEASURE RESISTIVITY|EPITAXIAL LAYER PREP|THERMAL OXIDATION|MEASURE OXIDE THICKNESS|SPIN COAT PHOTORESIST|SOFT BAKE|ALIGN MASK LEVEL 1|EXPOSE LITHO LEVEL 1|POST EXPOSE BAKE|DEVELOP PHOTORESIST|INSPECT PATTERN LEVEL 1|OXIDE ETCH DRY|STRIP PHOTORESIST|CLEAN AFTER OXIDE ETCH|MEASURE OPENING CD|IMPLANT P BODY|DRIVE IN DIFFUSION|RAPID THERMAL ANNEAL|MEASURE JUNCTION DEPTH|THERMAL OXIDATION|SPIN COAT PHOTORESIST|SOFT BAKE|ALIGN MASK LEVEL 2|EXPOSE LITHO LEVEL 2|DEVELOP PHOTORESIST|P BODY WINDOW INSPECTION|ETCH SILICON OR OXIDE WINDOW|STRIP PHOTORESIST|CLEAN AFTER WINDOW ETCH|MEASURE WINDOW CD|IMPLANT N BUFFER|PRE ANNEAL CHECK|RAPID THERMAL ANNEAL|MEASURE SHEET RESISTANCE|EPITAXIAL REWORK CHECK|DEPOSIT FIELD OXIDE|DENSIFY OXIDE|MEASURE FILM THICKNESS|SPIN COAT PHOTORESIST|SOFT BAKE|ALIGN MASK LEVEL 3|EXPOSE LITHO LEVEL 3|DEVELOP PHOTORESIST|FIELD PATTERN INSPECTION|FIELD OXIDE ETCH|STRIP PHOTORESIST|CLEAN AFTER FIELD ETCH|MEASURE SURFACE UNIFORMITY|IMPLANT SOURCE REGION|IMPLANT DRAIN / CATHODE REGION|RAPID THERMAL ANNEAL|MEASURE SHEET RESISTANCE|DEPOSIT GATE OXIDE OR DIELECTRIC|ANNEAL DIELECTRIC|MEASURE OXIDE QUALITY|DEPOSIT POLYSILICON|POLYSILICON ANNEAL|MEASURE POLY THICKNESS|SPIN COAT PHOTORESIST|SOFT BAKE|ALIGN MASK LEVEL 4|EXPOSE LITHO LEVEL 4|DEVELOP PHOTORESIST|POLY PATTERN INSPECTION|POLYSILICON ETCH DRY|STRIP RESIST|CLEAN AFTER POLY ETCH|MEASURE GATE CD|IMPLANT CHANNEL STOP|RAPID THERMAL ANNEAL|DEPOSIT INTERLAYER DIELECTRIC|DENSIFY OXIDE|MEASURE FILM THICKNESS|CMP DIELECTRIC|MEASURE SURFACE PLANARITY|SPIN COAT PHOTORESIST|SOFT BAKE|ALIGN MASK LEVEL 5|EXPOSE LITHO LEVEL 5|DEVELOP PHOTORESIST|VIA OPENING INSPECTION|VIA ETCH THROUGH DIELECTRIC|STRIP PHOTORESIST|CLEAN AFTER VIA ETCH|DEPOSIT BARRIER METAL|DEPOSIT METAL SEED|FILL VIA METAL|CMP METAL|MEASURE VIA RESISTANCE|DEPOSIT TOP METAL|ANNEAL METAL 1|SPIN COAT PHOTORESIST|SOFT BAKE|ALIGN MASK LEVEL 6|EXPOSE LITHO LEVEL 6|POST EXPOSE BAKE|DEVELOP PHOTORESIST|METAL PATTERN INSPECTION|HARD BAKE|METAL ETCH DRY|STRIP PHOTORESIST|CLEAN AFTER METAL ETCH|MEASURE LINE WIDTH|DEPOSIT PASSIVATION LAYER|DEPOSIT BACKSIDE METAL|CURE PASSIVATION|MEASURE PASSIVATION QUALITY|OPEN BOND PAD WINDOW|OPEN PAD WINDOW LITHO|DEVELOP PHOTORESIST|PASSIVATION ETCH|STRIP RESIST|CLEAN PAD OPENING|MEASURE PAD OPENING|BACKSIDE GRIND|MEASURE WAFER THICKNESS|BACKSIDE ETCH CLEAN|BACKSIDE RINSE|BACKSIDE DRY|BACKSIDE METALLIZATION PREP|BACKSIDE ANNEAL|MEASURE BACKSIDE CONTACT|FINAL CLEAN|FINAL THICKNESS MEASURE|FINAL GEOMETRY CHECK|ELECTRICAL PARAMETRIC TEST|LEAKAGE TEST|BREAKDOWN VOLTAGE TEST|SWITCHING TEST|WAFER SORT TEST|YIELD ANALYSIS|FINAL LOT RELEASE|SHIP LOT,RULE_BACKSIDE_BEFORE_PASSIVATION
anomaly_0858,IGBT,RECEIVE WAFER LOT|LOT IDENTIFICATION|PRE CLEAN INSPECTION|MEASURE INITIAL THICKNESS|MEASURE SURFACE PARTICLES|PRE CLEAN WAFER|BACKSIDE CLEAN|FRONTSIDE CLEAN|RCA CLEAN 1|RCA CLEAN 2|HF DIP|EPITAXIAL WAFER CHECK|MEASURE EPITAXY THICKNESS|MEASURE RESISTIVITY|EPITAXIAL LAYER PREP|THERMAL OXIDATION|MEASURE OXIDE THICKNESS|SPIN COAT PHOTORESIST|SOFT BAKE|ALIGN MASK LEVEL 1|EXPOSE LITHO LEVEL 1|DEVELOP PHOTORESIST|INSPECT PATTERN LEVEL 1|OXIDE ETCH DRY|STRIP RESIST|CLEAN AFTER OXIDE ETCH|MEASURE OPENING CD|IMPLANT P BODY|PRE ANNEAL CHECK|DRIVE IN DIFFUSION|RAPID THERMAL ANNEAL|MEASURE JUNCTION DEPTH|THERMAL OXIDATION|SPIN COAT PHOTORESIST|SOFT BAKE|ALIGN MASK LEVEL 2|EXPOSE LITHO LEVEL 2|POST EXPOSE BAKE|DEVELOP PHOTORESIST|P BODY WINDOW INSPECTION|ETCH SILICON OR OXIDE WINDOW|STRIP RESIST|CLEAN AFTER WINDOW ETCH|MEASURE WINDOW CD|IMPLANT N BUFFER|PRE ANNEAL CHECK|RAPID THERMAL ANNEAL|DEPOSIT FIELD OXIDE|DENSIFY OXIDE|MEASURE FILM THICKNESS|SPIN COAT PHOTORESIST|SOFT BAKE|ALIGN MASK LEVEL 3|EXPOSE LITHO LEVEL 3|DEVELOP PHOTORESIST|FIELD PATTERN INSPECTION|FIELD OXIDE ETCH|STRIP RESIST|CLEAN AFTER FIELD ETCH|IMPLANT SOURCE REGION|IMPLANT DRAIN / CATHODE REGION|PRE ANNEAL CHECK|RAPID THERMAL ANNEAL|DEPOSIT GATE OXIDE OR DIELECTRIC|ANNEAL DIELECTRIC|MEASURE OXIDE QUALITY|DEPOSIT POLYSILICON|POLYSILICON ANNEAL|MEASURE POLY THICKNESS|SPIN COAT PHOTORESIST|SOFT BAKE|ALIGN MASK LEVEL 4|EXPOSE LITHO LEVEL 4|DEVELOP PHOTORESIST|POLY PATTERN INSPECTION|HARD BAKE|POLYSILICON ETCH DRY|STRIP RESIST|CLEAN AFTER POLY ETCH|IMPLANT CHANNEL STOP|PRE ANNEAL CHECK|RAPID THERMAL ANNEAL|MEASURE DEVICE PARAMETER|DEPOSIT INTERLEVEL DIELECTRIC|DENSIFY DIELECTRIC|MEASURE FILM THICKNESS|CMP INTERLAYER DIELECTRIC|MEASURE SURFACE PLANARITY|SPIN COAT PHOTORESIST|SOFT BAKE|ALIGN MASK LEVEL 5|EXPOSE LITHO LEVEL 5|DEVELOP PHOTORESIST|VIA INSPECTION|VIA ETCH THROUGH DIELECTRIC|STRIP PHOTORESIST|CLEAN AFTER VIA ETCH|MEASURE VIA CD|DEPOSIT BARRIER METAL|DEPOSIT METAL SEED|FILL VIA METAL|CMP METAL|DEPOSIT METAL 1|ANNEAL METAL|SPIN COAT PHOTORESIST|SOFT BAKE|ALIGN MASK LEVEL 6|EXPOSE LITHO LEVEL 6|POST EXPOSE BAKE|DEVELOP PHOTORESIST|METAL PATTERN INSPECTION|HARD BAKE|METAL ETCH DRY|STRIP PHOTORESIST|CLEAN AFTER METAL ETCH|DEPOSIT PASSIVATION|DEPOSIT BACKSIDE METAL|CURE PASSIVATION|MEASURE PASSIVATION QUALITY|OPEN BOND PAD WINDOW|OPEN PAD WINDOW LITHO|DEVELOP PHOTORESIST|PASSIVATION ETCH|STRIP RESIST|CLEAN PAD OPENING|MEASURE PAD OPENING|BACKSIDE GRIND|MEASURE THICKNESS|BACKSIDE ETCH CLEAN|BACKSIDE RINSE|BACKSIDE DRY|BACKSIDE METALLIZATION PREP|BACKSIDE ANNEAL|MEASURE BACKSIDE CONTACT|FINAL CLEAN|FINAL THICKNESS MEASURE|FINAL PARTICLE INSPECTION|ELECTRICAL PARAMETRIC TEST|LEAKAGE TEST|BREAKDOWN VOLTAGE TEST|SWITCHING TEST|WAFER SORT TEST|YIELD ANALYSIS|FINAL LOT RELEASE|SHIP LOT,RULE_BACKSIDE_BEFORE_PASSIVATION
anomaly_0536,MOSFET,RECEIVE WAFER LOT|LOT IDENTIFICATION|INITIAL WAFER INSPECTION|MEASURE THICKNESS|PRE CLEAN WAFER|BACKSIDE CLEAN|WET CLEAN RCA1|RCA CLEAN 2|HF DIP|DRY WAFER|SUBSTRATE CHECK|EPITAXY PREP|EPITAXIAL DEPOSITION|MEASURE EPITAXY THICKNESS|MEASURE RESISTIVITY|EPITAXY ANNEAL|WAFER SURFACE CLEAN|THERMAL OXIDATION|MEASURE OXIDE THICKNESS|SPIN COAT PHOTORESIST|SOFT BAKE|ALIGN MASK LEVEL 1|EXPOSE LITHO LEVEL 1|DEVELOP PHOTORESIST|PATTERN INSPECTION LEVEL 1|HARD BAKE|OXIDE ETCH|STRIP RESIST|CLEAN AFTER ETCH|MEASURE OPENING CD|IMPLANT WELL|DRIVE IN DIFFUSION|RAPID THERMAL ANNEAL|MEASURE JUNCTION DEPTH|THERMAL OXIDATION|GATE OXIDE PREP|GATE OXIDE GROWTH|MEASURE GATE OXIDE THICKNESS|DEPOSIT POLYSILICON|POLYSILICON ANNEAL|MEASURE POLY THICKNESS|SPIN COAT PHOTORESIST|SOFT BAKE|ALIGN MASK LEVEL 2|EXPOSE LITHO LEVEL 2|DEVELOP PHOTORESIST|POLY PATTERN INSPECTION|POLYSILICON ETCH|STRIP PHOTORESIST|CLEAN AFTER POLY ETCH|MEASURE GATE CD|IMPLANT SOURCE DRAIN|PRE ANNEAL CHECK|LIGHT ANNEAL|MEASURE SHEET RESISTANCE|DEPOSIT SPACER DIELECTRIC|ANISOTROPIC ETCH SPACER|MEASURE SPACER WIDTH|IMPLANT LDD|PRE ANNEAL CHECK|RAPID THERMAL ANNEAL|DEPOSIT INTERLEVEL DIELECTRIC|DENSIFY OXIDE|MEASURE FILM THICKNESS|CMP DIELECTRIC|MEASURE SURFACE PLANARITY|SPIN COAT PHOTORESIST|SOFT BAKE|ALIGN MASK LEVEL 3|EXPOSE LITHO LEVEL 3|DEVELOP PHOTORESIST|VIA OPENING INSPECTION|VIA ETCH|STRIP RESIST|CLEAN AFTER VIA ETCH|MEASURE VIA CD|DEPOSIT BARRIER METAL|DEPOSIT METAL SEED|FILL VIA METAL|CMP METAL|DEPOSIT METAL 1|ANNEAL METAL|MEASURE METAL THICKNESS|SPIN COAT PHOTORESIST|SOFT BAKE|ALIGN MASK LEVEL 4|EXPOSE LITHO LEVEL 4|POST EXPOSE BAKE|DEVELOP PHOTORESIST|METAL PATTERN INSPECTION|METAL ETCH|STRIP RESIST|CLEAN AFTER METAL ETCH|MEASURE LINE WIDTH|DEPOSIT PASSIVATION|CURE PASSIVATION|MEASURE PASSIVATION THICKNESS|OPEN PAD WINDOW|OPEN PAD WINDOW LITHO|DEVELOP PHOTORESIST|PASSIVATION ETCH|STRIP PHOTORESIST|CLEAN PAD OPENING|MEASURE PAD OPENING|BACKSIDE CLEAN|BACKSIDE GRIND|MEASURE WAFER THICKNESS|BACKSIDE ETCH CLEAN|BACKSIDE RINSE|BACKSIDE DRY|BACKSIDE METALLIZATION PREP|DEPOSIT BACKSIDE METAL|BACKSIDE ANNEAL|MEASURE BACKSIDE CONTACT|FINAL CLEAN|FINAL THICKNESS MEASURE|FINAL GEOMETRY CHECK|FINAL CD INSPECTION|FINAL PARTICLE INSPECTION|PARAMETRIC TEST|LEAKAGE TEST|THRESHOLD VOLTAGE TEST|SWITCHING TEST|SHIP LOT|YIELD ANALYSIS|FINAL LOT RELEASE|WAFER SORT TEST,RULE_SHIP_BEFORE_TEST
anomaly_0956,IC,RECEIVE WAFER LOT|LOT IDENTIFICATION|PRE CLEAN INSPECTION|MEASURE INITIAL THICKNESS|MEASURE SURFACE PARTICLES|WAFER CLEAN PRE PROCESS|WET CLEAN RCA1|WET CLEAN RCA2|HF DIP|DRY WAFER|WAFER CLEAN PRE-GRIND|GRINDING WAFER BACKSIDE|MEASURE GEOMETRY|ETCH WET BACKSIDE|RINSE WET WAFER_EDGE|DRY WAFER BACKSIDE|BACKSIDE CLEAN|MEASURE BACKSIDE ROUGHNESS|THERMAL OXIDATION|MEASURE OXIDE THICKNESS|WET CLEAN RCA1|WET CLEAN RCA2|HF DIP|OXIDE STRIP|SURFACE PREP FOR DEPOSITION|DEPOSIT PAD OXIDE|ANNEAL OXIDE|MEASURE FILM THICKNESS|SPIN COAT PHOTORESIST|SOFT BAKE|ALIGN MASK LEVEL 1|EXPOSE LITHO LEVEL 1|POST EXPOSE BAKE|DEVELOP PHOTORESIST|INSPECT PATTERN LEVEL 1|HARD BAKE|OXIDE ETCH DRY|STRIP PHOTORESIST|CLEAN AFTER ETCH|MEASURE CD LEVEL 1|DEPOSIT POLYSILICON|ANNEAL POLYSILICON|SPIN COAT PHOTORESIST|SOFT BAKE|ALIGN MASK LEVEL 2|EXPOSE LITHO LEVEL 2|DEVELOP PHOTORESIST|PATTERN INSPECTION LEVEL 2|POLYSILICON ETCH DRY|STRIP RESIST LEVEL 2|CLEAN AFTER POLY ETCH|MEASURE CD LEVEL 2|IMPLANT N-TYPE|PRE ANNEAL CHECK|RAPID THERMAL ANNEAL|MEASURE SHEET RESISTANCE|DEPOSIT INTERLEVEL DIELECTRIC|DENSIFY DIELECTRIC|MEASURE DIELECTRIC THICKNESS|CMP INTERLAYER DIELECTRIC|MEASURE SURFACE PLANARITY|SPIN COAT PHOTORESIST|SOFT BAKE|ALIGN MASK LEVEL 3|EXPOSE LITHO LEVEL 3|DEVELOP PHOTORESIST|VIA INSPECTION|VIA ETCH|STRIP PHOTORESIST|CLEAN AFTER VIA ETCH|MEASURE VIA CD|CMP VIA FILL|MEASURE VIA RESISTANCE|DEPOSIT TOP METAL|ANNEAL METAL|SPIN COAT PHOTORESIST|SOFT BAKE|ALIGN MASK LEVEL 4|EXPOSE LITHO LEVEL 4|DEVELOP PHOTORESIST|METAL PATTERN INSPECTION|HARD BAKE|METAL ETCH DRY|STRIP PHOTORESIST|CLEAN AFTER METAL ETCH|MEASURE LINE WIDTH|DEPOSIT PASSIVATION LAYER|CURE PASSIVATION|MEASURE PASSIVATION THICKNESS|OPEN BOND PAD WINDOW|OPEN PAD WINDOW LITHO|DEVELOP PHOTORESIST|PASSIVATION ETCH PAD OPENING|STRIP RESIST|CLEAN PAD OPENING|MEASURE PAD OPENING|BACKSIDE THINNING CHECK|BACKSIDE CLEAN FINAL|DEPOSIT BACKSIDE PROTECTION|BACKSIDE ANNEAL|FRONTSIDE CLEAN FINAL|FINAL CLEAN|FINAL THICKNESS MEASURE|FINAL OXIDE CHECK|FINAL PARTICLE INSPECTION|FINAL ELECTRICAL TEST PREP|ELECTRICAL PARAMETRIC TEST|LEAKAGE TEST|PARAMETRIC TEST|SWITCHING TEST|WAFER SORT TEST|YIELD ANALYSIS|FINAL LOT RELEASE|PACKAGE PREPARATION|SHIP LOT,RULE_CMP_NO_DEP
anomaly_0041,IC,RECEIVE WAFER LOT|LOT IDENTIFICATION|PRE CLEAN INSPECTION|MEASURE INITIAL GEOMETRY|WAFER CLEAN PRE PROCESS|BACKSIDE CLEAN|FRONTSIDE CLEAN|RCA CLEAN 1|RCA CLEAN 2|HF DIP|DRY WAFER|WAFER CLEAN PRE-GRIND|GRINDING WAFER BACKSIDE|MEASURE GEOMETRY|ETCH WET BACKSIDE|RINSE WET WAFER_EDGE|DRY WAFER BACKSIDE|BACKSIDE CLEAN|MEASURE BACKSIDE ROUGHNESS|THERMAL OXIDATION|MEASURE OXIDE THICKNESS|RCA CLEAN 1|WET CLEAN RCA2|HF DIP|OXIDE STRIP|SURFACE PREP FOR DEPOSITION|DEPOSIT PAD OXIDE|ANNEAL OXIDE|MEASURE OXIDE THICKNESS|SPIN COAT PHOTORESIST|SOFT BAKE|ALIGN MASK LEVEL 1|EXPOSE LITHO LEVEL 1|DEVELOP PHOTORESIST|INSPECT PATTERN LEVEL 1|HARD BAKE|OXIDE ETCH DRY|STRIP RESIST|CLEAN AFTER ETCH|DEPOSIT POLYSILICON|ANNEAL POLYSILICON|SPIN COAT PHOTORESIST|SOFT BAKE|ALIGN MASK LEVEL 2|EXPOSE LITHO LEVEL 2|DEVELOP PHOTORESIST|PATTERN INSPECTION LEVEL 2|POLYSILICON ETCH DRY|STRIP RESIST|IMPLANT N-TYPE|MEASURE SHEET RESISTANCE|DEPOSIT INTERLEVEL DIELECTRIC|DENSIFY DIELECTRIC|MEASURE DIELECTRIC THICKNESS|CMP DIELECTRIC|MEASURE PLANARITY|SPIN COAT PHOTORESIST|SOFT BAKE|ALIGN MASK LEVEL 3|EXPOSE LITHO LEVEL 3|DEVELOP PHOTORESIST|VIA OPENING INSPECTION|VIA ETCH THROUGH DIELECTRIC|STRIP RESIST|CLEAN AFTER VIA ETCH|MEASURE VIA CD|DEPOSIT BARRIER METAL|DEPOSIT TUNGSTEN SEED|FILL VIA TUNGSTEN|CMP VIA FILL|MEASURE VIA RESISTANCE|DEPOSIT TOP METAL|ANNEAL METAL|MEASURE METAL THICKNESS|SPIN COAT PHOTORESIST|SOFT BAKE|ALIGN MASK LEVEL 4|EXPOSE LITHO LEVEL 4|DEVELOP PHOTORESIST|METAL PATTERN INSPECTION|METAL ETCH DRY|STRIP PHOTORESIST|CLEAN AFTER METAL ETCH|MEASURE LINE WIDTH|DEPOSIT PASSIVATION|CURE PASSIVATION|MEASURE PASSIVATION QUALITY|OPEN PAD WINDOW|PAD WINDOW LITHO|DEVELOP PAD WINDOW|PASSIVATION ETCH|STRIP PHOTORESIST|CLEAN PAD OPENING|MEASURE PAD OPENING|BACKSIDE THINNING CHECK|BACKSIDE CLEAN|DEPOSIT BACKSIDE PROTECTION|BACKSIDE ANNEAL|FRONTSIDE CLEAN FINAL|FINAL CLEAN|FINAL THICKNESS MEASURE|FINAL GEOMETRY CHECK|FINAL CD INSPECTION|FINAL PARTICLE INSPECTION|FINAL ELECTRICAL TEST PREP|PARAMETRIC TEST|LEAKAGE TEST|SWITCHING TEST|WAFER SORT TEST|YIELD ANALYSIS|FINAL LOT RELEASE|SHIP LOT,RULE_DEP_NO_CLEAN
anomaly_0609,IGBT,RECEIVE WAFER LOT|LOT IDENTIFICATION|INITIAL WAFER INSPECTION|MEASURE SURFACE PARTICLES|PRE CLEAN WAFER|BACKSIDE CLEAN|FRONTSIDE CLEAN|RCA CLEAN 1|WET CLEAN RCA2|HF DIP|DRY WAFER|EPITAXIAL WAFER CHECK|MEASURE EPITAXY THICKNESS|MEASURE RESISTIVITY|EPITAXIAL REWORK CHECK|EPITAXIAL LAYER PREP|THERMAL OXIDATION|MEASURE OXIDE THICKNESS|SPIN COAT PHOTORESIST|SOFT BAKE|ALIGN MASK LEVEL 1|EXPOSE LITHO LEVEL 1|POST EXPOSE BAKE|DEVELOP PHOTORESIST|INSPECT PATTERN LEVEL 1|OXIDE ETCH DRY|STRIP PHOTORESIST|CLEAN AFTER OXIDE ETCH|MEASURE OPENING CD|IMPLANT P BODY|DRIVE IN DIFFUSION|RAPID THERMAL ANNEAL|MEASURE JUNCTION DEPTH|THERMAL OXIDATION|SPIN COAT PHOTORESIST|SOFT BAKE|ALIGN MASK LEVEL 2|EXPOSE LITHO LEVEL 2|DEVELOP PHOTORESIST|P BODY WINDOW INSPECTION|ETCH SILICON OR OXIDE WINDOW|STRIP RESIST|CLEAN AFTER WINDOW ETCH|MEASURE WINDOW CD|IMPLANT N BUFFER|PRE ANNEAL CHECK|RAPID THERMAL ANNEAL|MEASURE SHEET RESISTANCE|EPITAXIAL REWORK CHECK|DEPOSIT FIELD OXIDE|DENSIFY OXIDE|MEASURE FILM THICKNESS|SPIN COAT PHOTORESIST|SOFT BAKE|ALIGN MASK LEVEL 3|EXPOSE LITHO LEVEL 3|DEVELOP PHOTORESIST|FIELD PATTERN INSPECTION|FIELD OXIDE ETCH|STRIP RESIST|CLEAN AFTER FIELD ETCH|MEASURE SURFACE UNIFORMITY|IMPLANT SOURCE REGION|IMPLANT DRAIN / CATHODE REGION|PRE ANNEAL CHECK|RAPID THERMAL ANNEAL|MEASURE SHEET RESISTANCE|DEPOSIT GATE OXIDE OR DIELECTRIC|ANNEAL DIELECTRIC|MEASURE OXIDE QUALITY|DEPOSIT POLYSILICON|POLYSILICON ANNEAL|MEASURE POLY THICKNESS|SPIN COAT PHOTORESIST|SOFT BAKE|ALIGN MASK LEVEL 4|EXPOSE LITHO LEVEL 4|POST EXPOSE BAKE|DEVELOP PHOTORESIST|POLY PATTERN INSPECTION|POLYSILICON ETCH DRY|STRIP RESIST|CLEAN AFTER POLY ETCH|MEASURE GATE CD|IMPLANT CHANNEL STOP|RAPID THERMAL ANNEAL|MEASURE DEVICE PARAMETER|DEPOSIT INTERLAYER DIELECTRIC|DENSIFY DIELECTRIC|MEASURE FILM THICKNESS|CMP DIELECTRIC|MEASURE SURFACE PLANARITY|SPIN COAT PHOTORESIST|SOFT BAKE|ALIGN MASK LEVEL 5|EXPOSE LITHO LEVEL 5|POST EXPOSE BAKE|DEVELOP PHOTORESIST|VIA OPENING INSPECTION|VIA ETCH|STRIP PHOTORESIST|MEASURE VIA CD|DEPOSIT BARRIER METAL|DEPOSIT METAL SEED|FILL VIA METAL|CMP VIA FILL|DEPOSIT METAL 1|ANNEAL METAL|MEASURE METAL THICKNESS|SPIN COAT PHOTORESIST|SOFT BAKE|ALIGN MASK LEVEL 6|EXPOSE LITHO LEVEL 6|DEVELOP PHOTORESIST|METAL PATTERN INSPECTION|METAL ETCH DRY|STRIP PHOTORESIST|CLEAN AFTER METAL ETCH|DEPOSIT PASSIVATION LAYER|CURE PASSIVATION|MEASURE PASSIVATION QUALITY|OPEN BOND PAD WINDOW|PAD WINDOW LITHO|DEVELOP PAD WINDOW|PASSIVATION ETCH PAD OPENING|STRIP RESIST|CLEAN PAD OPENING|MEASURE PAD OPENING|BACKSIDE GRIND|MEASURE THICKNESS|BACKSIDE ETCH CLEAN|BACKSIDE RINSE|BACKSIDE DRY|BACKSIDE METALLIZATION PREP|DEPOSIT BACKSIDE METAL|BACKSIDE ANNEAL|MEASURE BACKSIDE CONTACT|FINAL CLEAN|FINAL THICKNESS MEASURE|FINAL PARTICLE INSPECTION|PARAMETRIC TEST|LEAKAGE TEST|BREAKDOWN VOLTAGE TEST|SWITCHING TEST|YIELD ANALYSIS|WAFER SORT TEST|LOT RELEASE|SHIP LOT,RULE_DEP_NO_CLEAN
anomaly_0593,IGBT,RECEIVE WAFER LOT|LOT IDENTIFICATION|INITIAL WAFER INSPECTION|MEASURE INITIAL THICKNESS|MEASURE SURFACE PARTICLES|PRE CLEAN WAFER|BACKSIDE CLEAN|FRONTSIDE CLEAN|RCA CLEAN 1|WET CLEAN RCA2|HF DIP|EPITAXIAL WAFER CHECK|MEASURE EPITAXY THICKNESS|MEASURE RESISTIVITY|EPITAXIAL REWORK CHECK|EPITAXIAL LAYER PREP|THERMAL OXIDATION|MEASURE OXIDE THICKNESS|SPIN COAT PHOTORESIST|SOFT BAKE|ALIGN MASK LEVEL 1|EXPOSE LITHO LEVEL 1|DEVELOP PHOTORESIST|INSPECT PATTERN LEVEL 1|OXIDE ETCH DRY|STRIP PHOTORESIST|CLEAN AFTER OXIDE ETCH|MEASURE OPENING CD|IMPLANT P BODY|PRE ANNEAL CHECK|DRIVE IN DIFFUSION|RAPID THERMAL ANNEAL|THERMAL OXIDATION|SPIN COAT PHOTORESIST|SOFT BAKE|ALIGN MASK LEVEL 2|EXPOSE LITHO LEVEL 2|DEVELOP PHOTORESIST|P BODY WINDOW INSPECTION|ETCH SILICON OR OXIDE WINDOW|STRIP RESIST|CLEAN AFTER WINDOW ETCH|IMPLANT N BUFFER|PRE ANNEAL CHECK|RAPID THERMAL ANNEAL|MEASURE SHEET RESISTANCE|DEPOSIT FIELD OXIDE|DENSIFY OXIDE|SPIN COAT PHOTORESIST|SOFT BAKE|ALIGN MASK LEVEL 3|EXPOSE LITHO LEVEL 3|DEVELOP PHOTORESIST|FIELD PATTERN INSPECTION|HARD BAKE|FIELD OXIDE ETCH|STRIP PHOTORESIST|CLEAN AFTER FIELD ETCH|MEASURE SURFACE UNIFORMITY|IMPLANT SOURCE REGION|IMPLANT DRAIN / CATHODE REGION|PRE ANNEAL CHECK|RAPID THERMAL ANNEAL|MEASURE SHEET RESISTANCE|DEPOSIT GATE OXIDE OR DIELECTRIC|ANNEAL DIELECTRIC|MEASURE OXIDE QUALITY|DEPOSIT POLYSILICON|POLYSILICON ANNEAL|SPIN COAT PHOTORESIST|SOFT BAKE|ALIGN MASK LEVEL 4|EXPOSE LITHO LEVEL 4|DEVELOP PHOTORESIST|POLY PATTERN INSPECTION|POLYSILICON ETCH DRY|STRIP RESIST|CLEAN AFTER POLY ETCH|MEASURE GATE CD|IMPLANT CHANNEL STOP|RAPID THERMAL ANNEAL|DEPOSIT INTERLEVEL DIELECTRIC|DENSIFY OXIDE|MEASURE DIELECTRIC THICKNESS|CMP INTERLAYER DIELECTRIC|MEASURE SURFACE PLANARITY|SPIN COAT PHOTORESIST|SOFT BAKE|ALIGN MASK LEVEL 5|EXPOSE LITHO LEVEL 5|DEVELOP PHOTORESIST|VIA OPENING INSPECTION|DIELECTRIC ETCH VIA|STRIP PHOTORESIST|CLEAN AFTER VIA ETCH|MEASURE VIA CD|DEPOSIT BARRIER METAL|DEPOSIT METAL SEED|FILL VIA METAL|CMP METAL|DEPOSIT TOP METAL|ANNEAL METAL|MEASURE METAL THICKNESS|SPIN COAT PHOTORESIST|SOFT BAKE|ALIGN MASK LEVEL 6|EXPOSE LITHO LEVEL 6|DEVELOP PHOTORESIST|METAL PATTERN INSPECTION|HARD BAKE|METAL ETCH DRY|STRIP RESIST|CLEAN AFTER METAL ETCH|MEASURE LINE WIDTH|DEPOSIT PASSIVATION LAYER|SWITCHING TEST|CURE PASSIVATION|MEASURE PASSIVATION THICKNESS|OPEN BOND PAD WINDOW|PAD WINDOW LITHO|DEVELOP PHOTORESIST|PASSIVATION ETCH|STRIP PHOTORESIST|CLEAN PAD OPENING|MEASURE PAD OPENING|BACKSIDE GRIND|MEASURE THICKNESS|BACKSIDE ETCH CLEAN|BACKSIDE RINSE|BACKSIDE DRY|BACKSIDE METALLIZATION PREP|DEPOSIT BACKSIDE METAL|BACKSIDE ANNEAL|MEASURE BACKSIDE CONTACT|FINAL CLEAN|FINAL THICKNESS MEASURE|FINAL GEOMETRY CHECK|FINAL CD INSPECTION|FINAL PARTICLE INSPECTION|PARAMETRIC TEST|LEAKAGE TEST|BREAKDOWN VOLTAGE TEST|WAFER SORT TEST|YIELD ANALYSIS|LOT RELEASE|SHIP LOT,RULE_TEST_BEFORE_PASSIVATION
anomaly_0841,IC,RECEIVE WAFER LOT|LOT IDENTIFICATION|INITIAL WAFER INSPECTION|MEASURE INITIAL GEOMETRY|MEASURE SURFACE DEFECTS|WAFER CLEAN PRE PROCESS|BACKSIDE CLEAN|WET CLEAN RCA1|RCA CLEAN 2|HF DIP|DRY WAFER|WAFER CLEAN PRE-GRIND|GRINDING WAFER BACKSIDE|MEASURE GEOMETRY|ETCH WET BACKSIDE|RINSE WET WAFER_EDGE|DRY WAFER BACKSIDE|BACKSIDE CLEAN|MEASURE BACKSIDE ROUGHNESS|THERMAL OXIDATION|MEASURE OXIDE THICKNESS|WET CLEAN RCA1|WET CLEAN RCA2|HF DIP|OXIDE STRIP|SURFACE PREP FOR DEPOSITION|DEPOSIT PAD OXIDE|ANNEAL OXIDE|MEASURE OXIDE THICKNESS|SPIN COAT PHOTORESIST|SOFT BAKE|ALIGN MASK LEVEL 1|EXPOSE LITHO LEVEL 1|POST EXPOSE BAKE|DEVELOP PHOTORESIST|INSPECT PATTERN LEVEL 1|HARD BAKE|OXIDE ETCH DRY|STRIP PHOTORESIST|CLEAN AFTER ETCH|DEPOSIT POLYSILICON|ANNEAL POLYSILICON|SPIN COAT PHOTORESIST|SOFT BAKE|ALIGN MASK LEVEL 2|EXPOSE LITHO LEVEL 2|POST EXPOSE BAKE|DEVELOP PHOTORESIST|PATTERN INSPECTION LEVEL 2|POLYSILICON ETCH DRY|STRIP RESIST LEVEL 2|CLEAN AFTER POLY ETCH|IMPLANT N-TYPE|PRE ANNEAL CHECK|RAPID THERMAL ANNEAL|DEPOSIT INTERLEVEL DIELECTRIC|DENSIFY OXIDE|MEASURE FILM THICKNESS|CMP DIELECTRIC|MEASURE PLANARITY|SPIN COAT PHOTORESIST|SOFT BAKE|DEVELOP PHOTORESIST|VIA INSPECTION|DIELECTRIC ETCH VIA|STRIP PHOTORESIST|CLEAN AFTER VIA ETCH|DEPOSIT BARRIER METAL|DEPOSIT TUNGSTEN SEED|FILL VIA TUNGSTEN|CMP VIA FILL|MEASURE VIA RESISTANCE|DEPOSIT TOP METAL|ANNEAL METAL 1|SPIN COAT PHOTORESIST|SOFT BAKE|ALIGN MASK LEVEL 4|EXPOSE LITHO LEVEL 4|DEVELOP PHOTORESIST|METAL PATTERN INSPECTION|METAL ETCH DRY|STRIP PHOTORESIST|CLEAN AFTER METAL ETCH|MEASURE LINE WIDTH|DEPOSIT PASSIVATION LAYER|CURE PASSIVATION|MEASURE PASSIVATION QUALITY|OPEN PAD WINDOW|OPEN PAD WINDOW LITHO|DEVELOP PHOTORESIST|PASSIVATION ETCH|STRIP PHOTORESIST|CLEAN PAD OPENING|MEASURE PAD OPENING|BACKSIDE THINNING CHECK|BACKSIDE CLEAN FINAL|DEPOSIT BACKSIDE PROTECTION|BACKSIDE ANNEAL|FRONTSIDE CLEAN FINAL|FINAL CLEAN|FINAL THICKNESS MEASURE|FINAL OXIDE CHECK|FINAL CD INSPECTION|FINAL PARTICLE INSPECTION|ELECTRICAL PARAMETRIC TEST|LEAKAGE TEST|PARAMETRIC TEST|SWITCHING TEST|WAFER SORT TEST|YIELD ANALYSIS|LOT RELEASE|PACKAGE PREPARATION|SHIP LOT,RULE_LITHO_LEVEL_SKIP
anomaly_0584,MOSFET,RECEIVE WAFER LOT|LOT IDENTIFICATION|INITIAL WAFER INSPECTION|MEASURE THICKNESS|MEASURE SURFACE PARTICLES|PRE CLEAN WAFER|BACKSIDE CLEAN|WET CLEAN RCA1|RCA CLEAN 2|HF DIP|DRY WAFER|SUBSTRATE CHECK|EPITAXY PREP|EPITAXIAL DEPOSITION|MEASURE EPITAXY THICKNESS|MEASURE RESISTIVITY|EPITAXY ANNEAL|WAFER SURFACE CLEAN|THERMAL OXIDATION|MEASURE OXIDE THICKNESS|SPIN COAT PHOTORESIST|SOFT BAKE|ALIGN MASK LEVEL 1|EXPOSE LITHO LEVEL 1|DEVELOP PHOTORESIST|PATTERN INSPECTION LEVEL 1|OXIDE ETCH|STRIP RESIST|CLEAN AFTER ETCH|MEASURE OPENING CD|IMPLANT WELL|PRE ANNEAL CHECK|DRIVE IN DIFFUSION|RAPID THERMAL ANNEAL|MEASURE JUNCTION DEPTH|THERMAL OXIDATION|GATE OXIDE PREP|GATE OXIDE GROWTH|MEASURE GATE OXIDE THICKNESS|DEPOSIT POLYSILICON|POLYSILICON ANNEAL|MEASURE POLY THICKNESS|SPIN COAT PHOTORESIST|SOFT BAKE|ALIGN MASK LEVEL 2|EXPOSE LITHO LEVEL 2|POST EXPOSE BAKE|DEVELOP PHOTORESIST|POLY PATTERN INSPECTION|HARD BAKE|POLYSILICON ETCH|STRIP RESIST|CLEAN AFTER POLY ETCH|MEASURE GATE CD|IMPLANT SOURCE DRAIN|LIGHT ANNEAL|MEASURE SHEET RESISTANCE|DEPOSIT SPACER DIELECTRIC|ANISOTROPIC ETCH SPACER|IMPLANT LDD|RAPID THERMAL ANNEAL|MEASURE JUNCTION PROFILE|DEPOSIT INTERLEVEL DIELECTRIC|DENSIFY OXIDE|MEASURE FILM THICKNESS|CMP INTERLAYER DIELECTRIC|MEASURE SURFACE PLANARITY|SPIN COAT PHOTORESIST|SOFT BAKE|DEVELOP PHOTORESIST|VIA OPENING INSPECTION|VIA ETCH|STRIP RESIST|CLEAN AFTER VIA ETCH|DEPOSIT BARRIER METAL|DEPOSIT METAL SEED|FILL VIA METAL|CMP VIA FILL|MEASURE CONTACT RESISTANCE|DEPOSIT METAL 1|ANNEAL METAL|SPIN COAT PHOTORESIST|SOFT BAKE|ALIGN MASK LEVEL 4|EXPOSE LITHO LEVEL 4|POST EXPOSE BAKE|DEVELOP PHOTORESIST|METAL PATTERN INSPECTION|METAL ETCH|STRIP RESIST|CLEAN AFTER METAL ETCH|MEASURE LINE WIDTH|DEPOSIT PASSIVATION LAYER|CURE PASSIVATION|MEASURE PASSIVATION QUALITY|OPEN PAD WINDOW|PAD WINDOW LITHO|DEVELOP PHOTORESIST|PASSIVATION ETCH|STRIP RESIST|CLEAN PAD OPENING|MEASURE PAD OPENING|BACKSIDE CLEAN|BACKSIDE GRIND|MEASURE WAFER THICKNESS|BACKSIDE ETCH CLEAN|BACKSIDE RINSE|BACKSIDE DRY|BACKSIDE METALLIZATION PREP|DEPOSIT BACKSIDE METAL|BACKSIDE ANNEAL|MEASURE BACKSIDE CONTACT|FINAL CLEAN|FINAL THICKNESS MEASURE|FINAL GEOMETRY CHECK|FINAL PARTICLE INSPECTION|PARAMETRIC TEST|LEAKAGE TEST|THRESHOLD VOLTAGE TEST|SWITCHING TEST|WAFER SORT TEST|YIELD ANALYSIS|FINAL LOT RELEASE|SHIP LOT,RULE_LITHO_LEVEL_SKIP
anomaly_0123,IC,RECEIVE WAFER LOT|LOT IDENTIFICATION|PRE CLEAN INSPECTION|MEASURE INITIAL THICKNESS|MEASURE SURFACE DEFECTS|WAFER CLEAN PRE PROCESS|WET CLEAN RCA1|RCA CLEAN 2|HF DIP|DRY WAFER|WAFER CLEAN PRE-GRIND|GRINDING WAFER BACKSIDE|MEASURE GEOMETRY|ETCH WET BACKSIDE|RINSE WET WAFER_EDGE|DRY WAFER BACKSIDE|BACKSIDE CLEAN|MEASURE BACKSIDE ROUGHNESS|THERMAL OXIDATION|MEASURE OXIDE THICKNESS|WET CLEAN RCA1|WET CLEAN RCA2|HF DIP|OXIDE STRIP|SURFACE PREP FOR DEPOSITION|DEPOSIT PAD OXIDE|ANNEAL OXIDE|MEASURE OXIDE THICKNESS|SPIN COAT PHOTORESIST|SOFT BAKE|ALIGN MASK LEVEL 1|EXPOSE LITHO LEVEL 1|DEVELOP PHOTORESIST|INSPECT PATTERN LEVEL 1|HARD BAKE|OXIDE ETCH DRY|STRIP RESIST|CLEAN AFTER ETCH|MEASURE CD LEVEL 1|DEPOSIT POLYSILICON|ANNEAL POLYSILICON|SPIN COAT PHOTORESIST|SOFT BAKE|ALIGN MASK LEVEL 2|EXPOSE LITHO LEVEL 2|DEVELOP PHOTORESIST|PATTERN INSPECTION LEVEL 2|HARD BAKE|POLYSILICON ETCH DRY|STRIP RESIST LEVEL 2|CLEAN AFTER POLY ETCH|MEASURE CD LEVEL 2|IMPLANT N-TYPE|PRE ANNEAL CHECK|RAPID THERMAL ANNEAL|MEASURE SHEET RESISTANCE|DEPOSIT INTERLEVEL DIELECTRIC|DENSIFY OXIDE|MEASURE DIELECTRIC THICKNESS|CMP DIELECTRIC|MEASURE PLANARITY|SPIN COAT PHOTORESIST|SOFT BAKE|ALIGN MASK LEVEL 3|EXPOSE LITHO LEVEL 3|DEVELOP PHOTORESIST|VIA OPENING INSPECTION|VIA ETCH THROUGH DIELECTRIC|STRIP RESIST|CLEAN AFTER VIA ETCH|MEASURE VIA CD|DEPOSIT BARRIER METAL|DEPOSIT TUNGSTEN SEED|FILL VIA TUNGSTEN|CMP VIA FILL|MEASURE VIA RESISTANCE|DEPOSIT METAL 1|ANNEAL METAL|SPIN COAT PHOTORESIST|SOFT BAKE|ALIGN MASK LEVEL 4|EXPOSE LITHO LEVEL 4|DEVELOP PHOTORESIST|METAL PATTERN INSPECTION|METAL ETCH DRY|STRIP PHOTORESIST|CLEAN AFTER METAL ETCH|MEASURE LINE WIDTH|DEPOSIT PASSIVATION|CURE PASSIVATION|MEASURE PASSIVATION THICKNESS|OPEN PAD WINDOW|OPEN PAD WINDOW LITHO|DEVELOP PHOTORESIST|PASSIVATION ETCH PAD OPENING|STRIP PHOTORESIST|CLEAN PAD OPENING|MEASURE PAD OPENING|BACKSIDE THINNING CHECK|BACKSIDE CLEAN|DEPOSIT BACKSIDE PROTECTION|BACKSIDE ANNEAL|FINAL CLEAN|FINAL THICKNESS MEASURE|FINAL GEOMETRY CHECK|FINAL PARTICLE INSPECTION|FINAL ELECTRICAL TEST PREP|ELECTRICAL PARAMETRIC TEST|LEAKAGE TEST|THRESHOLD VOLTAGE TEST|SWITCHING TEST|SHIP LOT|YIELD ANALYSIS|LOT RELEASE|WAFER SORT TEST,RULE_SHIP_BEFORE_TEST
anomaly_0241,IGBT,RECEIVE WAFER LOT|LOT IDENTIFICATION|INITIAL WAFER INSPECTION|MEASURE INITIAL THICKNESS|MEASURE SURFACE PARTICLES|PRE CLEAN WAFER|BACKSIDE CLEAN|FRONTSIDE CLEAN|RCA CLEAN 1|WET CLEAN RCA2|HF DIP|DRY WAFER|EPITAXIAL WAFER CHECK|MEASURE EPITAXY THICKNESS|MEASURE RESISTIVITY|EPITAXIAL LAYER PREP|THERMAL OXIDATION|MEASURE OXIDE THICKNESS|SPIN COAT PHOTORESIST|SOFT BAKE|ALIGN MASK LEVEL 1|EXPOSE LITHO LEVEL 1|DEVELOP PHOTORESIST|INSPECT PATTERN LEVEL 1|OXIDE ETCH DRY|STRIP RESIST|CLEAN AFTER OXIDE ETCH|MEASURE OPENING CD|IMPLANT P BODY|PRE ANNEAL CHECK|DRIVE IN DIFFUSION|RAPID THERMAL ANNEAL|MEASURE JUNCTION DEPTH|THERMAL OXIDATION|SPIN COAT PHOTORESIST|SOFT BAKE|ALIGN MASK LEVEL 2|EXPOSE LITHO LEVEL 2|DEVELOP PHOTORESIST|P BODY WINDOW INSPECTION|ETCH SILICON OR OXIDE WINDOW|STRIP RESIST|CLEAN AFTER WINDOW ETCH|MEASURE WINDOW CD|IMPLANT N BUFFER|PRE ANNEAL CHECK|RAPID THERMAL ANNEAL|MEASURE SHEET RESISTANCE|EPITAXIAL REWORK CHECK|DEPOSIT FIELD OXIDE|DENSIFY OXIDE|MEASURE FILM THICKNESS|SPIN COAT PHOTORESIST|SOFT BAKE|ALIGN MASK LEVEL 3|EXPOSE LITHO LEVEL 3|POST EXPOSE BAKE|DEVELOP PHOTORESIST|FIELD PATTERN INSPECTION|FIELD OXIDE ETCH|STRIP PHOTORESIST|CLEAN AFTER FIELD ETCH|MEASURE SURFACE UNIFORMITY|IMPLANT SOURCE REGION|IMPLANT DRAIN / CATHODE REGION|PRE ANNEAL CHECK|RAPID THERMAL ANNEAL|MEASURE SHEET RESISTANCE|DEPOSIT GATE OXIDE OR DIELECTRIC|ANNEAL DIELECTRIC|MEASURE OXIDE QUALITY|DEPOSIT POLYSILICON|POLYSILICON ANNEAL|MEASURE POLY THICKNESS|SPIN COAT PHOTORESIST|SOFT BAKE|ALIGN MASK LEVEL 4|EXPOSE LITHO LEVEL 4|POST EXPOSE BAKE|DEVELOP PHOTORESIST|POLY PATTERN INSPECTION|HARD BAKE|POLYSILICON ETCH DRY|STRIP RESIST|CLEAN AFTER POLY ETCH|IMPLANT CHANNEL STOP|PRE ANNEAL CHECK|RAPID THERMAL ANNEAL|MEASURE DEVICE PARAMETER|DEPOSIT INTERLEVEL DIELECTRIC|DENSIFY OXIDE|MEASURE FILM THICKNESS|CMP INTERLAYER DIELECTRIC|MEASURE SURFACE PLANARITY|SPIN COAT PHOTORESIST|SOFT BAKE|POST EXPOSE BAKE|DEVELOP PHOTORESIST|VIA OPENING INSPECTION|DIELECTRIC ETCH VIA|STRIP RESIST|CLEAN AFTER VIA ETCH|MEASURE VIA CD|DEPOSIT BARRIER METAL|DEPOSIT METAL SEED|FILL VIA METAL|CMP VIA FILL|MEASURE CONTACT RESISTANCE|DEPOSIT TOP METAL|ANNEAL METAL 1|MEASURE METAL THICKNESS|SPIN COAT PHOTORESIST|SOFT BAKE|ALIGN MASK LEVEL 6|EXPOSE LITHO LEVEL 6|DEVELOP PHOTORESIST|METAL PATTERN INSPECTION|METAL ETCH DRY|STRIP RESIST|CLEAN AFTER METAL ETCH|MEASURE LINE WIDTH|DEPOSIT PASSIVATION LAYER|CURE PASSIVATION|MEASURE PASSIVATION QUALITY|OPEN BOND PAD WINDOW|OPEN PAD WINDOW LITHO|DEVELOP PAD WINDOW|PASSIVATION ETCH PAD OPENING|STRIP PHOTORESIST|CLEAN PAD OPENING|MEASURE PAD OPENING|BACKSIDE GRIND|MEASURE WAFER THICKNESS|BACKSIDE ETCH CLEAN|BACKSIDE RINSE|BACKSIDE DRY|BACKSIDE METALLIZATION PREP|DEPOSIT BACKSIDE METAL|BACKSIDE ANNEAL|MEASURE BACKSIDE CONTACT|FINAL CLEAN|FINAL THICKNESS MEASURE|FINAL GEOMETRY CHECK|FINAL CD INSPECTION|PARAMETRIC TEST|LEAKAGE TEST|BREAKDOWN VOLTAGE TEST|SWITCHING TEST|WAFER SORT TEST|YIELD ANALYSIS|FINAL LOT RELEASE|SHIP LOT,RULE_LITHO_LEVEL_SKIP
anomaly_0714,IC,RECEIVE WAFER LOT|LOT IDENTIFICATION|INITIAL WAFER INSPECTION|MEASURE INITIAL GEOMETRY|WAFER CLEAN PRE PROCESS|FRONTSIDE CLEAN|RCA CLEAN 1|RCA CLEAN 2|HF DIP|DRY WAFER|WAFER CLEAN PRE-GRIND|GRINDING WAFER BACKSIDE|MEASURE GEOMETRY|ETCH WET BACKSIDE|RINSE WET WAFER_EDGE|DRY WAFER BACKSIDE|BACKSIDE CLEAN|MEASURE BACKSIDE ROUGHNESS|THERMAL OXIDATION|MEASURE OXIDE THICKNESS|RCA CLEAN 1|RCA CLEAN 2|HF DIP|OXIDE STRIP|SURFACE PREP FOR DEPOSITION|DEPOSIT PAD OXIDE|ANNEAL OXIDE|MEASURE OXIDE THICKNESS|SPIN COAT PHOTORESIST|SOFT BAKE|ALIGN MASK LEVEL 1|EXPOSE LITHO LEVEL 1|POST EXPOSE BAKE|DEVELOP PHOTORESIST|INSPECT PATTERN LEVEL 1|HARD BAKE|OXIDE ETCH DRY|STRIP PHOTORESIST|CLEAN AFTER ETCH|DEPOSIT POLYSILICON|ANNEAL POLYSILICON|SPIN COAT PHOTORESIST|SOFT BAKE|ALIGN MASK LEVEL 2|EXPOSE LITHO LEVEL 2|DEVELOP PHOTORESIST|PATTERN INSPECTION LEVEL 2|POLYSILICON ETCH DRY|STRIP RESIST|CLEAN AFTER POLY ETCH|IMPLANT N-TYPE|RAPID THERMAL ANNEAL|MEASURE SHEET RESISTANCE|DEPOSIT INTERLEVEL DIELECTRIC|DENSIFY OXIDE|MEASURE DIELECTRIC THICKNESS|CMP INTERLAYER DIELECTRIC|MEASURE PLANARITY|SPIN COAT PHOTORESIST|SOFT BAKE|ALIGN MASK LEVEL 3|EXPOSE LITHO LEVEL 3|DEVELOP PHOTORESIST|VIA INSPECTION|VIA ETCH THROUGH DIELECTRIC|STRIP PHOTORESIST|CLEAN AFTER VIA ETCH|MEASURE VIA CD|DEPOSIT BARRIER METAL|DEPOSIT TUNGSTEN SEED|FILL VIA TUNGSTEN|CMP VIA FILL|MEASURE VIA RESISTANCE|DEPOSIT TOP METAL|ANNEAL METAL 1|MEASURE METAL THICKNESS|SPIN COAT PHOTORESIST|SOFT BAKE|ALIGN MASK LEVEL 4|EXPOSE LITHO LEVEL 4|DEVELOP PHOTORESIST|METAL PATTERN INSPECTION|METAL ETCH DRY|STRIP RESIST|CLEAN AFTER METAL ETCH|MEASURE LINE WIDTH|OPEN BOND PAD WINDOW|DEPOSIT PASSIVATION|CURE PASSIVATION|MEASURE PASSIVATION THICKNESS|OPEN PAD WINDOW LITHO|DEVELOP PAD WINDOW|PASSIVATION ETCH PAD OPENING|STRIP RESIST|CLEAN PAD OPENING|MEASURE PAD OPENING|BACKSIDE CLEAN FINAL|DEPOSIT BACKSIDE PROTECTION|BACKSIDE ANNEAL|FRONTSIDE CLEAN FINAL|FINAL CLEAN|FINAL GEOMETRY CHECK|FINAL CD INSPECTION|FINAL PARTICLE INSPECTION|PARAMETRIC TEST|LEAKAGE TEST|SWITCHING TEST|WAFER SORT TEST|YIELD ANALYSIS|LOT RELEASE|SHIP LOT,RULE_PAD_OPEN_BEFORE_DEP
anomaly_0521,IC,RECEIVE WAFER LOT|LOT IDENTIFICATION|INITIAL WAFER INSPECTION|MEASURE INITIAL GEOMETRY|MEASURE SURFACE PARTICLES|WAFER CLEAN PRE PROCESS|WET CLEAN RCA1|WET CLEAN RCA2|HF DIP|WAFER CLEAN PRE-GRIND|GRINDING WAFER BACKSIDE|MEASURE INITIAL GEOMETRY|ETCH WET BACKSIDE|RINSE WET WAFER_EDGE|DRY WAFER BACKSIDE|BACKSIDE CLEAN|MEASURE BACKSIDE ROUGHNESS|THERMAL OXIDATION|MEASURE OXIDE THICKNESS|WET CLEAN RCA1|WET CLEAN RCA2|HF DIP|OXIDE STRIP|SURFACE PREP FOR DEPOSITION|DEPOSIT PAD OXIDE|ANNEAL OXIDE|MEASURE OXIDE THICKNESS|SPIN COAT PHOTORESIST|SOFT BAKE|ALIGN MASK LEVEL 1|EXPOSE LITHO LEVEL 1|POST EXPOSE BAKE|DEVELOP PHOTORESIST|INSPECT PATTERN LEVEL 1|HARD BAKE|OXIDE ETCH DRY|STRIP PHOTORESIST|CLEAN AFTER ETCH|MEASURE CD LEVEL 1|DEPOSIT POLYSILICON|ANNEAL POLYSILICON|SPIN COAT PHOTORESIST|SOFT BAKE|ALIGN MASK LEVEL 2|EXPOSE LITHO LEVEL 2|DEVELOP PHOTORESIST|PATTERN INSPECTION LEVEL 2|POLYSILICON ETCH DRY|STRIP RESIST LEVEL 2|CLEAN AFTER POLY ETCH|MEASURE CD LEVEL 2|IMPLANT N-TYPE|RAPID THERMAL ANNEAL|MEASURE SHEET RESISTANCE|DEPOSIT INTERLEVEL DIELECTRIC|DENSIFY OXIDE|MEASURE FILM THICKNESS|CMP INTERLAYER DIELECTRIC|MEASURE PLANARITY|SPIN COAT PHOTORESIST|SOFT BAKE|ALIGN MASK LEVEL 3|EXPOSE LITHO LEVEL 3|DEVELOP PHOTORESIST|VIA INSPECTION|HARD BAKE|VIA ETCH|STRIP PHOTORESIST|CLEAN AFTER VIA ETCH|MEASURE VIA CD|DEPOSIT BARRIER METAL|DEPOSIT TUNGSTEN SEED|FILL VIA TUNGSTEN|CMP METAL|MEASURE CONTACT RESISTANCE|DEPOSIT TOP METAL|ANNEAL METAL 1|SPIN COAT PHOTORESIST|SOFT BAKE|ALIGN MASK LEVEL 4|POST EXPOSE BAKE|DEVELOP PHOTORESIST|METAL PATTERN INSPECTION|HARD BAKE|METAL ETCH DRY|STRIP RESIST|CLEAN AFTER METAL ETCH|DEPOSIT PASSIVATION|CURE PASSIVATION|MEASURE PASSIVATION QUALITY|OPEN PAD WINDOW|PAD WINDOW LITHO|DEVELOP PHOTORESIST|PASSIVATION ETCH PAD OPENING|STRIP RESIST|CLEAN PAD OPENING|MEASURE PAD OPENING|BACKSIDE CLEAN|DEPOSIT BACKSIDE PROTECTION|BACKSIDE ANNEAL|FRONTSIDE CLEAN FINAL|FINAL CLEAN|FINAL THICKNESS MEASURE|FINAL GEOMETRY CHECK|FINAL CD INSPECTION|FINAL ELECTRICAL TEST PREP|PARAMETRIC TEST|LEAKAGE TEST|SWITCHING TEST|WAFER SORT TEST|YIELD ANALYSIS|FINAL LOT RELEASE|SHIP LOT,RULE_METAL_ETCH_NO_LITHO
anomaly_0772,IC,RECEIVE WAFER LOT|LOT IDENTIFICATION|PRE CLEAN INSPECTION|MEASURE INITIAL GEOMETRY|MEASURE SURFACE PARTICLES|WAFER CLEAN PRE PROCESS|BACKSIDE CLEAN|FRONTSIDE CLEAN|WET CLEAN RCA1|WET CLEAN RCA2|HF DIP|WAFER CLEAN PRE-GRIND|GRINDING WAFER BACKSIDE|MEASURE GEOMETRY|ETCH WET BACKSIDE|RINSE WET WAFER_EDGE|DRY WAFER BACKSIDE|BACKSIDE CLEAN|MEASURE BACKSIDE ROUGHNESS|THERMAL OXIDATION|MEASURE OXIDE THICKNESS|RCA CLEAN 1|RCA CLEAN 2|HF DIP|OXIDE STRIP|SURFACE PREP FOR DEPOSITION|DEPOSIT PAD OXIDE|ANNEAL OXIDE|MEASURE OXIDE THICKNESS|SPIN COAT PHOTORESIST|SOFT BAKE|ALIGN MASK LEVEL 1|EXPOSE LITHO LEVEL 1|POST EXPOSE BAKE|DEVELOP PHOTORESIST|INSPECT PATTERN LEVEL 1|HARD BAKE|OXIDE ETCH DRY|STRIP PHOTORESIST|CLEAN AFTER ETCH|DEPOSIT POLYSILICON|ANNEAL POLYSILICON|SPIN COAT PHOTORESIST|SOFT BAKE|ALIGN MASK LEVEL 2|EXPOSE LITHO LEVEL 2|DEVELOP PHOTORESIST|PATTERN INSPECTION LEVEL 2|POLYSILICON ETCH DRY|STRIP RESIST|CLEAN AFTER POLY ETCH|MEASURE CD LEVEL 2|IMPLANT N-TYPE|PRE ANNEAL CHECK|RAPID THERMAL ANNEAL|MEASURE SHEET RESISTANCE|DEPOSIT INTERLEVEL DIELECTRIC|DENSIFY OXIDE|MEASURE FILM THICKNESS|CMP DIELECTRIC|MEASURE SURFACE PLANARITY|SPIN COAT PHOTORESIST|SOFT BAKE|ALIGN MASK LEVEL 3|EXPOSE LITHO LEVEL 3|VIA INSPECTION|HARD BAKE|VIA ETCH THROUGH DIELECTRIC|STRIP PHOTORESIST|CLEAN AFTER VIA ETCH|MEASURE VIA CD|DEPOSIT BARRIER METAL|DEPOSIT TUNGSTEN SEED|FILL VIA TUNGSTEN|CMP VIA FILL|DEPOSIT TOP METAL|ANNEAL METAL|SPIN COAT PHOTORESIST|SOFT BAKE|ALIGN MASK LEVEL 4|EXPOSE LITHO LEVEL 4|DEVELOP PHOTORESIST|METAL PATTERN INSPECTION|METAL ETCH DRY|STRIP RESIST|CLEAN AFTER METAL ETCH|MEASURE LINE WIDTH|DEPOSIT PASSIVATION|CURE PASSIVATION|MEASURE PASSIVATION QUALITY|OPEN BOND PAD WINDOW|OPEN PAD WINDOW LITHO|DEVELOP PAD WINDOW|PASSIVATION ETCH|STRIP PHOTORESIST|CLEAN PAD OPENING|MEASURE PAD OPENING|BACKSIDE THINNING CHECK|BACKSIDE CLEAN|DEPOSIT BACKSIDE PROTECTION|BACKSIDE ANNEAL|FINAL CLEAN|FINAL THICKNESS MEASURE|FINAL GEOMETRY CHECK|FINAL OXIDE CHECK|FINAL CD INSPECTION|FINAL ELECTRICAL TEST PREP|ELECTRICAL PARAMETRIC TEST|LEAKAGE TEST|PARAMETRIC TEST|SWITCHING TEST|WAFER SORT TEST|YIELD ANALYSIS|FINAL LOT RELEASE|SHIP LOT,RULE_ETCH_NO_MASK
anomaly_0515,MOSFET,RECEIVE WAFER LOT|LOT IDENTIFICATION|INITIAL WAFER INSPECTION|MEASURE THICKNESS|MEASURE SURFACE PARTICLES|PRE CLEAN WAFER|BACKSIDE CLEAN|RCA CLEAN 1|WET CLEAN RCA2|HF DIP|SUBSTRATE CHECK|EPITAXY PREP|EPITAXIAL DEPOSITION|MEASURE EPITAXY THICKNESS|MEASURE RESISTIVITY|EPITAXY ANNEAL|WAFER SURFACE CLEAN|THERMAL OXIDATION|MEASURE OXIDE THICKNESS|SPIN COAT PHOTORESIST|SOFT BAKE|ALIGN MASK LEVEL 1|EXPOSE LITHO LEVEL 1|DEVELOP PHOTORESIST|PATTERN INSPECTION LEVEL 1|OXIDE ETCH|STRIP RESIST|CLEAN AFTER ETCH|MEASURE OPENING CD|IMPLANT WELL|DRIVE IN DIFFUSION|RAPID THERMAL ANNEAL|MEASURE JUNCTION DEPTH|THERMAL OXIDATION|GATE OXIDE PREP|GATE OXIDE GROWTH|MEASURE GATE OXIDE THICKNESS|DEPOSIT POLYSILICON|POLYSILICON ANNEAL|SPIN COAT PHOTORESIST|SOFT BAKE|ALIGN MASK LEVEL 2|EXPOSE LITHO LEVEL 2|POST EXPOSE BAKE|DEVELOP PHOTORESIST|POLY PATTERN INSPECTION|POLYSILICON ETCH|STRIP PHOTORESIST|CLEAN AFTER POLY ETCH|MEASURE GATE CD|IMPLANT SOURCE DRAIN|PRE ANNEAL CHECK|LIGHT ANNEAL|MEASURE SHEET RESISTANCE|DEPOSIT SPACER DIELECTRIC|ANISOTROPIC ETCH SPACER|MEASURE SPACER WIDTH|IMPLANT LDD|RAPID THERMAL ANNEAL|DENSIFY DIELECTRIC|MEASURE FILM THICKNESS|CMP INTERLAYER DIELECTRIC|MEASURE SURFACE PLANARITY|SPIN COAT PHOTORESIST|SOFT BAKE|ALIGN MASK LEVEL 3|EXPOSE LITHO LEVEL 3|DEVELOP PHOTORESIST|VIA INSPECTION|HARD BAKE|VIA ETCH|STRIP RESIST|CLEAN AFTER VIA ETCH|MEASURE VIA CD|DEPOSIT BARRIER METAL|DEPOSIT METAL SEED|FILL VIA METAL|CMP METAL|MEASURE VIA RESISTANCE|DEPOSIT METAL 1|ANNEAL METAL|SPIN COAT PHOTORESIST|SOFT BAKE|ALIGN MASK LEVEL 4|EXPOSE LITHO LEVEL 4|POST EXPOSE BAKE|DEVELOP PHOTORESIST|METAL PATTERN INSPECTION|METAL ETCH|STRIP RESIST|CLEAN AFTER METAL ETCH|MEASURE LINE WIDTH|DEPOSIT PASSIVATION LAYER|CURE PASSIVATION|MEASURE PASSIVATION THICKNESS|OPEN BOND PAD WINDOW|OPEN PAD WINDOW LITHO|DEVELOP PHOTORESIST|PASSIVATION ETCH|STRIP PHOTORESIST|CLEAN PAD OPENING|MEASURE PAD OPENING|BACKSIDE CLEAN|BACKSIDE GRIND|MEASURE THICKNESS|BACKSIDE ETCH CLEAN|BACKSIDE RINSE|BACKSIDE DRY|BACKSIDE METALLIZATION PREP|DEPOSIT BACKSIDE METAL|BACKSIDE ANNEAL|MEASURE BACKSIDE CONTACT|FINAL CLEAN|FINAL THICKNESS MEASURE|FINAL GEOMETRY CHECK|FINAL CD INSPECTION|ELECTRICAL PARAMETRIC TEST|LEAKAGE TEST|THRESHOLD VOLTAGE TEST|SWITCHING TEST|WAFER SORT TEST|YIELD ANALYSIS|FINAL LOT RELEASE|SHIP LOT,RULE_CMP_NO_DEP
anomaly_0489,IGBT,RECEIVE WAFER LOT|LOT IDENTIFICATION|INITIAL WAFER INSPECTION|MEASURE INITIAL THICKNESS|MEASURE SURFACE PARTICLES|PRE CLEAN WAFER|BACKSIDE CLEAN|FRONTSIDE CLEAN|WET CLEAN RCA1|WET CLEAN RCA2|HF DIP|EPITAXIAL WAFER CHECK|MEASURE EPITAXY THICKNESS|MEASURE RESISTIVITY|EPITAXIAL LAYER PREP|THERMAL OXIDATION|MEASURE OXIDE THICKNESS|SPIN COAT PHOTORESIST|SOFT BAKE|ALIGN MASK LEVEL 1|EXPOSE LITHO LEVEL 1|DEVELOP PHOTORESIST|INSPECT PATTERN LEVEL 1|OXIDE ETCH DRY|STRIP RESIST|CLEAN AFTER OXIDE ETCH|MEASURE OPENING CD|IMPLANT P BODY|PRE ANNEAL CHECK|DRIVE IN DIFFUSION|RAPID THERMAL ANNEAL|THERMAL OXIDATION|SPIN COAT PHOTORESIST|SOFT BAKE|ALIGN MASK LEVEL 2|EXPOSE LITHO LEVEL 2|DEVELOP PHOTORESIST|P BODY WINDOW INSPECTION|ETCH SILICON OR OXIDE WINDOW|STRIP RESIST|CLEAN AFTER WINDOW ETCH|MEASURE WINDOW CD|IMPLANT N BUFFER|PRE ANNEAL CHECK|RAPID THERMAL ANNEAL|DEPOSIT FIELD OXIDE|DENSIFY OXIDE|SPIN COAT PHOTORESIST|SOFT BAKE|ALIGN MASK LEVEL 3|EXPOSE LITHO LEVEL 3|DEVELOP PHOTORESIST|FIELD PATTERN INSPECTION|HARD BAKE|FIELD OXIDE ETCH|STRIP RESIST|CLEAN AFTER FIELD ETCH|MEASURE SURFACE UNIFORMITY|IMPLANT SOURCE REGION|IMPLANT DRAIN / CATHODE REGION|RAPID THERMAL ANNEAL|MEASURE SHEET RESISTANCE|DEPOSIT GATE OXIDE OR DIELECTRIC|ANNEAL DIELECTRIC|MEASURE OXIDE QUALITY|DEPOSIT POLYSILICON|POLYSILICON ANNEAL|MEASURE POLY THICKNESS|SPIN COAT PHOTORESIST|SOFT BAKE|ALIGN MASK LEVEL 4|EXPOSE LITHO LEVEL 4|DEVELOP PHOTORESIST|POLY PATTERN INSPECTION|POLYSILICON ETCH DRY|STRIP RESIST|CLEAN AFTER POLY ETCH|MEASURE GATE CD|IMPLANT CHANNEL STOP|PRE ANNEAL CHECK|RAPID THERMAL ANNEAL|MEASURE DEVICE PARAMETER|DEPOSIT INTERLAYER DIELECTRIC|DENSIFY DIELECTRIC|MEASURE DIELECTRIC THICKNESS|CMP DIELECTRIC|MEASURE SURFACE PLANARITY|SPIN COAT PHOTORESIST|SOFT BAKE|ALIGN MASK LEVEL 5|EXPOSE LITHO LEVEL 5|POST EXPOSE BAKE|DEVELOP PHOTORESIST|VIA OPENING INSPECTION|HARD BAKE|VIA ETCH|STRIP PHOTORESIST|CLEAN AFTER VIA ETCH|MEASURE VIA CD|DEPOSIT BARRIER METAL|DEPOSIT METAL SEED|FILL VIA METAL|CMP VIA FILL|MEASURE CONTACT RESISTANCE|DEPOSIT TOP METAL|ANNEAL METAL 1|MEASURE METAL THICKNESS|SPIN COAT PHOTORESIST|SOFT BAKE|ALIGN MASK LEVEL 6|EXPOSE LITHO LEVEL 6|DEVELOP PHOTORESIST|METAL PATTERN INSPECTION|METAL ETCH DRY|STRIP PHOTORESIST|CLEAN AFTER METAL ETCH|DEPOSIT PASSIVATION|ELECTRICAL PARAMETRIC TEST|CURE PASSIVATION|MEASURE PASSIVATION THICKNESS|OPEN PAD WINDOW|PAD WINDOW LITHO|DEVELOP PAD WINDOW|PASSIVATION ETCH PAD OPENING|STRIP PHOTORESIST|CLEAN PAD OPENING|MEASURE PAD OPENING|BACKSIDE GRIND|MEASURE THICKNESS|BACKSIDE ETCH CLEAN|BACKSIDE RINSE|BACKSIDE DRY|BACKSIDE METALLIZATION PREP|DEPOSIT BACKSIDE METAL|BACKSIDE ANNEAL|MEASURE BACKSIDE CONTACT|FINAL CLEAN|FINAL THICKNESS MEASURE|FINAL GEOMETRY CHECK|FINAL PARTICLE INSPECTION|LEAKAGE TEST|BREAKDOWN VOLTAGE TEST|SWITCHING TEST|WAFER SORT TEST|YIELD ANALYSIS|FINAL LOT RELEASE|SHIP LOT,RULE_TEST_BEFORE_PASSIVATION
anomaly_0835,IC,RECEIVE WAFER LOT|LOT IDENTIFICATION|PRE CLEAN INSPECTION|MEASURE INITIAL GEOMETRY|WAFER CLEAN PRE PROCESS|FRONTSIDE CLEAN|WET CLEAN RCA1|WET CLEAN RCA2|HF DIP|WAFER CLEAN PRE-GRIND|GRINDING WAFER BACKSIDE|MEASURE GEOMETRY|ETCH WET BACKSIDE|RINSE WET WAFER_EDGE|DRY WAFER BACKSIDE|BACKSIDE CLEAN|MEASURE BACKSIDE ROUGHNESS|THERMAL OXIDATION|MEASURE OXIDE THICKNESS|WET CLEAN RCA1|RCA CLEAN 2|HF DIP|OXIDE STRIP|SURFACE PREP FOR DEPOSITION|DEPOSIT PAD OXIDE|ANNEAL OXIDE|MEASURE OXIDE THICKNESS|SPIN COAT PHOTORESIST|SOFT BAKE|ALIGN MASK LEVEL 1|EXPOSE LITHO LEVEL 1|POST EXPOSE BAKE|DEVELOP PHOTORESIST|INSPECT PATTERN LEVEL 1|HARD BAKE|OXIDE ETCH DRY|STRIP RESIST|CLEAN AFTER ETCH|MEASURE CD LEVEL 1|DEPOSIT POLYSILICON|ANNEAL POLYSILICON|SPIN COAT PHOTORESIST|SOFT BAKE|ALIGN MASK LEVEL 2|EXPOSE LITHO LEVEL 2|DEVELOP PHOTORESIST|PATTERN INSPECTION LEVEL 2|POLYSILICON ETCH DRY|STRIP RESIST|CLEAN AFTER POLY ETCH|MEASURE CD LEVEL 2|IMPLANT N-TYPE|PRE ANNEAL CHECK|RAPID THERMAL ANNEAL|DEPOSIT INTERLEVEL DIELECTRIC|DENSIFY OXIDE|MEASURE FILM THICKNESS|CMP INTERLAYER DIELECTRIC|MEASURE PLANARITY|SPIN COAT PHOTORESIST|SOFT BAKE|ALIGN MASK LEVEL 3|EXPOSE LITHO LEVEL 3|DEVELOP PHOTORESIST|VIA INSPECTION|VIA ETCH THROUGH DIELECTRIC|STRIP RESIST|CLEAN AFTER VIA ETCH|DEPOSIT BARRIER METAL|DEPOSIT TUNGSTEN SEED|FILL VIA TUNGSTEN|CMP METAL|DEPOSIT TOP METAL|ANNEAL METAL 1|SPIN COAT PHOTORESIST|SOFT BAKE|ALIGN MASK LEVEL 4|EXPOSE LITHO LEVEL 4|DEVELOP PHOTORESIST|METAL PATTERN INSPECTION|METAL ETCH DRY|STRIP RESIST|CLEAN AFTER METAL ETCH|DEPOSIT PASSIVATION|THRESHOLD VOLTAGE TEST|CURE PASSIVATION|MEASURE PASSIVATION THICKNESS|OPEN PAD WINDOW|OPEN PAD WINDOW LITHO|DEVELOP PHOTORESIST|PASSIVATION ETCH PAD OPENING|STRIP PHOTORESIST|CLEAN PAD OPENING|MEASURE PAD OPENING|BACKSIDE THINNING CHECK|BACKSIDE CLEAN FINAL|DEPOSIT BACKSIDE PROTECTION|BACKSIDE ANNEAL|FRONTSIDE CLEAN FINAL|FINAL CLEAN|FINAL THICKNESS MEASURE|FINAL GEOMETRY CHECK|FINAL OXIDE CHECK|FINAL CD INSPECTION|FINAL ELECTRICAL TEST PREP|ELECTRICAL PARAMETRIC TEST|LEAKAGE TEST|SWITCHING TEST|WAFER SORT TEST|YIELD ANALYSIS|FINAL LOT RELEASE|PACKAGE PREPARATION|SHIP LOT,RULE_TEST_BEFORE_PASSIVATION
anomaly_0884,IGBT,RECEIVE WAFER LOT|LOT IDENTIFICATION|INITIAL WAFER INSPECTION|MEASURE INITIAL THICKNESS|MEASURE SURFACE PARTICLES|PRE CLEAN WAFER|BACKSIDE CLEAN|FRONTSIDE CLEAN|WET CLEAN RCA1|WET CLEAN RCA2|HF DIP|DRY WAFER|EPITAXIAL WAFER CHECK|MEASURE EPITAXY THICKNESS|MEASURE RESISTIVITY|EPITAXIAL REWORK CHECK|EPITAXIAL LAYER PREP|THERMAL OXIDATION|MEASURE OXIDE THICKNESS|SPIN COAT PHOTORESIST|SOFT BAKE|ALIGN MASK LEVEL 1|EXPOSE LITHO LEVEL 1|DEVELOP PHOTORESIST|INSPECT PATTERN LEVEL 1|OXIDE ETCH DRY|STRIP RESIST|CLEAN AFTER OXIDE ETCH|MEASURE OPENING CD|IMPLANT P BODY|DRIVE IN DIFFUSION|RAPID THERMAL ANNEAL|THERMAL OXIDATION|SPIN COAT PHOTORESIST|SOFT BAKE|ALIGN MASK LEVEL 2|EXPOSE LITHO LEVEL 2|DEVELOP PHOTORESIST|P BODY WINDOW INSPECTION|HARD BAKE|ETCH SILICON OR OXIDE WINDOW|STRIP PHOTORESIST|CLEAN AFTER WINDOW ETCH|IMPLANT N BUFFER|PRE ANNEAL CHECK|RAPID THERMAL ANNEAL|DEPOSIT FIELD OXIDE|DENSIFY OXIDE|SPIN COAT PHOTORESIST|SOFT BAKE|ALIGN MASK LEVEL 3|EXPOSE LITHO LEVEL 3|DEVELOP PHOTORESIST|FIELD PATTERN INSPECTION|FIELD OXIDE ETCH|STRIP RESIST|CLEAN AFTER FIELD ETCH|MEASURE SURFACE UNIFORMITY|IMPLANT SOURCE REGION|IMPLANT DRAIN / CATHODE REGION|PRE ANNEAL CHECK|RAPID THERMAL ANNEAL|MEASURE SHEET RESISTANCE|DEPOSIT GATE OXIDE OR DIELECTRIC|ANNEAL DIELECTRIC|MEASURE OXIDE QUALITY|DEPOSIT POLYSILICON|POLYSILICON ANNEAL|MEASURE POLY THICKNESS|SPIN COAT PHOTORESIST|SOFT BAKE|ALIGN MASK LEVEL 4|EXPOSE LITHO LEVEL 4|DEVELOP PHOTORESIST|POLY PATTERN INSPECTION|POLYSILICON ETCH DRY|STRIP PHOTORESIST|CLEAN AFTER POLY ETCH|MEASURE GATE CD|IMPLANT CHANNEL STOP|RAPID THERMAL ANNEAL|MEASURE DEVICE PARAMETER|DEPOSIT INTERLAYER DIELECTRIC|DENSIFY OXIDE|MEASURE DIELECTRIC THICKNESS|CMP DIELECTRIC|MEASURE PLANARITY|SPIN COAT PHOTORESIST|SOFT BAKE|ALIGN MASK LEVEL 5|EXPOSE LITHO LEVEL 5|DEVELOP PHOTORESIST|VIA INSPECTION|VIA ETCH|STRIP RESIST|CLEAN AFTER VIA ETCH|MEASURE VIA CD|CMP VIA FILL|MEASURE VIA RESISTANCE|DEPOSIT METAL 1|ANNEAL METAL|MEASURE METAL THICKNESS|SPIN COAT PHOTORESIST|SOFT BAKE|ALIGN MASK LEVEL 6|EXPOSE LITHO LEVEL 6|POST EXPOSE BAKE|DEVELOP PHOTORESIST|METAL PATTERN INSPECTION|METAL ETCH DRY|STRIP RESIST|CLEAN AFTER METAL ETCH|DEPOSIT PASSIVATION LAYER|CURE PASSIVATION|MEASURE PASSIVATION QUALITY|OPEN PAD WINDOW|PAD WINDOW LITHO|DEVELOP PAD WINDOW|PASSIVATION ETCH|STRIP PHOTORESIST|CLEAN PAD OPENING|MEASURE PAD OPENING|BACKSIDE GRIND|MEASURE THICKNESS|BACKSIDE ETCH CLEAN|BACKSIDE RINSE|BACKSIDE DRY|BACKSIDE METALLIZATION PREP|DEPOSIT BACKSIDE METAL|BACKSIDE ANNEAL|MEASURE BACKSIDE CONTACT|FINAL CLEAN|FINAL THICKNESS MEASURE|PARAMETRIC TEST|LEAKAGE TEST|BREAKDOWN VOLTAGE TEST|SWITCHING TEST|WAFER SORT TEST|YIELD ANALYSIS|LOT RELEASE|SHIP LOT,RULE_CMP_NO_DEP
anomaly_0322,MOSFET,RECEIVE WAFER LOT|LOT IDENTIFICATION|INITIAL WAFER INSPECTION|MEASURE THICKNESS|MEASURE SURFACE PARTICLES|PRE CLEAN WAFER|WET CLEAN RCA1|WET CLEAN RCA2|HF DIP|DRY WAFER|SUBSTRATE CHECK|EPITAXY PREP|EPITAXIAL DEPOSITION|MEASURE EPITAXY THICKNESS|MEASURE RESISTIVITY|EPITAXY ANNEAL|WAFER SURFACE CLEAN|THERMAL OXIDATION|MEASURE OXIDE THICKNESS|SPIN COAT PHOTORESIST|SOFT BAKE|ALIGN MASK LEVEL 1|EXPOSE LITHO LEVEL 1|DEVELOP PHOTORESIST|PATTERN INSPECTION LEVEL 1|OXIDE ETCH|STRIP PHOTORESIST|CLEAN AFTER ETCH|MEASURE OPENING CD|IMPLANT WELL|PRE ANNEAL CHECK|DRIVE IN DIFFUSION|RAPID THERMAL ANNEAL|MEASURE JUNCTION DEPTH|THERMAL OXIDATION|GATE OXIDE PREP|GATE OXIDE GROWTH|MEASURE GATE OXIDE THICKNESS|DEPOSIT POLYSILICON|POLYSILICON ANNEAL|MEASURE POLY THICKNESS|SPIN COAT PHOTORESIST|SOFT BAKE|POST EXPOSE BAKE|DEVELOP PHOTORESIST|POLY PATTERN INSPECTION|POLYSILICON ETCH|STRIP PHOTORESIST|CLEAN AFTER POLY ETCH|IMPLANT SOURCE DRAIN|PRE ANNEAL CHECK|LIGHT ANNEAL|MEASURE SHEET RESISTANCE|DEPOSIT SPACER DIELECTRIC|ANISOTROPIC ETCH SPACER|IMPLANT LDD|PRE ANNEAL CHECK|RAPID THERMAL ANNEAL|MEASURE JUNCTION PROFILE|DEPOSIT INTERLEVEL DIELECTRIC|DENSIFY DIELECTRIC|MEASURE DIELECTRIC THICKNESS|CMP INTERLAYER DIELECTRIC|MEASURE PLANARITY|SPIN COAT PHOTORESIST|SOFT BAKE|ALIGN MASK LEVEL 3|EXPOSE LITHO LEVEL 3|POST EXPOSE BAKE|DEVELOP PHOTORESIST|VIA INSPECTION|DIELECTRIC ETCH VIA|STRIP RESIST|CLEAN AFTER VIA ETCH|DEPOSIT BARRIER METAL|DEPOSIT METAL SEED|FILL VIA METAL|CMP METAL|MEASURE CONTACT RESISTANCE|DEPOSIT METAL 1|ANNEAL METAL|MEASURE METAL THICKNESS|SPIN COAT PHOTORESIST|SOFT BAKE|ALIGN MASK LEVEL 4|EXPOSE LITHO LEVEL 4|POST EXPOSE BAKE|DEVELOP PHOTORESIST|METAL PATTERN INSPECTION|HARD BAKE|METAL ETCH|STRIP RESIST|CLEAN AFTER METAL ETCH|MEASURE LINE WIDTH|DEPOSIT PASSIVATION LAYER|CURE PASSIVATION|MEASURE PASSIVATION THICKNESS|OPEN BOND PAD WINDOW|OPEN PAD WINDOW LITHO|DEVELOP PAD WINDOW|PASSIVATION ETCH|STRIP RESIST|CLEAN PAD OPENING|MEASURE PAD OPENING|BACKSIDE CLEAN|BACKSIDE GRIND|MEASURE THICKNESS|BACKSIDE ETCH CLEAN|BACKSIDE RINSE|BACKSIDE DRY|BACKSIDE METALLIZATION PREP|DEPOSIT BACKSIDE METAL|BACKSIDE ANNEAL|MEASURE BACKSIDE CONTACT|FINAL CLEAN|FINAL THICKNESS MEASURE|FINAL GEOMETRY CHECK|FINAL CD INSPECTION|FINAL PARTICLE INSPECTION|PARAMETRIC TEST|LEAKAGE TEST|THRESHOLD VOLTAGE TEST|SWITCHING TEST|WAFER SORT TEST|YIELD ANALYSIS|FINAL LOT RELEASE|SHIP LOT,RULE_LITHO_LEVEL_SKIP
anomaly_0556,IGBT,RECEIVE WAFER LOT|LOT IDENTIFICATION|INITIAL WAFER INSPECTION|MEASURE INITIAL THICKNESS|MEASURE SURFACE PARTICLES|PRE CLEAN WAFER|BACKSIDE CLEAN|FRONTSIDE CLEAN|WET CLEAN RCA1|RCA CLEAN 2|HF DIP|DRY WAFER|EPITAXIAL WAFER CHECK|MEASURE EPITAXY THICKNESS|MEASURE RESISTIVITY|EPITAXIAL LAYER PREP|THERMAL OXIDATION|MEASURE OXIDE THICKNESS|SPIN COAT PHOTORESIST|SOFT BAKE|ALIGN MASK LEVEL 1|EXPOSE LITHO LEVEL 1|DEVELOP PHOTORESIST|INSPECT PATTERN LEVEL 1|OXIDE ETCH DRY|STRIP RESIST|CLEAN AFTER OXIDE ETCH|MEASURE OPENING CD|IMPLANT P BODY|PRE ANNEAL CHECK|DRIVE IN DIFFUSION|RAPID THERMAL ANNEAL|MEASURE JUNCTION DEPTH|THERMAL OXIDATION|SPIN COAT PHOTORESIST|SOFT BAKE|ALIGN MASK LEVEL 2|EXPOSE LITHO LEVEL 2|DEVELOP PHOTORESIST|P BODY WINDOW INSPECTION|ETCH SILICON OR OXIDE WINDOW|STRIP RESIST|CLEAN AFTER WINDOW ETCH|IMPLANT N BUFFER|RAPID THERMAL ANNEAL|MEASURE SHEET RESISTANCE|EPITAXIAL REWORK CHECK|DEPOSIT FIELD OXIDE|DENSIFY OXIDE|SPIN COAT PHOTORESIST|SOFT BAKE|ALIGN MASK LEVEL 3|EXPOSE LITHO LEVEL 3|POST EXPOSE BAKE|DEVELOP PHOTORESIST|FIELD PATTERN INSPECTION|FIELD OXIDE ETCH|STRIP PHOTORESIST|CLEAN AFTER FIELD ETCH|MEASURE SURFACE UNIFORMITY|IMPLANT SOURCE REGION|IMPLANT DRAIN / CATHODE REGION|RAPID THERMAL ANNEAL|MEASURE SHEET RESISTANCE|DEPOSIT GATE OXIDE OR DIELECTRIC|ANNEAL DIELECTRIC|DEPOSIT POLYSILICON|POLYSILICON ANNEAL|MEASURE POLY THICKNESS|SPIN COAT PHOTORESIST|SOFT BAKE|ALIGN MASK LEVEL 4|EXPOSE LITHO LEVEL 4|DEVELOP PHOTORESIST|POLY PATTERN INSPECTION|POLYSILICON ETCH DRY|STRIP PHOTORESIST|CLEAN AFTER POLY ETCH|MEASURE GATE CD|IMPLANT CHANNEL STOP|PRE ANNEAL CHECK|RAPID THERMAL ANNEAL|DEPOSIT INTERLEVEL DIELECTRIC|DENSIFY OXIDE|MEASURE FILM THICKNESS|CMP DIELECTRIC|MEASURE PLANARITY|SPIN COAT PHOTORESIST|SOFT BAKE|ALIGN MASK LEVEL 5|EXPOSE LITHO LEVEL 5|POST EXPOSE BAKE|VIA OPENING INSPECTION|VIA ETCH THROUGH DIELECTRIC|STRIP PHOTORESIST|CLEAN AFTER VIA ETCH|MEASURE VIA CD|DEPOSIT BARRIER METAL|DEPOSIT METAL SEED|FILL VIA METAL|CMP METAL|MEASURE CONTACT RESISTANCE|DEPOSIT TOP METAL|ANNEAL METAL 1|MEASURE METAL THICKNESS|SPIN COAT PHOTORESIST|SOFT BAKE|ALIGN MASK LEVEL 6|EXPOSE LITHO LEVEL 6|DEVELOP PHOTORESIST|METAL PATTERN INSPECTION|METAL ETCH DRY|STRIP PHOTORESIST|CLEAN AFTER METAL ETCH|MEASURE LINE WIDTH|DEPOSIT PASSIVATION|CURE PASSIVATION|MEASURE PASSIVATION THICKNESS|OPEN BOND PAD WINDOW|OPEN PAD WINDOW LITHO|DEVELOP PHOTORESIST|PASSIVATION ETCH|STRIP RESIST|CLEAN PAD OPENING|MEASURE PAD OPENING|BACKSIDE GRIND|MEASURE WAFER THICKNESS|BACKSIDE ETCH CLEAN|BACKSIDE RINSE|BACKSIDE DRY|BACKSIDE METALLIZATION PREP|DEPOSIT BACKSIDE METAL|BACKSIDE ANNEAL|MEASURE BACKSIDE CONTACT|FINAL CLEAN|FINAL THICKNESS MEASURE|FINAL GEOMETRY CHECK|FINAL CD INSPECTION|PARAMETRIC TEST|LEAKAGE TEST|BREAKDOWN VOLTAGE TEST|SWITCHING TEST|WAFER SORT TEST|YIELD ANALYSIS|FINAL LOT RELEASE|SHIP LOT,RULE_ETCH_NO_MASK
anomaly_0223,MOSFET,RECEIVE WAFER LOT|LOT IDENTIFICATION|PRE CLEAN INSPECTION|MEASURE THICKNESS|MEASURE SURFACE PARTICLES|PRE CLEAN WAFER|WET CLEAN RCA1|WET CLEAN RCA2|HF DIP|SUBSTRATE CHECK|EPITAXY PREP|EPITAXIAL DEPOSITION|MEASURE EPITAXY THICKNESS|MEASURE RESISTIVITY|EPITAXY ANNEAL|WAFER SURFACE CLEAN|THERMAL OXIDATION|MEASURE OXIDE THICKNESS|SPIN COAT PHOTORESIST|SOFT BAKE|ALIGN MASK LEVEL 1|EXPOSE LITHO LEVEL 1|DEVELOP PHOTORESIST|PATTERN INSPECTION LEVEL 1|OXIDE ETCH|STRIP PHOTORESIST|CLEAN AFTER ETCH|MEASURE OPENING CD|IMPLANT WELL|PRE ANNEAL CHECK|DRIVE IN DIFFUSION|RAPID THERMAL ANNEAL|MEASURE JUNCTION DEPTH|THERMAL OXIDATION|GATE OXIDE PREP|GATE OXIDE GROWTH|MEASURE GATE OXIDE THICKNESS|DEPOSIT POLYSILICON|POLYSILICON ANNEAL|MEASURE POLY THICKNESS|SPIN COAT PHOTORESIST|SOFT BAKE|ALIGN MASK LEVEL 2|EXPOSE LITHO LEVEL 2|POST EXPOSE BAKE|DEVELOP PHOTORESIST|POLY PATTERN INSPECTION|POLYSILICON ETCH|STRIP RESIST|CLEAN AFTER POLY ETCH|MEASURE GATE CD|IMPLANT SOURCE DRAIN|PRE ANNEAL CHECK|LIGHT ANNEAL|DEPOSIT SPACER DIELECTRIC|ANISOTROPIC ETCH SPACER|MEASURE SPACER WIDTH|IMPLANT LDD|RAPID THERMAL ANNEAL|DEPOSIT INTERLEVEL DIELECTRIC|DENSIFY OXIDE|MEASURE FILM THICKNESS|CMP INTERLAYER DIELECTRIC|MEASURE PLANARITY|SPIN COAT PHOTORESIST|SOFT BAKE|ALIGN MASK LEVEL 3|EXPOSE LITHO LEVEL 3|DEVELOP PHOTORESIST|VIA OPENING INSPECTION|HARD BAKE|DIELECTRIC ETCH VIA|STRIP PHOTORESIST|CLEAN AFTER VIA ETCH|DEPOSIT BARRIER METAL|DEPOSIT METAL SEED|FILL VIA METAL|CMP VIA FILL|MEASURE CONTACT RESISTANCE|DEPOSIT TOP METAL|ANNEAL METAL 1|SPIN COAT PHOTORESIST|SOFT BAKE|ALIGN MASK LEVEL 4|EXPOSE LITHO LEVEL 4|DEVELOP PHOTORESIST|METAL PATTERN INSPECTION|METAL ETCH|STRIP RESIST|DEPOSIT PASSIVATION|CURE PASSIVATION|MEASURE PASSIVATION QUALITY|OPEN BOND PAD WINDOW|OPEN PAD WINDOW LITHO|DEVELOP PAD WINDOW|PASSIVATION ETCH PAD OPENING|STRIP PHOTORESIST|CLEAN PAD OPENING|MEASURE PAD OPENING|BACKSIDE CLEAN|BACKSIDE GRIND|MEASURE WAFER THICKNESS|BACKSIDE ETCH CLEAN|BACKSIDE RINSE|BACKSIDE DRY|BACKSIDE METALLIZATION PREP|DEPOSIT BACKSIDE METAL|BACKSIDE ANNEAL|MEASURE BACKSIDE CONTACT|FINAL CLEAN|FINAL THICKNESS MEASURE|FINAL GEOMETRY CHECK|FINAL CD INSPECTION|FINAL PARTICLE INSPECTION|PARAMETRIC TEST|LEAKAGE TEST|THRESHOLD VOLTAGE TEST|SWITCHING TEST|WAFER SORT TEST|YIELD ANALYSIS|FINAL LOT RELEASE|SHIP LOT,RULE_DEP_NO_CLEAN
anomaly_0677,IC,RECEIVE WAFER LOT|LOT IDENTIFICATION|PRE CLEAN INSPECTION|MEASURE INITIAL GEOMETRY|MEASURE SURFACE DEFECTS|WAFER CLEAN PRE PROCESS|BACKSIDE CLEAN|FRONTSIDE CLEAN|WET CLEAN RCA1|WET CLEAN RCA2|HF DIP|DRY WAFER|WAFER CLEAN PRE-GRIND|GRINDING WAFER BACKSIDE|MEASURE INITIAL GEOMETRY|ETCH WET BACKSIDE|RINSE WET WAFER_EDGE|DRY WAFER BACKSIDE|BACKSIDE CLEAN|MEASURE BACKSIDE ROUGHNESS|THERMAL OXIDATION|MEASURE OXIDE THICKNESS|WET CLEAN RCA1|WET CLEAN RCA2|HF DIP|OXIDE STRIP|SURFACE PREP FOR DEPOSITION|DEPOSIT PAD OXIDE|ANNEAL OXIDE|MEASURE FILM THICKNESS|SPIN COAT PHOTORESIST|SOFT BAKE|ALIGN MASK LEVEL 1|EXPOSE LITHO LEVEL 1|DEVELOP PHOTORESIST|INSPECT PATTERN LEVEL 1|HARD BAKE|OXIDE ETCH DRY|STRIP RESIST|CLEAN AFTER ETCH|DEPOSIT POLYSILICON|ANNEAL POLYSILICON|SPIN COAT PHOTORESIST|SOFT BAKE|ALIGN MASK LEVEL 2|EXPOSE LITHO LEVEL 2|POST EXPOSE BAKE|DEVELOP PHOTORESIST|PATTERN INSPECTION LEVEL 2|POLYSILICON ETCH DRY|STRIP RESIST LEVEL 2|CLEAN AFTER POLY ETCH|MEASURE CD LEVEL 2|IMPLANT N-TYPE|RAPID THERMAL ANNEAL|MEASURE SHEET RESISTANCE|DENSIFY OXIDE|MEASURE DIELECTRIC THICKNESS|CMP INTERLAYER DIELECTRIC|MEASURE SURFACE PLANARITY|SPIN COAT PHOTORESIST|SOFT BAKE|ALIGN MASK LEVEL 3|EXPOSE LITHO LEVEL 3|DEVELOP PHOTORESIST|VIA OPENING INSPECTION|HARD BAKE|VIA ETCH|STRIP RESIST|CLEAN AFTER VIA ETCH|MEASURE VIA CD|DEPOSIT BARRIER METAL|DEPOSIT TUNGSTEN SEED|FILL VIA TUNGSTEN|CMP METAL|MEASURE CONTACT RESISTANCE|DEPOSIT TOP METAL|ANNEAL METAL|MEASURE METAL THICKNESS|SPIN COAT PHOTORESIST|SOFT BAKE|ALIGN MASK LEVEL 4|EXPOSE LITHO LEVEL 4|DEVELOP PHOTORESIST|METAL PATTERN INSPECTION|METAL ETCH DRY|STRIP PHOTORESIST|CLEAN AFTER METAL ETCH|MEASURE LINE WIDTH|DEPOSIT PASSIVATION|CURE PASSIVATION|MEASURE PASSIVATION THICKNESS|OPEN BOND PAD WINDOW|PAD WINDOW LITHO|DEVELOP PAD WINDOW|PASSIVATION ETCH PAD OPENING|STRIP PHOTORESIST|CLEAN PAD OPENING|MEASURE PAD OPENING|BACKSIDE THINNING CHECK|BACKSIDE CLEAN FINAL|DEPOSIT BACKSIDE PROTECTION|BACKSIDE ANNEAL|FINAL CLEAN|FINAL THICKNESS MEASURE|FINAL GEOMETRY CHECK|FINAL OXIDE CHECK|FINAL PARTICLE INSPECTION|PARAMETRIC TEST|LEAKAGE TEST|THRESHOLD VOLTAGE TEST|SWITCHING TEST|WAFER SORT TEST|YIELD ANALYSIS|FINAL LOT RELEASE|PACKAGE PREPARATION|SHIP LOT,RULE_CMP_NO_DEP
anomaly_0159,MOSFET,RECEIVE WAFER LOT|LOT IDENTIFICATION|PRE CLEAN INSPECTION|MEASURE THICKNESS|PRE CLEAN WAFER|BACKSIDE CLEAN|FRONTSIDE CLEAN|RCA CLEAN 1|WET CLEAN RCA2|HF DIP|SUBSTRATE CHECK|EPITAXY PREP|EPITAXIAL DEPOSITION|MEASURE EPITAXY THICKNESS|MEASURE RESISTIVITY|EPITAXY ANNEAL|WAFER SURFACE CLEAN|THERMAL OXIDATION|MEASURE OXIDE THICKNESS|SPIN COAT PHOTORESIST|SOFT BAKE|ALIGN MASK LEVEL 1|EXPOSE LITHO LEVEL 1|DEVELOP PHOTORESIST|PATTERN INSPECTION LEVEL 1|OXIDE ETCH|STRIP RESIST|CLEAN AFTER ETCH|MEASURE OPENING CD|IMPLANT WELL|DRIVE IN DIFFUSION|RAPID THERMAL ANNEAL|MEASURE JUNCTION DEPTH|THERMAL OXIDATION|GATE OXIDE PREP|GATE OXIDE GROWTH|MEASURE GATE OXIDE THICKNESS|DEPOSIT POLYSILICON|POLYSILICON ANNEAL|MEASURE POLY THICKNESS|SPIN COAT PHOTORESIST|SOFT BAKE|ALIGN MASK LEVEL 2|EXPOSE LITHO LEVEL 2|DEVELOP PHOTORESIST|POLY PATTERN INSPECTION|POLYSILICON ETCH|STRIP RESIST|CLEAN AFTER POLY ETCH|MEASURE GATE CD|IMPLANT SOURCE DRAIN|PRE ANNEAL CHECK|LIGHT ANNEAL|DEPOSIT SPACER DIELECTRIC|ANISOTROPIC ETCH SPACER|IMPLANT LDD|PRE ANNEAL CHECK|RAPID THERMAL ANNEAL|MEASURE JUNCTION PROFILE|DEPOSIT INTERLAYER DIELECTRIC|DENSIFY DIELECTRIC|MEASURE DIELECTRIC THICKNESS|CMP INTERLAYER DIELECTRIC|MEASURE PLANARITY|SPIN COAT PHOTORESIST|SOFT BAKE|ALIGN MASK LEVEL 3|EXPOSE LITHO LEVEL 3|DEVELOP PHOTORESIST|VIA OPENING INSPECTION|VIA ETCH|STRIP PHOTORESIST|MEASURE VIA CD|DEPOSIT BARRIER METAL|DEPOSIT METAL SEED|FILL VIA METAL|CMP METAL|MEASURE VIA RESISTANCE|DEPOSIT TOP METAL|ANNEAL METAL 1|MEASURE METAL THICKNESS|SPIN COAT PHOTORESIST|SOFT BAKE|ALIGN MASK LEVEL 4|EXPOSE LITHO LEVEL 4|POST EXPOSE BAKE|DEVELOP PHOTORESIST|METAL PATTERN INSPECTION|METAL ETCH|STRIP PHOTORESIST|CLEAN AFTER METAL ETCH|MEASURE LINE WIDTH|DEPOSIT PASSIVATION LAYER|CURE PASSIVATION|MEASURE PASSIVATION QUALITY|OPEN PAD WINDOW|PAD WINDOW LITHO|DEVELOP PHOTORESIST|PASSIVATION ETCH PAD OPENING|STRIP PHOTORESIST|CLEAN PAD OPENING|MEASURE PAD OPENING|BACKSIDE CLEAN|BACKSIDE GRIND|MEASURE WAFER THICKNESS|BACKSIDE ETCH CLEAN|BACKSIDE RINSE|BACKSIDE DRY|BACKSIDE METALLIZATION PREP|DEPOSIT BACKSIDE METAL|BACKSIDE ANNEAL|MEASURE BACKSIDE CONTACT|FINAL CLEAN|FINAL THICKNESS MEASURE|FINAL GEOMETRY CHECK|FINAL CD INSPECTION|FINAL PARTICLE INSPECTION|PARAMETRIC TEST|LEAKAGE TEST|THRESHOLD VOLTAGE TEST|SWITCHING TEST|WAFER SORT TEST|YIELD ANALYSIS|FINAL LOT RELEASE|SHIP LOT,RULE_DEP_NO_CLEAN
anomaly_0293,IGBT,RECEIVE WAFER LOT|LOT IDENTIFICATION|INITIAL WAFER INSPECTION|MEASURE INITIAL THICKNESS|MEASURE SURFACE PARTICLES|PRE CLEAN WAFER|BACKSIDE CLEAN|FRONTSIDE CLEAN|RCA CLEAN 1|WET CLEAN RCA2|HF DIP|DRY WAFER|EPITAXIAL WAFER CHECK|MEASURE EPITAXY THICKNESS|MEASURE RESISTIVITY|EPITAXIAL LAYER PREP|THERMAL OXIDATION|MEASURE OXIDE THICKNESS|SPIN COAT PHOTORESIST|SOFT BAKE|ALIGN MASK LEVEL 1|EXPOSE LITHO LEVEL 1|DEVELOP PHOTORESIST|INSPECT PATTERN LEVEL 1|HARD BAKE|OXIDE ETCH DRY|STRIP RESIST|CLEAN AFTER OXIDE ETCH|MEASURE OPENING CD|IMPLANT P BODY|PRE ANNEAL CHECK|DRIVE IN DIFFUSION|RAPID THERMAL ANNEAL|MEASURE JUNCTION DEPTH|THERMAL OXIDATION|SPIN COAT PHOTORESIST|SOFT BAKE|ALIGN MASK LEVEL 2|EXPOSE LITHO LEVEL 2|DEVELOP PHOTORESIST|P BODY WINDOW INSPECTION|ETCH SILICON OR OXIDE WINDOW|STRIP PHOTORESIST|CLEAN AFTER WINDOW ETCH|IMPLANT N BUFFER|RAPID THERMAL ANNEAL|DEPOSIT FIELD OXIDE|DENSIFY OXIDE|MEASURE FILM THICKNESS|SPIN COAT PHOTORESIST|SOFT BAKE|ALIGN MASK LEVEL 3|EXPOSE LITHO LEVEL 3|DEVELOP PHOTORESIST|FIELD PATTERN INSPECTION|HARD BAKE|FIELD OXIDE ETCH|STRIP PHOTORESIST|MEASURE SURFACE UNIFORMITY|IMPLANT SOURCE REGION|IMPLANT DRAIN / CATHODE REGION|PRE ANNEAL CHECK|DEPOSIT GATE OXIDE OR DIELECTRIC|ANNEAL DIELECTRIC|DEPOSIT POLYSILICON|POLYSILICON ANNEAL|MEASURE POLY THICKNESS|SPIN COAT PHOTORESIST|SOFT BAKE|ALIGN MASK LEVEL 4|EXPOSE LITHO LEVEL 4|DEVELOP PHOTORESIST|POLY PATTERN INSPECTION|HARD BAKE|POLYSILICON ETCH DRY|STRIP PHOTORESIST|CLEAN AFTER POLY ETCH|MEASURE GATE CD|IMPLANT CHANNEL STOP|PRE ANNEAL CHECK|RAPID THERMAL ANNEAL|DEPOSIT INTERLEVEL DIELECTRIC|DENSIFY DIELECTRIC|MEASURE FILM THICKNESS|CMP DIELECTRIC|MEASURE PLANARITY|SPIN COAT PHOTORESIST|SOFT BAKE|ALIGN MASK LEVEL 5|EXPOSE LITHO LEVEL 5|DEVELOP PHOTORESIST|VIA OPENING INSPECTION|VIA ETCH THROUGH DIELECTRIC|STRIP PHOTORESIST|CLEAN AFTER VIA ETCH|DEPOSIT BARRIER METAL|DEPOSIT METAL SEED|FILL VIA METAL|CMP VIA FILL|MEASURE CONTACT RESISTANCE|DEPOSIT TOP METAL|ANNEAL METAL 1|MEASURE METAL THICKNESS|SPIN COAT PHOTORESIST|SOFT BAKE|ALIGN MASK LEVEL 6|EXPOSE LITHO LEVEL 6|DEVELOP PHOTORESIST|METAL PATTERN INSPECTION|METAL ETCH DRY|STRIP PHOTORESIST|CLEAN AFTER METAL ETCH|MEASURE LINE WIDTH|DEPOSIT PASSIVATION|CURE PASSIVATION|MEASURE PASSIVATION THICKNESS|OPEN BOND PAD WINDOW|OPEN PAD WINDOW LITHO|DEVELOP PAD WINDOW|PASSIVATION ETCH PAD OPENING|STRIP RESIST|CLEAN PAD OPENING|MEASURE PAD OPENING|BACKSIDE GRIND|MEASURE THICKNESS|BACKSIDE ETCH CLEAN|BACKSIDE RINSE|BACKSIDE DRY|BACKSIDE METALLIZATION PREP|DEPOSIT BACKSIDE METAL|BACKSIDE ANNEAL|MEASURE BACKSIDE CONTACT|FINAL CLEAN|FINAL GEOMETRY CHECK|FINAL PARTICLE INSPECTION|ELECTRICAL PARAMETRIC TEST|LEAKAGE TEST|BREAKDOWN VOLTAGE TEST|SWITCHING TEST|YIELD ANALYSIS|WAFER SORT TEST|FINAL LOT RELEASE|SHIP LOT,RULE_DEP_NO_CLEAN
anomaly_0878,IC,RECEIVE WAFER LOT|LOT IDENTIFICATION|INITIAL WAFER INSPECTION|WAFER CLEAN PRE PROCESS|RCA CLEAN 1|WET CLEAN RCA2|HF DIP|DRY WAFER|WAFER CLEAN PRE-GRIND|GRINDING WAFER BACKSIDE|MEASURE INITIAL GEOMETRY|ETCH WET BACKSIDE|RINSE WET WAFER_EDGE|DRY WAFER BACKSIDE|BACKSIDE CLEAN|MEASURE BACKSIDE ROUGHNESS|THERMAL OXIDATION|MEASURE OXIDE THICKNESS|WET CLEAN RCA1|WET CLEAN RCA2|HF DIP|OXIDE STRIP|SURFACE PREP FOR DEPOSITION|DEPOSIT PAD OXIDE|ANNEAL OXIDE|MEASURE OXIDE THICKNESS|SPIN COAT PHOTORESIST|SOFT BAKE|ALIGN MASK LEVEL 1|EXPOSE LITHO LEVEL 1|POST EXPOSE BAKE|DEVELOP PHOTORESIST|INSPECT PATTERN LEVEL 1|HARD BAKE|OXIDE ETCH DRY|STRIP RESIST|CLEAN AFTER ETCH|MEASURE CD LEVEL 1|DEPOSIT POLYSILICON|ANNEAL POLYSILICON|SPIN COAT PHOTORESIST|SOFT BAKE|ALIGN MASK LEVEL 2|EXPOSE LITHO LEVEL 2|POST EXPOSE BAKE|DEVELOP PHOTORESIST|PATTERN INSPECTION LEVEL 2|POLYSILICON ETCH DRY|STRIP RESIST|CLEAN AFTER POLY ETCH|MEASURE CD LEVEL 2|IMPLANT N-TYPE|RAPID THERMAL ANNEAL|MEASURE SHEET RESISTANCE|DEPOSIT INTERLEVEL DIELECTRIC|DENSIFY DIELECTRIC|MEASURE FILM THICKNESS|CMP DIELECTRIC|MEASURE SURFACE PLANARITY|SPIN COAT PHOTORESIST|SOFT BAKE|ALIGN MASK LEVEL 3|EXPOSE LITHO LEVEL 3|DEVELOP PHOTORESIST|VIA OPENING INSPECTION|DIELECTRIC ETCH VIA|STRIP RESIST|CLEAN AFTER VIA ETCH|DEPOSIT BARRIER METAL|DEPOSIT TUNGSTEN SEED|FILL VIA TUNGSTEN|CMP METAL|MEASURE CONTACT RESISTANCE|DEPOSIT TOP METAL|ANNEAL METAL 1|MEASURE METAL THICKNESS|SPIN COAT PHOTORESIST|SOFT BAKE|ALIGN MASK LEVEL 4|DEVELOP PHOTORESIST|METAL PATTERN INSPECTION|METAL ETCH DRY|STRIP PHOTORESIST|CLEAN AFTER METAL ETCH|DEPOSIT PASSIVATION|CURE PASSIVATION|MEASURE PASSIVATION QUALITY|OPEN PAD WINDOW|OPEN PAD WINDOW LITHO|DEVELOP PAD WINDOW|PASSIVATION ETCH|STRIP PHOTORESIST|CLEAN PAD OPENING|MEASURE PAD OPENING|BACKSIDE CLEAN FINAL|DEPOSIT BACKSIDE PROTECTION|BACKSIDE ANNEAL|FINAL CLEAN|FINAL THICKNESS MEASURE|FINAL GEOMETRY CHECK|FINAL OXIDE CHECK|FINAL PARTICLE INSPECTION|PARAMETRIC TEST|LEAKAGE TEST|THRESHOLD VOLTAGE TEST|SWITCHING TEST|WAFER SORT TEST|YIELD ANALYSIS|FINAL LOT RELEASE|SHIP LOT,RULE_METAL_ETCH_NO_LITHO
anomaly_0874,IGBT,RECEIVE WAFER LOT|LOT IDENTIFICATION|INITIAL WAFER INSPECTION|MEASURE INITIAL THICKNESS|MEASURE SURFACE PARTICLES|PRE CLEAN WAFER|BACKSIDE CLEAN|FRONTSIDE CLEAN|RCA CLEAN 1|WET CLEAN RCA2|HF DIP|EPITAXIAL WAFER CHECK|MEASURE EPITAXY THICKNESS|MEASURE RESISTIVITY|EPITAXIAL LAYER PREP|THERMAL OXIDATION|MEASURE OXIDE THICKNESS|SPIN COAT PHOTORESIST|SOFT BAKE|ALIGN MASK LEVEL 1|EXPOSE LITHO LEVEL 1|POST EXPOSE BAKE|DEVELOP PHOTORESIST|INSPECT PATTERN LEVEL 1|OXIDE ETCH DRY|STRIP PHOTORESIST|CLEAN AFTER OXIDE ETCH|MEASURE OPENING CD|IMPLANT P BODY|PRE ANNEAL CHECK|DRIVE IN DIFFUSION|RAPID THERMAL ANNEAL|MEASURE JUNCTION DEPTH|THERMAL OXIDATION|SPIN COAT PHOTORESIST|SOFT BAKE|ALIGN MASK LEVEL 2|EXPOSE LITHO LEVEL 2|DEVELOP PHOTORESIST|P BODY WINDOW INSPECTION|HARD BAKE|ETCH SILICON OR OXIDE WINDOW|STRIP PHOTORESIST|CLEAN AFTER WINDOW ETCH|MEASURE WINDOW CD|IMPLANT N BUFFER|PRE ANNEAL CHECK|RAPID THERMAL ANNEAL|MEASURE SHEET RESISTANCE|EPITAXIAL REWORK CHECK|DEPOSIT FIELD OXIDE|DENSIFY OXIDE|MEASURE FILM THICKNESS|SPIN COAT PHOTORESIST|SOFT BAKE|ALIGN MASK LEVEL 3|EXPOSE LITHO LEVEL 3|DEVELOP PHOTORESIST|FIELD PATTERN INSPECTION|FIELD OXIDE ETCH|STRIP PHOTORESIST|CLEAN AFTER FIELD ETCH|IMPLANT SOURCE REGION|IMPLANT DRAIN / CATHODE REGION|PRE ANNEAL CHECK|RAPID THERMAL ANNEAL|MEASURE SHEET RESISTANCE|DEPOSIT GATE OXIDE OR DIELECTRIC|ANNEAL DIELECTRIC|MEASURE OXIDE QUALITY|DEPOSIT POLYSILICON|POLYSILICON ANNEAL|MEASURE POLY THICKNESS|SPIN COAT PHOTORESIST|SOFT BAKE|ALIGN MASK LEVEL 4|EXPOSE LITHO LEVEL 4|POST EXPOSE BAKE|DEVELOP PHOTORESIST|POLY PATTERN INSPECTION|HARD BAKE|POLYSILICON ETCH DRY|STRIP PHOTORESIST|CLEAN AFTER POLY ETCH|MEASURE GATE CD|IMPLANT CHANNEL STOP|PRE ANNEAL CHECK|RAPID THERMAL ANNEAL|DENSIFY DIELECTRIC|MEASURE FILM THICKNESS|CMP INTERLAYER DIELECTRIC|MEASURE SURFACE PLANARITY|SPIN COAT PHOTORESIST|SOFT BAKE|ALIGN MASK LEVEL 5|EXPOSE LITHO LEVEL 5|DEVELOP PHOTORESIST|VIA OPENING INSPECTION|VIA ETCH|STRIP RESIST|CLEAN AFTER VIA ETCH|MEASURE VIA CD|DEPOSIT BARRIER METAL|DEPOSIT METAL SEED|FILL VIA METAL|CMP VIA FILL|MEASURE VIA RESISTANCE|DEPOSIT TOP METAL|ANNEAL METAL|SPIN COAT PHOTORESIST|SOFT BAKE|ALIGN MASK LEVEL 6|EXPOSE LITHO LEVEL 6|DEVELOP PHOTORESIST|METAL PATTERN INSPECTION|METAL ETCH DRY|STRIP PHOTORESIST|CLEAN AFTER METAL ETCH|MEASURE LINE WIDTH|DEPOSIT PASSIVATION|CURE PASSIVATION|MEASURE PASSIVATION QUALITY|OPEN BOND PAD WINDOW|PAD WINDOW LITHO|DEVELOP PAD WINDOW|PASSIVATION ETCH PAD OPENING|STRIP RESIST|CLEAN PAD OPENING|MEASURE PAD OPENING|BACKSIDE GRIND|MEASURE THICKNESS|BACKSIDE ETCH CLEAN|BACKSIDE RINSE|BACKSIDE DRY|BACKSIDE METALLIZATION PREP|DEPOSIT BACKSIDE METAL|BACKSIDE ANNEAL|MEASURE BACKSIDE CONTACT|FINAL CLEAN|FINAL THICKNESS MEASURE|FINAL GEOMETRY CHECK|FINAL PARTICLE INSPECTION|PARAMETRIC TEST|LEAKAGE TEST|BREAKDOWN VOLTAGE TEST|SWITCHING TEST|WAFER SORT TEST|YIELD ANALYSIS|LOT RELEASE|SHIP LOT,RULE_CMP_NO_DEP
anomaly_0716,MOSFET,RECEIVE WAFER LOT|LOT IDENTIFICATION|PRE CLEAN INSPECTION|MEASURE THICKNESS|MEASURE SURFACE PARTICLES|PRE CLEAN WAFER|WET CLEAN RCA1|WET CLEAN RCA2|HF DIP|SUBSTRATE CHECK|EPITAXY PREP|EPITAXIAL DEPOSITION|MEASURE EPITAXY THICKNESS|MEASURE RESISTIVITY|EPITAXY ANNEAL|WAFER SURFACE CLEAN|THERMAL OXIDATION|MEASURE OXIDE THICKNESS|SPIN COAT PHOTORESIST|SOFT BAKE|ALIGN MASK LEVEL 1|EXPOSE LITHO LEVEL 1|DEVELOP PHOTORESIST|PATTERN INSPECTION LEVEL 1|OXIDE ETCH|STRIP PHOTORESIST|CLEAN AFTER ETCH|IMPLANT WELL|PRE ANNEAL CHECK|DRIVE IN DIFFUSION|RAPID THERMAL ANNEAL|MEASURE JUNCTION DEPTH|THERMAL OXIDATION|GATE OXIDE PREP|GATE OXIDE GROWTH|MEASURE GATE OXIDE THICKNESS|DEPOSIT POLYSILICON|POLYSILICON ANNEAL|MEASURE POLY THICKNESS|SPIN COAT PHOTORESIST|SOFT BAKE|ALIGN MASK LEVEL 2|EXPOSE LITHO LEVEL 2|DEVELOP PHOTORESIST|POLY PATTERN INSPECTION|POLYSILICON ETCH|STRIP RESIST|CLEAN AFTER POLY ETCH|IMPLANT SOURCE DRAIN|PRE ANNEAL CHECK|LIGHT ANNEAL|MEASURE SHEET RESISTANCE|DEPOSIT SPACER DIELECTRIC|ANISOTROPIC ETCH SPACER|MEASURE SPACER WIDTH|IMPLANT LDD|PRE ANNEAL CHECK|RAPID THERMAL ANNEAL|MEASURE JUNCTION PROFILE|DEPOSIT INTERLAYER DIELECTRIC|DENSIFY DIELECTRIC|MEASURE DIELECTRIC THICKNESS|CMP DIELECTRIC|MEASURE PLANARITY|SPIN COAT PHOTORESIST|SOFT BAKE|ALIGN MASK LEVEL 3|EXPOSE LITHO LEVEL 3|DEVELOP PHOTORESIST|VIA OPENING INSPECTION|HARD BAKE|DIELECTRIC ETCH VIA|STRIP RESIST|CLEAN AFTER VIA ETCH|DEPOSIT BARRIER METAL|DEPOSIT METAL SEED|FILL VIA METAL|CMP VIA FILL|MEASURE CONTACT RESISTANCE|DEPOSIT TOP METAL|ANNEAL METAL 1|SPIN COAT PHOTORESIST|SOFT BAKE|ALIGN MASK LEVEL 4|DEVELOP PHOTORESIST|METAL PATTERN INSPECTION|METAL ETCH|STRIP PHOTORESIST|CLEAN AFTER METAL ETCH|MEASURE LINE WIDTH|DEPOSIT PASSIVATION|CURE PASSIVATION|MEASURE PASSIVATION QUALITY|OPEN BOND PAD WINDOW|OPEN PAD WINDOW LITHO|DEVELOP PAD WINDOW|PASSIVATION ETCH|STRIP RESIST|CLEAN PAD OPENING|MEASURE PAD OPENING|BACKSIDE CLEAN|BACKSIDE GRIND|MEASURE WAFER THICKNESS|BACKSIDE ETCH CLEAN|BACKSIDE RINSE|BACKSIDE DRY|BACKSIDE METALLIZATION PREP|DEPOSIT BACKSIDE METAL|BACKSIDE ANNEAL|MEASURE BACKSIDE CONTACT|FINAL CLEAN|FINAL THICKNESS MEASURE|FINAL PARTICLE INSPECTION|ELECTRICAL PARAMETRIC TEST|LEAKAGE TEST|THRESHOLD VOLTAGE TEST|SWITCHING TEST|WAFER SORT TEST|YIELD ANALYSIS|FINAL LOT RELEASE|SHIP LOT,RULE_METAL_ETCH_NO_LITHO
anomaly_0219,MOSFET,RECEIVE WAFER LOT|LOT IDENTIFICATION|PRE CLEAN INSPECTION|MEASURE THICKNESS|MEASURE SURFACE PARTICLES|PRE CLEAN WAFER|BACKSIDE CLEAN|RCA CLEAN 1|WET CLEAN RCA2|HF DIP|DRY WAFER|SUBSTRATE CHECK|EPITAXY PREP|EPITAXIAL DEPOSITION|MEASURE EPITAXY THICKNESS|MEASURE RESISTIVITY|EPITAXY ANNEAL|WAFER SURFACE CLEAN|THERMAL OXIDATION|MEASURE OXIDE THICKNESS|SPIN COAT PHOTORESIST|SOFT BAKE|ALIGN MASK LEVEL 1|EXPOSE LITHO LEVEL 1|DEVELOP PHOTORESIST|PATTERN INSPECTION LEVEL 1|OXIDE ETCH|STRIP PHOTORESIST|CLEAN AFTER ETCH|MEASURE OPENING CD|IMPLANT WELL|DRIVE IN DIFFUSION|RAPID THERMAL ANNEAL|THERMAL OXIDATION|GATE OXIDE PREP|GATE OXIDE GROWTH|MEASURE GATE OXIDE THICKNESS|DEPOSIT POLYSILICON|POLYSILICON ANNEAL|MEASURE POLY THICKNESS|SPIN COAT PHOTORESIST|SOFT BAKE|ALIGN MASK LEVEL 2|EXPOSE LITHO LEVEL 2|DEVELOP PHOTORESIST|POLY PATTERN INSPECTION|POLYSILICON ETCH|STRIP PHOTORESIST|CLEAN AFTER POLY ETCH|MEASURE GATE CD|IMPLANT SOURCE DRAIN|LIGHT ANNEAL|DEPOSIT SPACER DIELECTRIC|ANISOTROPIC ETCH SPACER|IMPLANT LDD|RAPID THERMAL ANNEAL|MEASURE JUNCTION PROFILE|DEPOSIT INTERLAYER DIELECTRIC|DENSIFY OXIDE|MEASURE DIELECTRIC THICKNESS|CMP INTERLAYER DIELECTRIC|MEASURE PLANARITY|SPIN COAT PHOTORESIST|SOFT BAKE|ALIGN MASK LEVEL 3|EXPOSE LITHO LEVEL 3|POST EXPOSE BAKE|DEVELOP PHOTORESIST|VIA INSPECTION|HARD BAKE|VIA ETCH|STRIP PHOTORESIST|CLEAN AFTER VIA ETCH|DEPOSIT BARRIER METAL|DEPOSIT METAL SEED|FILL VIA METAL|CMP VIA FILL|MEASURE VIA RESISTANCE|DEPOSIT TOP METAL|ANNEAL METAL 1|MEASURE METAL THICKNESS|SPIN COAT PHOTORESIST|SOFT BAKE|ALIGN MASK LEVEL 4|EXPOSE LITHO LEVEL 4|DEVELOP PHOTORESIST|METAL PATTERN INSPECTION|METAL ETCH|STRIP RESIST|CLEAN AFTER METAL ETCH|MEASURE LINE WIDTH|DEPOSIT PASSIVATION|CURE PASSIVATION|MEASURE PASSIVATION QUALITY|OPEN PAD WINDOW|PAD WINDOW LITHO|DEVELOP PHOTORESIST|PASSIVATION ETCH|STRIP PHOTORESIST|CLEAN PAD OPENING|MEASURE PAD OPENING|BACKSIDE CLEAN|BACKSIDE GRIND|MEASURE WAFER THICKNESS|BACKSIDE ETCH CLEAN|BACKSIDE RINSE|BACKSIDE DRY|BACKSIDE METALLIZATION PREP|DEPOSIT BACKSIDE METAL|BACKSIDE ANNEAL|MEASURE BACKSIDE CONTACT|FINAL CLEAN|FINAL THICKNESS MEASURE|FINAL GEOMETRY CHECK|FINAL CD INSPECTION|FINAL PARTICLE INSPECTION|PARAMETRIC TEST|LEAKAGE TEST|THRESHOLD VOLTAGE TEST|SWITCHING TEST|SHIP LOT|YIELD ANALYSIS|LOT RELEASE|WAFER SORT TEST,RULE_SHIP_BEFORE_TEST
anomaly_0171,MOSFET,RECEIVE WAFER LOT|LOT IDENTIFICATION|INITIAL WAFER INSPECTION|MEASURE SURFACE PARTICLES|PRE CLEAN WAFER|BACKSIDE CLEAN|RCA CLEAN 1|RCA CLEAN 2|HF DIP|SUBSTRATE CHECK|EPITAXY PREP|EPITAXIAL DEPOSITION|MEASURE EPITAXY THICKNESS|MEASURE RESISTIVITY|EPITAXY ANNEAL|WAFER SURFACE CLEAN|THERMAL OXIDATION|MEASURE OXIDE THICKNESS|SPIN COAT PHOTORESIST|SOFT BAKE|ALIGN MASK LEVEL 1|EXPOSE LITHO LEVEL 1|DEVELOP PHOTORESIST|PATTERN INSPECTION LEVEL 1|HARD BAKE|OXIDE ETCH|STRIP PHOTORESIST|CLEAN AFTER ETCH|MEASURE OPENING CD|IMPLANT WELL|DRIVE IN DIFFUSION|RAPID THERMAL ANNEAL|MEASURE JUNCTION DEPTH|THERMAL OXIDATION|GATE OXIDE PREP|GATE OXIDE GROWTH|MEASURE GATE OXIDE THICKNESS|DEPOSIT POLYSILICON|POLYSILICON ANNEAL|SPIN COAT PHOTORESIST|SOFT BAKE|ALIGN MASK LEVEL 2|EXPOSE LITHO LEVEL 2|DEVELOP PHOTORESIST|POLY PATTERN INSPECTION|HARD BAKE|POLYSILICON ETCH|STRIP RESIST|CLEAN AFTER POLY ETCH|MEASURE GATE CD|IMPLANT SOURCE DRAIN|LIGHT ANNEAL|MEASURE SHEET RESISTANCE|DEPOSIT SPACER DIELECTRIC|ANISOTROPIC ETCH SPACER|MEASURE SPACER WIDTH|IMPLANT LDD|PRE ANNEAL CHECK|RAPID THERMAL ANNEAL|MEASURE JUNCTION PROFILE|DEPOSIT INTERLEVEL DIELECTRIC|DENSIFY DIELECTRIC|MEASURE FILM THICKNESS|CMP INTERLAYER DIELECTRIC|MEASURE PLANARITY|SPIN COAT PHOTORESIST|SOFT BAKE|ALIGN MASK LEVEL 3|EXPOSE LITHO LEVEL 3|POST EXPOSE BAKE|DEVELOP PHOTORESIST|VIA OPENING INSPECTION|VIA ETCH|STRIP RESIST|MEASURE VIA CD|DEPOSIT BARRIER METAL|DEPOSIT METAL SEED|FILL VIA METAL|CMP VIA FILL|MEASURE CONTACT RESISTANCE|DEPOSIT TOP METAL|ANNEAL METAL|SPIN COAT PHOTORESIST|SOFT BAKE|ALIGN MASK LEVEL 4|EXPOSE LITHO LEVEL 4|POST EXPOSE BAKE|DEVELOP PHOTORESIST|METAL PATTERN INSPECTION|METAL ETCH|STRIP RESIST|CLEAN AFTER METAL ETCH|MEASURE LINE WIDTH|DEPOSIT PASSIVATION LAYER|CURE PASSIVATION|MEASURE PASSIVATION QUALITY|OPEN PAD WINDOW|OPEN PAD WINDOW LITHO|DEVELOP PHOTORESIST|PASSIVATION ETCH PAD OPENING|STRIP PHOTORESIST|CLEAN PAD OPENING|MEASURE PAD OPENING|BACKSIDE CLEAN|BACKSIDE GRIND|MEASURE THICKNESS|BACKSIDE ETCH CLEAN|BACKSIDE RINSE|BACKSIDE DRY|BACKSIDE METALLIZATION PREP|DEPOSIT BACKSIDE METAL|BACKSIDE ANNEAL|MEASURE BACKSIDE CONTACT|FINAL CLEAN|FINAL PARTICLE INSPECTION|ELECTRICAL PARAMETRIC TEST|LEAKAGE TEST|THRESHOLD VOLTAGE TEST|SWITCHING TEST|WAFER SORT TEST|YIELD ANALYSIS|LOT RELEASE|SHIP LOT,RULE_DEP_NO_CLEAN
anomaly_0684,MOSFET,RECEIVE WAFER LOT|LOT IDENTIFICATION|PRE CLEAN INSPECTION|MEASURE THICKNESS|PRE CLEAN WAFER|FRONTSIDE CLEAN|RCA CLEAN 1|WET CLEAN RCA2|HF DIP|DRY WAFER|SUBSTRATE CHECK|EPITAXY PREP|EPITAXIAL DEPOSITION|MEASURE EPITAXY THICKNESS|MEASURE RESISTIVITY|EPITAXY ANNEAL|WAFER SURFACE CLEAN|THERMAL OXIDATION|MEASURE OXIDE THICKNESS|SPIN COAT PHOTORESIST|SOFT BAKE|ALIGN MASK LEVEL 1|EXPOSE LITHO LEVEL 1|POST EXPOSE BAKE|PATTERN INSPECTION LEVEL 1|STRIP RESIST|CLEAN AFTER ETCH|IMPLANT WELL|PRE ANNEAL CHECK|DRIVE IN DIFFUSION|RAPID THERMAL ANNEAL|MEASURE JUNCTION DEPTH|THERMAL OXIDATION|GATE OXIDE PREP|GATE OXIDE GROWTH|MEASURE GATE OXIDE THICKNESS|DEPOSIT POLYSILICON|POLYSILICON ANNEAL|MEASURE POLY THICKNESS|SPIN COAT PHOTORESIST|SOFT BAKE|ALIGN MASK LEVEL 2|EXPOSE LITHO LEVEL 2|DEVELOP PHOTORESIST|POLY PATTERN INSPECTION|POLYSILICON ETCH|STRIP RESIST|CLEAN AFTER POLY ETCH|MEASURE GATE CD|IMPLANT SOURCE DRAIN|PRE ANNEAL CHECK|LIGHT ANNEAL|MEASURE SHEET RESISTANCE|DEPOSIT SPACER DIELECTRIC|ANISOTROPIC ETCH SPACER|MEASURE SPACER WIDTH|IMPLANT LDD|RAPID THERMAL ANNEAL|MEASURE JUNCTION PROFILE|DEPOSIT INTERLAYER DIELECTRIC|DENSIFY OXIDE|MEASURE FILM THICKNESS|CMP DIELECTRIC|MEASURE SURFACE PLANARITY|SPIN COAT PHOTORESIST|SOFT BAKE|ALIGN MASK LEVEL 3|EXPOSE LITHO LEVEL 3|DEVELOP PHOTORESIST|VIA OPENING INSPECTION|VIA ETCH|STRIP RESIST|CLEAN AFTER VIA ETCH|MEASURE VIA CD|DEPOSIT BARRIER METAL|DEPOSIT METAL SEED|FILL VIA METAL|CMP METAL|DEPOSIT METAL 1|ANNEAL METAL 1|MEASURE METAL THICKNESS|SPIN COAT PHOTORESIST|SOFT BAKE|ALIGN MASK LEVEL 4|EXPOSE LITHO LEVEL 4|DEVELOP PHOTORESIST|METAL PATTERN INSPECTION|HARD BAKE|METAL ETCH|STRIP RESIST|CLEAN AFTER METAL ETCH|MEASURE LINE WIDTH|DEPOSIT PASSIVATION|CURE PASSIVATION|MEASURE PASSIVATION THICKNESS|OPEN BOND PAD WINDOW|OPEN PAD WINDOW LITHO|DEVELOP PAD WINDOW|PASSIVATION ETCH PAD OPENING|STRIP PHOTORESIST|CLEAN PAD OPENING|MEASURE PAD OPENING|BACKSIDE CLEAN|BACKSIDE GRIND|MEASURE THICKNESS|BACKSIDE ETCH CLEAN|BACKSIDE RINSE|BACKSIDE DRY|BACKSIDE METALLIZATION PREP|DEPOSIT BACKSIDE METAL|BACKSIDE ANNEAL|MEASURE BACKSIDE CONTACT|FINAL CLEAN|FINAL THICKNESS MEASURE|FINAL CD INSPECTION|FINAL PARTICLE INSPECTION|ELECTRICAL PARAMETRIC TEST|LEAKAGE TEST|THRESHOLD VOLTAGE TEST|SWITCHING TEST|WAFER SORT TEST|YIELD ANALYSIS|LOT RELEASE|SHIP LOT,RULE_IMPLANT_NO_MASK
anomaly_0454,IGBT,RECEIVE WAFER LOT|LOT IDENTIFICATION|PRE CLEAN INSPECTION|MEASURE INITIAL THICKNESS|MEASURE SURFACE PARTICLES|PRE CLEAN WAFER|BACKSIDE CLEAN|FRONTSIDE CLEAN|WET CLEAN RCA1|WET CLEAN RCA2|HF DIP|EPITAXIAL WAFER CHECK|MEASURE EPITAXY THICKNESS|MEASURE RESISTIVITY|EPITAXIAL LAYER PREP|THERMAL OXIDATION|MEASURE OXIDE THICKNESS|SPIN COAT PHOTORESIST|SOFT BAKE|ALIGN MASK LEVEL 1|EXPOSE LITHO LEVEL 1|POST EXPOSE BAKE|DEVELOP PHOTORESIST|INSPECT PATTERN LEVEL 1|OXIDE ETCH DRY|STRIP RESIST|CLEAN AFTER OXIDE ETCH|MEASURE OPENING CD|IMPLANT P BODY|DRIVE IN DIFFUSION|RAPID THERMAL ANNEAL|MEASURE JUNCTION DEPTH|THERMAL OXIDATION|SPIN COAT PHOTORESIST|SOFT BAKE|ALIGN MASK LEVEL 2|EXPOSE LITHO LEVEL 2|POST EXPOSE BAKE|DEVELOP PHOTORESIST|P BODY WINDOW INSPECTION|HARD BAKE|ETCH SILICON OR OXIDE WINDOW|STRIP RESIST|CLEAN AFTER WINDOW ETCH|IMPLANT N BUFFER|RAPID THERMAL ANNEAL|MEASURE SHEET RESISTANCE|EPITAXIAL REWORK CHECK|DEPOSIT FIELD OXIDE|DENSIFY OXIDE|MEASURE FILM THICKNESS|SPIN COAT PHOTORESIST|SOFT BAKE|ALIGN MASK LEVEL 3|EXPOSE LITHO LEVEL 3|POST EXPOSE BAKE|DEVELOP PHOTORESIST|FIELD PATTERN INSPECTION|FIELD OXIDE ETCH|STRIP RESIST|CLEAN AFTER FIELD ETCH|MEASURE SURFACE UNIFORMITY|IMPLANT SOURCE REGION|IMPLANT DRAIN / CATHODE REGION|PRE ANNEAL CHECK|RAPID THERMAL ANNEAL|MEASURE SHEET RESISTANCE|DEPOSIT GATE OXIDE OR DIELECTRIC|ANNEAL DIELECTRIC|MEASURE OXIDE QUALITY|DEPOSIT POLYSILICON|POLYSILICON ANNEAL|SPIN COAT PHOTORESIST|SOFT BAKE|ALIGN MASK LEVEL 4|EXPOSE LITHO LEVEL 4|DEVELOP PHOTORESIST|POLY PATTERN INSPECTION|POLYSILICON ETCH DRY|STRIP PHOTORESIST|CLEAN AFTER POLY ETCH|MEASURE GATE CD|IMPLANT CHANNEL STOP|PRE ANNEAL CHECK|RAPID THERMAL ANNEAL|MEASURE DEVICE PARAMETER|DEPOSIT INTERLEVEL DIELECTRIC|DENSIFY OXIDE|MEASURE FILM THICKNESS|CMP INTERLAYER DIELECTRIC|MEASURE PLANARITY|SPIN COAT PHOTORESIST|SOFT BAKE|ALIGN MASK LEVEL 5|EXPOSE LITHO LEVEL 5|DEVELOP PHOTORESIST|VIA OPENING INSPECTION|HARD BAKE|VIA ETCH THROUGH DIELECTRIC|STRIP RESIST|CLEAN AFTER VIA ETCH|MEASURE VIA CD|DEPOSIT BARRIER METAL|DEPOSIT METAL SEED|FILL VIA METAL|CMP VIA FILL|DEPOSIT METAL 1|ANNEAL METAL|SPIN COAT PHOTORESIST|SOFT BAKE|ALIGN MASK LEVEL 6|DEVELOP PHOTORESIST|METAL PATTERN INSPECTION|HARD BAKE|METAL ETCH DRY|STRIP PHOTORESIST|CLEAN AFTER METAL ETCH|MEASURE LINE WIDTH|DEPOSIT PASSIVATION LAYER|CURE PASSIVATION|MEASURE PASSIVATION THICKNESS|OPEN PAD WINDOW|OPEN PAD WINDOW LITHO|DEVELOP PAD WINDOW|PASSIVATION ETCH|STRIP RESIST|CLEAN PAD OPENING|MEASURE PAD OPENING|BACKSIDE GRIND|MEASURE WAFER THICKNESS|BACKSIDE ETCH CLEAN|BACKSIDE RINSE|BACKSIDE DRY|BACKSIDE METALLIZATION PREP|DEPOSIT BACKSIDE METAL|BACKSIDE ANNEAL|MEASURE BACKSIDE CONTACT|FINAL CLEAN|FINAL THICKNESS MEASURE|FINAL GEOMETRY CHECK|FINAL CD INSPECTION|FINAL PARTICLE INSPECTION|ELECTRICAL PARAMETRIC TEST|LEAKAGE TEST|BREAKDOWN VOLTAGE TEST|SWITCHING TEST|YIELD ANALYSIS|WAFER SORT TEST|FINAL LOT RELEASE|SHIP LOT,RULE_METAL_ETCH_NO_LITHO
anomaly_0256,IGBT,RECEIVE WAFER LOT|LOT IDENTIFICATION|INITIAL WAFER INSPECTION|MEASURE INITIAL THICKNESS|MEASURE SURFACE PARTICLES|PRE CLEAN WAFER|BACKSIDE CLEAN|FRONTSIDE CLEAN|WET CLEAN RCA1|WET CLEAN RCA2|HF DIP|EPITAXIAL WAFER CHECK|MEASURE EPITAXY THICKNESS|MEASURE RESISTIVITY|EPITAXIAL LAYER PREP|THERMAL OXIDATION|MEASURE OXIDE THICKNESS|SPIN COAT PHOTORESIST|SOFT BAKE|ALIGN MASK LEVEL 1|EXPOSE LITHO LEVEL 1|POST EXPOSE BAKE|INSPECT PATTERN LEVEL 1|STRIP RESIST|CLEAN AFTER OXIDE ETCH|MEASURE OPENING CD|IMPLANT P BODY|PRE ANNEAL CHECK|DRIVE IN DIFFUSION|RAPID THERMAL ANNEAL|MEASURE JUNCTION DEPTH|THERMAL OXIDATION|SPIN COAT PHOTORESIST|SOFT BAKE|ALIGN MASK LEVEL 2|EXPOSE LITHO LEVEL 2|DEVELOP PHOTORESIST|P BODY WINDOW INSPECTION|HARD BAKE|ETCH SILICON OR OXIDE WINDOW|STRIP RESIST|CLEAN AFTER WINDOW ETCH|MEASURE WINDOW CD|IMPLANT N BUFFER|RAPID THERMAL ANNEAL|MEASURE SHEET RESISTANCE|DEPOSIT FIELD OXIDE|DENSIFY OXIDE|SPIN COAT PHOTORESIST|SOFT BAKE|ALIGN MASK LEVEL 3|EXPOSE LITHO LEVEL 3|POST EXPOSE BAKE|DEVELOP PHOTORESIST|FIELD PATTERN INSPECTION|HARD BAKE|FIELD OXIDE ETCH|STRIP PHOTORESIST|CLEAN AFTER FIELD ETCH|IMPLANT SOURCE REGION|IMPLANT DRAIN / CATHODE REGION|PRE ANNEAL CHECK|RAPID THERMAL ANNEAL|DEPOSIT GATE OXIDE OR DIELECTRIC|ANNEAL DIELECTRIC|DEPOSIT POLYSILICON|POLYSILICON ANNEAL|MEASURE POLY THICKNESS|SPIN COAT PHOTORESIST|SOFT BAKE|ALIGN MASK LEVEL 4|EXPOSE LITHO LEVEL 4|DEVELOP PHOTORESIST|POLY PATTERN INSPECTION|POLYSILICON ETCH DRY|STRIP PHOTORESIST|CLEAN AFTER POLY ETCH|MEASURE GATE CD|IMPLANT CHANNEL STOP|RAPID THERMAL ANNEAL|MEASURE DEVICE PARAMETER|DEPOSIT INTERLEVEL DIELECTRIC|DENSIFY DIELECTRIC|MEASURE DIELECTRIC THICKNESS|CMP INTERLAYER DIELECTRIC|MEASURE PLANARITY|SPIN COAT PHOTORESIST|SOFT BAKE|ALIGN MASK LEVEL 5|EXPOSE LITHO LEVEL 5|DEVELOP PHOTORESIST|VIA INSPECTION|VIA ETCH THROUGH DIELECTRIC|STRIP PHOTORESIST|CLEAN AFTER VIA ETCH|MEASURE VIA CD|DEPOSIT BARRIER METAL|DEPOSIT METAL SEED|FILL VIA METAL|CMP VIA FILL|MEASURE VIA RESISTANCE|DEPOSIT TOP METAL|ANNEAL METAL 1|SPIN COAT PHOTORESIST|SOFT BAKE|ALIGN MASK LEVEL 6|EXPOSE LITHO LEVEL 6|POST EXPOSE BAKE|DEVELOP PHOTORESIST|METAL PATTERN INSPECTION|METAL ETCH DRY|STRIP PHOTORESIST|CLEAN AFTER METAL ETCH|DEPOSIT PASSIVATION LAYER|CURE PASSIVATION|MEASURE PASSIVATION QUALITY|OPEN BOND PAD WINDOW|PAD WINDOW LITHO|DEVELOP PHOTORESIST|PASSIVATION ETCH|STRIP RESIST|CLEAN PAD OPENING|MEASURE PAD OPENING|BACKSIDE GRIND|MEASURE WAFER THICKNESS|BACKSIDE ETCH CLEAN|BACKSIDE RINSE|BACKSIDE DRY|BACKSIDE METALLIZATION PREP|DEPOSIT BACKSIDE METAL|BACKSIDE ANNEAL|MEASURE BACKSIDE CONTACT|FINAL CLEAN|FINAL THICKNESS MEASURE|FINAL GEOMETRY CHECK|PARAMETRIC TEST|LEAKAGE TEST|BREAKDOWN VOLTAGE TEST|SWITCHING TEST|WAFER SORT TEST|YIELD ANALYSIS|FINAL LOT RELEASE|SHIP LOT,RULE_IMPLANT_NO_MASK
anomaly_0875,MOSFET,RECEIVE WAFER LOT|LOT IDENTIFICATION|PRE CLEAN INSPECTION|MEASURE THICKNESS|MEASURE SURFACE PARTICLES|PRE CLEAN WAFER|FRONTSIDE CLEAN|WET CLEAN RCA1|WET CLEAN RCA2|HF DIP|DRY WAFER|SUBSTRATE CHECK|EPITAXY PREP|EPITAXIAL DEPOSITION|MEASURE EPITAXY THICKNESS|MEASURE RESISTIVITY|EPITAXY ANNEAL|WAFER SURFACE CLEAN|THERMAL OXIDATION|MEASURE OXIDE THICKNESS|SPIN COAT PHOTORESIST|SOFT BAKE|ALIGN MASK LEVEL 1|EXPOSE LITHO LEVEL 1|DEVELOP PHOTORESIST|PATTERN INSPECTION LEVEL 1|HARD BAKE|OXIDE ETCH|STRIP PHOTORESIST|CLEAN AFTER ETCH|MEASURE OPENING CD|IMPLANT WELL|DRIVE IN DIFFUSION|RAPID THERMAL ANNEAL|THERMAL OXIDATION|GATE OXIDE PREP|GATE OXIDE GROWTH|MEASURE GATE OXIDE THICKNESS|DEPOSIT POLYSILICON|POLYSILICON ANNEAL|MEASURE POLY THICKNESS|SPIN COAT PHOTORESIST|SOFT BAKE|ALIGN MASK LEVEL 2|EXPOSE LITHO LEVEL 2|DEVELOP PHOTORESIST|POLY PATTERN INSPECTION|POLYSILICON ETCH|STRIP RESIST|CLEAN AFTER POLY ETCH|MEASURE GATE CD|IMPLANT SOURCE DRAIN|PRE ANNEAL CHECK|LIGHT ANNEAL|MEASURE SHEET RESISTANCE|DEPOSIT SPACER DIELECTRIC|ANISOTROPIC ETCH SPACER|MEASURE SPACER WIDTH|IMPLANT LDD|PRE ANNEAL CHECK|RAPID THERMAL ANNEAL|MEASURE JUNCTION PROFILE|DEPOSIT INTERLAYER DIELECTRIC|DENSIFY DIELECTRIC|MEASURE FILM THICKNESS|CMP DIELECTRIC|MEASURE PLANARITY|SPIN COAT PHOTORESIST|SOFT BAKE|ALIGN MASK LEVEL 3|EXPOSE LITHO LEVEL 3|POST EXPOSE BAKE|DEVELOP PHOTORESIST|VIA OPENING INSPECTION|VIA ETCH|STRIP PHOTORESIST|CLEAN AFTER VIA ETCH|MEASURE VIA CD|DEPOSIT BARRIER METAL|DEPOSIT METAL SEED|FILL VIA METAL|CMP METAL|MEASURE VIA RESISTANCE|DEPOSIT TOP METAL|ANNEAL METAL 1|MEASURE METAL THICKNESS|SPIN COAT PHOTORESIST|SOFT BAKE|ALIGN MASK LEVEL 4|POST EXPOSE BAKE|DEVELOP PHOTORESIST|METAL PATTERN INSPECTION|METAL ETCH|STRIP RESIST|CLEAN AFTER METAL ETCH|MEASURE LINE WIDTH|DEPOSIT PASSIVATION|CURE PASSIVATION|MEASURE PASSIVATION THICKNESS|OPEN BOND PAD WINDOW|OPEN PAD WINDOW LITHO|DEVELOP PAD WINDOW|PASSIVATION ETCH PAD OPENING|STRIP RESIST|CLEAN PAD OPENING|MEASURE PAD OPENING|BACKSIDE CLEAN|BACKSIDE GRIND|MEASURE THICKNESS|BACKSIDE ETCH CLEAN|BACKSIDE RINSE|BACKSIDE DRY|BACKSIDE METALLIZATION PREP|DEPOSIT BACKSIDE METAL|BACKSIDE ANNEAL|MEASURE BACKSIDE CONTACT|FINAL CLEAN|FINAL THICKNESS MEASURE|FINAL GEOMETRY CHECK|FINAL PARTICLE INSPECTION|PARAMETRIC TEST|LEAKAGE TEST|THRESHOLD VOLTAGE TEST|SWITCHING TEST|WAFER SORT TEST|YIELD ANALYSIS|LOT RELEASE|SHIP LOT,RULE_METAL_ETCH_NO_LITHO
anomaly_0144,IC,RECEIVE WAFER LOT|LOT IDENTIFICATION|INITIAL WAFER INSPECTION|MEASURE INITIAL GEOMETRY|MEASURE SURFACE PARTICLES|WAFER CLEAN PRE PROCESS|BACKSIDE CLEAN|WET CLEAN RCA1|RCA CLEAN 2|HF DIP|DRY WAFER|WAFER CLEAN PRE-GRIND|GRINDING WAFER BACKSIDE|MEASURE INITIAL GEOMETRY|ETCH WET BACKSIDE|RINSE WET WAFER_EDGE|DRY WAFER BACKSIDE|BACKSIDE CLEAN|MEASURE BACKSIDE ROUGHNESS|THERMAL OXIDATION|MEASURE OXIDE THICKNESS|RCA CLEAN 1|WET CLEAN RCA2|HF DIP|OXIDE STRIP|SURFACE PREP FOR DEPOSITION|DEPOSIT PAD OXIDE|ANNEAL OXIDE|MEASURE FILM THICKNESS|SPIN COAT PHOTORESIST|SOFT BAKE|ALIGN MASK LEVEL 1|EXPOSE LITHO LEVEL 1|DEVELOP PHOTORESIST|INSPECT PATTERN LEVEL 1|HARD BAKE|OXIDE ETCH DRY|STRIP RESIST|CLEAN AFTER ETCH|MEASURE CD LEVEL 1|DEPOSIT POLYSILICON|ANNEAL POLYSILICON|SPIN COAT PHOTORESIST|SOFT BAKE|ALIGN MASK LEVEL 2|EXPOSE LITHO LEVEL 2|POST EXPOSE BAKE|DEVELOP PHOTORESIST|PATTERN INSPECTION LEVEL 2|POLYSILICON ETCH DRY|STRIP RESIST|CLEAN AFTER POLY ETCH|IMPLANT N-TYPE|RAPID THERMAL ANNEAL|DEPOSIT INTERLAYER DIELECTRIC|DENSIFY DIELECTRIC|MEASURE FILM THICKNESS|CMP INTERLAYER DIELECTRIC|MEASURE PLANARITY|SPIN COAT PHOTORESIST|SOFT BAKE|ALIGN MASK LEVEL 3|EXPOSE LITHO LEVEL 3|DEVELOP PHOTORESIST|VIA OPENING INSPECTION|DIELECTRIC ETCH VIA|STRIP PHOTORESIST|CLEAN AFTER VIA ETCH|DEPOSIT BARRIER METAL|DEPOSIT TUNGSTEN SEED|FILL VIA TUNGSTEN|CMP VIA FILL|DEPOSIT TOP METAL|ANNEAL METAL|SPIN COAT PHOTORESIST|SOFT BAKE|ALIGN MASK LEVEL 4|EXPOSE LITHO LEVEL 4|DEVELOP PHOTORESIST|METAL PATTERN INSPECTION|METAL ETCH DRY|STRIP PHOTORESIST|DEPOSIT PASSIVATION|CURE PASSIVATION|MEASURE PASSIVATION THICKNESS|OPEN PAD WINDOW|OPEN PAD WINDOW LITHO|DEVELOP PHOTORESIST|PASSIVATION ETCH PAD OPENING|STRIP PHOTORESIST|CLEAN PAD OPENING|MEASURE PAD OPENING|BACKSIDE CLEAN|DEPOSIT BACKSIDE PROTECTION|BACKSIDE ANNEAL|FRONTSIDE CLEAN FINAL|FINAL CLEAN|FINAL THICKNESS MEASURE|FINAL GEOMETRY CHECK|FINAL OXIDE CHECK|FINAL CD INSPECTION|ELECTRICAL PARAMETRIC TEST|LEAKAGE TEST|PARAMETRIC TEST|SWITCHING TEST|WAFER SORT TEST|YIELD ANALYSIS|LOT RELEASE|SHIP LOT,RULE_DEP_NO_CLEAN
anomaly_0112,MOSFET,RECEIVE WAFER LOT|LOT IDENTIFICATION|INITIAL WAFER INSPECTION|MEASURE SURFACE PARTICLES|PRE CLEAN WAFER|BACKSIDE CLEAN|RCA CLEAN 1|WET CLEAN RCA2|HF DIP|DRY WAFER|SUBSTRATE CHECK|EPITAXY PREP|EPITAXIAL DEPOSITION|MEASURE EPITAXY THICKNESS|MEASURE RESISTIVITY|EPITAXY ANNEAL|WAFER SURFACE CLEAN|THERMAL OXIDATION|MEASURE OXIDE THICKNESS|SPIN COAT PHOTORESIST|SOFT BAKE|ALIGN MASK LEVEL 1|EXPOSE LITHO LEVEL 1|DEVELOP PHOTORESIST|PATTERN INSPECTION LEVEL 1|HARD BAKE|OXIDE ETCH|STRIP PHOTORESIST|CLEAN AFTER ETCH|MEASURE OPENING CD|IMPLANT WELL|PRE ANNEAL CHECK|DRIVE IN DIFFUSION|RAPID THERMAL ANNEAL|THERMAL OXIDATION|GATE OXIDE PREP|GATE OXIDE GROWTH|MEASURE GATE OXIDE THICKNESS|DEPOSIT POLYSILICON|POLYSILICON ANNEAL|MEASURE POLY THICKNESS|SPIN COAT PHOTORESIST|SOFT BAKE|ALIGN MASK LEVEL 2|EXPOSE LITHO LEVEL 2|DEVELOP PHOTORESIST|POLY PATTERN INSPECTION|POLYSILICON ETCH|STRIP PHOTORESIST|CLEAN AFTER POLY ETCH|MEASURE GATE CD|IMPLANT SOURCE DRAIN|PRE ANNEAL CHECK|LIGHT ANNEAL|MEASURE SHEET RESISTANCE|DEPOSIT SPACER DIELECTRIC|ANISOTROPIC ETCH SPACER|MEASURE SPACER WIDTH|IMPLANT LDD|PRE ANNEAL CHECK|RAPID THERMAL ANNEAL|MEASURE JUNCTION PROFILE|DEPOSIT INTERLEVEL DIELECTRIC|DENSIFY DIELECTRIC|MEASURE FILM THICKNESS|CMP INTERLAYER DIELECTRIC|MEASURE PLANARITY|SPIN COAT PHOTORESIST|SOFT BAKE|ALIGN MASK LEVEL 3|EXPOSE LITHO LEVEL 3|DEVELOP PHOTORESIST|VIA OPENING INSPECTION|DIELECTRIC ETCH VIA|STRIP RESIST|CLEAN AFTER VIA ETCH|MEASURE VIA CD|DEPOSIT BARRIER METAL|DEPOSIT METAL SEED|FILL VIA METAL|CMP VIA FILL|DEPOSIT METAL 1|ANNEAL METAL 1|MEASURE METAL THICKNESS|SPIN COAT PHOTORESIST|SOFT BAKE|ALIGN MASK LEVEL 4|EXPOSE LITHO LEVEL 4|POST EXPOSE BAKE|DEVELOP PHOTORESIST|METAL PATTERN INSPECTION|HARD BAKE|METAL ETCH|STRIP PHOTORESIST|CLEAN AFTER METAL ETCH|OPEN BOND PAD WINDOW|DEPOSIT PASSIVATION|CURE PASSIVATION|MEASURE PASSIVATION QUALITY|PAD WINDOW LITHO|DEVELOP PHOTORESIST|PASSIVATION ETCH|STRIP RESIST|CLEAN PAD OPENING|MEASURE PAD OPENING|BACKSIDE CLEAN|BACKSIDE GRIND|MEASURE THICKNESS|BACKSIDE ETCH CLEAN|BACKSIDE RINSE|BACKSIDE DRY|BACKSIDE METALLIZATION PREP|DEPOSIT BACKSIDE METAL|BACKSIDE ANNEAL|MEASURE BACKSIDE CONTACT|FINAL CLEAN|FINAL THICKNESS MEASURE|FINAL GEOMETRY CHECK|FINAL PARTICLE INSPECTION|PARAMETRIC TEST|LEAKAGE TEST|THRESHOLD VOLTAGE TEST|SWITCHING TEST|WAFER SORT TEST|YIELD ANALYSIS|LOT RELEASE|SHIP LOT,RULE_PAD_OPEN_BEFORE_DEP
anomaly_0413,MOSFET,RECEIVE WAFER LOT|LOT IDENTIFICATION|PRE CLEAN INSPECTION|MEASURE THICKNESS|PRE CLEAN WAFER|BACKSIDE CLEAN|FRONTSIDE CLEAN|RCA CLEAN 1|WET CLEAN RCA2|HF DIP|DRY WAFER|SUBSTRATE CHECK|EPITAXY PREP|EPITAXIAL DEPOSITION|MEASURE EPITAXY THICKNESS|MEASURE RESISTIVITY|EPITAXY ANNEAL|WAFER SURFACE CLEAN|THERMAL OXIDATION|MEASURE OXIDE THICKNESS|SPIN COAT PHOTORESIST|SOFT BAKE|ALIGN MASK LEVEL 1|EXPOSE LITHO LEVEL 1|POST EXPOSE BAKE|PATTERN INSPECTION LEVEL 1|STRIP PHOTORESIST|CLEAN AFTER ETCH|MEASURE OPENING CD|IMPLANT WELL|DRIVE IN DIFFUSION|RAPID THERMAL ANNEAL|MEASURE JUNCTION DEPTH|THERMAL OXIDATION|GATE OXIDE PREP|GATE OXIDE GROWTH|MEASURE GATE OXIDE THICKNESS|DEPOSIT POLYSILICON|POLYSILICON ANNEAL|MEASURE POLY THICKNESS|SPIN COAT PHOTORESIST|SOFT BAKE|ALIGN MASK LEVEL 2|EXPOSE LITHO LEVEL 2|POST EXPOSE BAKE|DEVELOP PHOTORESIST|POLY PATTERN INSPECTION|HARD BAKE|POLYSILICON ETCH|STRIP RESIST|CLEAN AFTER POLY ETCH|MEASURE GATE CD|IMPLANT SOURCE DRAIN|PRE ANNEAL CHECK|LIGHT ANNEAL|MEASURE SHEET RESISTANCE|DEPOSIT SPACER DIELECTRIC|ANISOTROPIC ETCH SPACER|MEASURE SPACER WIDTH|IMPLANT LDD|RAPID THERMAL ANNEAL|MEASURE JUNCTION PROFILE|DEPOSIT INTERLAYER DIELECTRIC|DENSIFY DIELECTRIC|MEASURE DIELECTRIC THICKNESS|CMP DIELECTRIC|MEASURE SURFACE PLANARITY|SPIN COAT PHOTORESIST|SOFT BAKE|ALIGN MASK LEVEL 3|EXPOSE LITHO LEVEL 3|DEVELOP PHOTORESIST|VIA INSPECTION|HARD BAKE|DIELECTRIC ETCH VIA|STRIP PHOTORESIST|CLEAN AFTER VIA ETCH|MEASURE VIA CD|DEPOSIT BARRIER METAL|DEPOSIT METAL SEED|FILL VIA METAL|CMP VIA FILL|MEASURE CONTACT RESISTANCE|DEPOSIT METAL 1|ANNEAL METAL|SPIN COAT PHOTORESIST|SOFT BAKE|ALIGN MASK LEVEL 4|EXPOSE LITHO LEVEL 4|DEVELOP PHOTORESIST|METAL PATTERN INSPECTION|METAL ETCH|STRIP PHOTORESIST|CLEAN AFTER METAL ETCH|MEASURE LINE WIDTH|DEPOSIT PASSIVATION|CURE PASSIVATION|MEASURE PASSIVATION THICKNESS|OPEN PAD WINDOW|PAD WINDOW LITHO|DEVELOP PAD WINDOW|PASSIVATION ETCH PAD OPENING|STRIP RESIST|CLEAN PAD OPENING|MEASURE PAD OPENING|BACKSIDE CLEAN|BACKSIDE GRIND|MEASURE WAFER THICKNESS|BACKSIDE ETCH CLEAN|BACKSIDE RINSE|BACKSIDE DRY|BACKSIDE METALLIZATION PREP|DEPOSIT BACKSIDE METAL|BACKSIDE ANNEAL|MEASURE BACKSIDE CONTACT|FINAL CLEAN|FINAL THICKNESS MEASURE|FINAL GEOMETRY CHECK|FINAL CD INSPECTION|FINAL PARTICLE INSPECTION|PARAMETRIC TEST|LEAKAGE TEST|THRESHOLD VOLTAGE TEST|SWITCHING TEST|WAFER SORT TEST|YIELD ANALYSIS|LOT RELEASE|SHIP LOT,RULE_IMPLANT_NO_MASK
anomaly_0063,IC,RECEIVE WAFER LOT|LOT IDENTIFICATION|PRE CLEAN INSPECTION|MEASURE INITIAL GEOMETRY|WAFER CLEAN PRE PROCESS|BACKSIDE CLEAN|WET CLEAN RCA1|RCA CLEAN 2|HF DIP|DRY WAFER|WAFER CLEAN PRE-GRIND|GRINDING WAFER BACKSIDE|MEASURE GEOMETRY|ETCH WET BACKSIDE|RINSE WET WAFER_EDGE|DRY WAFER BACKSIDE|BACKSIDE CLEAN|MEASURE BACKSIDE ROUGHNESS|THERMAL OXIDATION|MEASURE OXIDE THICKNESS|WET CLEAN RCA1|RCA CLEAN 2|HF DIP|OXIDE STRIP|SURFACE PREP FOR DEPOSITION|DEPOSIT PAD OXIDE|ANNEAL OXIDE|MEASURE OXIDE THICKNESS|SPIN COAT PHOTORESIST|SOFT BAKE|ALIGN MASK LEVEL 1|EXPOSE LITHO LEVEL 1|POST EXPOSE BAKE|DEVELOP PHOTORESIST|INSPECT PATTERN LEVEL 1|HARD BAKE|OXIDE ETCH DRY|STRIP PHOTORESIST|CLEAN AFTER ETCH|MEASURE CD LEVEL 1|DEPOSIT POLYSILICON|ANNEAL POLYSILICON|SPIN COAT PHOTORESIST|SOFT BAKE|ALIGN MASK LEVEL 2|EXPOSE LITHO LEVEL 2|DEVELOP PHOTORESIST|PATTERN INSPECTION LEVEL 2|HARD BAKE|POLYSILICON ETCH DRY|STRIP RESIST|CLEAN AFTER POLY ETCH|MEASURE CD LEVEL 2|IMPLANT N-TYPE|PRE ANNEAL CHECK|RAPID THERMAL ANNEAL|MEASURE SHEET RESISTANCE|DEPOSIT INTERLEVEL DIELECTRIC|DENSIFY DIELECTRIC|MEASURE FILM THICKNESS|CMP DIELECTRIC|MEASURE PLANARITY|SPIN COAT PHOTORESIST|SOFT BAKE|ALIGN MASK LEVEL 3|EXPOSE LITHO LEVEL 3|POST EXPOSE BAKE|DEVELOP PHOTORESIST|VIA INSPECTION|VIA ETCH|STRIP PHOTORESIST|CLEAN AFTER VIA ETCH|DEPOSIT BARRIER METAL|DEPOSIT TUNGSTEN SEED|FILL VIA TUNGSTEN|CMP VIA FILL|MEASURE VIA RESISTANCE|DEPOSIT METAL 1|ANNEAL METAL|SPIN COAT PHOTORESIST|SOFT BAKE|ALIGN MASK LEVEL 4|EXPOSE LITHO LEVEL 4|DEVELOP PHOTORESIST|METAL PATTERN INSPECTION|METAL ETCH DRY|STRIP RESIST|CLEAN AFTER METAL ETCH|MEASURE LINE WIDTH|DEPOSIT PASSIVATION|CURE PASSIVATION|MEASURE PASSIVATION QUALITY|OPEN PAD WINDOW|OPEN PAD WINDOW LITHO|DEVELOP PAD WINDOW|PASSIVATION ETCH PAD OPENING|STRIP PHOTORESIST|CLEAN PAD OPENING|MEASURE PAD OPENING|BACKSIDE THINNING CHECK|BACKSIDE CLEAN FINAL|DEPOSIT BACKSIDE PROTECTION|BACKSIDE ANNEAL|FRONTSIDE CLEAN FINAL|FINAL CLEAN|FINAL GEOMETRY CHECK|FINAL OXIDE CHECK|FINAL PARTICLE INSPECTION|FINAL ELECTRICAL TEST PREP|PARAMETRIC TEST|LEAKAGE TEST|SWITCHING TEST|SHIP LOT|YIELD ANALYSIS|FINAL LOT RELEASE|WAFER SORT TEST,RULE_SHIP_BEFORE_TEST
anomaly_0101,IGBT,RECEIVE WAFER LOT|LOT IDENTIFICATION|INITIAL WAFER INSPECTION|MEASURE INITIAL THICKNESS|MEASURE SURFACE PARTICLES|PRE CLEAN WAFER|BACKSIDE CLEAN|FRONTSIDE CLEAN|RCA CLEAN 1|WET CLEAN RCA2|HF DIP|EPITAXIAL WAFER CHECK|MEASURE EPITAXY THICKNESS|MEASURE RESISTIVITY|EPITAXIAL LAYER PREP|THERMAL OXIDATION|MEASURE OXIDE THICKNESS|SPIN COAT PHOTORESIST|SOFT BAKE|ALIGN MASK LEVEL 1|EXPOSE LITHO LEVEL 1|DEVELOP PHOTORESIST|INSPECT PATTERN LEVEL 1|OXIDE ETCH DRY|STRIP RESIST|CLEAN AFTER OXIDE ETCH|MEASURE OPENING CD|IMPLANT P BODY|PRE ANNEAL CHECK|DRIVE IN DIFFUSION|RAPID THERMAL ANNEAL|THERMAL OXIDATION|SPIN COAT PHOTORESIST|SOFT BAKE|ALIGN MASK LEVEL 2|EXPOSE LITHO LEVEL 2|DEVELOP PHOTORESIST|P BODY WINDOW INSPECTION|ETCH SILICON OR OXIDE WINDOW|STRIP PHOTORESIST|CLEAN AFTER WINDOW ETCH|MEASURE WINDOW CD|IMPLANT N BUFFER|PRE ANNEAL CHECK|RAPID THERMAL ANNEAL|EPITAXIAL REWORK CHECK|DEPOSIT FIELD OXIDE|DENSIFY OXIDE|MEASURE FILM THICKNESS|SPIN COAT PHOTORESIST|SOFT BAKE|ALIGN MASK LEVEL 3|EXPOSE LITHO LEVEL 3|POST EXPOSE BAKE|DEVELOP PHOTORESIST|FIELD PATTERN INSPECTION|FIELD OXIDE ETCH|STRIP PHOTORESIST|CLEAN AFTER FIELD ETCH|MEASURE SURFACE UNIFORMITY|IMPLANT SOURCE REGION|IMPLANT DRAIN / CATHODE REGION|PRE ANNEAL CHECK|RAPID THERMAL ANNEAL|MEASURE SHEET RESISTANCE|DEPOSIT GATE OXIDE OR DIELECTRIC|ANNEAL DIELECTRIC|DEPOSIT POLYSILICON|POLYSILICON ANNEAL|SPIN COAT PHOTORESIST|SOFT BAKE|ALIGN MASK LEVEL 4|EXPOSE LITHO LEVEL 4|DEVELOP PHOTORESIST|POLY PATTERN INSPECTION|POLYSILICON ETCH DRY|STRIP RESIST|CLEAN AFTER POLY ETCH|MEASURE GATE CD|IMPLANT CHANNEL STOP|RAPID THERMAL ANNEAL|MEASURE DEVICE PARAMETER|DEPOSIT INTERLEVEL DIELECTRIC|DENSIFY DIELECTRIC|MEASURE DIELECTRIC THICKNESS|CMP DIELECTRIC|MEASURE PLANARITY|SPIN COAT PHOTORESIST|SOFT BAKE|ALIGN MASK LEVEL 5|EXPOSE LITHO LEVEL 5|POST EXPOSE BAKE|DEVELOP PHOTORESIST|VIA INSPECTION|VIA ETCH THROUGH DIELECTRIC|STRIP RESIST|CLEAN AFTER VIA ETCH|MEASURE VIA CD|CMP METAL|MEASURE VIA RESISTANCE|DEPOSIT TOP METAL|ANNEAL METAL 1|SPIN COAT PHOTORESIST|SOFT BAKE|ALIGN MASK LEVEL 6|EXPOSE LITHO LEVEL 6|DEVELOP PHOTORESIST|METAL PATTERN INSPECTION|METAL ETCH DRY|STRIP RESIST|CLEAN AFTER METAL ETCH|MEASURE LINE WIDTH|DEPOSIT PASSIVATION|CURE PASSIVATION|MEASURE PASSIVATION QUALITY|OPEN BOND PAD WINDOW|PAD WINDOW LITHO|DEVELOP PHOTORESIST|PASSIVATION ETCH|STRIP RESIST|CLEAN PAD OPENING|MEASURE PAD OPENING|BACKSIDE GRIND|MEASURE WAFER THICKNESS|BACKSIDE ETCH CLEAN|BACKSIDE RINSE|BACKSIDE DRY|BACKSIDE METALLIZATION PREP|DEPOSIT BACKSIDE METAL|BACKSIDE ANNEAL|MEASURE BACKSIDE CONTACT|FINAL CLEAN|FINAL THICKNESS MEASURE|FINAL GEOMETRY CHECK|FINAL PARTICLE INSPECTION|ELECTRICAL PARAMETRIC TEST|LEAKAGE TEST|BREAKDOWN VOLTAGE TEST|SWITCHING TEST|WAFER SORT TEST|YIELD ANALYSIS|LOT RELEASE|SHIP LOT,RULE_CMP_NO_DEP
anomaly_0442,IGBT,RECEIVE WAFER LOT|LOT IDENTIFICATION|INITIAL WAFER INSPECTION|MEASURE INITIAL THICKNESS|MEASURE SURFACE PARTICLES|PRE CLEAN WAFER|BACKSIDE CLEAN|FRONTSIDE CLEAN|RCA CLEAN 1|WET CLEAN RCA2|HF DIP|DRY WAFER|EPITAXIAL WAFER CHECK|MEASURE EPITAXY THICKNESS|MEASURE RESISTIVITY|EPITAXIAL REWORK CHECK|EPITAXIAL LAYER PREP|THERMAL OXIDATION|MEASURE OXIDE THICKNESS|SPIN COAT PHOTORESIST|SOFT BAKE|ALIGN MASK LEVEL 1|EXPOSE LITHO LEVEL 1|DEVELOP PHOTORESIST|INSPECT PATTERN LEVEL 1|OXIDE ETCH DRY|STRIP RESIST|CLEAN AFTER OXIDE ETCH|IMPLANT P BODY|PRE ANNEAL CHECK|DRIVE IN DIFFUSION|RAPID THERMAL ANNEAL|MEASURE JUNCTION DEPTH|THERMAL OXIDATION|SPIN COAT PHOTORESIST|SOFT BAKE|DEVELOP PHOTORESIST|P BODY WINDOW INSPECTION|HARD BAKE|ETCH SILICON OR OXIDE WINDOW|STRIP RESIST|CLEAN AFTER WINDOW ETCH|MEASURE WINDOW CD|IMPLANT N BUFFER|PRE ANNEAL CHECK|RAPID THERMAL ANNEAL|MEASURE SHEET RESISTANCE|DEPOSIT FIELD OXIDE|DENSIFY OXIDE|SPIN COAT PHOTORESIST|SOFT BAKE|ALIGN MASK LEVEL 3|EXPOSE LITHO LEVEL 3|POST EXPOSE BAKE|DEVELOP PHOTORESIST|FIELD PATTERN INSPECTION|FIELD OXIDE ETCH|STRIP RESIST|CLEAN AFTER FIELD ETCH|MEASURE SURFACE UNIFORMITY|IMPLANT SOURCE REGION|IMPLANT DRAIN / CATHODE REGION|PRE ANNEAL CHECK|RAPID THERMAL ANNEAL|MEASURE SHEET RESISTANCE|DEPOSIT GATE OXIDE OR DIELECTRIC|ANNEAL DIELECTRIC|MEASURE OXIDE QUALITY|DEPOSIT POLYSILICON|POLYSILICON ANNEAL|MEASURE POLY THICKNESS|SPIN COAT PHOTORESIST|SOFT BAKE|ALIGN MASK LEVEL 4|EXPOSE LITHO LEVEL 4|POST EXPOSE BAKE|DEVELOP PHOTORESIST|POLY PATTERN INSPECTION|POLYSILICON ETCH DRY|STRIP RESIST|CLEAN AFTER POLY ETCH|MEASURE GATE CD|IMPLANT CHANNEL STOP|PRE ANNEAL CHECK|RAPID THERMAL ANNEAL|MEASURE DEVICE PARAMETER|DEPOSIT INTERLEVEL DIELECTRIC|DENSIFY OXIDE|MEASURE FILM THICKNESS|CMP INTERLAYER DIELECTRIC|MEASURE SURFACE PLANARITY|SPIN COAT PHOTORESIST|SOFT BAKE|ALIGN MASK LEVEL 5|EXPOSE LITHO LEVEL 5|POST EXPOSE BAKE|DEVELOP PHOTORESIST|VIA INSPECTION|DIELECTRIC ETCH VIA|STRIP PHOTORESIST|CLEAN AFTER VIA ETCH|MEASURE VIA CD|DEPOSIT BARRIER METAL|DEPOSIT METAL SEED|FILL VIA METAL|CMP VIA FILL|DEPOSIT METAL 1|ANNEAL METAL 1|MEASURE METAL THICKNESS|SPIN COAT PHOTORESIST|SOFT BAKE|ALIGN MASK LEVEL 6|EXPOSE LITHO LEVEL 6|POST EXPOSE BAKE|DEVELOP PHOTORESIST|METAL PATTERN INSPECTION|HARD BAKE|METAL ETCH DRY|STRIP RESIST|CLEAN AFTER METAL ETCH|MEASURE LINE WIDTH|DEPOSIT PASSIVATION|CURE PASSIVATION|MEASURE PASSIVATION QUALITY|OPEN PAD WINDOW|OPEN PAD WINDOW LITHO|DEVELOP PAD WINDOW|PASSIVATION ETCH PAD OPENING|STRIP PHOTORESIST|CLEAN PAD OPENING|MEASURE PAD OPENING|BACKSIDE GRIND|MEASURE WAFER THICKNESS|BACKSIDE ETCH CLEAN|BACKSIDE RINSE|BACKSIDE DRY|BACKSIDE METALLIZATION PREP|DEPOSIT BACKSIDE METAL|BACKSIDE ANNEAL|MEASURE BACKSIDE CONTACT|FINAL CLEAN|FINAL THICKNESS MEASURE|FINAL GEOMETRY CHECK|FINAL CD INSPECTION|FINAL PARTICLE INSPECTION|ELECTRICAL PARAMETRIC TEST|LEAKAGE TEST|BREAKDOWN VOLTAGE TEST|SWITCHING TEST|WAFER SORT TEST|YIELD ANALYSIS|LOT RELEASE|SHIP LOT,RULE_LITHO_LEVEL_SKIP
anomaly_0485,MOSFET,RECEIVE WAFER LOT|LOT IDENTIFICATION|PRE CLEAN INSPECTION|MEASURE THICKNESS|MEASURE SURFACE PARTICLES|PRE CLEAN WAFER|BACKSIDE CLEAN|RCA CLEAN 1|RCA CLEAN 2|HF DIP|DRY WAFER|SUBSTRATE CHECK|EPITAXY PREP|EPITAXIAL DEPOSITION|MEASURE EPITAXY THICKNESS|MEASURE RESISTIVITY|EPITAXY ANNEAL|WAFER SURFACE CLEAN|THERMAL OXIDATION|MEASURE OXIDE THICKNESS|SPIN COAT PHOTORESIST|SOFT BAKE|ALIGN MASK LEVEL 1|EXPOSE LITHO LEVEL 1|DEVELOP PHOTORESIST|PATTERN INSPECTION LEVEL 1|HARD BAKE|OXIDE ETCH|STRIP PHOTORESIST|CLEAN AFTER ETCH|MEASURE OPENING CD|IMPLANT WELL|DRIVE IN DIFFUSION|RAPID THERMAL ANNEAL|MEASURE JUNCTION DEPTH|THERMAL OXIDATION|GATE OXIDE PREP|GATE OXIDE GROWTH|MEASURE GATE OXIDE THICKNESS|DEPOSIT POLYSILICON|POLYSILICON ANNEAL|MEASURE POLY THICKNESS|SPIN COAT PHOTORESIST|SOFT BAKE|ALIGN MASK LEVEL 2|EXPOSE LITHO LEVEL 2|POST EXPOSE BAKE|DEVELOP PHOTORESIST|POLY PATTERN INSPECTION|POLYSILICON ETCH|STRIP RESIST|CLEAN AFTER POLY ETCH|IMPLANT SOURCE DRAIN|PRE ANNEAL CHECK|LIGHT ANNEAL|MEASURE SHEET RESISTANCE|DEPOSIT SPACER DIELECTRIC|ANISOTROPIC ETCH SPACER|MEASURE SPACER WIDTH|IMPLANT LDD|RAPID THERMAL ANNEAL|MEASURE JUNCTION PROFILE|DEPOSIT INTERLAYER DIELECTRIC|DENSIFY OXIDE|MEASURE FILM THICKNESS|CMP INTERLAYER DIELECTRIC|MEASURE SURFACE PLANARITY|SPIN COAT PHOTORESIST|SOFT BAKE|ALIGN MASK LEVEL 3|EXPOSE LITHO LEVEL 3|POST EXPOSE BAKE|DEVELOP PHOTORESIST|VIA INSPECTION|VIA ETCH|STRIP PHOTORESIST|CLEAN AFTER VIA ETCH|MEASURE VIA CD|DEPOSIT BARRIER METAL|DEPOSIT METAL SEED|FILL VIA METAL|CMP METAL|MEASURE CONTACT RESISTANCE|DEPOSIT METAL 1|ANNEAL METAL|SPIN COAT PHOTORESIST|SOFT BAKE|ALIGN MASK LEVEL 4|EXPOSE LITHO LEVEL 4|POST EXPOSE BAKE|DEVELOP PHOTORESIST|METAL PATTERN INSPECTION|METAL ETCH|STRIP PHOTORESIST|CLEAN AFTER METAL ETCH|DEPOSIT PASSIVATION|DEPOSIT BACKSIDE METAL|CURE PASSIVATION|MEASURE PASSIVATION THICKNESS|OPEN PAD WINDOW|PAD WINDOW LITHO|DEVELOP PAD WINDOW|PASSIVATION ETCH PAD OPENING|STRIP PHOTORESIST|CLEAN PAD OPENING|MEASURE PAD OPENING|BACKSIDE CLEAN|BACKSIDE GRIND|MEASURE WAFER THICKNESS|BACKSIDE ETCH CLEAN|BACKSIDE RINSE|BACKSIDE DRY|BACKSIDE METALLIZATION PREP|BACKSIDE ANNEAL|MEASURE BACKSIDE CONTACT|FINAL CLEAN|FINAL THICKNESS MEASURE|FINAL GEOMETRY CHECK|FINAL CD INSPECTION|ELECTRICAL PARAMETRIC TEST|LEAKAGE TEST|THRESHOLD VOLTAGE TEST|SWITCHING TEST|WAFER SORT TEST|YIELD ANALYSIS|LOT RELEASE|SHIP LOT,RULE_BACKSIDE_BEFORE_PASSIVATION
anomaly_0585,IGBT,RECEIVE WAFER LOT|LOT IDENTIFICATION|INITIAL WAFER INSPECTION|MEASURE SURFACE PARTICLES|PRE CLEAN WAFER|BACKSIDE CLEAN|FRONTSIDE CLEAN|WET CLEAN RCA1|WET CLEAN RCA2|HF DIP|EPITAXIAL WAFER CHECK|MEASURE EPITAXY THICKNESS|MEASURE RESISTIVITY|EPITAXIAL LAYER PREP|THERMAL OXIDATION|MEASURE OXIDE THICKNESS|SPIN COAT PHOTORESIST|SOFT BAKE|ALIGN MASK LEVEL 1|EXPOSE LITHO LEVEL 1|DEVELOP PHOTORESIST|INSPECT PATTERN LEVEL 1|OXIDE ETCH DRY|STRIP RESIST|CLEAN AFTER OXIDE ETCH|IMPLANT P BODY|PRE ANNEAL CHECK|DRIVE IN DIFFUSION|RAPID THERMAL ANNEAL|MEASURE JUNCTION DEPTH|THERMAL OXIDATION|SPIN COAT PHOTORESIST|SOFT BAKE|ALIGN MASK LEVEL 2|EXPOSE LITHO LEVEL 2|POST EXPOSE BAKE|DEVELOP PHOTORESIST|P BODY WINDOW INSPECTION|ETCH SILICON OR OXIDE WINDOW|STRIP PHOTORESIST|CLEAN AFTER WINDOW ETCH|IMPLANT N BUFFER|RAPID THERMAL ANNEAL|MEASURE SHEET RESISTANCE|DEPOSIT FIELD OXIDE|DENSIFY OXIDE|MEASURE FILM THICKNESS|SPIN COAT PHOTORESIST|SOFT BAKE|ALIGN MASK LEVEL 3|EXPOSE LITHO LEVEL 3|DEVELOP PHOTORESIST|FIELD PATTERN INSPECTION|HARD BAKE|FIELD OXIDE ETCH|STRIP RESIST|CLEAN AFTER FIELD ETCH|MEASURE SURFACE UNIFORMITY|IMPLANT SOURCE REGION|IMPLANT DRAIN / CATHODE REGION|PRE ANNEAL CHECK|RAPID THERMAL ANNEAL|MEASURE SHEET RESISTANCE|DEPOSIT GATE OXIDE OR DIELECTRIC|ANNEAL DIELECTRIC|DEPOSIT POLYSILICON|POLYSILICON ANNEAL|MEASURE POLY THICKNESS|SPIN COAT PHOTORESIST|SOFT BAKE|ALIGN MASK LEVEL 4|EXPOSE LITHO LEVEL 4|DEVELOP PHOTORESIST|POLY PATTERN INSPECTION|HARD BAKE|POLYSILICON ETCH DRY|STRIP RESIST|CLEAN AFTER POLY ETCH|MEASURE GATE CD|IMPLANT CHANNEL STOP|PRE ANNEAL CHECK|RAPID THERMAL ANNEAL|DEPOSIT INTERLAYER DIELECTRIC|DENSIFY OXIDE|MEASURE DIELECTRIC THICKNESS|CMP INTERLAYER DIELECTRIC|MEASURE PLANARITY|SPIN COAT PHOTORESIST|SOFT BAKE|ALIGN MASK LEVEL 5|EXPOSE LITHO LEVEL 5|DEVELOP PHOTORESIST|VIA INSPECTION|VIA ETCH THROUGH DIELECTRIC|STRIP RESIST|CLEAN AFTER VIA ETCH|MEASURE VIA CD|DEPOSIT BARRIER METAL|DEPOSIT METAL SEED|FILL VIA METAL|CMP VIA FILL|MEASURE VIA RESISTANCE|DEPOSIT METAL 1|ANNEAL METAL 1|MEASURE METAL THICKNESS|SPIN COAT PHOTORESIST|SOFT BAKE|ALIGN MASK LEVEL 6|EXPOSE LITHO LEVEL 6|DEVELOP PHOTORESIST|METAL PATTERN INSPECTION|METAL ETCH DRY|STRIP PHOTORESIST|CLEAN AFTER METAL ETCH|MEASURE LINE WIDTH|OPEN BOND PAD WINDOW|DEPOSIT PASSIVATION|CURE PASSIVATION|MEASURE PASSIVATION THICKNESS|PAD WINDOW LITHO|DEVELOP PAD WINDOW|PASSIVATION ETCH|STRIP RESIST|CLEAN PAD OPENING|MEASURE PAD OPENING|BACKSIDE GRIND|MEASURE THICKNESS|BACKSIDE ETCH CLEAN|BACKSIDE RINSE|BACKSIDE DRY|BACKSIDE METALLIZATION PREP|DEPOSIT BACKSIDE METAL|BACKSIDE ANNEAL|MEASURE BACKSIDE CONTACT|FINAL CLEAN|FINAL GEOMETRY CHECK|FINAL CD INSPECTION|FINAL PARTICLE INSPECTION|ELECTRICAL PARAMETRIC TEST|LEAKAGE TEST|BREAKDOWN VOLTAGE TEST|SWITCHING TEST|WAFER SORT TEST|YIELD ANALYSIS|FINAL LOT RELEASE|SHIP LOT,RULE_PAD_OPEN_BEFORE_DEP
anomaly_0136,IGBT,RECEIVE WAFER LOT|LOT IDENTIFICATION|INITIAL WAFER INSPECTION|MEASURE INITIAL THICKNESS|MEASURE SURFACE PARTICLES|PRE CLEAN WAFER|BACKSIDE CLEAN|FRONTSIDE CLEAN|RCA CLEAN 1|WET CLEAN RCA2|HF DIP|DRY WAFER|EPITAXIAL WAFER CHECK|MEASURE EPITAXY THICKNESS|MEASURE RESISTIVITY|EPITAXIAL LAYER PREP|THERMAL OXIDATION|MEASURE OXIDE THICKNESS|SPIN COAT PHOTORESIST|SOFT BAKE|ALIGN MASK LEVEL 1|EXPOSE LITHO LEVEL 1|DEVELOP PHOTORESIST|INSPECT PATTERN LEVEL 1|HARD BAKE|OXIDE ETCH DRY|STRIP RESIST|CLEAN AFTER OXIDE ETCH|IMPLANT P BODY|DRIVE IN DIFFUSION|RAPID THERMAL ANNEAL|THERMAL OXIDATION|SPIN COAT PHOTORESIST|SOFT BAKE|DEVELOP PHOTORESIST|P BODY WINDOW INSPECTION|ETCH SILICON OR OXIDE WINDOW|STRIP RESIST|CLEAN AFTER WINDOW ETCH|MEASURE WINDOW CD|IMPLANT N BUFFER|RAPID THERMAL ANNEAL|MEASURE SHEET RESISTANCE|DEPOSIT FIELD OXIDE|DENSIFY OXIDE|SPIN COAT PHOTORESIST|SOFT BAKE|ALIGN MASK LEVEL 3|EXPOSE LITHO LEVEL 3|DEVELOP PHOTORESIST|FIELD PATTERN INSPECTION|FIELD OXIDE ETCH|STRIP PHOTORESIST|CLEAN AFTER FIELD ETCH|MEASURE SURFACE UNIFORMITY|IMPLANT SOURCE REGION|IMPLANT DRAIN / CATHODE REGION|PRE ANNEAL CHECK|RAPID THERMAL ANNEAL|MEASURE SHEET RESISTANCE|DEPOSIT GATE OXIDE OR DIELECTRIC|ANNEAL DIELECTRIC|MEASURE OXIDE QUALITY|DEPOSIT POLYSILICON|POLYSILICON ANNEAL|MEASURE POLY THICKNESS|SPIN COAT PHOTORESIST|SOFT BAKE|ALIGN MASK LEVEL 4|EXPOSE LITHO LEVEL 4|POST EXPOSE BAKE|DEVELOP PHOTORESIST|POLY PATTERN INSPECTION|POLYSILICON ETCH DRY|STRIP RESIST|CLEAN AFTER POLY ETCH|IMPLANT CHANNEL STOP|RAPID THERMAL ANNEAL|MEASURE DEVICE PARAMETER|DEPOSIT INTERLAYER DIELECTRIC|DENSIFY DIELECTRIC|MEASURE FILM THICKNESS|CMP DIELECTRIC|MEASURE PLANARITY|SPIN COAT PHOTORESIST|SOFT BAKE|ALIGN MASK LEVEL 5|EXPOSE LITHO LEVEL 5|DEVELOP PHOTORESIST|VIA OPENING INSPECTION|HARD BAKE|VIA ETCH|STRIP RESIST|CLEAN AFTER VIA ETCH|DEPOSIT BARRIER METAL|DEPOSIT METAL SEED|FILL VIA METAL|CMP METAL|MEASURE CONTACT RESISTANCE|DEPOSIT TOP METAL|ANNEAL METAL|MEASURE METAL THICKNESS|SPIN COAT PHOTORESIST|SOFT BAKE|ALIGN MASK LEVEL 6|EXPOSE LITHO LEVEL 6|DEVELOP PHOTORESIST|METAL PATTERN INSPECTION|METAL ETCH DRY|STRIP RESIST|CLEAN AFTER METAL ETCH|MEASURE LINE WIDTH|DEPOSIT PASSIVATION LAYER|CURE PASSIVATION|MEASURE PASSIVATION THICKNESS|OPEN PAD WINDOW|OPEN PAD WINDOW LITHO|DEVELOP PHOTORESIST|PASSIVATION ETCH PAD OPENING|STRIP PHOTORESIST|CLEAN PAD OPENING|MEASURE PAD OPENING|BACKSIDE GRIND|MEASURE WAFER THICKNESS|BACKSIDE ETCH CLEAN|BACKSIDE RINSE|BACKSIDE DRY|BACKSIDE METALLIZATION PREP|DEPOSIT BACKSIDE METAL|BACKSIDE ANNEAL|MEASURE BACKSIDE CONTACT|FINAL CLEAN|FINAL THICKNESS MEASURE|FINAL GEOMETRY CHECK|PARAMETRIC TEST|LEAKAGE TEST|BREAKDOWN VOLTAGE TEST|SWITCHING TEST|WAFER SORT TEST|YIELD ANALYSIS|LOT RELEASE|SHIP LOT,RULE_LITHO_LEVEL_SKIP
anomaly_0742,IGBT,RECEIVE WAFER LOT|LOT IDENTIFICATION|INITIAL WAFER INSPECTION|MEASURE SURFACE PARTICLES|PRE CLEAN WAFER|BACKSIDE CLEAN|FRONTSIDE CLEAN|RCA CLEAN 1|WET CLEAN RCA2|HF DIP|EPITAXIAL WAFER CHECK|MEASURE EPITAXY THICKNESS|MEASURE RESISTIVITY|EPITAXIAL REWORK CHECK|EPITAXIAL LAYER PREP|THERMAL OXIDATION|MEASURE OXIDE THICKNESS|SPIN COAT PHOTORESIST|SOFT BAKE|ALIGN MASK LEVEL 1|EXPOSE LITHO LEVEL 1|DEVELOP PHOTORESIST|INSPECT PATTERN LEVEL 1|HARD BAKE|OXIDE ETCH DRY|STRIP RESIST|CLEAN AFTER OXIDE ETCH|MEASURE OPENING CD|IMPLANT P BODY|DRIVE IN DIFFUSION|RAPID THERMAL ANNEAL|THERMAL OXIDATION|SPIN COAT PHOTORESIST|SOFT BAKE|ALIGN MASK LEVEL 2|EXPOSE LITHO LEVEL 2|POST EXPOSE BAKE|DEVELOP PHOTORESIST|P BODY WINDOW INSPECTION|HARD BAKE|ETCH SILICON OR OXIDE WINDOW|STRIP RESIST|CLEAN AFTER WINDOW ETCH|MEASURE WINDOW CD|IMPLANT N BUFFER|PRE ANNEAL CHECK|RAPID THERMAL ANNEAL|DEPOSIT FIELD OXIDE|DENSIFY OXIDE|SPIN COAT PHOTORESIST|SOFT BAKE|ALIGN MASK LEVEL 3|EXPOSE LITHO LEVEL 3|POST EXPOSE BAKE|DEVELOP PHOTORESIST|FIELD PATTERN INSPECTION|FIELD OXIDE ETCH|STRIP RESIST|CLEAN AFTER FIELD ETCH|IMPLANT SOURCE REGION|IMPLANT DRAIN / CATHODE REGION|PRE ANNEAL CHECK|RAPID THERMAL ANNEAL|MEASURE SHEET RESISTANCE|DEPOSIT GATE OXIDE OR DIELECTRIC|ANNEAL DIELECTRIC|MEASURE OXIDE QUALITY|DEPOSIT POLYSILICON|POLYSILICON ANNEAL|SPIN COAT PHOTORESIST|SOFT BAKE|ALIGN MASK LEVEL 4|EXPOSE LITHO LEVEL 4|DEVELOP PHOTORESIST|POLY PATTERN INSPECTION|POLYSILICON ETCH DRY|STRIP RESIST|CLEAN AFTER POLY ETCH|IMPLANT CHANNEL STOP|RAPID THERMAL ANNEAL|MEASURE DEVICE PARAMETER|DEPOSIT INTERLAYER DIELECTRIC|DENSIFY OXIDE|MEASURE DIELECTRIC THICKNESS|CMP DIELECTRIC|MEASURE SURFACE PLANARITY|SPIN COAT PHOTORESIST|SOFT BAKE|ALIGN MASK LEVEL 5|EXPOSE LITHO LEVEL 5|POST EXPOSE BAKE|DEVELOP PHOTORESIST|VIA OPENING INSPECTION|DIELECTRIC ETCH VIA|STRIP PHOTORESIST|CLEAN AFTER VIA ETCH|DEPOSIT BARRIER METAL|DEPOSIT METAL SEED|FILL VIA METAL|CMP METAL|MEASURE CONTACT RESISTANCE|DEPOSIT METAL 1|ANNEAL METAL|SPIN COAT PHOTORESIST|SOFT BAKE|ALIGN MASK LEVEL 6|EXPOSE LITHO LEVEL 6|DEVELOP PHOTORESIST|METAL PATTERN INSPECTION|HARD BAKE|METAL ETCH DRY|STRIP RESIST|CLEAN AFTER METAL ETCH|MEASURE LINE WIDTH|DEPOSIT PASSIVATION LAYER|LEAKAGE TEST|CURE PASSIVATION|MEASURE PASSIVATION QUALITY|OPEN BOND PAD WINDOW|PAD WINDOW LITHO|DEVELOP PHOTORESIST|PASSIVATION ETCH PAD OPENING|STRIP RESIST|CLEAN PAD OPENING|MEASURE PAD OPENING|BACKSIDE GRIND|MEASURE THICKNESS|BACKSIDE ETCH CLEAN|BACKSIDE RINSE|BACKSIDE DRY|BACKSIDE METALLIZATION PREP|DEPOSIT BACKSIDE METAL|BACKSIDE ANNEAL|MEASURE BACKSIDE CONTACT|FINAL CLEAN|FINAL THICKNESS MEASURE|FINAL GEOMETRY CHECK|PARAMETRIC TEST|BREAKDOWN VOLTAGE TEST|SWITCHING TEST|YIELD ANALYSIS|WAFER SORT TEST|FINAL LOT RELEASE|SHIP LOT,RULE_TEST_BEFORE_PASSIVATION
anomaly_0286,IC,RECEIVE WAFER LOT|LOT IDENTIFICATION|INITIAL WAFER INSPECTION|MEASURE INITIAL GEOMETRY|MEASURE SURFACE PARTICLES|WAFER CLEAN PRE PROCESS|BACKSIDE CLEAN|RCA CLEAN 1|WET CLEAN RCA2|HF DIP|WAFER CLEAN PRE-GRIND|GRINDING WAFER BACKSIDE|MEASURE INITIAL GEOMETRY|ETCH WET BACKSIDE|RINSE WET WAFER_EDGE|DRY WAFER BACKSIDE|BACKSIDE CLEAN|MEASURE BACKSIDE ROUGHNESS|THERMAL OXIDATION|MEASURE OXIDE THICKNESS|WET CLEAN RCA1|RCA CLEAN 2|HF DIP|OXIDE STRIP|SURFACE PREP FOR DEPOSITION|DEPOSIT PAD OXIDE|ANNEAL OXIDE|MEASURE OXIDE THICKNESS|SPIN COAT PHOTORESIST|SOFT BAKE|ALIGN MASK LEVEL 1|EXPOSE LITHO LEVEL 1|DEVELOP PHOTORESIST|INSPECT PATTERN LEVEL 1|HARD BAKE|OXIDE ETCH DRY|STRIP RESIST|CLEAN AFTER ETCH|MEASURE CD LEVEL 1|DEPOSIT POLYSILICON|ANNEAL POLYSILICON|SPIN COAT PHOTORESIST|SOFT BAKE|ALIGN MASK LEVEL 2|EXPOSE LITHO LEVEL 2|DEVELOP PHOTORESIST|PATTERN INSPECTION LEVEL 2|POLYSILICON ETCH DRY|STRIP RESIST|CLEAN AFTER POLY ETCH|MEASURE CD LEVEL 2|IMPLANT N-TYPE|RAPID THERMAL ANNEAL|MEASURE SHEET RESISTANCE|DEPOSIT INTERLEVEL DIELECTRIC|DENSIFY DIELECTRIC|MEASURE DIELECTRIC THICKNESS|CMP INTERLAYER DIELECTRIC|MEASURE SURFACE PLANARITY|SPIN COAT PHOTORESIST|SOFT BAKE|ALIGN MASK LEVEL 3|EXPOSE LITHO LEVEL 3|POST EXPOSE BAKE|DEVELOP PHOTORESIST|VIA INSPECTION|VIA ETCH|STRIP PHOTORESIST|CLEAN AFTER VIA ETCH|MEASURE VIA CD|DEPOSIT BARRIER METAL|DEPOSIT TUNGSTEN SEED|FILL VIA TUNGSTEN|CMP VIA FILL|DEPOSIT TOP METAL|ANNEAL METAL|SPIN COAT PHOTORESIST|SOFT BAKE|ALIGN MASK LEVEL 4|DEVELOP PHOTORESIST|METAL PATTERN INSPECTION|METAL ETCH DRY|STRIP RESIST|CLEAN AFTER METAL ETCH|MEASURE LINE WIDTH|DEPOSIT PASSIVATION|CURE PASSIVATION|MEASURE PASSIVATION QUALITY|OPEN BOND PAD WINDOW|PAD WINDOW LITHO|DEVELOP PHOTORESIST|PASSIVATION ETCH|STRIP RESIST|CLEAN PAD OPENING|MEASURE PAD OPENING|BACKSIDE THINNING CHECK|BACKSIDE CLEAN|DEPOSIT BACKSIDE PROTECTION|BACKSIDE ANNEAL|FRONTSIDE CLEAN FINAL|FINAL CLEAN|FINAL THICKNESS MEASURE|FINAL GEOMETRY CHECK|FINAL OXIDE CHECK|FINAL CD INSPECTION|FINAL PARTICLE INSPECTION|FINAL ELECTRICAL TEST PREP|PARAMETRIC TEST|LEAKAGE TEST|THRESHOLD VOLTAGE TEST|SWITCHING TEST|WAFER SORT TEST|YIELD ANALYSIS|LOT RELEASE|PACKAGE PREPARATION|SHIP LOT,RULE_METAL_ETCH_NO_LITHO
anomaly_0527,MOSFET,RECEIVE WAFER LOT|LOT IDENTIFICATION|PRE CLEAN INSPECTION|MEASURE THICKNESS|MEASURE SURFACE PARTICLES|PRE CLEAN WAFER|WET CLEAN RCA1|WET CLEAN RCA2|HF DIP|SUBSTRATE CHECK|EPITAXY PREP|EPITAXIAL DEPOSITION|MEASURE EPITAXY THICKNESS|MEASURE RESISTIVITY|EPITAXY ANNEAL|WAFER SURFACE CLEAN|THERMAL OXIDATION|MEASURE OXIDE THICKNESS|SPIN COAT PHOTORESIST|SOFT BAKE|ALIGN MASK LEVEL 1|EXPOSE LITHO LEVEL 1|DEVELOP PHOTORESIST|PATTERN INSPECTION LEVEL 1|OXIDE ETCH|STRIP RESIST|MEASURE OPENING CD|IMPLANT WELL|PRE ANNEAL CHECK|DRIVE IN DIFFUSION|MEASURE JUNCTION DEPTH|MEASURE GATE OXIDE THICKNESS|DEPOSIT POLYSILICON|POLYSILICON ANNEAL|MEASURE POLY THICKNESS|SPIN COAT PHOTORESIST|SOFT BAKE|ALIGN MASK LEVEL 2|EXPOSE LITHO LEVEL 2|POST EXPOSE BAKE|DEVELOP PHOTORESIST|POLY PATTERN INSPECTION|POLYSILICON ETCH|STRIP RESIST|CLEAN AFTER POLY ETCH|IMPLANT SOURCE DRAIN|PRE ANNEAL CHECK|LIGHT ANNEAL|DEPOSIT SPACER DIELECTRIC|ANISOTROPIC ETCH SPACER|MEASURE SPACER WIDTH|IMPLANT LDD|PRE ANNEAL CHECK|RAPID THERMAL ANNEAL|DEPOSIT INTERLEVEL DIELECTRIC|DENSIFY OXIDE|MEASURE FILM THICKNESS|CMP INTERLAYER DIELECTRIC|MEASURE PLANARITY|SPIN COAT PHOTORESIST|SOFT BAKE|ALIGN MASK LEVEL 3|EXPOSE LITHO LEVEL 3|POST EXPOSE BAKE|DEVELOP PHOTORESIST|VIA OPENING INSPECTION|VIA ETCH THROUGH DIELECTRIC|STRIP PHOTORESIST|CLEAN AFTER VIA ETCH|DEPOSIT BARRIER METAL|DEPOSIT METAL SEED|FILL VIA METAL|CMP METAL|MEASURE CONTACT RESISTANCE|DEPOSIT TOP METAL|ANNEAL METAL|SPIN COAT PHOTORESIST|SOFT BAKE|ALIGN MASK LEVEL 4|EXPOSE LITHO LEVEL 4|DEVELOP PHOTORESIST|METAL PATTERN INSPECTION|METAL ETCH|STRIP PHOTORESIST|CLEAN AFTER METAL ETCH|MEASURE LINE WIDTH|DEPOSIT PASSIVATION|CURE PASSIVATION|MEASURE PASSIVATION QUALITY|OPEN BOND PAD WINDOW|PAD WINDOW LITHO|DEVELOP PHOTORESIST|PASSIVATION ETCH|STRIP PHOTORESIST|CLEAN PAD OPENING|MEASURE PAD OPENING|BACKSIDE CLEAN|BACKSIDE GRIND|MEASURE WAFER THICKNESS|BACKSIDE ETCH CLEAN|BACKSIDE RINSE|BACKSIDE DRY|BACKSIDE METALLIZATION PREP|DEPOSIT BACKSIDE METAL|BACKSIDE ANNEAL|MEASURE BACKSIDE CONTACT|FINAL CLEAN|FINAL GEOMETRY CHECK|FINAL CD INSPECTION|FINAL PARTICLE INSPECTION|ELECTRICAL PARAMETRIC TEST|LEAKAGE TEST|THRESHOLD VOLTAGE TEST|SWITCHING TEST|WAFER SORT TEST|YIELD ANALYSIS|FINAL LOT RELEASE|SHIP LOT,RULE_DEP_NO_CLEAN
anomaly_0860,IC,RECEIVE WAFER LOT|LOT IDENTIFICATION|PRE CLEAN INSPECTION|MEASURE SURFACE DEFECTS|WAFER CLEAN PRE PROCESS|RCA CLEAN 1|WET CLEAN RCA2|HF DIP|DRY WAFER|WAFER CLEAN PRE-GRIND|GRINDING WAFER BACKSIDE|MEASURE INITIAL GEOMETRY|ETCH WET BACKSIDE|RINSE WET WAFER_EDGE|DRY WAFER BACKSIDE|BACKSIDE CLEAN|MEASURE BACKSIDE ROUGHNESS|THERMAL OXIDATION|MEASURE OXIDE THICKNESS|RCA CLEAN 1|RCA CLEAN 2|HF DIP|OXIDE STRIP|SURFACE PREP FOR DEPOSITION|DEPOSIT PAD OXIDE|ANNEAL OXIDE|MEASURE OXIDE THICKNESS|SPIN COAT PHOTORESIST|SOFT BAKE|ALIGN MASK LEVEL 1|EXPOSE LITHO LEVEL 1|POST EXPOSE BAKE|DEVELOP PHOTORESIST|INSPECT PATTERN LEVEL 1|HARD BAKE|OXIDE ETCH DRY|STRIP RESIST|CLEAN AFTER ETCH|DEPOSIT POLYSILICON|ANNEAL POLYSILICON|SPIN COAT PHOTORESIST|SOFT BAKE|ALIGN MASK LEVEL 2|EXPOSE LITHO LEVEL 2|DEVELOP PHOTORESIST|PATTERN INSPECTION LEVEL 2|HARD BAKE|POLYSILICON ETCH DRY|STRIP RESIST|CLEAN AFTER POLY ETCH|MEASURE CD LEVEL 2|IMPLANT N-TYPE|PRE ANNEAL CHECK|RAPID THERMAL ANNEAL|DEPOSIT INTERLEVEL DIELECTRIC|DENSIFY OXIDE|MEASURE DIELECTRIC THICKNESS|CMP INTERLAYER DIELECTRIC|MEASURE PLANARITY|SPIN COAT PHOTORESIST|SOFT BAKE|POST EXPOSE BAKE|DEVELOP PHOTORESIST|VIA OPENING INSPECTION|DIELECTRIC ETCH VIA|STRIP PHOTORESIST|CLEAN AFTER VIA ETCH|MEASURE VIA CD|DEPOSIT BARRIER METAL|DEPOSIT TUNGSTEN SEED|FILL VIA TUNGSTEN|CMP METAL|DEPOSIT METAL 1|ANNEAL METAL 1|MEASURE METAL THICKNESS|SPIN COAT PHOTORESIST|SOFT BAKE|ALIGN MASK LEVEL 4|EXPOSE LITHO LEVEL 4|DEVELOP PHOTORESIST|METAL PATTERN INSPECTION|METAL ETCH DRY|STRIP RESIST|CLEAN AFTER METAL ETCH|MEASURE LINE WIDTH|DEPOSIT PASSIVATION LAYER|CURE PASSIVATION|MEASURE PASSIVATION THICKNESS|OPEN BOND PAD WINDOW|OPEN PAD WINDOW LITHO|DEVELOP PAD WINDOW|PASSIVATION ETCH|STRIP PHOTORESIST|CLEAN PAD OPENING|MEASURE PAD OPENING|BACKSIDE THINNING CHECK|BACKSIDE CLEAN|DEPOSIT BACKSIDE PROTECTION|BACKSIDE ANNEAL|FINAL CLEAN|FINAL THICKNESS MEASURE|FINAL GEOMETRY CHECK|FINAL PARTICLE INSPECTION|PARAMETRIC TEST|LEAKAGE TEST|THRESHOLD VOLTAGE TEST|SWITCHING TEST|WAFER SORT TEST|YIELD ANALYSIS|LOT RELEASE|SHIP LOT,RULE_LITHO_LEVEL_SKIP
anomaly_0008,MOSFET,RECEIVE WAFER LOT|LOT IDENTIFICATION|INITIAL WAFER INSPECTION|MEASURE SURFACE PARTICLES|PRE CLEAN WAFER|WET CLEAN RCA1|WET CLEAN RCA2|HF DIP|DRY WAFER|SUBSTRATE CHECK|EPITAXY PREP|EPITAXIAL DEPOSITION|MEASURE EPITAXY THICKNESS|MEASURE RESISTIVITY|EPITAXY ANNEAL|WAFER SURFACE CLEAN|THERMAL OXIDATION|MEASURE OXIDE THICKNESS|SPIN COAT PHOTORESIST|SOFT BAKE|ALIGN MASK LEVEL 1|EXPOSE LITHO LEVEL 1|POST EXPOSE BAKE|DEVELOP PHOTORESIST|PATTERN INSPECTION LEVEL 1|OXIDE ETCH|STRIP PHOTORESIST|CLEAN AFTER ETCH|IMPLANT WELL|PRE ANNEAL CHECK|DRIVE IN DIFFUSION|RAPID THERMAL ANNEAL|MEASURE JUNCTION DEPTH|THERMAL OXIDATION|GATE OXIDE PREP|GATE OXIDE GROWTH|MEASURE GATE OXIDE THICKNESS|DEPOSIT POLYSILICON|POLYSILICON ANNEAL|MEASURE POLY THICKNESS|SPIN COAT PHOTORESIST|SOFT BAKE|ALIGN MASK LEVEL 2|EXPOSE LITHO LEVEL 2|POST EXPOSE BAKE|DEVELOP PHOTORESIST|POLY PATTERN INSPECTION|HARD BAKE|POLYSILICON ETCH|STRIP PHOTORESIST|CLEAN AFTER POLY ETCH|IMPLANT SOURCE DRAIN|LIGHT ANNEAL|MEASURE SHEET RESISTANCE|DEPOSIT SPACER DIELECTRIC|ANISOTROPIC ETCH SPACER|IMPLANT LDD|PRE ANNEAL CHECK|RAPID THERMAL ANNEAL|MEASURE JUNCTION PROFILE|DEPOSIT INTERLEVEL DIELECTRIC|DENSIFY OXIDE|MEASURE FILM THICKNESS|CMP DIELECTRIC|MEASURE SURFACE PLANARITY|SPIN COAT PHOTORESIST|SOFT BAKE|ALIGN MASK LEVEL 3|EXPOSE LITHO LEVEL 3|POST EXPOSE BAKE|DEVELOP PHOTORESIST|VIA OPENING INSPECTION|VIA ETCH THROUGH DIELECTRIC|STRIP PHOTORESIST|CLEAN AFTER VIA ETCH|MEASURE VIA CD|DEPOSIT BARRIER METAL|DEPOSIT METAL SEED|FILL VIA METAL|CMP VIA FILL|MEASURE CONTACT RESISTANCE|DEPOSIT TOP METAL|ANNEAL METAL|MEASURE METAL THICKNESS|SPIN COAT PHOTORESIST|SOFT BAKE|ALIGN MASK LEVEL 4|EXPOSE LITHO LEVEL 4|DEVELOP PHOTORESIST|METAL PATTERN INSPECTION|METAL ETCH|STRIP PHOTORESIST|CLEAN AFTER METAL ETCH|DEPOSIT PASSIVATION|CURE PASSIVATION|MEASURE PASSIVATION QUALITY|OPEN BOND PAD WINDOW|OPEN PAD WINDOW LITHO|DEVELOP PAD WINDOW|PASSIVATION ETCH PAD OPENING|STRIP PHOTORESIST|CLEAN PAD OPENING|MEASURE PAD OPENING|BACKSIDE CLEAN|BACKSIDE GRIND|MEASURE THICKNESS|BACKSIDE ETCH CLEAN|BACKSIDE RINSE|BACKSIDE DRY|BACKSIDE METALLIZATION PREP|DEPOSIT BACKSIDE METAL|BACKSIDE ANNEAL|MEASURE BACKSIDE CONTACT|FINAL CLEAN|FINAL THICKNESS MEASURE|FINAL GEOMETRY CHECK|FINAL CD INSPECTION|FINAL PARTICLE INSPECTION|PARAMETRIC TEST|LEAKAGE TEST|THRESHOLD VOLTAGE TEST|SWITCHING TEST|SHIP LOT|YIELD ANALYSIS|FINAL LOT RELEASE|WAFER SORT TEST,RULE_SHIP_BEFORE_TEST
anomaly_0022,MOSFET,RECEIVE WAFER LOT|LOT IDENTIFICATION|PRE CLEAN INSPECTION|MEASURE THICKNESS|MEASURE SURFACE PARTICLES|PRE CLEAN WAFER|BACKSIDE CLEAN|FRONTSIDE CLEAN|RCA CLEAN 1|WET CLEAN RCA2|HF DIP|SUBSTRATE CHECK|EPITAXY PREP|EPITAXIAL DEPOSITION|MEASURE EPITAXY THICKNESS|MEASURE RESISTIVITY|EPITAXY ANNEAL|WAFER SURFACE CLEAN|THERMAL OXIDATION|MEASURE OXIDE THICKNESS|SPIN COAT PHOTORESIST|SOFT BAKE|ALIGN MASK LEVEL 1|EXPOSE LITHO LEVEL 1|DEVELOP PHOTORESIST|PATTERN INSPECTION LEVEL 1|HARD BAKE|OXIDE ETCH|STRIP PHOTORESIST|CLEAN AFTER ETCH|MEASURE OPENING CD|IMPLANT WELL|PRE ANNEAL CHECK|DRIVE IN DIFFUSION|RAPID THERMAL ANNEAL|THERMAL OXIDATION|GATE OXIDE PREP|GATE OXIDE GROWTH|MEASURE GATE OXIDE THICKNESS|DEPOSIT POLYSILICON|POLYSILICON ANNEAL|MEASURE POLY THICKNESS|SPIN COAT PHOTORESIST|SOFT BAKE|ALIGN MASK LEVEL 2|EXPOSE LITHO LEVEL 2|POST EXPOSE BAKE|DEVELOP PHOTORESIST|POLY PATTERN INSPECTION|HARD BAKE|POLYSILICON ETCH|STRIP PHOTORESIST|MEASURE GATE CD|IMPLANT SOURCE DRAIN|LIGHT ANNEAL|DEPOSIT SPACER DIELECTRIC|ANISOTROPIC ETCH SPACER|IMPLANT LDD|PRE ANNEAL CHECK|RAPID THERMAL ANNEAL|MEASURE JUNCTION PROFILE|DEPOSIT INTERLEVEL DIELECTRIC|DENSIFY DIELECTRIC|MEASURE FILM THICKNESS|CMP INTERLAYER DIELECTRIC|MEASURE SURFACE PLANARITY|SPIN COAT PHOTORESIST|SOFT BAKE|ALIGN MASK LEVEL 3|EXPOSE LITHO LEVEL 3|DEVELOP PHOTORESIST|VIA OPENING INSPECTION|HARD BAKE|VIA ETCH THROUGH DIELECTRIC|STRIP RESIST|CLEAN AFTER VIA ETCH|MEASURE VIA CD|DEPOSIT BARRIER METAL|DEPOSIT METAL SEED|FILL VIA METAL|CMP VIA FILL|DEPOSIT METAL 1|ANNEAL METAL 1|SPIN COAT PHOTORESIST|SOFT BAKE|ALIGN MASK LEVEL 4|EXPOSE LITHO LEVEL 4|DEVELOP PHOTORESIST|METAL PATTERN INSPECTION|HARD BAKE|METAL ETCH|STRIP PHOTORESIST|CLEAN AFTER METAL ETCH|MEASURE LINE WIDTH|DEPOSIT PASSIVATION|CURE PASSIVATION|MEASURE PASSIVATION QUALITY|OPEN BOND PAD WINDOW|PAD WINDOW LITHO|DEVELOP PHOTORESIST|PASSIVATION ETCH PAD OPENING|STRIP PHOTORESIST|CLEAN PAD OPENING|MEASURE PAD OPENING|BACKSIDE CLEAN|BACKSIDE GRIND|MEASURE THICKNESS|BACKSIDE ETCH CLEAN|BACKSIDE RINSE|BACKSIDE DRY|BACKSIDE METALLIZATION PREP|DEPOSIT BACKSIDE METAL|BACKSIDE ANNEAL|MEASURE BACKSIDE CONTACT|FINAL CLEAN|FINAL GEOMETRY CHECK|FINAL CD INSPECTION|FINAL PARTICLE INSPECTION|PARAMETRIC TEST|LEAKAGE TEST|THRESHOLD VOLTAGE TEST|SWITCHING TEST|WAFER SORT TEST|YIELD ANALYSIS|LOT RELEASE|SHIP LOT,RULE_DEP_NO_CLEAN
anomaly_0347,MOSFET,RECEIVE WAFER LOT|LOT IDENTIFICATION|PRE CLEAN INSPECTION|MEASURE THICKNESS|PRE CLEAN WAFER|BACKSIDE CLEAN|WET CLEAN RCA1|WET CLEAN RCA2|HF DIP|SUBSTRATE CHECK|EPITAXY PREP|EPITAXIAL DEPOSITION|MEASURE EPITAXY THICKNESS|MEASURE RESISTIVITY|EPITAXY ANNEAL|WAFER SURFACE CLEAN|THERMAL OXIDATION|MEASURE OXIDE THICKNESS|SPIN COAT PHOTORESIST|SOFT BAKE|ALIGN MASK LEVEL 1|EXPOSE LITHO LEVEL 1|DEVELOP PHOTORESIST|PATTERN INSPECTION LEVEL 1|HARD BAKE|OXIDE ETCH|STRIP PHOTORESIST|CLEAN AFTER ETCH|IMPLANT WELL|PRE ANNEAL CHECK|DRIVE IN DIFFUSION|RAPID THERMAL ANNEAL|MEASURE JUNCTION DEPTH|THERMAL OXIDATION|GATE OXIDE PREP|GATE OXIDE GROWTH|MEASURE GATE OXIDE THICKNESS|DEPOSIT POLYSILICON|POLYSILICON ANNEAL|MEASURE POLY THICKNESS|SPIN COAT PHOTORESIST|SOFT BAKE|ALIGN MASK LEVEL 2|EXPOSE LITHO LEVEL 2|DEVELOP PHOTORESIST|POLY PATTERN INSPECTION|POLYSILICON ETCH|STRIP RESIST|CLEAN AFTER POLY ETCH|IMPLANT SOURCE DRAIN|PRE ANNEAL CHECK|LIGHT ANNEAL|MEASURE SHEET RESISTANCE|DEPOSIT SPACER DIELECTRIC|ANISOTROPIC ETCH SPACER|MEASURE SPACER WIDTH|IMPLANT LDD|PRE ANNEAL CHECK|RAPID THERMAL ANNEAL|MEASURE JUNCTION PROFILE|DEPOSIT INTERLAYER DIELECTRIC|DENSIFY OXIDE|MEASURE DIELECTRIC THICKNESS|CMP DIELECTRIC|MEASURE SURFACE PLANARITY|SPIN COAT PHOTORESIST|SOFT BAKE|ALIGN MASK LEVEL 3|EXPOSE LITHO LEVEL 3|DEVELOP PHOTORESIST|VIA INSPECTION|HARD BAKE|VIA ETCH|STRIP RESIST|CLEAN AFTER VIA ETCH|MEASURE VIA CD|CMP METAL|MEASURE VIA RESISTANCE|DEPOSIT METAL 1|ANNEAL METAL|SPIN COAT PHOTORESIST|SOFT BAKE|ALIGN MASK LEVEL 4|EXPOSE LITHO LEVEL 4|DEVELOP PHOTORESIST|METAL PATTERN INSPECTION|HARD BAKE|METAL ETCH|STRIP PHOTORESIST|CLEAN AFTER METAL ETCH|MEASURE LINE WIDTH|DEPOSIT PASSIVATION LAYER|CURE PASSIVATION|MEASURE PASSIVATION THICKNESS|OPEN BOND PAD WINDOW|OPEN PAD WINDOW LITHO|DEVELOP PHOTORESIST|PASSIVATION ETCH|STRIP PHOTORESIST|CLEAN PAD OPENING|MEASURE PAD OPENING|BACKSIDE CLEAN|BACKSIDE GRIND|MEASURE WAFER THICKNESS|BACKSIDE ETCH CLEAN|BACKSIDE RINSE|BACKSIDE DRY|BACKSIDE METALLIZATION PREP|DEPOSIT BACKSIDE METAL|BACKSIDE ANNEAL|MEASURE BACKSIDE CONTACT|FINAL CLEAN|FINAL THICKNESS MEASURE|FINAL GEOMETRY CHECK|FINAL PARTICLE INSPECTION|PARAMETRIC TEST|LEAKAGE TEST|THRESHOLD VOLTAGE TEST|SWITCHING TEST|WAFER SORT TEST|YIELD ANALYSIS|LOT RELEASE|SHIP LOT,RULE_CMP_NO_DEP
anomaly_0124,MOSFET,RECEIVE WAFER LOT|LOT IDENTIFICATION|INITIAL WAFER INSPECTION|MEASURE THICKNESS|MEASURE SURFACE PARTICLES|PRE CLEAN WAFER|FRONTSIDE CLEAN|RCA CLEAN 1|RCA CLEAN 2|HF DIP|SUBSTRATE CHECK|EPITAXY PREP|EPITAXIAL DEPOSITION|MEASURE EPITAXY THICKNESS|MEASURE RESISTIVITY|EPITAXY ANNEAL|WAFER SURFACE CLEAN|THERMAL OXIDATION|MEASURE OXIDE THICKNESS|SPIN COAT PHOTORESIST|SOFT BAKE|ALIGN MASK LEVEL 1|EXPOSE LITHO LEVEL 1|POST EXPOSE BAKE|DEVELOP PHOTORESIST|PATTERN INSPECTION LEVEL 1|OXIDE ETCH|STRIP PHOTORESIST|CLEAN AFTER ETCH|MEASURE OPENING CD|IMPLANT WELL|PRE ANNEAL CHECK|DRIVE IN DIFFUSION|RAPID THERMAL ANNEAL|THERMAL OXIDATION|GATE OXIDE PREP|GATE OXIDE GROWTH|MEASURE GATE OXIDE THICKNESS|DEPOSIT POLYSILICON|POLYSILICON ANNEAL|MEASURE POLY THICKNESS|SPIN COAT PHOTORESIST|SOFT BAKE|DEVELOP PHOTORESIST|POLY PATTERN INSPECTION|POLYSILICON ETCH|STRIP PHOTORESIST|CLEAN AFTER POLY ETCH|MEASURE GATE CD|IMPLANT SOURCE DRAIN|LIGHT ANNEAL|MEASURE SHEET RESISTANCE|DEPOSIT SPACER DIELECTRIC|ANISOTROPIC ETCH SPACER|MEASURE SPACER WIDTH|IMPLANT LDD|PRE ANNEAL CHECK|RAPID THERMAL ANNEAL|DEPOSIT INTERLEVEL DIELECTRIC|DENSIFY DIELECTRIC|MEASURE DIELECTRIC THICKNESS|CMP DIELECTRIC|MEASURE PLANARITY|SPIN COAT PHOTORESIST|SOFT BAKE|ALIGN MASK LEVEL 3|EXPOSE LITHO LEVEL 3|POST EXPOSE BAKE|DEVELOP PHOTORESIST|VIA INSPECTION|HARD BAKE|VIA ETCH|STRIP PHOTORESIST|CLEAN AFTER VIA ETCH|MEASURE VIA CD|DEPOSIT BARRIER METAL|DEPOSIT METAL SEED|FILL VIA METAL|CMP VIA FILL|MEASURE CONTACT RESISTANCE|DEPOSIT METAL 1|ANNEAL METAL 1|MEASURE METAL THICKNESS|SPIN COAT PHOTORESIST|SOFT BAKE|ALIGN MASK LEVEL 4|EXPOSE LITHO LEVEL 4|DEVELOP PHOTORESIST|METAL PATTERN INSPECTION|HARD BAKE|METAL ETCH|STRIP RESIST|CLEAN AFTER METAL ETCH|MEASURE LINE WIDTH|DEPOSIT PASSIVATION|CURE PASSIVATION|MEASURE PASSIVATION QUALITY|OPEN PAD WINDOW|OPEN PAD WINDOW LITHO|DEVELOP PHOTORESIST|PASSIVATION ETCH|STRIP RESIST|CLEAN PAD OPENING|MEASURE PAD OPENING|BACKSIDE CLEAN|BACKSIDE GRIND|MEASURE WAFER THICKNESS|BACKSIDE ETCH CLEAN|BACKSIDE RINSE|BACKSIDE DRY|BACKSIDE METALLIZATION PREP|DEPOSIT BACKSIDE METAL|BACKSIDE ANNEAL|MEASURE BACKSIDE CONTACT|FINAL CLEAN|FINAL THICKNESS MEASURE|FINAL GEOMETRY CHECK|FINAL PARTICLE INSPECTION|PARAMETRIC TEST|LEAKAGE TEST|THRESHOLD VOLTAGE TEST|SWITCHING TEST|WAFER SORT TEST|YIELD ANALYSIS|LOT RELEASE|SHIP LOT,RULE_LITHO_LEVEL_SKIP
anomaly_0449,IC,RECEIVE WAFER LOT|LOT IDENTIFICATION|INITIAL WAFER INSPECTION|MEASURE INITIAL GEOMETRY|MEASURE SURFACE DEFECTS|WAFER CLEAN PRE PROCESS|BACKSIDE CLEAN|FRONTSIDE CLEAN|RCA CLEAN 1|WET CLEAN RCA2|HF DIP|DRY WAFER|WAFER CLEAN PRE-GRIND|GRINDING WAFER BACKSIDE|MEASURE GEOMETRY|ETCH WET BACKSIDE|RINSE WET WAFER_EDGE|DRY WAFER BACKSIDE|BACKSIDE CLEAN|MEASURE BACKSIDE ROUGHNESS|THERMAL OXIDATION|MEASURE OXIDE THICKNESS|WET CLEAN RCA1|RCA CLEAN 2|HF DIP|OXIDE STRIP|SURFACE PREP FOR DEPOSITION|DEPOSIT PAD OXIDE|ANNEAL OXIDE|MEASURE FILM THICKNESS|SPIN COAT PHOTORESIST|SOFT BAKE|ALIGN MASK LEVEL 1|EXPOSE LITHO LEVEL 1|POST EXPOSE BAKE|DEVELOP PHOTORESIST|INSPECT PATTERN LEVEL 1|HARD BAKE|OXIDE ETCH DRY|STRIP PHOTORESIST|CLEAN AFTER ETCH|MEASURE CD LEVEL 1|DEPOSIT POLYSILICON|ANNEAL POLYSILICON|SPIN COAT PHOTORESIST|SOFT BAKE|ALIGN MASK LEVEL 2|EXPOSE LITHO LEVEL 2|DEVELOP PHOTORESIST|PATTERN INSPECTION LEVEL 2|POLYSILICON ETCH DRY|STRIP RESIST LEVEL 2|CLEAN AFTER POLY ETCH|MEASURE CD LEVEL 2|IMPLANT N-TYPE|RAPID THERMAL ANNEAL|MEASURE SHEET RESISTANCE|DEPOSIT INTERLAYER DIELECTRIC|DENSIFY OXIDE|MEASURE DIELECTRIC THICKNESS|CMP INTERLAYER DIELECTRIC|MEASURE PLANARITY|SPIN COAT PHOTORESIST|SOFT BAKE|ALIGN MASK LEVEL 3|EXPOSE LITHO LEVEL 3|DEVELOP PHOTORESIST|VIA OPENING INSPECTION|HARD BAKE|VIA ETCH|STRIP PHOTORESIST|CLEAN AFTER VIA ETCH|MEASURE VIA CD|DEPOSIT BARRIER METAL|DEPOSIT TUNGSTEN SEED|FILL VIA TUNGSTEN|CMP METAL|MEASURE VIA RESISTANCE|DEPOSIT TOP METAL|ANNEAL METAL|MEASURE METAL THICKNESS|SPIN COAT PHOTORESIST|SOFT BAKE|ALIGN MASK LEVEL 4|EXPOSE LITHO LEVEL 4|DEVELOP PHOTORESIST|METAL PATTERN INSPECTION|METAL ETCH DRY|STRIP PHOTORESIST|CLEAN AFTER METAL ETCH|MEASURE LINE WIDTH|DEPOSIT PASSIVATION|CURE PASSIVATION|MEASURE PASSIVATION QUALITY|OPEN BOND PAD WINDOW|OPEN PAD WINDOW LITHO|DEVELOP PHOTORESIST|PASSIVATION ETCH|STRIP RESIST|CLEAN PAD OPENING|MEASURE PAD OPENING|BACKSIDE THINNING CHECK|BACKSIDE CLEAN|DEPOSIT BACKSIDE PROTECTION|BACKSIDE ANNEAL|FRONTSIDE CLEAN FINAL|FINAL CLEAN|FINAL THICKNESS MEASURE|FINAL GEOMETRY CHECK|FINAL OXIDE CHECK|FINAL ELECTRICAL TEST PREP|ELECTRICAL PARAMETRIC TEST|LEAKAGE TEST|THRESHOLD VOLTAGE TEST|SWITCHING TEST|SHIP LOT|YIELD ANALYSIS|FINAL LOT RELEASE|PACKAGE PREPARATION|WAFER SORT TEST,RULE_SHIP_BEFORE_TEST
anomaly_0775,IGBT,RECEIVE WAFER LOT|LOT IDENTIFICATION|PRE CLEAN INSPECTION|MEASURE INITIAL THICKNESS|MEASURE SURFACE PARTICLES|PRE CLEAN WAFER|BACKSIDE CLEAN|FRONTSIDE CLEAN|RCA CLEAN 1|WET CLEAN RCA2|HF DIP|DRY WAFER|EPITAXIAL WAFER CHECK|MEASURE EPITAXY THICKNESS|MEASURE RESISTIVITY|EPITAXIAL REWORK CHECK|EPITAXIAL LAYER PREP|THERMAL OXIDATION|MEASURE OXIDE THICKNESS|SPIN COAT PHOTORESIST|SOFT BAKE|ALIGN MASK LEVEL 1|EXPOSE LITHO LEVEL 1|INSPECT PATTERN LEVEL 1|STRIP PHOTORESIST|CLEAN AFTER OXIDE ETCH|MEASURE OPENING CD|IMPLANT P BODY|DRIVE IN DIFFUSION|RAPID THERMAL ANNEAL|MEASURE JUNCTION DEPTH|THERMAL OXIDATION|SPIN COAT PHOTORESIST|SOFT BAKE|ALIGN MASK LEVEL 2|EXPOSE LITHO LEVEL 2|DEVELOP PHOTORESIST|P BODY WINDOW INSPECTION|ETCH SILICON OR OXIDE WINDOW|STRIP RESIST|CLEAN AFTER WINDOW ETCH|MEASURE WINDOW CD|IMPLANT N BUFFER|RAPID THERMAL ANNEAL|DEPOSIT FIELD OXIDE|DENSIFY OXIDE|SPIN COAT PHOTORESIST|SOFT BAKE|ALIGN MASK LEVEL 3|EXPOSE LITHO LEVEL 3|DEVELOP PHOTORESIST|FIELD PATTERN INSPECTION|FIELD OXIDE ETCH|STRIP RESIST|CLEAN AFTER FIELD ETCH|MEASURE SURFACE UNIFORMITY|IMPLANT SOURCE REGION|IMPLANT DRAIN / CATHODE REGION|PRE ANNEAL CHECK|RAPID THERMAL ANNEAL|MEASURE SHEET RESISTANCE|DEPOSIT GATE OXIDE OR DIELECTRIC|ANNEAL DIELECTRIC|DEPOSIT POLYSILICON|POLYSILICON ANNEAL|SPIN COAT PHOTORESIST|SOFT BAKE|ALIGN MASK LEVEL 4|EXPOSE LITHO LEVEL 4|DEVELOP PHOTORESIST|POLY PATTERN INSPECTION|POLYSILICON ETCH DRY|STRIP PHOTORESIST|CLEAN AFTER POLY ETCH|MEASURE GATE CD|IMPLANT CHANNEL STOP|PRE ANNEAL CHECK|RAPID THERMAL ANNEAL|MEASURE DEVICE PARAMETER|DEPOSIT INTERLEVEL DIELECTRIC|DENSIFY DIELECTRIC|MEASURE DIELECTRIC THICKNESS|CMP INTERLAYER DIELECTRIC|MEASURE SURFACE PLANARITY|SPIN COAT PHOTORESIST|SOFT BAKE|ALIGN MASK LEVEL 5|EXPOSE LITHO LEVEL 5|DEVELOP PHOTORESIST|VIA INSPECTION|DIELECTRIC ETCH VIA|STRIP PHOTORESIST|CLEAN AFTER VIA ETCH|DEPOSIT BARRIER METAL|DEPOSIT METAL SEED|FILL VIA METAL|CMP METAL|MEASURE CONTACT RESISTANCE|DEPOSIT METAL 1|ANNEAL METAL|MEASURE METAL THICKNESS|SPIN COAT PHOTORESIST|SOFT BAKE|ALIGN MASK LEVEL 6|EXPOSE LITHO LEVEL 6|DEVELOP PHOTORESIST|METAL PATTERN INSPECTION|METAL ETCH DRY|STRIP RESIST|CLEAN AFTER METAL ETCH|MEASURE LINE WIDTH|DEPOSIT PASSIVATION|CURE PASSIVATION|MEASURE PASSIVATION QUALITY|OPEN PAD WINDOW|PAD WINDOW LITHO|DEVELOP PAD WINDOW|PASSIVATION ETCH|STRIP PHOTORESIST|CLEAN PAD OPENING|MEASURE PAD OPENING|BACKSIDE GRIND|MEASURE THICKNESS|BACKSIDE ETCH CLEAN|BACKSIDE RINSE|BACKSIDE DRY|BACKSIDE METALLIZATION PREP|DEPOSIT BACKSIDE METAL|BACKSIDE ANNEAL|MEASURE BACKSIDE CONTACT|FINAL CLEAN|FINAL THICKNESS MEASURE|FINAL GEOMETRY CHECK|FINAL PARTICLE INSPECTION|PARAMETRIC TEST|LEAKAGE TEST|BREAKDOWN VOLTAGE TEST|SWITCHING TEST|WAFER SORT TEST|YIELD ANALYSIS|LOT RELEASE|SHIP LOT,RULE_IMPLANT_NO_MASK
anomaly_0959,MOSFET,RECEIVE WAFER LOT|LOT IDENTIFICATION|PRE CLEAN INSPECTION|MEASURE THICKNESS|PRE CLEAN WAFER|RCA CLEAN 1|WET CLEAN RCA2|HF DIP|SUBSTRATE CHECK|EPITAXY PREP|EPITAXIAL DEPOSITION|MEASURE EPITAXY THICKNESS|MEASURE RESISTIVITY|EPITAXY ANNEAL|WAFER SURFACE CLEAN|THERMAL OXIDATION|MEASURE OXIDE THICKNESS|SPIN COAT PHOTORESIST|SOFT BAKE|ALIGN MASK LEVEL 1|EXPOSE LITHO LEVEL 1|PATTERN INSPECTION LEVEL 1|STRIP PHOTORESIST|CLEAN AFTER ETCH|IMPLANT WELL|DRIVE IN DIFFUSION|RAPID THERMAL ANNEAL|MEASURE JUNCTION DEPTH|THERMAL OXIDATION|GATE OXIDE PREP|GATE OXIDE GROWTH|MEASURE GATE OXIDE THICKNESS|DEPOSIT POLYSILICON|POLYSILICON ANNEAL|MEASURE POLY THICKNESS|SPIN COAT PHOTORESIST|SOFT BAKE|ALIGN MASK LEVEL 2|EXPOSE LITHO LEVEL 2|POST EXPOSE BAKE|DEVELOP PHOTORESIST|POLY PATTERN INSPECTION|POLYSILICON ETCH|STRIP RESIST|CLEAN AFTER POLY ETCH|MEASURE GATE CD|IMPLANT SOURCE DRAIN|LIGHT ANNEAL|MEASURE SHEET RESISTANCE|DEPOSIT SPACER DIELECTRIC|ANISOTROPIC ETCH SPACER|IMPLANT LDD|PRE ANNEAL CHECK|RAPID THERMAL ANNEAL|MEASURE JUNCTION PROFILE|DEPOSIT INTERLAYER DIELECTRIC|DENSIFY DIELECTRIC|MEASURE DIELECTRIC THICKNESS|CMP DIELECTRIC|MEASURE PLANARITY|SPIN COAT PHOTORESIST|SOFT BAKE|ALIGN MASK LEVEL 3|EXPOSE LITHO LEVEL 3|POST EXPOSE BAKE|DEVELOP PHOTORESIST|VIA OPENING INSPECTION|VIA ETCH THROUGH DIELECTRIC|STRIP RESIST|CLEAN AFTER VIA ETCH|MEASURE VIA CD|DEPOSIT BARRIER METAL|DEPOSIT METAL SEED|FILL VIA METAL|CMP METAL|MEASURE VIA RESISTANCE|DEPOSIT METAL 1|ANNEAL METAL|MEASURE METAL THICKNESS|SPIN COAT PHOTORESIST|SOFT BAKE|ALIGN MASK LEVEL 4|EXPOSE LITHO LEVEL 4|POST EXPOSE BAKE|DEVELOP PHOTORESIST|METAL PATTERN INSPECTION|HARD BAKE|METAL ETCH|STRIP RESIST|CLEAN AFTER METAL ETCH|DEPOSIT PASSIVATION|CURE PASSIVATION|MEASURE PASSIVATION THICKNESS|OPEN PAD WINDOW|OPEN PAD WINDOW LITHO|DEVELOP PAD WINDOW|PASSIVATION ETCH|STRIP PHOTORESIST|CLEAN PAD OPENING|MEASURE PAD OPENING|BACKSIDE CLEAN|BACKSIDE GRIND|MEASURE WAFER THICKNESS|BACKSIDE ETCH CLEAN|BACKSIDE RINSE|BACKSIDE DRY|BACKSIDE METALLIZATION PREP|DEPOSIT BACKSIDE METAL|BACKSIDE ANNEAL|MEASURE BACKSIDE CONTACT|FINAL CLEAN|FINAL CD INSPECTION|FINAL PARTICLE INSPECTION|PARAMETRIC TEST|LEAKAGE TEST|THRESHOLD VOLTAGE TEST|SWITCHING TEST|WAFER SORT TEST|YIELD ANALYSIS|LOT RELEASE|SHIP LOT,RULE_IMPLANT_NO_MASK
anomaly_0832,MOSFET,RECEIVE WAFER LOT|LOT IDENTIFICATION|PRE CLEAN INSPECTION|MEASURE THICKNESS|MEASURE SURFACE PARTICLES|PRE CLEAN WAFER|BACKSIDE CLEAN|WET CLEAN RCA1|RCA CLEAN 2|HF DIP|DRY WAFER|SUBSTRATE CHECK|EPITAXY PREP|EPITAXIAL DEPOSITION|MEASURE EPITAXY THICKNESS|MEASURE RESISTIVITY|EPITAXY ANNEAL|WAFER SURFACE CLEAN|THERMAL OXIDATION|MEASURE OXIDE THICKNESS|SPIN COAT PHOTORESIST|SOFT BAKE|ALIGN MASK LEVEL 1|EXPOSE LITHO LEVEL 1|DEVELOP PHOTORESIST|PATTERN INSPECTION LEVEL 1|OXIDE ETCH|STRIP RESIST|CLEAN AFTER ETCH|MEASURE OPENING CD|IMPLANT WELL|PRE ANNEAL CHECK|DRIVE IN DIFFUSION|RAPID THERMAL ANNEAL|MEASURE JUNCTION DEPTH|THERMAL OXIDATION|GATE OXIDE PREP|GATE OXIDE GROWTH|MEASURE GATE OXIDE THICKNESS|DEPOSIT POLYSILICON|POLYSILICON ANNEAL|MEASURE POLY THICKNESS|SPIN COAT PHOTORESIST|SOFT BAKE|ALIGN MASK LEVEL 2|EXPOSE LITHO LEVEL 2|POST EXPOSE BAKE|DEVELOP PHOTORESIST|POLY PATTERN INSPECTION|HARD BAKE|POLYSILICON ETCH|STRIP RESIST|CLEAN AFTER POLY ETCH|MEASURE GATE CD|IMPLANT SOURCE DRAIN|PRE ANNEAL CHECK|LIGHT ANNEAL|MEASURE SHEET RESISTANCE|DEPOSIT SPACER DIELECTRIC|ANISOTROPIC ETCH SPACER|MEASURE SPACER WIDTH|IMPLANT LDD|RAPID THERMAL ANNEAL|MEASURE JUNCTION PROFILE|DEPOSIT INTERLEVEL DIELECTRIC|DENSIFY DIELECTRIC|MEASURE FILM THICKNESS|CMP DIELECTRIC|MEASURE PLANARITY|SPIN COAT PHOTORESIST|SOFT BAKE|ALIGN MASK LEVEL 3|EXPOSE LITHO LEVEL 3|DEVELOP PHOTORESIST|VIA INSPECTION|VIA ETCH THROUGH DIELECTRIC|STRIP PHOTORESIST|CLEAN AFTER VIA ETCH|MEASURE VIA CD|DEPOSIT BARRIER METAL|DEPOSIT METAL SEED|FILL VIA METAL|CMP VIA FILL|MEASURE VIA RESISTANCE|DEPOSIT TOP METAL|ANNEAL METAL 1|SPIN COAT PHOTORESIST|SOFT BAKE|ALIGN MASK LEVEL 4|DEVELOP PHOTORESIST|METAL PATTERN INSPECTION|METAL ETCH|STRIP PHOTORESIST|CLEAN AFTER METAL ETCH|MEASURE LINE WIDTH|DEPOSIT PASSIVATION LAYER|CURE PASSIVATION|MEASURE PASSIVATION THICKNESS|OPEN BOND PAD WINDOW|OPEN PAD WINDOW LITHO|DEVELOP PAD WINDOW|PASSIVATION ETCH|STRIP RESIST|CLEAN PAD OPENING|MEASURE PAD OPENING|BACKSIDE CLEAN|BACKSIDE GRIND|MEASURE WAFER THICKNESS|BACKSIDE ETCH CLEAN|BACKSIDE RINSE|BACKSIDE DRY|BACKSIDE METALLIZATION PREP|DEPOSIT BACKSIDE METAL|BACKSIDE ANNEAL|MEASURE BACKSIDE CONTACT|FINAL CLEAN|FINAL THICKNESS MEASURE|FINAL GEOMETRY CHECK|FINAL PARTICLE INSPECTION|ELECTRICAL PARAMETRIC TEST|LEAKAGE TEST|THRESHOLD VOLTAGE TEST|SWITCHING TEST|WAFER SORT TEST|YIELD ANALYSIS|LOT RELEASE|SHIP LOT,RULE_METAL_ETCH_NO_LITHO
anomaly_0707,IC,RECEIVE WAFER LOT|LOT IDENTIFICATION|PRE CLEAN INSPECTION|MEASURE INITIAL THICKNESS|MEASURE SURFACE PARTICLES|WAFER CLEAN PRE PROCESS|BACKSIDE CLEAN|WET CLEAN RCA1|WET CLEAN RCA2|HF DIP|WAFER CLEAN PRE-GRIND|GRINDING WAFER BACKSIDE|MEASURE GEOMETRY|ETCH WET BACKSIDE|RINSE WET WAFER_EDGE|DRY WAFER BACKSIDE|BACKSIDE CLEAN|MEASURE BACKSIDE ROUGHNESS|THERMAL OXIDATION|MEASURE OXIDE THICKNESS|RCA CLEAN 1|WET CLEAN RCA2|HF DIP|OXIDE STRIP|SURFACE PREP FOR DEPOSITION|DEPOSIT PAD OXIDE|ANNEAL OXIDE|MEASURE OXIDE THICKNESS|SPIN COAT PHOTORESIST|SOFT BAKE|ALIGN MASK LEVEL 1|EXPOSE LITHO LEVEL 1|POST EXPOSE BAKE|DEVELOP PHOTORESIST|INSPECT PATTERN LEVEL 1|HARD BAKE|STRIP RESIST|CLEAN AFTER ETCH|DEPOSIT POLYSILICON|ANNEAL POLYSILICON|SPIN COAT PHOTORESIST|SOFT BAKE|ALIGN MASK LEVEL 2|EXPOSE LITHO LEVEL 2|PATTERN INSPECTION LEVEL 2|POLYSILICON ETCH DRY|STRIP RESIST|CLEAN AFTER POLY ETCH|MEASURE CD LEVEL 2|IMPLANT N-TYPE|RAPID THERMAL ANNEAL|DEPOSIT INTERLEVEL DIELECTRIC|DENSIFY OXIDE|MEASURE FILM THICKNESS|CMP INTERLAYER DIELECTRIC|MEASURE SURFACE PLANARITY|SPIN COAT PHOTORESIST|SOFT BAKE|ALIGN MASK LEVEL 3|EXPOSE LITHO LEVEL 3|DEVELOP PHOTORESIST|VIA OPENING INSPECTION|VIA ETCH THROUGH DIELECTRIC|STRIP PHOTORESIST|CLEAN AFTER VIA ETCH|MEASURE VIA CD|DEPOSIT BARRIER METAL|DEPOSIT TUNGSTEN SEED|FILL VIA TUNGSTEN|CMP VIA FILL|DEPOSIT TOP METAL|ANNEAL METAL|MEASURE METAL THICKNESS|SPIN COAT PHOTORESIST|SOFT BAKE|ALIGN MASK LEVEL 4|EXPOSE LITHO LEVEL 4|DEVELOP PHOTORESIST|METAL PATTERN INSPECTION|HARD BAKE|METAL ETCH DRY|STRIP PHOTORESIST|CLEAN AFTER METAL ETCH|MEASURE LINE WIDTH|DEPOSIT PASSIVATION|CURE PASSIVATION|MEASURE PASSIVATION THICKNESS|OPEN PAD WINDOW|PAD WINDOW LITHO|DEVELOP PHOTORESIST|PASSIVATION ETCH PAD OPENING|STRIP RESIST|CLEAN PAD OPENING|MEASURE PAD OPENING|BACKSIDE THINNING CHECK|BACKSIDE CLEAN FINAL|DEPOSIT BACKSIDE PROTECTION|BACKSIDE ANNEAL|FRONTSIDE CLEAN FINAL|FINAL CLEAN|FINAL THICKNESS MEASURE|FINAL GEOMETRY CHECK|FINAL PARTICLE INSPECTION|ELECTRICAL PARAMETRIC TEST|LEAKAGE TEST|PARAMETRIC TEST|SWITCHING TEST|WAFER SORT TEST|YIELD ANALYSIS|LOT RELEASE|SHIP LOT,RULE_IMPLANT_NO_MASK
anomaly_0434,MOSFET,RECEIVE WAFER LOT|LOT IDENTIFICATION|PRE CLEAN INSPECTION|MEASURE THICKNESS|PRE CLEAN WAFER|BACKSIDE CLEAN|WET CLEAN RCA1|WET CLEAN RCA2|HF DIP|DRY WAFER|SUBSTRATE CHECK|EPITAXY PREP|EPITAXIAL DEPOSITION|MEASURE EPITAXY THICKNESS|MEASURE RESISTIVITY|EPITAXY ANNEAL|WAFER SURFACE CLEAN|THERMAL OXIDATION|MEASURE OXIDE THICKNESS|SPIN COAT PHOTORESIST|SOFT BAKE|ALIGN MASK LEVEL 1|EXPOSE LITHO LEVEL 1|DEVELOP PHOTORESIST|PATTERN INSPECTION LEVEL 1|OXIDE ETCH|STRIP PHOTORESIST|CLEAN AFTER ETCH|IMPLANT WELL|PRE ANNEAL CHECK|DRIVE IN DIFFUSION|RAPID THERMAL ANNEAL|THERMAL OXIDATION|GATE OXIDE PREP|GATE OXIDE GROWTH|MEASURE GATE OXIDE THICKNESS|DEPOSIT POLYSILICON|POLYSILICON ANNEAL|SPIN COAT PHOTORESIST|SOFT BAKE|ALIGN MASK LEVEL 2|EXPOSE LITHO LEVEL 2|POST EXPOSE BAKE|DEVELOP PHOTORESIST|POLY PATTERN INSPECTION|POLYSILICON ETCH|STRIP RESIST|CLEAN AFTER POLY ETCH|IMPLANT SOURCE DRAIN|LIGHT ANNEAL|DEPOSIT SPACER DIELECTRIC|ANISOTROPIC ETCH SPACER|MEASURE SPACER WIDTH|IMPLANT LDD|RAPID THERMAL ANNEAL|DEPOSIT INTERLEVEL DIELECTRIC|DENSIFY DIELECTRIC|MEASURE FILM THICKNESS|CMP DIELECTRIC|MEASURE SURFACE PLANARITY|SPIN COAT PHOTORESIST|SOFT BAKE|ALIGN MASK LEVEL 3|EXPOSE LITHO LEVEL 3|POST EXPOSE BAKE|DEVELOP PHOTORESIST|VIA INSPECTION|VIA ETCH THROUGH DIELECTRIC|STRIP RESIST|CLEAN AFTER VIA ETCH|MEASURE VIA CD|DEPOSIT BARRIER METAL|DEPOSIT METAL SEED|FILL VIA METAL|CMP METAL|DEPOSIT TOP METAL|ANNEAL METAL|SPIN COAT PHOTORESIST|SOFT BAKE|ALIGN MASK LEVEL 4|EXPOSE LITHO LEVEL 4|DEVELOP PHOTORESIST|METAL PATTERN INSPECTION|METAL ETCH|STRIP RESIST|CLEAN AFTER METAL ETCH|MEASURE LINE WIDTH|DEPOSIT PASSIVATION|DEPOSIT BACKSIDE METAL|CURE PASSIVATION|MEASURE PASSIVATION QUALITY|OPEN BOND PAD WINDOW|PAD WINDOW LITHO|DEVELOP PHOTORESIST|PASSIVATION ETCH|STRIP PHOTORESIST|CLEAN PAD OPENING|MEASURE PAD OPENING|BACKSIDE CLEAN|BACKSIDE GRIND|MEASURE WAFER THICKNESS|BACKSIDE ETCH CLEAN|BACKSIDE RINSE|BACKSIDE DRY|BACKSIDE METALLIZATION PREP|BACKSIDE ANNEAL|MEASURE BACKSIDE CONTACT|FINAL CLEAN|FINAL THICKNESS MEASURE|FINAL GEOMETRY CHECK|FINAL CD INSPECTION|FINAL PARTICLE INSPECTION|PARAMETRIC TEST|LEAKAGE TEST|THRESHOLD VOLTAGE TEST|SWITCHING TEST|WAFER SORT TEST|YIELD ANALYSIS|LOT RELEASE|SHIP LOT,RULE_BACKSIDE_BEFORE_PASSIVATION
anomaly_0541,IGBT,RECEIVE WAFER LOT|LOT IDENTIFICATION|INITIAL WAFER INSPECTION|MEASURE INITIAL THICKNESS|MEASURE SURFACE PARTICLES|PRE CLEAN WAFER|BACKSIDE CLEAN|FRONTSIDE CLEAN|RCA CLEAN 1|RCA CLEAN 2|HF DIP|DRY WAFER|EPITAXIAL WAFER CHECK|MEASURE EPITAXY THICKNESS|MEASURE RESISTIVITY|EPITAXIAL LAYER PREP|THERMAL OXIDATION|MEASURE OXIDE THICKNESS|SPIN COAT PHOTORESIST|SOFT BAKE|ALIGN MASK LEVEL 1|EXPOSE LITHO LEVEL 1|DEVELOP PHOTORESIST|INSPECT PATTERN LEVEL 1|OXIDE ETCH DRY|STRIP PHOTORESIST|CLEAN AFTER OXIDE ETCH|MEASURE OPENING CD|IMPLANT P BODY|PRE ANNEAL CHECK|DRIVE IN DIFFUSION|RAPID THERMAL ANNEAL|MEASURE JUNCTION DEPTH|THERMAL OXIDATION|SPIN COAT PHOTORESIST|SOFT BAKE|ALIGN MASK LEVEL 2|EXPOSE LITHO LEVEL 2|DEVELOP PHOTORESIST|P BODY WINDOW INSPECTION|ETCH SILICON OR OXIDE WINDOW|STRIP PHOTORESIST|CLEAN AFTER WINDOW ETCH|MEASURE WINDOW CD|IMPLANT N BUFFER|RAPID THERMAL ANNEAL|MEASURE SHEET RESISTANCE|EPITAXIAL REWORK CHECK|DEPOSIT FIELD OXIDE|DENSIFY OXIDE|SPIN COAT PHOTORESIST|SOFT BAKE|ALIGN MASK LEVEL 3|EXPOSE LITHO LEVEL 3|DEVELOP PHOTORESIST|FIELD PATTERN INSPECTION|FIELD OXIDE ETCH|STRIP RESIST|CLEAN AFTER FIELD ETCH|MEASURE SURFACE UNIFORMITY|IMPLANT SOURCE REGION|IMPLANT DRAIN / CATHODE REGION|PRE ANNEAL CHECK|RAPID THERMAL ANNEAL|MEASURE SHEET RESISTANCE|DEPOSIT GATE OXIDE OR DIELECTRIC|ANNEAL DIELECTRIC|MEASURE OXIDE QUALITY|DEPOSIT POLYSILICON|POLYSILICON ANNEAL|MEASURE POLY THICKNESS|SPIN COAT PHOTORESIST|SOFT BAKE|ALIGN MASK LEVEL 4|EXPOSE LITHO LEVEL 4|DEVELOP PHOTORESIST|POLY PATTERN INSPECTION|HARD BAKE|POLYSILICON ETCH DRY|STRIP PHOTORESIST|CLEAN AFTER POLY ETCH|MEASURE GATE CD|IMPLANT CHANNEL STOP|PRE ANNEAL CHECK|RAPID THERMAL ANNEAL|DEPOSIT INTERLEVEL DIELECTRIC|DENSIFY DIELECTRIC|MEASURE FILM THICKNESS|CMP INTERLAYER DIELECTRIC|MEASURE PLANARITY|SPIN COAT PHOTORESIST|SOFT BAKE|ALIGN MASK LEVEL 5|EXPOSE LITHO LEVEL 5|DEVELOP PHOTORESIST|VIA OPENING INSPECTION|VIA ETCH THROUGH DIELECTRIC|STRIP RESIST|CLEAN AFTER VIA ETCH|MEASURE VIA CD|CMP METAL|MEASURE CONTACT RESISTANCE|DEPOSIT METAL 1|ANNEAL METAL|SPIN COAT PHOTORESIST|SOFT BAKE|ALIGN MASK LEVEL 6|EXPOSE LITHO LEVEL 6|DEVELOP PHOTORESIST|METAL PATTERN INSPECTION|METAL ETCH DRY|STRIP RESIST|CLEAN AFTER METAL ETCH|DEPOSIT PASSIVATION|CURE PASSIVATION|MEASURE PASSIVATION QUALITY|OPEN BOND PAD WINDOW|PAD WINDOW LITHO|DEVELOP PAD WINDOW|PASSIVATION ETCH PAD OPENING|STRIP PHOTORESIST|CLEAN PAD OPENING|MEASURE PAD OPENING|BACKSIDE GRIND|MEASURE THICKNESS|BACKSIDE ETCH CLEAN|BACKSIDE RINSE|BACKSIDE DRY|BACKSIDE METALLIZATION PREP|DEPOSIT BACKSIDE METAL|BACKSIDE ANNEAL|MEASURE BACKSIDE CONTACT|FINAL CLEAN|FINAL THICKNESS MEASURE|FINAL GEOMETRY CHECK|FINAL CD INSPECTION|FINAL PARTICLE INSPECTION|PARAMETRIC TEST|LEAKAGE TEST|BREAKDOWN VOLTAGE TEST|SWITCHING TEST|WAFER SORT TEST|YIELD ANALYSIS|FINAL LOT RELEASE|SHIP LOT,RULE_CMP_NO_DEP
anomaly_0676,IC,RECEIVE WAFER LOT|LOT IDENTIFICATION|INITIAL WAFER INSPECTION|MEASURE INITIAL THICKNESS|MEASURE SURFACE DEFECTS|WAFER CLEAN PRE PROCESS|RCA CLEAN 1|WET CLEAN RCA2|HF DIP|DRY WAFER|WAFER CLEAN PRE-GRIND|GRINDING WAFER BACKSIDE|MEASURE GEOMETRY|ETCH WET BACKSIDE|RINSE WET WAFER_EDGE|DRY WAFER BACKSIDE|BACKSIDE CLEAN|MEASURE BACKSIDE ROUGHNESS|THERMAL OXIDATION|MEASURE OXIDE THICKNESS|WET CLEAN RCA1|RCA CLEAN 2|HF DIP|OXIDE STRIP|SURFACE PREP FOR DEPOSITION|DEPOSIT PAD OXIDE|ANNEAL OXIDE|MEASURE OXIDE THICKNESS|SPIN COAT PHOTORESIST|SOFT BAKE|ALIGN MASK LEVEL 1|EXPOSE LITHO LEVEL 1|DEVELOP PHOTORESIST|INSPECT PATTERN LEVEL 1|HARD BAKE|OXIDE ETCH DRY|STRIP PHOTORESIST|CLEAN AFTER ETCH|MEASURE CD LEVEL 1|DEPOSIT POLYSILICON|ANNEAL POLYSILICON|SPIN COAT PHOTORESIST|SOFT BAKE|ALIGN MASK LEVEL 2|EXPOSE LITHO LEVEL 2|DEVELOP PHOTORESIST|PATTERN INSPECTION LEVEL 2|POLYSILICON ETCH DRY|STRIP RESIST|CLEAN AFTER POLY ETCH|MEASURE CD LEVEL 2|IMPLANT N-TYPE|RAPID THERMAL ANNEAL|DEPOSIT INTERLAYER DIELECTRIC|DENSIFY OXIDE|MEASURE FILM THICKNESS|CMP INTERLAYER DIELECTRIC|MEASURE SURFACE PLANARITY|SPIN COAT PHOTORESIST|SOFT BAKE|ALIGN MASK LEVEL 3|EXPOSE LITHO LEVEL 3|DEVELOP PHOTORESIST|VIA INSPECTION|VIA ETCH THROUGH DIELECTRIC|STRIP PHOTORESIST|CLEAN AFTER VIA ETCH|DEPOSIT BARRIER METAL|DEPOSIT TUNGSTEN SEED|FILL VIA TUNGSTEN|CMP METAL|MEASURE VIA RESISTANCE|DEPOSIT METAL 1|ANNEAL METAL 1|SPIN COAT PHOTORESIST|SOFT BAKE|ALIGN MASK LEVEL 4|EXPOSE LITHO LEVEL 4|DEVELOP PHOTORESIST|METAL PATTERN INSPECTION|METAL ETCH DRY|STRIP PHOTORESIST|DEPOSIT PASSIVATION LAYER|CURE PASSIVATION|MEASURE PASSIVATION QUALITY|OPEN BOND PAD WINDOW|OPEN PAD WINDOW LITHO|DEVELOP PAD WINDOW|PASSIVATION ETCH|STRIP RESIST|MEASURE PAD OPENING|DEPOSIT BACKSIDE PROTECTION|BACKSIDE ANNEAL|FRONTSIDE CLEAN FINAL|FINAL CLEAN|FINAL GEOMETRY CHECK|FINAL OXIDE CHECK|FINAL CD INSPECTION|FINAL PARTICLE INSPECTION|PARAMETRIC TEST|LEAKAGE TEST|THRESHOLD VOLTAGE TEST|SWITCHING TEST|WAFER SORT TEST|YIELD ANALYSIS|FINAL LOT RELEASE|PACKAGE PREPARATION|SHIP LOT,RULE_DEP_NO_CLEAN
anomaly_0071,MOSFET,RECEIVE WAFER LOT|LOT IDENTIFICATION|INITIAL WAFER INSPECTION|MEASURE THICKNESS|PRE CLEAN WAFER|BACKSIDE CLEAN|WET CLEAN RCA1|RCA CLEAN 2|HF DIP|SUBSTRATE CHECK|EPITAXY PREP|EPITAXIAL DEPOSITION|MEASURE EPITAXY THICKNESS|MEASURE RESISTIVITY|EPITAXY ANNEAL|WAFER SURFACE CLEAN|THERMAL OXIDATION|MEASURE OXIDE THICKNESS|SPIN COAT PHOTORESIST|SOFT BAKE|ALIGN MASK LEVEL 1|EXPOSE LITHO LEVEL 1|DEVELOP PHOTORESIST|PATTERN INSPECTION LEVEL 1|OXIDE ETCH|STRIP RESIST|CLEAN AFTER ETCH|MEASURE OPENING CD|IMPLANT WELL|DRIVE IN DIFFUSION|RAPID THERMAL ANNEAL|MEASURE JUNCTION DEPTH|THERMAL OXIDATION|GATE OXIDE PREP|GATE OXIDE GROWTH|MEASURE GATE OXIDE THICKNESS|DEPOSIT POLYSILICON|POLYSILICON ANNEAL|MEASURE POLY THICKNESS|SPIN COAT PHOTORESIST|SOFT BAKE|ALIGN MASK LEVEL 2|EXPOSE LITHO LEVEL 2|POST EXPOSE BAKE|DEVELOP PHOTORESIST|POLY PATTERN INSPECTION|POLYSILICON ETCH|STRIP PHOTORESIST|CLEAN AFTER POLY ETCH|MEASURE GATE CD|IMPLANT SOURCE DRAIN|PRE ANNEAL CHECK|LIGHT ANNEAL|MEASURE SHEET RESISTANCE|DEPOSIT SPACER DIELECTRIC|ANISOTROPIC ETCH SPACER|MEASURE SPACER WIDTH|IMPLANT LDD|PRE ANNEAL CHECK|RAPID THERMAL ANNEAL|MEASURE JUNCTION PROFILE|DEPOSIT INTERLEVEL DIELECTRIC|DENSIFY OXIDE|MEASURE DIELECTRIC THICKNESS|CMP DIELECTRIC|MEASURE PLANARITY|SPIN COAT PHOTORESIST|SOFT BAKE|ALIGN MASK LEVEL 3|EXPOSE LITHO LEVEL 3|DEVELOP PHOTORESIST|VIA INSPECTION|DIELECTRIC ETCH VIA|STRIP RESIST|CLEAN AFTER VIA ETCH|MEASURE VIA CD|CMP METAL|DEPOSIT TOP METAL|ANNEAL METAL 1|MEASURE METAL THICKNESS|SPIN COAT PHOTORESIST|SOFT BAKE|ALIGN MASK LEVEL 4|EXPOSE LITHO LEVEL 4|POST EXPOSE BAKE|DEVELOP PHOTORESIST|METAL PATTERN INSPECTION|HARD BAKE|METAL ETCH|STRIP PHOTORESIST|CLEAN AFTER METAL ETCH|MEASURE LINE WIDTH|DEPOSIT PASSIVATION LAYER|CURE PASSIVATION|MEASURE PASSIVATION THICKNESS|OPEN BOND PAD WINDOW|OPEN PAD WINDOW LITHO|DEVELOP PHOTORESIST|PASSIVATION ETCH|STRIP RESIST|CLEAN PAD OPENING|MEASURE PAD OPENING|BACKSIDE CLEAN|BACKSIDE GRIND|MEASURE WAFER THICKNESS|BACKSIDE ETCH CLEAN|BACKSIDE RINSE|BACKSIDE DRY|BACKSIDE METALLIZATION PREP|DEPOSIT BACKSIDE METAL|BACKSIDE ANNEAL|MEASURE BACKSIDE CONTACT|FINAL CLEAN|FINAL THICKNESS MEASURE|FINAL GEOMETRY CHECK|ELECTRICAL PARAMETRIC TEST|LEAKAGE TEST|THRESHOLD VOLTAGE TEST|SWITCHING TEST|WAFER SORT TEST|YIELD ANALYSIS|LOT RELEASE|SHIP LOT,RULE_CMP_NO_DEP
anomaly_0750,MOSFET,RECEIVE WAFER LOT|LOT IDENTIFICATION|PRE CLEAN INSPECTION|MEASURE SURFACE PARTICLES|PRE CLEAN WAFER|RCA CLEAN 1|RCA CLEAN 2|HF DIP|SUBSTRATE CHECK|EPITAXY PREP|EPITAXIAL DEPOSITION|MEASURE EPITAXY THICKNESS|MEASURE RESISTIVITY|EPITAXY ANNEAL|WAFER SURFACE CLEAN|THERMAL OXIDATION|MEASURE OXIDE THICKNESS|SPIN COAT PHOTORESIST|SOFT BAKE|ALIGN MASK LEVEL 1|EXPOSE LITHO LEVEL 1|DEVELOP PHOTORESIST|PATTERN INSPECTION LEVEL 1|OXIDE ETCH|STRIP PHOTORESIST|CLEAN AFTER ETCH|MEASURE OPENING CD|IMPLANT WELL|PRE ANNEAL CHECK|DRIVE IN DIFFUSION|RAPID THERMAL ANNEAL|MEASURE JUNCTION DEPTH|THERMAL OXIDATION|GATE OXIDE PREP|GATE OXIDE GROWTH|MEASURE GATE OXIDE THICKNESS|DEPOSIT POLYSILICON|POLYSILICON ANNEAL|MEASURE POLY THICKNESS|SPIN COAT PHOTORESIST|SOFT BAKE|ALIGN MASK LEVEL 2|EXPOSE LITHO LEVEL 2|POST EXPOSE BAKE|DEVELOP PHOTORESIST|POLY PATTERN INSPECTION|POLYSILICON ETCH|STRIP RESIST|CLEAN AFTER POLY ETCH|MEASURE GATE CD|IMPLANT SOURCE DRAIN|LIGHT ANNEAL|MEASURE SHEET RESISTANCE|DEPOSIT SPACER DIELECTRIC|ANISOTROPIC ETCH SPACER|MEASURE SPACER WIDTH|IMPLANT LDD|PRE ANNEAL CHECK|RAPID THERMAL ANNEAL|MEASURE JUNCTION PROFILE|DEPOSIT INTERLAYER DIELECTRIC|DENSIFY DIELECTRIC|MEASURE DIELECTRIC THICKNESS|CMP INTERLAYER DIELECTRIC|MEASURE PLANARITY|SPIN COAT PHOTORESIST|SOFT BAKE|ALIGN MASK LEVEL 3|EXPOSE LITHO LEVEL 3|POST EXPOSE BAKE|DEVELOP PHOTORESIST|VIA OPENING INSPECTION|VIA ETCH|STRIP PHOTORESIST|CLEAN AFTER VIA ETCH|MEASURE VIA CD|DEPOSIT BARRIER METAL|DEPOSIT METAL SEED|FILL VIA METAL|CMP METAL|DEPOSIT TOP METAL|ANNEAL METAL 1|SPIN COAT PHOTORESIST|SOFT BAKE|ALIGN MASK LEVEL 4|EXPOSE LITHO LEVEL 4|DEVELOP PHOTORESIST|METAL PATTERN INSPECTION|METAL ETCH|STRIP PHOTORESIST|CLEAN AFTER METAL ETCH|MEASURE LINE WIDTH|DEPOSIT PASSIVATION LAYER|DEPOSIT BACKSIDE METAL|CURE PASSIVATION|MEASURE PASSIVATION QUALITY|OPEN PAD WINDOW|OPEN PAD WINDOW LITHO|DEVELOP PAD WINDOW|PASSIVATION ETCH PAD OPENING|STRIP RESIST|CLEAN PAD OPENING|MEASURE PAD OPENING|BACKSIDE CLEAN|BACKSIDE GRIND|MEASURE THICKNESS|BACKSIDE ETCH CLEAN|BACKSIDE RINSE|BACKSIDE DRY|BACKSIDE METALLIZATION PREP|BACKSIDE ANNEAL|MEASURE BACKSIDE CONTACT|FINAL CLEAN|FINAL THICKNESS MEASURE|FINAL GEOMETRY CHECK|FINAL CD INSPECTION|FINAL PARTICLE INSPECTION|PARAMETRIC TEST|LEAKAGE TEST|THRESHOLD VOLTAGE TEST|SWITCHING TEST|WAFER SORT TEST|YIELD ANALYSIS|LOT RELEASE|SHIP LOT,RULE_BACKSIDE_BEFORE_PASSIVATION
anomaly_0853,IGBT,RECEIVE WAFER LOT|LOT IDENTIFICATION|INITIAL WAFER INSPECTION|MEASURE INITIAL THICKNESS|MEASURE SURFACE PARTICLES|PRE CLEAN WAFER|BACKSIDE CLEAN|FRONTSIDE CLEAN|WET CLEAN RCA1|WET CLEAN RCA2|HF DIP|DRY WAFER|EPITAXIAL WAFER CHECK|MEASURE EPITAXY THICKNESS|MEASURE RESISTIVITY|EPITAXIAL LAYER PREP|THERMAL OXIDATION|MEASURE OXIDE THICKNESS|SPIN COAT PHOTORESIST|SOFT BAKE|ALIGN MASK LEVEL 1|EXPOSE LITHO LEVEL 1|POST EXPOSE BAKE|DEVELOP PHOTORESIST|INSPECT PATTERN LEVEL 1|OXIDE ETCH DRY|STRIP RESIST|CLEAN AFTER OXIDE ETCH|IMPLANT P BODY|DRIVE IN DIFFUSION|RAPID THERMAL ANNEAL|MEASURE JUNCTION DEPTH|THERMAL OXIDATION|SPIN COAT PHOTORESIST|SOFT BAKE|ALIGN MASK LEVEL 2|EXPOSE LITHO LEVEL 2|POST EXPOSE BAKE|DEVELOP PHOTORESIST|P BODY WINDOW INSPECTION|HARD BAKE|ETCH SILICON OR OXIDE WINDOW|STRIP PHOTORESIST|CLEAN AFTER WINDOW ETCH|MEASURE WINDOW CD|IMPLANT N BUFFER|PRE ANNEAL CHECK|RAPID THERMAL ANNEAL|DEPOSIT FIELD OXIDE|DENSIFY OXIDE|SPIN COAT PHOTORESIST|SOFT BAKE|ALIGN MASK LEVEL 3|EXPOSE LITHO LEVEL 3|DEVELOP PHOTORESIST|FIELD PATTERN INSPECTION|FIELD OXIDE ETCH|STRIP RESIST|CLEAN AFTER FIELD ETCH|MEASURE SURFACE UNIFORMITY|IMPLANT SOURCE REGION|IMPLANT DRAIN / CATHODE REGION|PRE ANNEAL CHECK|RAPID THERMAL ANNEAL|DEPOSIT GATE OXIDE OR DIELECTRIC|ANNEAL DIELECTRIC|MEASURE OXIDE QUALITY|DEPOSIT POLYSILICON|POLYSILICON ANNEAL|SPIN COAT PHOTORESIST|SOFT BAKE|ALIGN MASK LEVEL 4|EXPOSE LITHO LEVEL 4|POST EXPOSE BAKE|DEVELOP PHOTORESIST|POLY PATTERN INSPECTION|POLYSILICON ETCH DRY|STRIP PHOTORESIST|CLEAN AFTER POLY ETCH|IMPLANT CHANNEL STOP|PRE ANNEAL CHECK|RAPID THERMAL ANNEAL|DEPOSIT INTERLEVEL DIELECTRIC|DENSIFY DIELECTRIC|MEASURE DIELECTRIC THICKNESS|CMP INTERLAYER DIELECTRIC|MEASURE SURFACE PLANARITY|SPIN COAT PHOTORESIST|SOFT BAKE|ALIGN MASK LEVEL 5|EXPOSE LITHO LEVEL 5|POST EXPOSE BAKE|DEVELOP PHOTORESIST|VIA INSPECTION|DIELECTRIC ETCH VIA|STRIP RESIST|CLEAN AFTER VIA ETCH|DEPOSIT BARRIER METAL|DEPOSIT METAL SEED|FILL VIA METAL|CMP METAL|DEPOSIT METAL 1|ANNEAL METAL|SPIN COAT PHOTORESIST|SOFT BAKE|ALIGN MASK LEVEL 6|DEVELOP PHOTORESIST|METAL PATTERN INSPECTION|HARD BAKE|METAL ETCH DRY|STRIP RESIST|CLEAN AFTER METAL ETCH|MEASURE LINE WIDTH|DEPOSIT PASSIVATION LAYER|CURE PASSIVATION|MEASURE PASSIVATION THICKNESS|OPEN PAD WINDOW|PAD WINDOW LITHO|DEVELOP PAD WINDOW|PASSIVATION ETCH PAD OPENING|STRIP PHOTORESIST|CLEAN PAD OPENING|MEASURE PAD OPENING|BACKSIDE GRIND|MEASURE THICKNESS|BACKSIDE ETCH CLEAN|BACKSIDE RINSE|BACKSIDE DRY|BACKSIDE METALLIZATION PREP|DEPOSIT BACKSIDE METAL|BACKSIDE ANNEAL|MEASURE BACKSIDE CONTACT|FINAL CLEAN|FINAL THICKNESS MEASURE|FINAL GEOMETRY CHECK|FINAL CD INSPECTION|FINAL PARTICLE INSPECTION|PARAMETRIC TEST|LEAKAGE TEST|BREAKDOWN VOLTAGE TEST|SWITCHING TEST|WAFER SORT TEST|YIELD ANALYSIS|FINAL LOT RELEASE|SHIP LOT,RULE_METAL_ETCH_NO_LITHO
anomaly_0247,MOSFET,RECEIVE WAFER LOT|LOT IDENTIFICATION|INITIAL WAFER INSPECTION|MEASURE SURFACE PARTICLES|PRE CLEAN WAFER|RCA CLEAN 1|RCA CLEAN 2|HF DIP|DRY WAFER|SUBSTRATE CHECK|EPITAXY PREP|EPITAXIAL DEPOSITION|MEASURE EPITAXY THICKNESS|MEASURE RESISTIVITY|EPITAXY ANNEAL|WAFER SURFACE CLEAN|THERMAL OXIDATION|MEASURE OXIDE THICKNESS|SPIN COAT PHOTORESIST|SOFT BAKE|ALIGN MASK LEVEL 1|EXPOSE LITHO LEVEL 1|DEVELOP PHOTORESIST|PATTERN INSPECTION LEVEL 1|OXIDE ETCH|STRIP PHOTORESIST|CLEAN AFTER ETCH|MEASURE OPENING CD|IMPLANT WELL|PRE ANNEAL CHECK|DRIVE IN DIFFUSION|RAPID THERMAL ANNEAL|THERMAL OXIDATION|GATE OXIDE PREP|GATE OXIDE GROWTH|MEASURE GATE OXIDE THICKNESS|DEPOSIT POLYSILICON|POLYSILICON ANNEAL|MEASURE POLY THICKNESS|SPIN COAT PHOTORESIST|SOFT BAKE|ALIGN MASK LEVEL 2|EXPOSE LITHO LEVEL 2|DEVELOP PHOTORESIST|POLY PATTERN INSPECTION|POLYSILICON ETCH|STRIP PHOTORESIST|CLEAN AFTER POLY ETCH|MEASURE GATE CD|IMPLANT SOURCE DRAIN|PRE ANNEAL CHECK|LIGHT ANNEAL|MEASURE SHEET RESISTANCE|DEPOSIT SPACER DIELECTRIC|ANISOTROPIC ETCH SPACER|IMPLANT LDD|PRE ANNEAL CHECK|RAPID THERMAL ANNEAL|MEASURE JUNCTION PROFILE|DEPOSIT INTERLAYER DIELECTRIC|DENSIFY OXIDE|MEASURE FILM THICKNESS|CMP DIELECTRIC|MEASURE PLANARITY|SPIN COAT PHOTORESIST|SOFT BAKE|ALIGN MASK LEVEL 3|EXPOSE LITHO LEVEL 3|DEVELOP PHOTORESIST|VIA OPENING INSPECTION|HARD BAKE|VIA ETCH THROUGH DIELECTRIC|STRIP RESIST|CLEAN AFTER VIA ETCH|MEASURE VIA CD|DEPOSIT BARRIER METAL|DEPOSIT METAL SEED|FILL VIA METAL|CMP METAL|MEASURE VIA RESISTANCE|DEPOSIT METAL 1|ANNEAL METAL 1|SPIN COAT PHOTORESIST|SOFT BAKE|ALIGN MASK LEVEL 4|EXPOSE LITHO LEVEL 4|DEVELOP PHOTORESIST|METAL PATTERN INSPECTION|METAL ETCH|STRIP RESIST|CLEAN AFTER METAL ETCH|MEASURE LINE WIDTH|OPEN BOND PAD WINDOW|DEPOSIT PASSIVATION LAYER|CURE PASSIVATION|MEASURE PASSIVATION THICKNESS|OPEN PAD WINDOW LITHO|DEVELOP PHOTORESIST|PASSIVATION ETCH PAD OPENING|STRIP RESIST|CLEAN PAD OPENING|MEASURE PAD OPENING|BACKSIDE CLEAN|BACKSIDE GRIND|MEASURE THICKNESS|BACKSIDE ETCH CLEAN|BACKSIDE RINSE|BACKSIDE DRY|BACKSIDE METALLIZATION PREP|DEPOSIT BACKSIDE METAL|BACKSIDE ANNEAL|MEASURE BACKSIDE CONTACT|FINAL CLEAN|FINAL THICKNESS MEASURE|FINAL GEOMETRY CHECK|FINAL PARTICLE INSPECTION|PARAMETRIC TEST|LEAKAGE TEST|THRESHOLD VOLTAGE TEST|SWITCHING TEST|WAFER SORT TEST|YIELD ANALYSIS|LOT RELEASE|SHIP LOT,RULE_PAD_OPEN_BEFORE_DEP
anomaly_0060,IGBT,RECEIVE WAFER LOT|LOT IDENTIFICATION|PRE CLEAN INSPECTION|MEASURE INITIAL THICKNESS|MEASURE SURFACE PARTICLES|PRE CLEAN WAFER|BACKSIDE CLEAN|FRONTSIDE CLEAN|WET CLEAN RCA1|WET CLEAN RCA2|HF DIP|DRY WAFER|EPITAXIAL WAFER CHECK|MEASURE EPITAXY THICKNESS|MEASURE RESISTIVITY|EPITAXIAL LAYER PREP|THERMAL OXIDATION|MEASURE OXIDE THICKNESS|SPIN COAT PHOTORESIST|SOFT BAKE|ALIGN MASK LEVEL 1|EXPOSE LITHO LEVEL 1|DEVELOP PHOTORESIST|INSPECT PATTERN LEVEL 1|HARD BAKE|OXIDE ETCH DRY|STRIP RESIST|CLEAN AFTER OXIDE ETCH|IMPLANT P BODY|PRE ANNEAL CHECK|DRIVE IN DIFFUSION|RAPID THERMAL ANNEAL|THERMAL OXIDATION|SPIN COAT PHOTORESIST|SOFT BAKE|ALIGN MASK LEVEL 2|EXPOSE LITHO LEVEL 2|DEVELOP PHOTORESIST|P BODY WINDOW INSPECTION|HARD BAKE|ETCH SILICON OR OXIDE WINDOW|STRIP PHOTORESIST|CLEAN AFTER WINDOW ETCH|MEASURE WINDOW CD|IMPLANT N BUFFER|RAPID THERMAL ANNEAL|MEASURE SHEET RESISTANCE|EPITAXIAL REWORK CHECK|DEPOSIT FIELD OXIDE|DENSIFY OXIDE|MEASURE FILM THICKNESS|SPIN COAT PHOTORESIST|SOFT BAKE|ALIGN MASK LEVEL 3|EXPOSE LITHO LEVEL 3|POST EXPOSE BAKE|DEVELOP PHOTORESIST|FIELD PATTERN INSPECTION|FIELD OXIDE ETCH|STRIP RESIST|CLEAN AFTER FIELD ETCH|MEASURE SURFACE UNIFORMITY|IMPLANT SOURCE REGION|IMPLANT DRAIN / CATHODE REGION|PRE ANNEAL CHECK|RAPID THERMAL ANNEAL|MEASURE SHEET RESISTANCE|DEPOSIT GATE OXIDE OR DIELECTRIC|ANNEAL DIELECTRIC|DEPOSIT POLYSILICON|POLYSILICON ANNEAL|MEASURE POLY THICKNESS|SPIN COAT PHOTORESIST|SOFT BAKE|ALIGN MASK LEVEL 4|EXPOSE LITHO LEVEL 4|POST EXPOSE BAKE|DEVELOP PHOTORESIST|POLY PATTERN INSPECTION|POLYSILICON ETCH DRY|STRIP PHOTORESIST|CLEAN AFTER POLY ETCH|MEASURE GATE CD|IMPLANT CHANNEL STOP|RAPID THERMAL ANNEAL|MEASURE DEVICE PARAMETER|DEPOSIT INTERLAYER DIELECTRIC|DENSIFY OXIDE|MEASURE DIELECTRIC THICKNESS|CMP INTERLAYER DIELECTRIC|MEASURE SURFACE PLANARITY|SPIN COAT PHOTORESIST|SOFT BAKE|ALIGN MASK LEVEL 5|EXPOSE LITHO LEVEL 5|DEVELOP PHOTORESIST|VIA OPENING INSPECTION|HARD BAKE|DIELECTRIC ETCH VIA|STRIP PHOTORESIST|CLEAN AFTER VIA ETCH|MEASURE VIA CD|DEPOSIT BARRIER METAL|DEPOSIT METAL SEED|FILL VIA METAL|CMP VIA FILL|MEASURE VIA RESISTANCE|DEPOSIT METAL 1|ANNEAL METAL 1|MEASURE METAL THICKNESS|SPIN COAT PHOTORESIST|SOFT BAKE|ALIGN MASK LEVEL 6|POST EXPOSE BAKE|DEVELOP PHOTORESIST|METAL PATTERN INSPECTION|HARD BAKE|METAL ETCH DRY|STRIP RESIST|CLEAN AFTER METAL ETCH|DEPOSIT PASSIVATION LAYER|CURE PASSIVATION|MEASURE PASSIVATION THICKNESS|OPEN BOND PAD WINDOW|PAD WINDOW LITHO|DEVELOP PAD WINDOW|PASSIVATION ETCH PAD OPENING|STRIP RESIST|CLEAN PAD OPENING|MEASURE PAD OPENING|BACKSIDE GRIND|MEASURE WAFER THICKNESS|BACKSIDE ETCH CLEAN|BACKSIDE RINSE|BACKSIDE DRY|BACKSIDE METALLIZATION PREP|DEPOSIT BACKSIDE METAL|BACKSIDE ANNEAL|MEASURE BACKSIDE CONTACT|FINAL CLEAN|FINAL GEOMETRY CHECK|FINAL CD INSPECTION|FINAL PARTICLE INSPECTION|ELECTRICAL PARAMETRIC TEST|LEAKAGE TEST|BREAKDOWN VOLTAGE TEST|SWITCHING TEST|WAFER SORT TEST|YIELD ANALYSIS|FINAL LOT RELEASE|SHIP LOT,RULE_METAL_ETCH_NO_LITHO
anomaly_0501,IGBT,RECEIVE WAFER LOT|LOT IDENTIFICATION|INITIAL WAFER INSPECTION|MEASURE INITIAL THICKNESS|PRE CLEAN WAFER|BACKSIDE CLEAN|FRONTSIDE CLEAN|WET CLEAN RCA1|RCA CLEAN 2|HF DIP|DRY WAFER|EPITAXIAL WAFER CHECK|MEASURE EPITAXY THICKNESS|MEASURE RESISTIVITY|EPITAXIAL REWORK CHECK|EPITAXIAL LAYER PREP|THERMAL OXIDATION|MEASURE OXIDE THICKNESS|SPIN COAT PHOTORESIST|SOFT BAKE|ALIGN MASK LEVEL 1|EXPOSE LITHO LEVEL 1|DEVELOP PHOTORESIST|INSPECT PATTERN LEVEL 1|OXIDE ETCH DRY|STRIP RESIST|CLEAN AFTER OXIDE ETCH|MEASURE OPENING CD|IMPLANT P BODY|PRE ANNEAL CHECK|DRIVE IN DIFFUSION|RAPID THERMAL ANNEAL|THERMAL OXIDATION|SPIN COAT PHOTORESIST|SOFT BAKE|ALIGN MASK LEVEL 2|EXPOSE LITHO LEVEL 2|DEVELOP PHOTORESIST|P BODY WINDOW INSPECTION|ETCH SILICON OR OXIDE WINDOW|STRIP RESIST|CLEAN AFTER WINDOW ETCH|MEASURE WINDOW CD|IMPLANT N BUFFER|RAPID THERMAL ANNEAL|DEPOSIT FIELD OXIDE|DENSIFY OXIDE|MEASURE FILM THICKNESS|SPIN COAT PHOTORESIST|SOFT BAKE|ALIGN MASK LEVEL 3|EXPOSE LITHO LEVEL 3|DEVELOP PHOTORESIST|FIELD PATTERN INSPECTION|FIELD OXIDE ETCH|STRIP RESIST|CLEAN AFTER FIELD ETCH|IMPLANT SOURCE REGION|IMPLANT DRAIN / CATHODE REGION|RAPID THERMAL ANNEAL|MEASURE SHEET RESISTANCE|DEPOSIT GATE OXIDE OR DIELECTRIC|ANNEAL DIELECTRIC|MEASURE OXIDE QUALITY|DEPOSIT POLYSILICON|POLYSILICON ANNEAL|MEASURE POLY THICKNESS|SPIN COAT PHOTORESIST|SOFT BAKE|ALIGN MASK LEVEL 4|EXPOSE LITHO LEVEL 4|DEVELOP PHOTORESIST|POLY PATTERN INSPECTION|POLYSILICON ETCH DRY|STRIP PHOTORESIST|CLEAN AFTER POLY ETCH|MEASURE GATE CD|IMPLANT CHANNEL STOP|PRE ANNEAL CHECK|RAPID THERMAL ANNEAL|MEASURE DEVICE PARAMETER|DEPOSIT INTERLEVEL DIELECTRIC|DENSIFY DIELECTRIC|MEASURE DIELECTRIC THICKNESS|CMP DIELECTRIC|MEASURE SURFACE PLANARITY|SPIN COAT PHOTORESIST|SOFT BAKE|ALIGN MASK LEVEL 5|EXPOSE LITHO LEVEL 5|DEVELOP PHOTORESIST|VIA INSPECTION|HARD BAKE|VIA ETCH THROUGH DIELECTRIC|STRIP PHOTORESIST|CLEAN AFTER VIA ETCH|MEASURE VIA CD|DEPOSIT BARRIER METAL|DEPOSIT METAL SEED|FILL VIA METAL|CMP METAL|DEPOSIT TOP METAL|ANNEAL METAL|SPIN COAT PHOTORESIST|SOFT BAKE|ALIGN MASK LEVEL 6|EXPOSE LITHO LEVEL 6|DEVELOP PHOTORESIST|METAL PATTERN INSPECTION|HARD BAKE|METAL ETCH DRY|STRIP PHOTORESIST|MEASURE LINE WIDTH|DEPOSIT PASSIVATION|CURE PASSIVATION|MEASURE PASSIVATION THICKNESS|OPEN PAD WINDOW|PAD WINDOW LITHO|DEVELOP PHOTORESIST|PASSIVATION ETCH|STRIP PHOTORESIST|CLEAN PAD OPENING|MEASURE PAD OPENING|BACKSIDE GRIND|MEASURE WAFER THICKNESS|BACKSIDE ETCH CLEAN|BACKSIDE RINSE|BACKSIDE DRY|BACKSIDE METALLIZATION PREP|DEPOSIT BACKSIDE METAL|BACKSIDE ANNEAL|MEASURE BACKSIDE CONTACT|FINAL CLEAN|FINAL GEOMETRY CHECK|FINAL CD INSPECTION|FINAL PARTICLE INSPECTION|ELECTRICAL PARAMETRIC TEST|LEAKAGE TEST|BREAKDOWN VOLTAGE TEST|SWITCHING TEST|WAFER SORT TEST|YIELD ANALYSIS|LOT RELEASE|SHIP LOT,RULE_DEP_NO_CLEAN
anomaly_0614,IGBT,RECEIVE WAFER LOT|LOT IDENTIFICATION|INITIAL WAFER INSPECTION|MEASURE INITIAL THICKNESS|PRE CLEAN WAFER|BACKSIDE CLEAN|FRONTSIDE CLEAN|RCA CLEAN 1|WET CLEAN RCA2|HF DIP|DRY WAFER|EPITAXIAL WAFER CHECK|MEASURE EPITAXY THICKNESS|MEASURE RESISTIVITY|EPITAXIAL LAYER PREP|THERMAL OXIDATION|MEASURE OXIDE THICKNESS|SPIN COAT PHOTORESIST|SOFT BAKE|ALIGN MASK LEVEL 1|EXPOSE LITHO LEVEL 1|DEVELOP PHOTORESIST|INSPECT PATTERN LEVEL 1|HARD BAKE|OXIDE ETCH DRY|STRIP PHOTORESIST|CLEAN AFTER OXIDE ETCH|MEASURE OPENING CD|IMPLANT P BODY|PRE ANNEAL CHECK|DRIVE IN DIFFUSION|RAPID THERMAL ANNEAL|MEASURE JUNCTION DEPTH|THERMAL OXIDATION|SPIN COAT PHOTORESIST|SOFT BAKE|ALIGN MASK LEVEL 2|EXPOSE LITHO LEVEL 2|DEVELOP PHOTORESIST|P BODY WINDOW INSPECTION|HARD BAKE|ETCH SILICON OR OXIDE WINDOW|STRIP PHOTORESIST|CLEAN AFTER WINDOW ETCH|IMPLANT N BUFFER|PRE ANNEAL CHECK|RAPID THERMAL ANNEAL|MEASURE SHEET RESISTANCE|EPITAXIAL REWORK CHECK|DEPOSIT FIELD OXIDE|DENSIFY OXIDE|MEASURE FILM THICKNESS|SPIN COAT PHOTORESIST|SOFT BAKE|ALIGN MASK LEVEL 3|EXPOSE LITHO LEVEL 3|POST EXPOSE BAKE|DEVELOP PHOTORESIST|FIELD PATTERN INSPECTION|FIELD OXIDE ETCH|STRIP PHOTORESIST|CLEAN AFTER FIELD ETCH|IMPLANT SOURCE REGION|IMPLANT DRAIN / CATHODE REGION|RAPID THERMAL ANNEAL|DEPOSIT GATE OXIDE OR DIELECTRIC|ANNEAL DIELECTRIC|MEASURE OXIDE QUALITY|DEPOSIT POLYSILICON|POLYSILICON ANNEAL|SPIN COAT PHOTORESIST|SOFT BAKE|ALIGN MASK LEVEL 4|EXPOSE LITHO LEVEL 4|DEVELOP PHOTORESIST|POLY PATTERN INSPECTION|HARD BAKE|POLYSILICON ETCH DRY|STRIP RESIST|CLEAN AFTER POLY ETCH|MEASURE GATE CD|IMPLANT CHANNEL STOP|PRE ANNEAL CHECK|RAPID THERMAL ANNEAL|MEASURE DEVICE PARAMETER|DEPOSIT INTERLAYER DIELECTRIC|DENSIFY OXIDE|MEASURE DIELECTRIC THICKNESS|CMP INTERLAYER DIELECTRIC|MEASURE PLANARITY|SPIN COAT PHOTORESIST|SOFT BAKE|ALIGN MASK LEVEL 5|EXPOSE LITHO LEVEL 5|POST EXPOSE BAKE|DEVELOP PHOTORESIST|VIA INSPECTION|DIELECTRIC ETCH VIA|STRIP PHOTORESIST|CLEAN AFTER VIA ETCH|MEASURE VIA CD|DEPOSIT BARRIER METAL|DEPOSIT METAL SEED|FILL VIA METAL|CMP METAL|MEASURE CONTACT RESISTANCE|DEPOSIT METAL 1|ANNEAL METAL|MEASURE METAL THICKNESS|SPIN COAT PHOTORESIST|SOFT BAKE|ALIGN MASK LEVEL 6|DEVELOP PHOTORESIST|METAL PATTERN INSPECTION|HARD BAKE|METAL ETCH DRY|STRIP PHOTORESIST|CLEAN AFTER METAL ETCH|MEASURE LINE WIDTH|DEPOSIT PASSIVATION LAYER|CURE PASSIVATION|MEASURE PASSIVATION QUALITY|OPEN PAD WINDOW|OPEN PAD WINDOW LITHO|DEVELOP PHOTORESIST|PASSIVATION ETCH|STRIP RESIST|CLEAN PAD OPENING|MEASURE PAD OPENING|BACKSIDE GRIND|MEASURE THICKNESS|BACKSIDE ETCH CLEAN|BACKSIDE RINSE|BACKSIDE DRY|BACKSIDE METALLIZATION PREP|DEPOSIT BACKSIDE METAL|BACKSIDE ANNEAL|MEASURE BACKSIDE CONTACT|FINAL CLEAN|FINAL THICKNESS MEASURE|FINAL CD INSPECTION|FINAL PARTICLE INSPECTION|ELECTRICAL PARAMETRIC TEST|LEAKAGE TEST|BREAKDOWN VOLTAGE TEST|SWITCHING TEST|WAFER SORT TEST|YIELD ANALYSIS|LOT RELEASE|SHIP LOT,RULE_METAL_ETCH_NO_LITHO
anomaly_0544,IC,RECEIVE WAFER LOT|LOT IDENTIFICATION|INITIAL WAFER INSPECTION|MEASURE INITIAL GEOMETRY|MEASURE SURFACE DEFECTS|WAFER CLEAN PRE PROCESS|RCA CLEAN 1|WET CLEAN RCA2|HF DIP|DRY WAFER|WAFER CLEAN PRE-GRIND|GRINDING WAFER BACKSIDE|MEASURE INITIAL GEOMETRY|ETCH WET BACKSIDE|RINSE WET WAFER_EDGE|DRY WAFER BACKSIDE|BACKSIDE CLEAN|MEASURE BACKSIDE ROUGHNESS|THERMAL OXIDATION|MEASURE OXIDE THICKNESS|WET CLEAN RCA1|WET CLEAN RCA2|HF DIP|OXIDE STRIP|SURFACE PREP FOR DEPOSITION|DEPOSIT PAD OXIDE|ANNEAL OXIDE|MEASURE OXIDE THICKNESS|SPIN COAT PHOTORESIST|SOFT BAKE|ALIGN MASK LEVEL 1|EXPOSE LITHO LEVEL 1|DEVELOP PHOTORESIST|INSPECT PATTERN LEVEL 1|HARD BAKE|OXIDE ETCH DRY|STRIP RESIST|CLEAN AFTER ETCH|DEPOSIT POLYSILICON|ANNEAL POLYSILICON|SPIN COAT PHOTORESIST|SOFT BAKE|ALIGN MASK LEVEL 2|EXPOSE LITHO LEVEL 2|DEVELOP PHOTORESIST|PATTERN INSPECTION LEVEL 2|POLYSILICON ETCH DRY|STRIP RESIST|CLEAN AFTER POLY ETCH|IMPLANT N-TYPE|PRE ANNEAL CHECK|RAPID THERMAL ANNEAL|MEASURE SHEET RESISTANCE|DENSIFY DIELECTRIC|MEASURE FILM THICKNESS|CMP DIELECTRIC|MEASURE PLANARITY|SPIN COAT PHOTORESIST|SOFT BAKE|ALIGN MASK LEVEL 3|EXPOSE LITHO LEVEL 3|DEVELOP PHOTORESIST|VIA OPENING INSPECTION|HARD BAKE|VIA ETCH THROUGH DIELECTRIC|STRIP RESIST|CLEAN AFTER VIA ETCH|MEASURE VIA CD|DEPOSIT BARRIER METAL|DEPOSIT TUNGSTEN SEED|FILL VIA TUNGSTEN|CMP METAL|MEASURE CONTACT RESISTANCE|DEPOSIT METAL 1|ANNEAL METAL 1|MEASURE METAL THICKNESS|SPIN COAT PHOTORESIST|SOFT BAKE|ALIGN MASK LEVEL 4|EXPOSE LITHO LEVEL 4|DEVELOP PHOTORESIST|METAL PATTERN INSPECTION|METAL ETCH DRY|STRIP PHOTORESIST|CLEAN AFTER METAL ETCH|DEPOSIT PASSIVATION|CURE PASSIVATION|MEASURE PASSIVATION QUALITY|OPEN BOND PAD WINDOW|PAD WINDOW LITHO|DEVELOP PHOTORESIST|PASSIVATION ETCH PAD OPENING|STRIP RESIST|CLEAN PAD OPENING|MEASURE PAD OPENING|BACKSIDE CLEAN FINAL|DEPOSIT BACKSIDE PROTECTION|BACKSIDE ANNEAL|FRONTSIDE CLEAN FINAL|FINAL CLEAN|FINAL THICKNESS MEASURE|FINAL GEOMETRY CHECK|FINAL CD INSPECTION|FINAL PARTICLE INSPECTION|FINAL ELECTRICAL TEST PREP|PARAMETRIC TEST|LEAKAGE TEST|THRESHOLD VOLTAGE TEST|SWITCHING TEST|WAFER SORT TEST|YIELD ANALYSIS|FINAL LOT RELEASE|PACKAGE PREPARATION|SHIP LOT,RULE_CMP_NO_DEP
anomaly_0166,MOSFET,RECEIVE WAFER LOT|LOT IDENTIFICATION|INITIAL WAFER INSPECTION|MEASURE THICKNESS|MEASURE SURFACE PARTICLES|PRE CLEAN WAFER|BACKSIDE CLEAN|WET CLEAN RCA1|RCA CLEAN 2|HF DIP|SUBSTRATE CHECK|EPITAXY PREP|EPITAXIAL DEPOSITION|MEASURE EPITAXY THICKNESS|MEASURE RESISTIVITY|EPITAXY ANNEAL|WAFER SURFACE CLEAN|THERMAL OXIDATION|MEASURE OXIDE THICKNESS|SPIN COAT PHOTORESIST|SOFT BAKE|ALIGN MASK LEVEL 1|EXPOSE LITHO LEVEL 1|POST EXPOSE BAKE|DEVELOP PHOTORESIST|PATTERN INSPECTION LEVEL 1|OXIDE ETCH|STRIP RESIST|CLEAN AFTER ETCH|MEASURE OPENING CD|IMPLANT WELL|PRE ANNEAL CHECK|DRIVE IN DIFFUSION|RAPID THERMAL ANNEAL|THERMAL OXIDATION|GATE OXIDE PREP|GATE OXIDE GROWTH|MEASURE GATE OXIDE THICKNESS|DEPOSIT POLYSILICON|POLYSILICON ANNEAL|MEASURE POLY THICKNESS|SPIN COAT PHOTORESIST|SOFT BAKE|ALIGN MASK LEVEL 2|EXPOSE LITHO LEVEL 2|POST EXPOSE BAKE|DEVELOP PHOTORESIST|POLY PATTERN INSPECTION|POLYSILICON ETCH|STRIP PHOTORESIST|CLEAN AFTER POLY ETCH|MEASURE GATE CD|IMPLANT SOURCE DRAIN|LIGHT ANNEAL|DEPOSIT SPACER DIELECTRIC|ANISOTROPIC ETCH SPACER|MEASURE SPACER WIDTH|IMPLANT LDD|PRE ANNEAL CHECK|RAPID THERMAL ANNEAL|MEASURE JUNCTION PROFILE|DEPOSIT INTERLEVEL DIELECTRIC|DENSIFY DIELECTRIC|MEASURE FILM THICKNESS|CMP DIELECTRIC|MEASURE PLANARITY|SPIN COAT PHOTORESIST|SOFT BAKE|DEVELOP PHOTORESIST|VIA OPENING INSPECTION|HARD BAKE|VIA ETCH|STRIP PHOTORESIST|CLEAN AFTER VIA ETCH|MEASURE VIA CD|DEPOSIT BARRIER METAL|DEPOSIT METAL SEED|FILL VIA METAL|CMP METAL|MEASURE CONTACT RESISTANCE|DEPOSIT METAL 1|ANNEAL METAL|MEASURE METAL THICKNESS|SPIN COAT PHOTORESIST|SOFT BAKE|ALIGN MASK LEVEL 4|EXPOSE LITHO LEVEL 4|DEVELOP PHOTORESIST|METAL PATTERN INSPECTION|HARD BAKE|METAL ETCH|STRIP RESIST|CLEAN AFTER METAL ETCH|MEASURE LINE WIDTH|DEPOSIT PASSIVATION|CURE PASSIVATION|MEASURE PASSIVATION QUALITY|OPEN PAD WINDOW|PAD WINDOW LITHO|DEVELOP PAD WINDOW|PASSIVATION ETCH|STRIP PHOTORESIST|CLEAN PAD OPENING|MEASURE PAD OPENING|BACKSIDE CLEAN|BACKSIDE GRIND|MEASURE THICKNESS|BACKSIDE ETCH CLEAN|BACKSIDE RINSE|BACKSIDE DRY|BACKSIDE METALLIZATION PREP|DEPOSIT BACKSIDE METAL|BACKSIDE ANNEAL|MEASURE BACKSIDE CONTACT|FINAL CLEAN|FINAL THICKNESS MEASURE|FINAL GEOMETRY CHECK|FINAL CD INSPECTION|FINAL PARTICLE INSPECTION|ELECTRICAL PARAMETRIC TEST|LEAKAGE TEST|THRESHOLD VOLTAGE TEST|SWITCHING TEST|WAFER SORT TEST|YIELD ANALYSIS|LOT RELEASE|SHIP LOT,RULE_LITHO_LEVEL_SKIP
anomaly_0822,MOSFET,RECEIVE WAFER LOT|LOT IDENTIFICATION|INITIAL WAFER INSPECTION|MEASURE THICKNESS|MEASURE SURFACE PARTICLES|PRE CLEAN WAFER|BACKSIDE CLEAN|WET CLEAN RCA1|RCA CLEAN 2|HF DIP|DRY WAFER|SUBSTRATE CHECK|EPITAXY PREP|EPITAXIAL DEPOSITION|MEASURE EPITAXY THICKNESS|MEASURE RESISTIVITY|EPITAXY ANNEAL|WAFER SURFACE CLEAN|THERMAL OXIDATION|MEASURE OXIDE THICKNESS|SPIN COAT PHOTORESIST|SOFT BAKE|ALIGN MASK LEVEL 1|EXPOSE LITHO LEVEL 1|DEVELOP PHOTORESIST|PATTERN INSPECTION LEVEL 1|HARD BAKE|OXIDE ETCH|STRIP RESIST|CLEAN AFTER ETCH|IMPLANT WELL|PRE ANNEAL CHECK|DRIVE IN DIFFUSION|RAPID THERMAL ANNEAL|MEASURE JUNCTION DEPTH|THERMAL OXIDATION|GATE OXIDE PREP|GATE OXIDE GROWTH|MEASURE GATE OXIDE THICKNESS|DEPOSIT POLYSILICON|POLYSILICON ANNEAL|MEASURE POLY THICKNESS|SPIN COAT PHOTORESIST|SOFT BAKE|ALIGN MASK LEVEL 2|EXPOSE LITHO LEVEL 2|DEVELOP PHOTORESIST|POLY PATTERN INSPECTION|HARD BAKE|POLYSILICON ETCH|STRIP RESIST|CLEAN AFTER POLY ETCH|MEASURE GATE CD|IMPLANT SOURCE DRAIN|LIGHT ANNEAL|MEASURE SHEET RESISTANCE|DEPOSIT SPACER DIELECTRIC|ANISOTROPIC ETCH SPACER|IMPLANT LDD|PRE ANNEAL CHECK|RAPID THERMAL ANNEAL|MEASURE JUNCTION PROFILE|DEPOSIT INTERLAYER DIELECTRIC|DENSIFY DIELECTRIC|MEASURE FILM THICKNESS|CMP DIELECTRIC|MEASURE SURFACE PLANARITY|SPIN COAT PHOTORESIST|SOFT BAKE|ALIGN MASK LEVEL 3|EXPOSE LITHO LEVEL 3|DEVELOP PHOTORESIST|VIA INSPECTION|HARD BAKE|DIELECTRIC ETCH VIA|STRIP RESIST|CLEAN AFTER VIA ETCH|MEASURE VIA CD|CMP VIA FILL|MEASURE VIA RESISTANCE|DEPOSIT TOP METAL|ANNEAL METAL|MEASURE METAL THICKNESS|SPIN COAT PHOTORESIST|SOFT BAKE|ALIGN MASK LEVEL 4|EXPOSE LITHO LEVEL 4|DEVELOP PHOTORESIST|METAL PATTERN INSPECTION|METAL ETCH|STRIP PHOTORESIST|CLEAN AFTER METAL ETCH|MEASURE LINE WIDTH|DEPOSIT PASSIVATION LAYER|CURE PASSIVATION|MEASURE PASSIVATION QUALITY|OPEN BOND PAD WINDOW|OPEN PAD WINDOW LITHO|DEVELOP PHOTORESIST|PASSIVATION ETCH|STRIP RESIST|CLEAN PAD OPENING|MEASURE PAD OPENING|BACKSIDE CLEAN|BACKSIDE GRIND|MEASURE WAFER THICKNESS|BACKSIDE ETCH CLEAN|BACKSIDE RINSE|BACKSIDE DRY|BACKSIDE METALLIZATION PREP|DEPOSIT BACKSIDE METAL|BACKSIDE ANNEAL|MEASURE BACKSIDE CONTACT|FINAL CLEAN|FINAL CD INSPECTION|FINAL PARTICLE INSPECTION|PARAMETRIC TEST|LEAKAGE TEST|THRESHOLD VOLTAGE TEST|SWITCHING TEST|WAFER SORT TEST|YIELD ANALYSIS|FINAL LOT RELEASE|SHIP LOT,RULE_CMP_NO_DEP
anomaly_0961,IGBT,RECEIVE WAFER LOT|LOT IDENTIFICATION|INITIAL WAFER INSPECTION|MEASURE INITIAL THICKNESS|MEASURE SURFACE PARTICLES|PRE CLEAN WAFER|BACKSIDE CLEAN|FRONTSIDE CLEAN|WET CLEAN RCA1|RCA CLEAN 2|HF DIP|EPITAXIAL WAFER CHECK|MEASURE EPITAXY THICKNESS|MEASURE RESISTIVITY|EPITAXIAL LAYER PREP|THERMAL OXIDATION|MEASURE OXIDE THICKNESS|SPIN COAT PHOTORESIST|SOFT BAKE|ALIGN MASK LEVEL 1|EXPOSE LITHO LEVEL 1|DEVELOP PHOTORESIST|INSPECT PATTERN LEVEL 1|OXIDE ETCH DRY|STRIP PHOTORESIST|CLEAN AFTER OXIDE ETCH|MEASURE OPENING CD|IMPLANT P BODY|DRIVE IN DIFFUSION|RAPID THERMAL ANNEAL|MEASURE JUNCTION DEPTH|THERMAL OXIDATION|SPIN COAT PHOTORESIST|SOFT BAKE|ALIGN MASK LEVEL 2|EXPOSE LITHO LEVEL 2|DEVELOP PHOTORESIST|P BODY WINDOW INSPECTION|ETCH SILICON OR OXIDE WINDOW|STRIP RESIST|CLEAN AFTER WINDOW ETCH|IMPLANT N BUFFER|PRE ANNEAL CHECK|RAPID THERMAL ANNEAL|MEASURE SHEET RESISTANCE|DEPOSIT FIELD OXIDE|DENSIFY OXIDE|SPIN COAT PHOTORESIST|SOFT BAKE|ALIGN MASK LEVEL 3|EXPOSE LITHO LEVEL 3|DEVELOP PHOTORESIST|FIELD PATTERN INSPECTION|FIELD OXIDE ETCH|STRIP PHOTORESIST|CLEAN AFTER FIELD ETCH|MEASURE SURFACE UNIFORMITY|IMPLANT SOURCE REGION|IMPLANT DRAIN / CATHODE REGION|PRE ANNEAL CHECK|RAPID THERMAL ANNEAL|MEASURE SHEET RESISTANCE|DEPOSIT GATE OXIDE OR DIELECTRIC|ANNEAL DIELECTRIC|MEASURE OXIDE QUALITY|DEPOSIT POLYSILICON|POLYSILICON ANNEAL|MEASURE POLY THICKNESS|SPIN COAT PHOTORESIST|SOFT BAKE|ALIGN MASK LEVEL 4|EXPOSE LITHO LEVEL 4|POST EXPOSE BAKE|DEVELOP PHOTORESIST|POLY PATTERN INSPECTION|HARD BAKE|POLYSILICON ETCH DRY|STRIP PHOTORESIST|CLEAN AFTER POLY ETCH|MEASURE GATE CD|IMPLANT CHANNEL STOP|PRE ANNEAL CHECK|RAPID THERMAL ANNEAL|DENSIFY DIELECTRIC|MEASURE DIELECTRIC THICKNESS|CMP INTERLAYER DIELECTRIC|MEASURE SURFACE PLANARITY|SPIN COAT PHOTORESIST|SOFT BAKE|ALIGN MASK LEVEL 5|EXPOSE LITHO LEVEL 5|DEVELOP PHOTORESIST|VIA OPENING INSPECTION|HARD BAKE|VIA ETCH THROUGH DIELECTRIC|STRIP RESIST|CLEAN AFTER VIA ETCH|MEASURE VIA CD|DEPOSIT BARRIER METAL|DEPOSIT METAL SEED|FILL VIA METAL|CMP METAL|MEASURE VIA RESISTANCE|DEPOSIT TOP METAL|ANNEAL METAL|SPIN COAT PHOTORESIST|SOFT BAKE|ALIGN MASK LEVEL 6|EXPOSE LITHO LEVEL 6|DEVELOP PHOTORESIST|METAL PATTERN INSPECTION|HARD BAKE|METAL ETCH DRY|STRIP PHOTORESIST|CLEAN AFTER METAL ETCH|MEASURE LINE WIDTH|DEPOSIT PASSIVATION LAYER|CURE PASSIVATION|MEASURE PASSIVATION THICKNESS|OPEN BOND PAD WINDOW|PAD WINDOW LITHO|DEVELOP PAD WINDOW|PASSIVATION ETCH PAD OPENING|STRIP RESIST|CLEAN PAD OPENING|MEASURE PAD OPENING|BACKSIDE GRIND|MEASURE THICKNESS|BACKSIDE ETCH CLEAN|BACKSIDE RINSE|BACKSIDE DRY|BACKSIDE METALLIZATION PREP|DEPOSIT BACKSIDE METAL|BACKSIDE ANNEAL|MEASURE BACKSIDE CONTACT|FINAL CLEAN|FINAL GEOMETRY CHECK|FINAL PARTICLE INSPECTION|PARAMETRIC TEST|LEAKAGE TEST|BREAKDOWN VOLTAGE TEST|SWITCHING TEST|WAFER SORT TEST|YIELD ANALYSIS|FINAL LOT RELEASE|SHIP LOT,RULE_CMP_NO_DEP
anomaly_0882,IGBT,RECEIVE WAFER LOT|LOT IDENTIFICATION|INITIAL WAFER INSPECTION|MEASURE INITIAL THICKNESS|MEASURE SURFACE PARTICLES|PRE CLEAN WAFER|BACKSIDE CLEAN|FRONTSIDE CLEAN|WET CLEAN RCA1|RCA CLEAN 2|HF DIP|DRY WAFER|EPITAXIAL WAFER CHECK|MEASURE EPITAXY THICKNESS|MEASURE RESISTIVITY|EPITAXIAL REWORK CHECK|EPITAXIAL LAYER PREP|THERMAL OXIDATION|MEASURE OXIDE THICKNESS|SPIN COAT PHOTORESIST|SOFT BAKE|ALIGN MASK LEVEL 1|EXPOSE LITHO LEVEL 1|DEVELOP PHOTORESIST|INSPECT PATTERN LEVEL 1|HARD BAKE|OXIDE ETCH DRY|STRIP PHOTORESIST|CLEAN AFTER OXIDE ETCH|IMPLANT P BODY|PRE ANNEAL CHECK|DRIVE IN DIFFUSION|RAPID THERMAL ANNEAL|THERMAL OXIDATION|SPIN COAT PHOTORESIST|SOFT BAKE|ALIGN MASK LEVEL 2|EXPOSE LITHO LEVEL 2|DEVELOP PHOTORESIST|P BODY WINDOW INSPECTION|HARD BAKE|ETCH SILICON OR OXIDE WINDOW|STRIP RESIST|CLEAN AFTER WINDOW ETCH|MEASURE WINDOW CD|IMPLANT N BUFFER|RAPID THERMAL ANNEAL|MEASURE SHEET RESISTANCE|DEPOSIT FIELD OXIDE|DENSIFY OXIDE|MEASURE FILM THICKNESS|SPIN COAT PHOTORESIST|SOFT BAKE|ALIGN MASK LEVEL 3|EXPOSE LITHO LEVEL 3|DEVELOP PHOTORESIST|FIELD PATTERN INSPECTION|FIELD OXIDE ETCH|STRIP PHOTORESIST|CLEAN AFTER FIELD ETCH|MEASURE SURFACE UNIFORMITY|IMPLANT SOURCE REGION|IMPLANT DRAIN / CATHODE REGION|PRE ANNEAL CHECK|RAPID THERMAL ANNEAL|MEASURE SHEET RESISTANCE|DEPOSIT GATE OXIDE OR DIELECTRIC|ANNEAL DIELECTRIC|MEASURE OXIDE QUALITY|DEPOSIT POLYSILICON|POLYSILICON ANNEAL|MEASURE POLY THICKNESS|SPIN COAT PHOTORESIST|SOFT BAKE|ALIGN MASK LEVEL 4|EXPOSE LITHO LEVEL 4|POST EXPOSE BAKE|DEVELOP PHOTORESIST|POLY PATTERN INSPECTION|POLYSILICON ETCH DRY|STRIP PHOTORESIST|CLEAN AFTER POLY ETCH|MEASURE GATE CD|IMPLANT CHANNEL STOP|PRE ANNEAL CHECK|RAPID THERMAL ANNEAL|MEASURE DEVICE PARAMETER|DEPOSIT INTERLEVEL DIELECTRIC|DENSIFY OXIDE|MEASURE DIELECTRIC THICKNESS|CMP INTERLAYER DIELECTRIC|MEASURE SURFACE PLANARITY|SPIN COAT PHOTORESIST|SOFT BAKE|ALIGN MASK LEVEL 5|EXPOSE LITHO LEVEL 5|DEVELOP PHOTORESIST|VIA OPENING INSPECTION|VIA ETCH|STRIP RESIST|MEASURE VIA CD|DEPOSIT BARRIER METAL|DEPOSIT METAL SEED|FILL VIA METAL|CMP VIA FILL|MEASURE VIA RESISTANCE|DEPOSIT METAL 1|ANNEAL METAL 1|MEASURE METAL THICKNESS|SPIN COAT PHOTORESIST|SOFT BAKE|ALIGN MASK LEVEL 6|EXPOSE LITHO LEVEL 6|POST EXPOSE BAKE|DEVELOP PHOTORESIST|METAL PATTERN INSPECTION|HARD BAKE|METAL ETCH DRY|STRIP RESIST|CLEAN AFTER METAL ETCH|DEPOSIT PASSIVATION LAYER|CURE PASSIVATION|MEASURE PASSIVATION QUALITY|OPEN PAD WINDOW|OPEN PAD WINDOW LITHO|DEVELOP PHOTORESIST|PASSIVATION ETCH PAD OPENING|STRIP PHOTORESIST|CLEAN PAD OPENING|MEASURE PAD OPENING|BACKSIDE GRIND|MEASURE WAFER THICKNESS|BACKSIDE ETCH CLEAN|BACKSIDE RINSE|BACKSIDE DRY|BACKSIDE METALLIZATION PREP|DEPOSIT BACKSIDE METAL|BACKSIDE ANNEAL|MEASURE BACKSIDE CONTACT|FINAL CLEAN|FINAL THICKNESS MEASURE|FINAL GEOMETRY CHECK|FINAL CD INSPECTION|FINAL PARTICLE INSPECTION|ELECTRICAL PARAMETRIC TEST|LEAKAGE TEST|BREAKDOWN VOLTAGE TEST|SWITCHING TEST|YIELD ANALYSIS|WAFER SORT TEST|LOT RELEASE|SHIP LOT,RULE_DEP_NO_CLEAN
anomaly_0987,IC,RECEIVE WAFER LOT|LOT IDENTIFICATION|INITIAL WAFER INSPECTION|MEASURE SURFACE PARTICLES|GRINDING WAFER BACKSIDE|MEASURE GEOMETRY|ETCH WET BACKSIDE|RINSE WET WAFER_EDGE|MEASURE BACKSIDE ROUGHNESS|THERMAL OXIDATION|MEASURE OXIDE THICKNESS|WET CLEAN RCA1|RCA CLEAN 2|HF DIP|OXIDE STRIP|SURFACE PREP FOR DEPOSITION|DEPOSIT PAD OXIDE|ANNEAL OXIDE|MEASURE FILM THICKNESS|SPIN COAT PHOTORESIST|SOFT BAKE|ALIGN MASK LEVEL 1|EXPOSE LITHO LEVEL 1|DEVELOP PHOTORESIST|INSPECT PATTERN LEVEL 1|HARD BAKE|OXIDE ETCH DRY|STRIP PHOTORESIST|CLEAN AFTER ETCH|MEASURE CD LEVEL 1|DEPOSIT POLYSILICON|ANNEAL POLYSILICON|SPIN COAT PHOTORESIST|SOFT BAKE|ALIGN MASK LEVEL 2|EXPOSE LITHO LEVEL 2|DEVELOP PHOTORESIST|PATTERN INSPECTION LEVEL 2|POLYSILICON ETCH DRY|STRIP RESIST|CLEAN AFTER POLY ETCH|MEASURE CD LEVEL 2|IMPLANT N-TYPE|PRE ANNEAL CHECK|RAPID THERMAL ANNEAL|MEASURE SHEET RESISTANCE|DEPOSIT INTERLEVEL DIELECTRIC|DENSIFY OXIDE|MEASURE FILM THICKNESS|CMP DIELECTRIC|MEASURE PLANARITY|SPIN COAT PHOTORESIST|SOFT BAKE|ALIGN MASK LEVEL 3|EXPOSE LITHO LEVEL 3|POST EXPOSE BAKE|DEVELOP PHOTORESIST|VIA OPENING INSPECTION|HARD BAKE|VIA ETCH|STRIP RESIST|CLEAN AFTER VIA ETCH|MEASURE VIA CD|DEPOSIT BARRIER METAL|DEPOSIT TUNGSTEN SEED|FILL VIA TUNGSTEN|CMP VIA FILL|DEPOSIT METAL 1|ANNEAL METAL 1|SPIN COAT PHOTORESIST|SOFT BAKE|ALIGN MASK LEVEL 4|EXPOSE LITHO LEVEL 4|POST EXPOSE BAKE|DEVELOP PHOTORESIST|METAL PATTERN INSPECTION|METAL ETCH DRY|STRIP PHOTORESIST|CLEAN AFTER METAL ETCH|MEASURE LINE WIDTH|DEPOSIT PASSIVATION LAYER|CURE PASSIVATION|MEASURE PASSIVATION QUALITY|OPEN BOND PAD WINDOW|PAD WINDOW LITHO|DEVELOP PAD WINDOW|PASSIVATION ETCH PAD OPENING|STRIP RESIST|CLEAN PAD OPENING|MEASURE PAD OPENING|BACKSIDE THINNING CHECK|BACKSIDE CLEAN|DEPOSIT BACKSIDE PROTECTION|BACKSIDE ANNEAL|FRONTSIDE CLEAN FINAL|FINAL CLEAN|FINAL THICKNESS MEASURE|FINAL GEOMETRY CHECK|FINAL OXIDE CHECK|FINAL PARTICLE INSPECTION|PARAMETRIC TEST|LEAKAGE TEST|SWITCHING TEST|WAFER SORT TEST|YIELD ANALYSIS|FINAL LOT RELEASE|PACKAGE PREPARATION|SHIP LOT,RULE_DEP_NO_CLEAN
anomaly_0641,IGBT,RECEIVE WAFER LOT|LOT IDENTIFICATION|INITIAL WAFER INSPECTION|MEASURE INITIAL THICKNESS|MEASURE SURFACE PARTICLES|PRE CLEAN WAFER|BACKSIDE CLEAN|FRONTSIDE CLEAN|RCA CLEAN 1|WET CLEAN RCA2|HF DIP|DRY WAFER|EPITAXIAL WAFER CHECK|MEASURE EPITAXY THICKNESS|MEASURE RESISTIVITY|EPITAXIAL REWORK CHECK|EPITAXIAL LAYER PREP|THERMAL OXIDATION|MEASURE OXIDE THICKNESS|SPIN COAT PHOTORESIST|SOFT BAKE|ALIGN MASK LEVEL 1|EXPOSE LITHO LEVEL 1|DEVELOP PHOTORESIST|INSPECT PATTERN LEVEL 1|OXIDE ETCH DRY|STRIP PHOTORESIST|CLEAN AFTER OXIDE ETCH|MEASURE OPENING CD|IMPLANT P BODY|PRE ANNEAL CHECK|DRIVE IN DIFFUSION|RAPID THERMAL ANNEAL|THERMAL OXIDATION|SPIN COAT PHOTORESIST|SOFT BAKE|ALIGN MASK LEVEL 2|EXPOSE LITHO LEVEL 2|POST EXPOSE BAKE|DEVELOP PHOTORESIST|P BODY WINDOW INSPECTION|ETCH SILICON OR OXIDE WINDOW|STRIP PHOTORESIST|CLEAN AFTER WINDOW ETCH|IMPLANT N BUFFER|PRE ANNEAL CHECK|RAPID THERMAL ANNEAL|EPITAXIAL REWORK CHECK|DEPOSIT FIELD OXIDE|DENSIFY OXIDE|MEASURE FILM THICKNESS|SPIN COAT PHOTORESIST|SOFT BAKE|ALIGN MASK LEVEL 3|EXPOSE LITHO LEVEL 3|POST EXPOSE BAKE|DEVELOP PHOTORESIST|FIELD PATTERN INSPECTION|HARD BAKE|FIELD OXIDE ETCH|STRIP PHOTORESIST|CLEAN AFTER FIELD ETCH|MEASURE SURFACE UNIFORMITY|IMPLANT SOURCE REGION|IMPLANT DRAIN / CATHODE REGION|PRE ANNEAL CHECK|RAPID THERMAL ANNEAL|MEASURE SHEET RESISTANCE|DEPOSIT GATE OXIDE OR DIELECTRIC|ANNEAL DIELECTRIC|MEASURE OXIDE QUALITY|DEPOSIT POLYSILICON|POLYSILICON ANNEAL|MEASURE POLY THICKNESS|SPIN COAT PHOTORESIST|SOFT BAKE|ALIGN MASK LEVEL 4|EXPOSE LITHO LEVEL 4|POST EXPOSE BAKE|DEVELOP PHOTORESIST|POLY PATTERN INSPECTION|HARD BAKE|POLYSILICON ETCH DRY|STRIP RESIST|CLEAN AFTER POLY ETCH|MEASURE GATE CD|IMPLANT CHANNEL STOP|PRE ANNEAL CHECK|RAPID THERMAL ANNEAL|MEASURE DEVICE PARAMETER|DEPOSIT INTERLEVEL DIELECTRIC|DENSIFY DIELECTRIC|MEASURE FILM THICKNESS|CMP DIELECTRIC|MEASURE SURFACE PLANARITY|SPIN COAT PHOTORESIST|SOFT BAKE|ALIGN MASK LEVEL 5|EXPOSE LITHO LEVEL 5|DEVELOP PHOTORESIST|VIA OPENING INSPECTION|HARD BAKE|VIA ETCH THROUGH DIELECTRIC|STRIP RESIST|CLEAN AFTER VIA ETCH|DEPOSIT BARRIER METAL|DEPOSIT METAL SEED|FILL VIA METAL|CMP METAL|MEASURE VIA RESISTANCE|DEPOSIT METAL 1|ANNEAL METAL|MEASURE METAL THICKNESS|SPIN COAT PHOTORESIST|SOFT BAKE|ALIGN MASK LEVEL 6|EXPOSE LITHO LEVEL 6|DEVELOP PHOTORESIST|METAL PATTERN INSPECTION|HARD BAKE|METAL ETCH DRY|STRIP PHOTORESIST|CLEAN AFTER METAL ETCH|MEASURE LINE WIDTH|DEPOSIT PASSIVATION LAYER|DEPOSIT BACKSIDE METAL|CURE PASSIVATION|MEASURE PASSIVATION QUALITY|OPEN PAD WINDOW|PAD WINDOW LITHO|DEVELOP PAD WINDOW|PASSIVATION ETCH PAD OPENING|STRIP RESIST|CLEAN PAD OPENING|MEASURE PAD OPENING|BACKSIDE GRIND|MEASURE THICKNESS|BACKSIDE ETCH CLEAN|BACKSIDE RINSE|BACKSIDE DRY|BACKSIDE METALLIZATION PREP|BACKSIDE ANNEAL|MEASURE BACKSIDE CONTACT|FINAL CLEAN|FINAL THICKNESS MEASURE|FINAL GEOMETRY CHECK|FINAL CD INSPECTION|PARAMETRIC TEST|LEAKAGE TEST|BREAKDOWN VOLTAGE TEST|SWITCHING TEST|YIELD ANALYSIS|WAFER SORT TEST|FINAL LOT RELEASE|SHIP LOT,RULE_BACKSIDE_BEFORE_PASSIVATION
anomaly_0183,MOSFET,RECEIVE WAFER LOT|LOT IDENTIFICATION|PRE CLEAN INSPECTION|MEASURE THICKNESS|MEASURE SURFACE PARTICLES|PRE CLEAN WAFER|BACKSIDE CLEAN|WET CLEAN RCA1|RCA CLEAN 2|HF DIP|DRY WAFER|SUBSTRATE CHECK|EPITAXY PREP|EPITAXIAL DEPOSITION|MEASURE EPITAXY THICKNESS|MEASURE RESISTIVITY|EPITAXY ANNEAL|WAFER SURFACE CLEAN|THERMAL OXIDATION|MEASURE OXIDE THICKNESS|SPIN COAT PHOTORESIST|SOFT BAKE|ALIGN MASK LEVEL 1|EXPOSE LITHO LEVEL 1|DEVELOP PHOTORESIST|PATTERN INSPECTION LEVEL 1|HARD BAKE|OXIDE ETCH|STRIP RESIST|CLEAN AFTER ETCH|MEASURE OPENING CD|IMPLANT WELL|PRE ANNEAL CHECK|DRIVE IN DIFFUSION|RAPID THERMAL ANNEAL|MEASURE JUNCTION DEPTH|THERMAL OXIDATION|GATE OXIDE PREP|GATE OXIDE GROWTH|MEASURE GATE OXIDE THICKNESS|DEPOSIT POLYSILICON|POLYSILICON ANNEAL|SPIN COAT PHOTORESIST|SOFT BAKE|ALIGN MASK LEVEL 2|EXPOSE LITHO LEVEL 2|DEVELOP PHOTORESIST|POLY PATTERN INSPECTION|POLYSILICON ETCH|STRIP PHOTORESIST|CLEAN AFTER POLY ETCH|IMPLANT SOURCE DRAIN|PRE ANNEAL CHECK|LIGHT ANNEAL|MEASURE SHEET RESISTANCE|DEPOSIT SPACER DIELECTRIC|ANISOTROPIC ETCH SPACER|MEASURE SPACER WIDTH|IMPLANT LDD|RAPID THERMAL ANNEAL|MEASURE JUNCTION PROFILE|DEPOSIT INTERLAYER DIELECTRIC|DENSIFY OXIDE|MEASURE DIELECTRIC THICKNESS|CMP INTERLAYER DIELECTRIC|MEASURE PLANARITY|SPIN COAT PHOTORESIST|SOFT BAKE|POST EXPOSE BAKE|DEVELOP PHOTORESIST|VIA OPENING INSPECTION|VIA ETCH|STRIP PHOTORESIST|CLEAN AFTER VIA ETCH|MEASURE VIA CD|DEPOSIT BARRIER METAL|DEPOSIT METAL SEED|FILL VIA METAL|CMP VIA FILL|MEASURE CONTACT RESISTANCE|DEPOSIT TOP METAL|ANNEAL METAL|SPIN COAT PHOTORESIST|SOFT BAKE|ALIGN MASK LEVEL 4|EXPOSE LITHO LEVEL 4|DEVELOP PHOTORESIST|METAL PATTERN INSPECTION|METAL ETCH|STRIP PHOTORESIST|CLEAN AFTER METAL ETCH|MEASURE LINE WIDTH|DEPOSIT PASSIVATION|CURE PASSIVATION|MEASURE PASSIVATION THICKNESS|OPEN PAD WINDOW|OPEN PAD WINDOW LITHO|DEVELOP PAD WINDOW|PASSIVATION ETCH|STRIP PHOTORESIST|CLEAN PAD OPENING|MEASURE PAD OPENING|BACKSIDE CLEAN|BACKSIDE GRIND|MEASURE WAFER THICKNESS|BACKSIDE ETCH CLEAN|BACKSIDE RINSE|BACKSIDE DRY|BACKSIDE METALLIZATION PREP|DEPOSIT BACKSIDE METAL|BACKSIDE ANNEAL|MEASURE BACKSIDE CONTACT|FINAL CLEAN|FINAL THICKNESS MEASURE|FINAL GEOMETRY CHECK|ELECTRICAL PARAMETRIC TEST|LEAKAGE TEST|THRESHOLD VOLTAGE TEST|SWITCHING TEST|WAFER SORT TEST|YIELD ANALYSIS|LOT RELEASE|SHIP LOT,RULE_LITHO_LEVEL_SKIP
anomaly_0004,IGBT,RECEIVE WAFER LOT|LOT IDENTIFICATION|PRE CLEAN INSPECTION|MEASURE INITIAL THICKNESS|MEASURE SURFACE PARTICLES|PRE CLEAN WAFER|BACKSIDE CLEAN|FRONTSIDE CLEAN|WET CLEAN RCA1|WET CLEAN RCA2|HF DIP|DRY WAFER|EPITAXIAL WAFER CHECK|MEASURE EPITAXY THICKNESS|MEASURE RESISTIVITY|EPITAXIAL LAYER PREP|THERMAL OXIDATION|MEASURE OXIDE THICKNESS|SPIN COAT PHOTORESIST|SOFT BAKE|ALIGN MASK LEVEL 1|EXPOSE LITHO LEVEL 1|DEVELOP PHOTORESIST|INSPECT PATTERN LEVEL 1|HARD BAKE|OXIDE ETCH DRY|STRIP PHOTORESIST|CLEAN AFTER OXIDE ETCH|MEASURE OPENING CD|IMPLANT P BODY|PRE ANNEAL CHECK|DRIVE IN DIFFUSION|RAPID THERMAL ANNEAL|MEASURE JUNCTION DEPTH|THERMAL OXIDATION|SPIN COAT PHOTORESIST|SOFT BAKE|ALIGN MASK LEVEL 2|EXPOSE LITHO LEVEL 2|POST EXPOSE BAKE|DEVELOP PHOTORESIST|P BODY WINDOW INSPECTION|ETCH SILICON OR OXIDE WINDOW|STRIP PHOTORESIST|CLEAN AFTER WINDOW ETCH|MEASURE WINDOW CD|IMPLANT N BUFFER|PRE ANNEAL CHECK|RAPID THERMAL ANNEAL|MEASURE SHEET RESISTANCE|EPITAXIAL REWORK CHECK|DEPOSIT FIELD OXIDE|DENSIFY OXIDE|MEASURE FILM THICKNESS|SPIN COAT PHOTORESIST|SOFT BAKE|ALIGN MASK LEVEL 3|EXPOSE LITHO LEVEL 3|POST EXPOSE BAKE|DEVELOP PHOTORESIST|FIELD PATTERN INSPECTION|FIELD OXIDE ETCH|STRIP RESIST|CLEAN AFTER FIELD ETCH|IMPLANT SOURCE REGION|IMPLANT DRAIN / CATHODE REGION|RAPID THERMAL ANNEAL|MEASURE SHEET RESISTANCE|DEPOSIT GATE OXIDE OR DIELECTRIC|ANNEAL DIELECTRIC|DEPOSIT POLYSILICON|POLYSILICON ANNEAL|MEASURE POLY THICKNESS|SPIN COAT PHOTORESIST|SOFT BAKE|ALIGN MASK LEVEL 4|EXPOSE LITHO LEVEL 4|POST EXPOSE BAKE|DEVELOP PHOTORESIST|POLY PATTERN INSPECTION|POLYSILICON ETCH DRY|STRIP RESIST|CLEAN AFTER POLY ETCH|MEASURE GATE CD|IMPLANT CHANNEL STOP|PRE ANNEAL CHECK|RAPID THERMAL ANNEAL|MEASURE DEVICE PARAMETER|DEPOSIT INTERLEVEL DIELECTRIC|DENSIFY DIELECTRIC|MEASURE FILM THICKNESS|CMP INTERLAYER DIELECTRIC|MEASURE SURFACE PLANARITY|SPIN COAT PHOTORESIST|SOFT BAKE|ALIGN MASK LEVEL 5|EXPOSE LITHO LEVEL 5|DEVELOP PHOTORESIST|VIA OPENING INSPECTION|DIELECTRIC ETCH VIA|STRIP PHOTORESIST|DEPOSIT BARRIER METAL|DEPOSIT METAL SEED|FILL VIA METAL|CMP METAL|MEASURE CONTACT RESISTANCE|DEPOSIT TOP METAL|ANNEAL METAL 1|MEASURE METAL THICKNESS|SPIN COAT PHOTORESIST|SOFT BAKE|ALIGN MASK LEVEL 6|EXPOSE LITHO LEVEL 6|DEVELOP PHOTORESIST|METAL PATTERN INSPECTION|METAL ETCH DRY|STRIP PHOTORESIST|CLEAN AFTER METAL ETCH|MEASURE LINE WIDTH|DEPOSIT PASSIVATION|CURE PASSIVATION|MEASURE PASSIVATION QUALITY|OPEN PAD WINDOW|PAD WINDOW LITHO|DEVELOP PAD WINDOW|PASSIVATION ETCH PAD OPENING|STRIP PHOTORESIST|CLEAN PAD OPENING|MEASURE PAD OPENING|BACKSIDE GRIND|MEASURE WAFER THICKNESS|BACKSIDE ETCH CLEAN|BACKSIDE RINSE|BACKSIDE DRY|BACKSIDE METALLIZATION PREP|DEPOSIT BACKSIDE METAL|BACKSIDE ANNEAL|MEASURE BACKSIDE CONTACT|FINAL CLEAN|FINAL THICKNESS MEASURE|FINAL GEOMETRY CHECK|FINAL CD INSPECTION|FINAL PARTICLE INSPECTION|ELECTRICAL PARAMETRIC TEST|LEAKAGE TEST|BREAKDOWN VOLTAGE TEST|SWITCHING TEST|YIELD ANALYSIS|WAFER SORT TEST|FINAL LOT RELEASE|SHIP LOT,RULE_DEP_NO_CLEAN
anomaly_0657,MOSFET,RECEIVE WAFER LOT|LOT IDENTIFICATION|PRE CLEAN INSPECTION|MEASURE THICKNESS|MEASURE SURFACE PARTICLES|PRE CLEAN WAFER|FRONTSIDE CLEAN|RCA CLEAN 1|WET CLEAN RCA2|HF DIP|SUBSTRATE CHECK|EPITAXY PREP|EPITAXIAL DEPOSITION|MEASURE EPITAXY THICKNESS|MEASURE RESISTIVITY|EPITAXY ANNEAL|WAFER SURFACE CLEAN|THERMAL OXIDATION|MEASURE OXIDE THICKNESS|SPIN COAT PHOTORESIST|SOFT BAKE|ALIGN MASK LEVEL 1|EXPOSE LITHO LEVEL 1|DEVELOP PHOTORESIST|PATTERN INSPECTION LEVEL 1|HARD BAKE|OXIDE ETCH|STRIP RESIST|CLEAN AFTER ETCH|MEASURE OPENING CD|IMPLANT WELL|DRIVE IN DIFFUSION|RAPID THERMAL ANNEAL|MEASURE JUNCTION DEPTH|THERMAL OXIDATION|GATE OXIDE PREP|GATE OXIDE GROWTH|MEASURE GATE OXIDE THICKNESS|DEPOSIT POLYSILICON|POLYSILICON ANNEAL|SPIN COAT PHOTORESIST|SOFT BAKE|ALIGN MASK LEVEL 2|EXPOSE LITHO LEVEL 2|DEVELOP PHOTORESIST|POLY PATTERN INSPECTION|POLYSILICON ETCH|STRIP PHOTORESIST|CLEAN AFTER POLY ETCH|MEASURE GATE CD|IMPLANT SOURCE DRAIN|LIGHT ANNEAL|MEASURE SHEET RESISTANCE|DEPOSIT SPACER DIELECTRIC|ANISOTROPIC ETCH SPACER|IMPLANT LDD|PRE ANNEAL CHECK|RAPID THERMAL ANNEAL|DEPOSIT INTERLEVEL DIELECTRIC|DENSIFY DIELECTRIC|MEASURE FILM THICKNESS|CMP INTERLAYER DIELECTRIC|MEASURE SURFACE PLANARITY|SPIN COAT PHOTORESIST|SOFT BAKE|ALIGN MASK LEVEL 3|EXPOSE LITHO LEVEL 3|DEVELOP PHOTORESIST|VIA INSPECTION|HARD BAKE|DIELECTRIC ETCH VIA|STRIP RESIST|CLEAN AFTER VIA ETCH|DEPOSIT BARRIER METAL|DEPOSIT METAL SEED|FILL VIA METAL|CMP VIA FILL|MEASURE VIA RESISTANCE|DEPOSIT TOP METAL|ANNEAL METAL|SPIN COAT PHOTORESIST|SOFT BAKE|ALIGN MASK LEVEL 4|DEVELOP PHOTORESIST|METAL PATTERN INSPECTION|HARD BAKE|METAL ETCH|STRIP PHOTORESIST|CLEAN AFTER METAL ETCH|MEASURE LINE WIDTH|DEPOSIT PASSIVATION|CURE PASSIVATION|MEASURE PASSIVATION QUALITY|OPEN PAD WINDOW|OPEN PAD WINDOW LITHO|DEVELOP PHOTORESIST|PASSIVATION ETCH PAD OPENING|STRIP PHOTORESIST|CLEAN PAD OPENING|MEASURE PAD OPENING|BACKSIDE CLEAN|BACKSIDE GRIND|MEASURE THICKNESS|BACKSIDE ETCH CLEAN|BACKSIDE RINSE|BACKSIDE DRY|BACKSIDE METALLIZATION PREP|DEPOSIT BACKSIDE METAL|BACKSIDE ANNEAL|MEASURE BACKSIDE CONTACT|FINAL CLEAN|FINAL THICKNESS MEASURE|FINAL GEOMETRY CHECK|FINAL CD INSPECTION|FINAL PARTICLE INSPECTION|ELECTRICAL PARAMETRIC TEST|LEAKAGE TEST|THRESHOLD VOLTAGE TEST|SWITCHING TEST|WAFER SORT TEST|YIELD ANALYSIS|FINAL LOT RELEASE|SHIP LOT,RULE_METAL_ETCH_NO_LITHO
anomaly_0788,MOSFET,RECEIVE WAFER LOT|LOT IDENTIFICATION|PRE CLEAN INSPECTION|MEASURE THICKNESS|MEASURE SURFACE PARTICLES|PRE CLEAN WAFER|BACKSIDE CLEAN|FRONTSIDE CLEAN|RCA CLEAN 1|RCA CLEAN 2|HF DIP|DRY WAFER|SUBSTRATE CHECK|EPITAXY PREP|EPITAXIAL DEPOSITION|MEASURE EPITAXY THICKNESS|MEASURE RESISTIVITY|EPITAXY ANNEAL|WAFER SURFACE CLEAN|THERMAL OXIDATION|MEASURE OXIDE THICKNESS|SPIN COAT PHOTORESIST|SOFT BAKE|ALIGN MASK LEVEL 1|EXPOSE LITHO LEVEL 1|POST EXPOSE BAKE|DEVELOP PHOTORESIST|PATTERN INSPECTION LEVEL 1|OXIDE ETCH|STRIP RESIST|CLEAN AFTER ETCH|MEASURE OPENING CD|IMPLANT WELL|PRE ANNEAL CHECK|DRIVE IN DIFFUSION|RAPID THERMAL ANNEAL|MEASURE JUNCTION DEPTH|THERMAL OXIDATION|GATE OXIDE PREP|GATE OXIDE GROWTH|MEASURE GATE OXIDE THICKNESS|DEPOSIT POLYSILICON|POLYSILICON ANNEAL|SPIN COAT PHOTORESIST|SOFT BAKE|ALIGN MASK LEVEL 2|EXPOSE LITHO LEVEL 2|POST EXPOSE BAKE|DEVELOP PHOTORESIST|POLY PATTERN INSPECTION|HARD BAKE|POLYSILICON ETCH|STRIP RESIST|CLEAN AFTER POLY ETCH|MEASURE GATE CD|IMPLANT SOURCE DRAIN|LIGHT ANNEAL|MEASURE SHEET RESISTANCE|DEPOSIT SPACER DIELECTRIC|ANISOTROPIC ETCH SPACER|MEASURE SPACER WIDTH|IMPLANT LDD|PRE ANNEAL CHECK|RAPID THERMAL ANNEAL|MEASURE JUNCTION PROFILE|DEPOSIT INTERLEVEL DIELECTRIC|DENSIFY DIELECTRIC|MEASURE FILM THICKNESS|CMP INTERLAYER DIELECTRIC|MEASURE SURFACE PLANARITY|SPIN COAT PHOTORESIST|SOFT BAKE|ALIGN MASK LEVEL 3|EXPOSE LITHO LEVEL 3|DEVELOP PHOTORESIST|VIA OPENING INSPECTION|VIA ETCH THROUGH DIELECTRIC|STRIP RESIST|CLEAN AFTER VIA ETCH|MEASURE VIA CD|DEPOSIT BARRIER METAL|DEPOSIT METAL SEED|FILL VIA METAL|CMP VIA FILL|DEPOSIT TOP METAL|ANNEAL METAL|MEASURE METAL THICKNESS|SPIN COAT PHOTORESIST|SOFT BAKE|ALIGN MASK LEVEL 4|EXPOSE LITHO LEVEL 4|POST EXPOSE BAKE|DEVELOP PHOTORESIST|METAL PATTERN INSPECTION|METAL ETCH|STRIP PHOTORESIST|CLEAN AFTER METAL ETCH|MEASURE LINE WIDTH|OPEN BOND PAD WINDOW|DEPOSIT PASSIVATION|CURE PASSIVATION|MEASURE PASSIVATION THICKNESS|OPEN PAD WINDOW LITHO|DEVELOP PHOTORESIST|PASSIVATION ETCH PAD OPENING|STRIP RESIST|CLEAN PAD OPENING|MEASURE PAD OPENING|BACKSIDE CLEAN|BACKSIDE GRIND|MEASURE THICKNESS|BACKSIDE ETCH CLEAN|BACKSIDE RINSE|BACKSIDE DRY|BACKSIDE METALLIZATION PREP|DEPOSIT BACKSIDE METAL|BACKSIDE ANNEAL|MEASURE BACKSIDE CONTACT|FINAL CLEAN|FINAL THICKNESS MEASURE|FINAL GEOMETRY CHECK|FINAL PARTICLE INSPECTION|PARAMETRIC TEST|LEAKAGE TEST|THRESHOLD VOLTAGE TEST|SWITCHING TEST|WAFER SORT TEST|YIELD ANALYSIS|FINAL LOT RELEASE|SHIP LOT,RULE_PAD_OPEN_BEFORE_DEP
anomaly_0769,IC,RECEIVE WAFER LOT|LOT IDENTIFICATION|PRE CLEAN INSPECTION|MEASURE INITIAL THICKNESS|MEASURE SURFACE PARTICLES|WAFER CLEAN PRE PROCESS|BACKSIDE CLEAN|WET CLEAN RCA1|RCA CLEAN 2|HF DIP|DRY WAFER|WAFER CLEAN PRE-GRIND|GRINDING WAFER BACKSIDE|MEASURE INITIAL GEOMETRY|ETCH WET BACKSIDE|RINSE WET WAFER_EDGE|DRY WAFER BACKSIDE|BACKSIDE CLEAN|MEASURE BACKSIDE ROUGHNESS|THERMAL OXIDATION|MEASURE OXIDE THICKNESS|WET CLEAN RCA1|WET CLEAN RCA2|HF DIP|OXIDE STRIP|SURFACE PREP FOR DEPOSITION|DEPOSIT PAD OXIDE|ANNEAL OXIDE|MEASURE FILM THICKNESS|SPIN COAT PHOTORESIST|SOFT BAKE|ALIGN MASK LEVEL 1|EXPOSE LITHO LEVEL 1|DEVELOP PHOTORESIST|INSPECT PATTERN LEVEL 1|HARD BAKE|OXIDE ETCH DRY|STRIP PHOTORESIST|CLEAN AFTER ETCH|MEASURE CD LEVEL 1|DEPOSIT POLYSILICON|ANNEAL POLYSILICON|SPIN COAT PHOTORESIST|SOFT BAKE|ALIGN MASK LEVEL 2|EXPOSE LITHO LEVEL 2|DEVELOP PHOTORESIST|PATTERN INSPECTION LEVEL 2|POLYSILICON ETCH DRY|STRIP RESIST LEVEL 2|CLEAN AFTER POLY ETCH|MEASURE CD LEVEL 2|IMPLANT N-TYPE|PRE ANNEAL CHECK|RAPID THERMAL ANNEAL|DEPOSIT INTERLEVEL DIELECTRIC|DENSIFY OXIDE|MEASURE DIELECTRIC THICKNESS|CMP INTERLAYER DIELECTRIC|MEASURE SURFACE PLANARITY|SPIN COAT PHOTORESIST|SOFT BAKE|DEVELOP PHOTORESIST|VIA INSPECTION|DIELECTRIC ETCH VIA|STRIP RESIST|CLEAN AFTER VIA ETCH|MEASURE VIA CD|DEPOSIT BARRIER METAL|DEPOSIT TUNGSTEN SEED|FILL VIA TUNGSTEN|CMP VIA FILL|MEASURE CONTACT RESISTANCE|DEPOSIT METAL 1|ANNEAL METAL 1|MEASURE METAL THICKNESS|SPIN COAT PHOTORESIST|SOFT BAKE|ALIGN MASK LEVEL 4|EXPOSE LITHO LEVEL 4|DEVELOP PHOTORESIST|METAL PATTERN INSPECTION|METAL ETCH DRY|STRIP RESIST|CLEAN AFTER METAL ETCH|DEPOSIT PASSIVATION LAYER|CURE PASSIVATION|MEASURE PASSIVATION QUALITY|OPEN PAD WINDOW|OPEN PAD WINDOW LITHO|DEVELOP PAD WINDOW|PASSIVATION ETCH PAD OPENING|STRIP RESIST|CLEAN PAD OPENING|MEASURE PAD OPENING|BACKSIDE CLEAN FINAL|DEPOSIT BACKSIDE PROTECTION|BACKSIDE ANNEAL|FRONTSIDE CLEAN FINAL|FINAL CLEAN|FINAL THICKNESS MEASURE|FINAL GEOMETRY CHECK|FINAL OXIDE CHECK|FINAL PARTICLE INSPECTION|FINAL ELECTRICAL TEST PREP|ELECTRICAL PARAMETRIC TEST|LEAKAGE TEST|THRESHOLD VOLTAGE TEST|SWITCHING TEST|WAFER SORT TEST|YIELD ANALYSIS|LOT RELEASE|PACKAGE PREPARATION|SHIP LOT,RULE_LITHO_LEVEL_SKIP
anomaly_0818,IC,RECEIVE WAFER LOT|LOT IDENTIFICATION|PRE CLEAN INSPECTION|MEASURE INITIAL THICKNESS|WAFER CLEAN PRE PROCESS|BACKSIDE CLEAN|FRONTSIDE CLEAN|RCA CLEAN 1|RCA CLEAN 2|HF DIP|WAFER CLEAN PRE-GRIND|GRINDING WAFER BACKSIDE|MEASURE INITIAL GEOMETRY|ETCH WET BACKSIDE|RINSE WET WAFER_EDGE|DRY WAFER BACKSIDE|BACKSIDE CLEAN|MEASURE BACKSIDE ROUGHNESS|THERMAL OXIDATION|MEASURE OXIDE THICKNESS|RCA CLEAN 1|WET CLEAN RCA2|HF DIP|OXIDE STRIP|SURFACE PREP FOR DEPOSITION|DEPOSIT PAD OXIDE|ANNEAL OXIDE|MEASURE OXIDE THICKNESS|SPIN COAT PHOTORESIST|SOFT BAKE|ALIGN MASK LEVEL 1|EXPOSE LITHO LEVEL 1|DEVELOP PHOTORESIST|INSPECT PATTERN LEVEL 1|HARD BAKE|STRIP RESIST|CLEAN AFTER ETCH|DEPOSIT POLYSILICON|ANNEAL POLYSILICON|SPIN COAT PHOTORESIST|SOFT BAKE|ALIGN MASK LEVEL 2|EXPOSE LITHO LEVEL 2|PATTERN INSPECTION LEVEL 2|POLYSILICON ETCH DRY|STRIP RESIST|CLEAN AFTER POLY ETCH|MEASURE CD LEVEL 2|IMPLANT N-TYPE|PRE ANNEAL CHECK|RAPID THERMAL ANNEAL|MEASURE SHEET RESISTANCE|DEPOSIT INTERLAYER DIELECTRIC|DENSIFY DIELECTRIC|MEASURE DIELECTRIC THICKNESS|CMP INTERLAYER DIELECTRIC|MEASURE SURFACE PLANARITY|SPIN COAT PHOTORESIST|SOFT BAKE|ALIGN MASK LEVEL 3|EXPOSE LITHO LEVEL 3|DEVELOP PHOTORESIST|VIA OPENING INSPECTION|DIELECTRIC ETCH VIA|STRIP RESIST|CLEAN AFTER VIA ETCH|MEASURE VIA CD|DEPOSIT BARRIER METAL|DEPOSIT TUNGSTEN SEED|FILL VIA TUNGSTEN|CMP VIA FILL|MEASURE VIA RESISTANCE|DEPOSIT TOP METAL|ANNEAL METAL 1|MEASURE METAL THICKNESS|SPIN COAT PHOTORESIST|SOFT BAKE|ALIGN MASK LEVEL 4|EXPOSE LITHO LEVEL 4|DEVELOP PHOTORESIST|METAL PATTERN INSPECTION|METAL ETCH DRY|STRIP PHOTORESIST|CLEAN AFTER METAL ETCH|MEASURE LINE WIDTH|DEPOSIT PASSIVATION|CURE PASSIVATION|MEASURE PASSIVATION THICKNESS|OPEN BOND PAD WINDOW|OPEN PAD WINDOW LITHO|DEVELOP PAD WINDOW|PASSIVATION ETCH|STRIP RESIST|CLEAN PAD OPENING|MEASURE PAD OPENING|BACKSIDE THINNING CHECK|BACKSIDE CLEAN FINAL|DEPOSIT BACKSIDE PROTECTION|BACKSIDE ANNEAL|FINAL CLEAN|FINAL THICKNESS MEASURE|FINAL GEOMETRY CHECK|FINAL CD INSPECTION|ELECTRICAL PARAMETRIC TEST|LEAKAGE TEST|PARAMETRIC TEST|SWITCHING TEST|WAFER SORT TEST|YIELD ANALYSIS|LOT RELEASE|SHIP LOT,RULE_IMPLANT_NO_MASK
anomaly_0012,IGBT,RECEIVE WAFER LOT|LOT IDENTIFICATION|INITIAL WAFER INSPECTION|MEASURE INITIAL THICKNESS|PRE CLEAN WAFER|BACKSIDE CLEAN|FRONTSIDE CLEAN|WET CLEAN RCA1|WET CLEAN RCA2|HF DIP|DRY WAFER|EPITAXIAL WAFER CHECK|MEASURE EPITAXY THICKNESS|MEASURE RESISTIVITY|EPITAXIAL REWORK CHECK|EPITAXIAL LAYER PREP|THERMAL OXIDATION|MEASURE OXIDE THICKNESS|SPIN COAT PHOTORESIST|SOFT BAKE|ALIGN MASK LEVEL 1|EXPOSE LITHO LEVEL 1|DEVELOP PHOTORESIST|INSPECT PATTERN LEVEL 1|OXIDE ETCH DRY|STRIP RESIST|CLEAN AFTER OXIDE ETCH|MEASURE OPENING CD|IMPLANT P BODY|PRE ANNEAL CHECK|DRIVE IN DIFFUSION|RAPID THERMAL ANNEAL|MEASURE JUNCTION DEPTH|THERMAL OXIDATION|SPIN COAT PHOTORESIST|SOFT BAKE|ALIGN MASK LEVEL 2|EXPOSE LITHO LEVEL 2|DEVELOP PHOTORESIST|P BODY WINDOW INSPECTION|ETCH SILICON OR OXIDE WINDOW|STRIP PHOTORESIST|CLEAN AFTER WINDOW ETCH|MEASURE WINDOW CD|IMPLANT N BUFFER|PRE ANNEAL CHECK|RAPID THERMAL ANNEAL|DEPOSIT FIELD OXIDE|DENSIFY OXIDE|MEASURE FILM THICKNESS|SPIN COAT PHOTORESIST|SOFT BAKE|ALIGN MASK LEVEL 3|EXPOSE LITHO LEVEL 3|DEVELOP PHOTORESIST|FIELD PATTERN INSPECTION|FIELD OXIDE ETCH|STRIP RESIST|CLEAN AFTER FIELD ETCH|MEASURE SURFACE UNIFORMITY|IMPLANT SOURCE REGION|IMPLANT DRAIN / CATHODE REGION|PRE ANNEAL CHECK|RAPID THERMAL ANNEAL|MEASURE SHEET RESISTANCE|DEPOSIT GATE OXIDE OR DIELECTRIC|ANNEAL DIELECTRIC|MEASURE OXIDE QUALITY|DEPOSIT POLYSILICON|POLYSILICON ANNEAL|MEASURE POLY THICKNESS|SPIN COAT PHOTORESIST|SOFT BAKE|ALIGN MASK LEVEL 4|EXPOSE LITHO LEVEL 4|POST EXPOSE BAKE|DEVELOP PHOTORESIST|POLY PATTERN INSPECTION|POLYSILICON ETCH DRY|STRIP PHOTORESIST|CLEAN AFTER POLY ETCH|MEASURE GATE CD|IMPLANT CHANNEL STOP|RAPID THERMAL ANNEAL|MEASURE DEVICE PARAMETER|DEPOSIT INTERLEVEL DIELECTRIC|DENSIFY OXIDE|MEASURE FILM THICKNESS|CMP INTERLAYER DIELECTRIC|MEASURE SURFACE PLANARITY|SPIN COAT PHOTORESIST|SOFT BAKE|ALIGN MASK LEVEL 5|EXPOSE LITHO LEVEL 5|DEVELOP PHOTORESIST|VIA OPENING INSPECTION|VIA ETCH|STRIP RESIST|CLEAN AFTER VIA ETCH|MEASURE VIA CD|DEPOSIT BARRIER METAL|DEPOSIT METAL SEED|FILL VIA METAL|CMP VIA FILL|MEASURE VIA RESISTANCE|DEPOSIT TOP METAL|ANNEAL METAL|SPIN COAT PHOTORESIST|SOFT BAKE|ALIGN MASK LEVEL 6|EXPOSE LITHO LEVEL 6|POST EXPOSE BAKE|DEVELOP PHOTORESIST|METAL PATTERN INSPECTION|HARD BAKE|METAL ETCH DRY|STRIP RESIST|CLEAN AFTER METAL ETCH|DEPOSIT PASSIVATION LAYER|DEPOSIT BACKSIDE METAL|CURE PASSIVATION|MEASURE PASSIVATION QUALITY|OPEN BOND PAD WINDOW|PAD WINDOW LITHO|DEVELOP PHOTORESIST|PASSIVATION ETCH|STRIP RESIST|CLEAN PAD OPENING|MEASURE PAD OPENING|BACKSIDE GRIND|MEASURE THICKNESS|BACKSIDE ETCH CLEAN|BACKSIDE RINSE|BACKSIDE DRY|BACKSIDE METALLIZATION PREP|BACKSIDE ANNEAL|MEASURE BACKSIDE CONTACT|FINAL CLEAN|FINAL THICKNESS MEASURE|FINAL GEOMETRY CHECK|ELECTRICAL PARAMETRIC TEST|LEAKAGE TEST|BREAKDOWN VOLTAGE TEST|SWITCHING TEST|WAFER SORT TEST|YIELD ANALYSIS|FINAL LOT RELEASE|SHIP LOT,RULE_BACKSIDE_BEFORE_PASSIVATION
anomaly_0567,MOSFET,RECEIVE WAFER LOT|LOT IDENTIFICATION|INITIAL WAFER INSPECTION|MEASURE THICKNESS|MEASURE SURFACE PARTICLES|PRE CLEAN WAFER|WET CLEAN RCA1|WET CLEAN RCA2|HF DIP|SUBSTRATE CHECK|EPITAXY PREP|EPITAXIAL DEPOSITION|MEASURE EPITAXY THICKNESS|MEASURE RESISTIVITY|EPITAXY ANNEAL|WAFER SURFACE CLEAN|THERMAL OXIDATION|MEASURE OXIDE THICKNESS|SPIN COAT PHOTORESIST|SOFT BAKE|ALIGN MASK LEVEL 1|EXPOSE LITHO LEVEL 1|POST EXPOSE BAKE|DEVELOP PHOTORESIST|PATTERN INSPECTION LEVEL 1|OXIDE ETCH|STRIP RESIST|CLEAN AFTER ETCH|MEASURE OPENING CD|IMPLANT WELL|PRE ANNEAL CHECK|DRIVE IN DIFFUSION|RAPID THERMAL ANNEAL|MEASURE JUNCTION DEPTH|THERMAL OXIDATION|GATE OXIDE PREP|GATE OXIDE GROWTH|MEASURE GATE OXIDE THICKNESS|DEPOSIT POLYSILICON|POLYSILICON ANNEAL|MEASURE POLY THICKNESS|SPIN COAT PHOTORESIST|SOFT BAKE|ALIGN MASK LEVEL 2|EXPOSE LITHO LEVEL 2|DEVELOP PHOTORESIST|POLY PATTERN INSPECTION|POLYSILICON ETCH|STRIP RESIST|CLEAN AFTER POLY ETCH|MEASURE GATE CD|IMPLANT SOURCE DRAIN|LIGHT ANNEAL|MEASURE SHEET RESISTANCE|DEPOSIT SPACER DIELECTRIC|ANISOTROPIC ETCH SPACER|IMPLANT LDD|PRE ANNEAL CHECK|RAPID THERMAL ANNEAL|MEASURE JUNCTION PROFILE|DEPOSIT INTERLEVEL DIELECTRIC|DENSIFY OXIDE|MEASURE DIELECTRIC THICKNESS|CMP DIELECTRIC|MEASURE SURFACE PLANARITY|SPIN COAT PHOTORESIST|SOFT BAKE|ALIGN MASK LEVEL 3|EXPOSE LITHO LEVEL 3|POST EXPOSE BAKE|DEVELOP PHOTORESIST|VIA INSPECTION|VIA ETCH|STRIP RESIST|CLEAN AFTER VIA ETCH|MEASURE VIA CD|DEPOSIT BARRIER METAL|DEPOSIT METAL SEED|FILL VIA METAL|CMP METAL|MEASURE VIA RESISTANCE|DEPOSIT METAL 1|ANNEAL METAL 1|SPIN COAT PHOTORESIST|SOFT BAKE|ALIGN MASK LEVEL 4|EXPOSE LITHO LEVEL 4|DEVELOP PHOTORESIST|METAL PATTERN INSPECTION|METAL ETCH|STRIP RESIST|CLEAN AFTER METAL ETCH|OPEN BOND PAD WINDOW|DEPOSIT PASSIVATION LAYER|CURE PASSIVATION|MEASURE PASSIVATION QUALITY|PAD WINDOW LITHO|DEVELOP PHOTORESIST|PASSIVATION ETCH PAD OPENING|STRIP PHOTORESIST|CLEAN PAD OPENING|MEASURE PAD OPENING|BACKSIDE CLEAN|BACKSIDE GRIND|MEASURE THICKNESS|BACKSIDE ETCH CLEAN|BACKSIDE RINSE|BACKSIDE DRY|BACKSIDE METALLIZATION PREP|DEPOSIT BACKSIDE METAL|BACKSIDE ANNEAL|MEASURE BACKSIDE CONTACT|FINAL CLEAN|FINAL THICKNESS MEASURE|FINAL CD INSPECTION|FINAL PARTICLE INSPECTION|ELECTRICAL PARAMETRIC TEST|LEAKAGE TEST|THRESHOLD VOLTAGE TEST|SWITCHING TEST|WAFER SORT TEST|YIELD ANALYSIS|FINAL LOT RELEASE|SHIP LOT,RULE_PAD_OPEN_BEFORE_DEP
anomaly_0542,MOSFET,RECEIVE WAFER LOT|LOT IDENTIFICATION|INITIAL WAFER INSPECTION|MEASURE THICKNESS|MEASURE SURFACE PARTICLES|PRE CLEAN WAFER|FRONTSIDE CLEAN|RCA CLEAN 1|RCA CLEAN 2|HF DIP|DRY WAFER|SUBSTRATE CHECK|EPITAXY PREP|EPITAXIAL DEPOSITION|MEASURE EPITAXY THICKNESS|MEASURE RESISTIVITY|EPITAXY ANNEAL|WAFER SURFACE CLEAN|THERMAL OXIDATION|MEASURE OXIDE THICKNESS|SPIN COAT PHOTORESIST|SOFT BAKE|ALIGN MASK LEVEL 1|EXPOSE LITHO LEVEL 1|DEVELOP PHOTORESIST|PATTERN INSPECTION LEVEL 1|OXIDE ETCH|STRIP PHOTORESIST|CLEAN AFTER ETCH|MEASURE OPENING CD|IMPLANT WELL|DRIVE IN DIFFUSION|RAPID THERMAL ANNEAL|THERMAL OXIDATION|GATE OXIDE PREP|GATE OXIDE GROWTH|MEASURE GATE OXIDE THICKNESS|DEPOSIT POLYSILICON|POLYSILICON ANNEAL|MEASURE POLY THICKNESS|SPIN COAT PHOTORESIST|SOFT BAKE|ALIGN MASK LEVEL 2|EXPOSE LITHO LEVEL 2|DEVELOP PHOTORESIST|POLY PATTERN INSPECTION|HARD BAKE|POLYSILICON ETCH|STRIP RESIST|CLEAN AFTER POLY ETCH|MEASURE GATE CD|IMPLANT SOURCE DRAIN|PRE ANNEAL CHECK|LIGHT ANNEAL|MEASURE SHEET RESISTANCE|DEPOSIT SPACER DIELECTRIC|ANISOTROPIC ETCH SPACER|MEASURE SPACER WIDTH|IMPLANT LDD|RAPID THERMAL ANNEAL|DEPOSIT INTERLEVEL DIELECTRIC|DENSIFY DIELECTRIC|MEASURE DIELECTRIC THICKNESS|CMP INTERLAYER DIELECTRIC|MEASURE SURFACE PLANARITY|SPIN COAT PHOTORESIST|SOFT BAKE|POST EXPOSE BAKE|DEVELOP PHOTORESIST|VIA OPENING INSPECTION|DIELECTRIC ETCH VIA|STRIP RESIST|CLEAN AFTER VIA ETCH|MEASURE VIA CD|DEPOSIT BARRIER METAL|DEPOSIT METAL SEED|FILL VIA METAL|CMP VIA FILL|DEPOSIT TOP METAL|ANNEAL METAL 1|SPIN COAT PHOTORESIST|SOFT BAKE|ALIGN MASK LEVEL 4|EXPOSE LITHO LEVEL 4|POST EXPOSE BAKE|DEVELOP PHOTORESIST|METAL PATTERN INSPECTION|HARD BAKE|METAL ETCH|STRIP PHOTORESIST|CLEAN AFTER METAL ETCH|MEASURE LINE WIDTH|DEPOSIT PASSIVATION|CURE PASSIVATION|MEASURE PASSIVATION THICKNESS|OPEN BOND PAD WINDOW|OPEN PAD WINDOW LITHO|DEVELOP PAD WINDOW|PASSIVATION ETCH|STRIP PHOTORESIST|CLEAN PAD OPENING|MEASURE PAD OPENING|BACKSIDE CLEAN|BACKSIDE GRIND|MEASURE THICKNESS|BACKSIDE ETCH CLEAN|BACKSIDE RINSE|BACKSIDE DRY|BACKSIDE METALLIZATION PREP|DEPOSIT BACKSIDE METAL|BACKSIDE ANNEAL|MEASURE BACKSIDE CONTACT|FINAL CLEAN|FINAL THICKNESS MEASURE|FINAL GEOMETRY CHECK|ELECTRICAL PARAMETRIC TEST|LEAKAGE TEST|THRESHOLD VOLTAGE TEST|SWITCHING TEST|WAFER SORT TEST|YIELD ANALYSIS|LOT RELEASE|SHIP LOT,RULE_LITHO_LEVEL_SKIP
anomaly_0480,MOSFET,RECEIVE WAFER LOT|LOT IDENTIFICATION|INITIAL WAFER INSPECTION|MEASURE THICKNESS|MEASURE SURFACE PARTICLES|PRE CLEAN WAFER|BACKSIDE CLEAN|WET CLEAN RCA1|WET CLEAN RCA2|HF DIP|DRY WAFER|SUBSTRATE CHECK|EPITAXY PREP|EPITAXIAL DEPOSITION|MEASURE EPITAXY THICKNESS|MEASURE RESISTIVITY|EPITAXY ANNEAL|WAFER SURFACE CLEAN|THERMAL OXIDATION|MEASURE OXIDE THICKNESS|SPIN COAT PHOTORESIST|SOFT BAKE|ALIGN MASK LEVEL 1|EXPOSE LITHO LEVEL 1|DEVELOP PHOTORESIST|PATTERN INSPECTION LEVEL 1|OXIDE ETCH|STRIP PHOTORESIST|CLEAN AFTER ETCH|MEASURE OPENING CD|IMPLANT WELL|PRE ANNEAL CHECK|DRIVE IN DIFFUSION|RAPID THERMAL ANNEAL|MEASURE JUNCTION DEPTH|THERMAL OXIDATION|GATE OXIDE PREP|GATE OXIDE GROWTH|MEASURE GATE OXIDE THICKNESS|DEPOSIT POLYSILICON|POLYSILICON ANNEAL|SPIN COAT PHOTORESIST|SOFT BAKE|ALIGN MASK LEVEL 2|EXPOSE LITHO LEVEL 2|POST EXPOSE BAKE|DEVELOP PHOTORESIST|POLY PATTERN INSPECTION|POLYSILICON ETCH|STRIP RESIST|CLEAN AFTER POLY ETCH|MEASURE GATE CD|IMPLANT SOURCE DRAIN|LIGHT ANNEAL|MEASURE SHEET RESISTANCE|DEPOSIT SPACER DIELECTRIC|ANISOTROPIC ETCH SPACER|MEASURE SPACER WIDTH|IMPLANT LDD|PRE ANNEAL CHECK|RAPID THERMAL ANNEAL|MEASURE JUNCTION PROFILE|DEPOSIT INTERLEVEL DIELECTRIC|DENSIFY DIELECTRIC|MEASURE FILM THICKNESS|CMP DIELECTRIC|MEASURE SURFACE PLANARITY|SPIN COAT PHOTORESIST|SOFT BAKE|ALIGN MASK LEVEL 3|EXPOSE LITHO LEVEL 3|DEVELOP PHOTORESIST|VIA OPENING INSPECTION|DIELECTRIC ETCH VIA|STRIP RESIST|CLEAN AFTER VIA ETCH|MEASURE VIA CD|DEPOSIT BARRIER METAL|DEPOSIT METAL SEED|FILL VIA METAL|CMP VIA FILL|MEASURE CONTACT RESISTANCE|DEPOSIT TOP METAL|ANNEAL METAL 1|SPIN COAT PHOTORESIST|SOFT BAKE|ALIGN MASK LEVEL 4|EXPOSE LITHO LEVEL 4|DEVELOP PHOTORESIST|METAL PATTERN INSPECTION|HARD BAKE|METAL ETCH|STRIP PHOTORESIST|CLEAN AFTER METAL ETCH|DEPOSIT PASSIVATION LAYER|SWITCHING TEST|CURE PASSIVATION|MEASURE PASSIVATION THICKNESS|OPEN PAD WINDOW|OPEN PAD WINDOW LITHO|DEVELOP PAD WINDOW|PASSIVATION ETCH|STRIP RESIST|CLEAN PAD OPENING|MEASURE PAD OPENING|BACKSIDE CLEAN|BACKSIDE GRIND|MEASURE WAFER THICKNESS|BACKSIDE ETCH CLEAN|BACKSIDE RINSE|BACKSIDE DRY|BACKSIDE METALLIZATION PREP|DEPOSIT BACKSIDE METAL|BACKSIDE ANNEAL|MEASURE BACKSIDE CONTACT|FINAL CLEAN|FINAL THICKNESS MEASURE|FINAL PARTICLE INSPECTION|ELECTRICAL PARAMETRIC TEST|LEAKAGE TEST|THRESHOLD VOLTAGE TEST|WAFER SORT TEST|YIELD ANALYSIS|FINAL LOT RELEASE|SHIP LOT,RULE_TEST_BEFORE_PASSIVATION
anomaly_0391,IGBT,RECEIVE WAFER LOT|LOT IDENTIFICATION|PRE CLEAN INSPECTION|MEASURE INITIAL THICKNESS|MEASURE SURFACE PARTICLES|PRE CLEAN WAFER|BACKSIDE CLEAN|FRONTSIDE CLEAN|RCA CLEAN 1|WET CLEAN RCA2|HF DIP|EPITAXIAL WAFER CHECK|MEASURE EPITAXY THICKNESS|MEASURE RESISTIVITY|EPITAXIAL LAYER PREP|THERMAL OXIDATION|MEASURE OXIDE THICKNESS|SPIN COAT PHOTORESIST|SOFT BAKE|ALIGN MASK LEVEL 1|EXPOSE LITHO LEVEL 1|POST EXPOSE BAKE|DEVELOP PHOTORESIST|INSPECT PATTERN LEVEL 1|OXIDE ETCH DRY|STRIP PHOTORESIST|CLEAN AFTER OXIDE ETCH|MEASURE OPENING CD|IMPLANT P BODY|PRE ANNEAL CHECK|DRIVE IN DIFFUSION|RAPID THERMAL ANNEAL|THERMAL OXIDATION|SPIN COAT PHOTORESIST|SOFT BAKE|ALIGN MASK LEVEL 2|EXPOSE LITHO LEVEL 2|DEVELOP PHOTORESIST|P BODY WINDOW INSPECTION|ETCH SILICON OR OXIDE WINDOW|STRIP PHOTORESIST|CLEAN AFTER WINDOW ETCH|MEASURE WINDOW CD|IMPLANT N BUFFER|PRE ANNEAL CHECK|RAPID THERMAL ANNEAL|EPITAXIAL REWORK CHECK|DEPOSIT FIELD OXIDE|DENSIFY OXIDE|MEASURE FILM THICKNESS|SPIN COAT PHOTORESIST|SOFT BAKE|ALIGN MASK LEVEL 3|EXPOSE LITHO LEVEL 3|DEVELOP PHOTORESIST|FIELD PATTERN INSPECTION|HARD BAKE|FIELD OXIDE ETCH|STRIP PHOTORESIST|CLEAN AFTER FIELD ETCH|IMPLANT SOURCE REGION|IMPLANT DRAIN / CATHODE REGION|RAPID THERMAL ANNEAL|MEASURE SHEET RESISTANCE|DEPOSIT GATE OXIDE OR DIELECTRIC|ANNEAL DIELECTRIC|MEASURE OXIDE QUALITY|DEPOSIT POLYSILICON|POLYSILICON ANNEAL|SPIN COAT PHOTORESIST|SOFT BAKE|ALIGN MASK LEVEL 4|EXPOSE LITHO LEVEL 4|DEVELOP PHOTORESIST|POLY PATTERN INSPECTION|HARD BAKE|POLYSILICON ETCH DRY|STRIP RESIST|CLEAN AFTER POLY ETCH|MEASURE GATE CD|IMPLANT CHANNEL STOP|PRE ANNEAL CHECK|RAPID THERMAL ANNEAL|MEASURE DEVICE PARAMETER|DEPOSIT INTERLEVEL DIELECTRIC|DENSIFY OXIDE|MEASURE FILM THICKNESS|CMP DIELECTRIC|MEASURE PLANARITY|SPIN COAT PHOTORESIST|SOFT BAKE|ALIGN MASK LEVEL 5|EXPOSE LITHO LEVEL 5|DEVELOP PHOTORESIST|VIA INSPECTION|VIA ETCH THROUGH DIELECTRIC|STRIP PHOTORESIST|MEASURE VIA CD|DEPOSIT BARRIER METAL|DEPOSIT METAL SEED|FILL VIA METAL|CMP VIA FILL|MEASURE VIA RESISTANCE|DEPOSIT TOP METAL|ANNEAL METAL|MEASURE METAL THICKNESS|SPIN COAT PHOTORESIST|SOFT BAKE|ALIGN MASK LEVEL 6|EXPOSE LITHO LEVEL 6|DEVELOP PHOTORESIST|METAL PATTERN INSPECTION|METAL ETCH DRY|STRIP PHOTORESIST|CLEAN AFTER METAL ETCH|DEPOSIT PASSIVATION LAYER|CURE PASSIVATION|MEASURE PASSIVATION THICKNESS|OPEN BOND PAD WINDOW|PAD WINDOW LITHO|DEVELOP PHOTORESIST|PASSIVATION ETCH PAD OPENING|STRIP RESIST|CLEAN PAD OPENING|MEASURE PAD OPENING|BACKSIDE GRIND|MEASURE WAFER THICKNESS|BACKSIDE ETCH CLEAN|BACKSIDE RINSE|BACKSIDE DRY|BACKSIDE METALLIZATION PREP|DEPOSIT BACKSIDE METAL|BACKSIDE ANNEAL|MEASURE BACKSIDE CONTACT|FINAL CLEAN|FINAL THICKNESS MEASURE|FINAL GEOMETRY CHECK|FINAL PARTICLE INSPECTION|ELECTRICAL PARAMETRIC TEST|LEAKAGE TEST|BREAKDOWN VOLTAGE TEST|SWITCHING TEST|WAFER SORT TEST|YIELD ANALYSIS|FINAL LOT RELEASE|SHIP LOT,RULE_DEP_NO_CLEAN
anomaly_0395,IGBT,RECEIVE WAFER LOT|LOT IDENTIFICATION|PRE CLEAN INSPECTION|MEASURE INITIAL THICKNESS|PRE CLEAN WAFER|BACKSIDE CLEAN|FRONTSIDE CLEAN|RCA CLEAN 1|RCA CLEAN 2|HF DIP|DRY WAFER|EPITAXIAL WAFER CHECK|MEASURE EPITAXY THICKNESS|MEASURE RESISTIVITY|EPITAXIAL LAYER PREP|THERMAL OXIDATION|MEASURE OXIDE THICKNESS|SPIN COAT PHOTORESIST|SOFT BAKE|ALIGN MASK LEVEL 1|EXPOSE LITHO LEVEL 1|DEVELOP PHOTORESIST|INSPECT PATTERN LEVEL 1|HARD BAKE|OXIDE ETCH DRY|STRIP RESIST|CLEAN AFTER OXIDE ETCH|MEASURE OPENING CD|IMPLANT P BODY|PRE ANNEAL CHECK|DRIVE IN DIFFUSION|RAPID THERMAL ANNEAL|MEASURE JUNCTION DEPTH|THERMAL OXIDATION|SPIN COAT PHOTORESIST|SOFT BAKE|ALIGN MASK LEVEL 2|EXPOSE LITHO LEVEL 2|POST EXPOSE BAKE|DEVELOP PHOTORESIST|P BODY WINDOW INSPECTION|ETCH SILICON OR OXIDE WINDOW|STRIP RESIST|CLEAN AFTER WINDOW ETCH|MEASURE WINDOW CD|IMPLANT N BUFFER|RAPID THERMAL ANNEAL|DEPOSIT FIELD OXIDE|DENSIFY OXIDE|MEASURE FILM THICKNESS|SPIN COAT PHOTORESIST|SOFT BAKE|ALIGN MASK LEVEL 3|EXPOSE LITHO LEVEL 3|DEVELOP PHOTORESIST|FIELD PATTERN INSPECTION|FIELD OXIDE ETCH|STRIP PHOTORESIST|CLEAN AFTER FIELD ETCH|MEASURE SURFACE UNIFORMITY|IMPLANT SOURCE REGION|IMPLANT DRAIN / CATHODE REGION|PRE ANNEAL CHECK|RAPID THERMAL ANNEAL|DEPOSIT GATE OXIDE OR DIELECTRIC|ANNEAL DIELECTRIC|MEASURE OXIDE QUALITY|DEPOSIT POLYSILICON|POLYSILICON ANNEAL|MEASURE POLY THICKNESS|SPIN COAT PHOTORESIST|SOFT BAKE|ALIGN MASK LEVEL 4|EXPOSE LITHO LEVEL 4|DEVELOP PHOTORESIST|POLY PATTERN INSPECTION|POLYSILICON ETCH DRY|STRIP PHOTORESIST|CLEAN AFTER POLY ETCH|MEASURE GATE CD|IMPLANT CHANNEL STOP|PRE ANNEAL CHECK|RAPID THERMAL ANNEAL|MEASURE DEVICE PARAMETER|DEPOSIT INTERLAYER DIELECTRIC|DENSIFY DIELECTRIC|MEASURE DIELECTRIC THICKNESS|CMP INTERLAYER DIELECTRIC|MEASURE PLANARITY|SPIN COAT PHOTORESIST|SOFT BAKE|ALIGN MASK LEVEL 5|EXPOSE LITHO LEVEL 5|DEVELOP PHOTORESIST|VIA INSPECTION|HARD BAKE|VIA ETCH THROUGH DIELECTRIC|STRIP PHOTORESIST|CLEAN AFTER VIA ETCH|MEASURE VIA CD|DEPOSIT BARRIER METAL|DEPOSIT METAL SEED|FILL VIA METAL|CMP VIA FILL|MEASURE VIA RESISTANCE|DEPOSIT TOP METAL|ANNEAL METAL 1|MEASURE METAL THICKNESS|SPIN COAT PHOTORESIST|SOFT BAKE|ALIGN MASK LEVEL 6|EXPOSE LITHO LEVEL 6|DEVELOP PHOTORESIST|METAL PATTERN INSPECTION|METAL ETCH DRY|STRIP RESIST|CLEAN AFTER METAL ETCH|MEASURE LINE WIDTH|OPEN BOND PAD WINDOW|DEPOSIT PASSIVATION LAYER|CURE PASSIVATION|MEASURE PASSIVATION QUALITY|OPEN PAD WINDOW LITHO|DEVELOP PAD WINDOW|PASSIVATION ETCH|STRIP RESIST|CLEAN PAD OPENING|MEASURE PAD OPENING|BACKSIDE GRIND|MEASURE THICKNESS|BACKSIDE ETCH CLEAN|BACKSIDE RINSE|BACKSIDE DRY|BACKSIDE METALLIZATION PREP|DEPOSIT BACKSIDE METAL|BACKSIDE ANNEAL|MEASURE BACKSIDE CONTACT|FINAL CLEAN|FINAL THICKNESS MEASURE|FINAL GEOMETRY CHECK|ELECTRICAL PARAMETRIC TEST|LEAKAGE TEST|BREAKDOWN VOLTAGE TEST|SWITCHING TEST|WAFER SORT TEST|YIELD ANALYSIS|FINAL LOT RELEASE|SHIP LOT,RULE_PAD_OPEN_BEFORE_DEP
anomaly_0066,IGBT,RECEIVE WAFER LOT|LOT IDENTIFICATION|INITIAL WAFER INSPECTION|MEASURE INITIAL THICKNESS|MEASURE SURFACE PARTICLES|PRE CLEAN WAFER|BACKSIDE CLEAN|FRONTSIDE CLEAN|WET CLEAN RCA1|RCA CLEAN 2|HF DIP|DRY WAFER|EPITAXIAL WAFER CHECK|MEASURE EPITAXY THICKNESS|MEASURE RESISTIVITY|EPITAXIAL LAYER PREP|THERMAL OXIDATION|MEASURE OXIDE THICKNESS|SPIN COAT PHOTORESIST|SOFT BAKE|ALIGN MASK LEVEL 1|EXPOSE LITHO LEVEL 1|POST EXPOSE BAKE|DEVELOP PHOTORESIST|INSPECT PATTERN LEVEL 1|OXIDE ETCH DRY|STRIP RESIST|CLEAN AFTER OXIDE ETCH|IMPLANT P BODY|DRIVE IN DIFFUSION|RAPID THERMAL ANNEAL|MEASURE JUNCTION DEPTH|THERMAL OXIDATION|SPIN COAT PHOTORESIST|SOFT BAKE|ALIGN MASK LEVEL 2|EXPOSE LITHO LEVEL 2|DEVELOP PHOTORESIST|P BODY WINDOW INSPECTION|ETCH SILICON OR OXIDE WINDOW|STRIP PHOTORESIST|CLEAN AFTER WINDOW ETCH|IMPLANT N BUFFER|PRE ANNEAL CHECK|RAPID THERMAL ANNEAL|MEASURE SHEET RESISTANCE|DEPOSIT FIELD OXIDE|DENSIFY OXIDE|MEASURE FILM THICKNESS|SPIN COAT PHOTORESIST|SOFT BAKE|ALIGN MASK LEVEL 3|EXPOSE LITHO LEVEL 3|POST EXPOSE BAKE|DEVELOP PHOTORESIST|FIELD PATTERN INSPECTION|FIELD OXIDE ETCH|STRIP RESIST|CLEAN AFTER FIELD ETCH|MEASURE SURFACE UNIFORMITY|IMPLANT SOURCE REGION|IMPLANT DRAIN / CATHODE REGION|PRE ANNEAL CHECK|RAPID THERMAL ANNEAL|MEASURE SHEET RESISTANCE|DEPOSIT GATE OXIDE OR DIELECTRIC|ANNEAL DIELECTRIC|MEASURE OXIDE QUALITY|DEPOSIT POLYSILICON|POLYSILICON ANNEAL|MEASURE POLY THICKNESS|SPIN COAT PHOTORESIST|SOFT BAKE|ALIGN MASK LEVEL 4|EXPOSE LITHO LEVEL 4|DEVELOP PHOTORESIST|POLY PATTERN INSPECTION|POLYSILICON ETCH DRY|STRIP PHOTORESIST|CLEAN AFTER POLY ETCH|MEASURE GATE CD|IMPLANT CHANNEL STOP|PRE ANNEAL CHECK|RAPID THERMAL ANNEAL|MEASURE DEVICE PARAMETER|DENSIFY OXIDE|MEASURE DIELECTRIC THICKNESS|CMP DIELECTRIC|MEASURE PLANARITY|SPIN COAT PHOTORESIST|SOFT BAKE|ALIGN MASK LEVEL 5|EXPOSE LITHO LEVEL 5|DEVELOP PHOTORESIST|VIA INSPECTION|HARD BAKE|VIA ETCH|STRIP RESIST|CLEAN AFTER VIA ETCH|MEASURE VIA CD|DEPOSIT BARRIER METAL|DEPOSIT METAL SEED|FILL VIA METAL|CMP METAL|MEASURE VIA RESISTANCE|DEPOSIT TOP METAL|ANNEAL METAL|SPIN COAT PHOTORESIST|SOFT BAKE|ALIGN MASK LEVEL 6|EXPOSE LITHO LEVEL 6|DEVELOP PHOTORESIST|METAL PATTERN INSPECTION|METAL ETCH DRY|STRIP PHOTORESIST|CLEAN AFTER METAL ETCH|MEASURE LINE WIDTH|DEPOSIT PASSIVATION|CURE PASSIVATION|MEASURE PASSIVATION QUALITY|OPEN PAD WINDOW|PAD WINDOW LITHO|DEVELOP PAD WINDOW|PASSIVATION ETCH PAD OPENING|STRIP PHOTORESIST|CLEAN PAD OPENING|MEASURE PAD OPENING|BACKSIDE GRIND|MEASURE WAFER THICKNESS|BACKSIDE ETCH CLEAN|BACKSIDE RINSE|BACKSIDE DRY|BACKSIDE METALLIZATION PREP|DEPOSIT BACKSIDE METAL|BACKSIDE ANNEAL|MEASURE BACKSIDE CONTACT|FINAL CLEAN|FINAL THICKNESS MEASURE|FINAL GEOMETRY CHECK|FINAL CD INSPECTION|FINAL PARTICLE INSPECTION|ELECTRICAL PARAMETRIC TEST|LEAKAGE TEST|BREAKDOWN VOLTAGE TEST|SWITCHING TEST|YIELD ANALYSIS|WAFER SORT TEST|FINAL LOT RELEASE|SHIP LOT,RULE_CMP_NO_DEP
anomaly_0611,IC,RECEIVE WAFER LOT|LOT IDENTIFICATION|PRE CLEAN INSPECTION|MEASURE INITIAL GEOMETRY|MEASURE SURFACE DEFECTS|WAFER CLEAN PRE PROCESS|BACKSIDE CLEAN|WET CLEAN RCA1|WET CLEAN RCA2|HF DIP|DRY WAFER|WAFER CLEAN PRE-GRIND|GRINDING WAFER BACKSIDE|MEASURE INITIAL GEOMETRY|ETCH WET BACKSIDE|RINSE WET WAFER_EDGE|DRY WAFER BACKSIDE|BACKSIDE CLEAN|MEASURE BACKSIDE ROUGHNESS|THERMAL OXIDATION|MEASURE OXIDE THICKNESS|RCA CLEAN 1|RCA CLEAN 2|HF DIP|OXIDE STRIP|SURFACE PREP FOR DEPOSITION|DEPOSIT PAD OXIDE|ANNEAL OXIDE|MEASURE FILM THICKNESS|SPIN COAT PHOTORESIST|SOFT BAKE|ALIGN MASK LEVEL 1|EXPOSE LITHO LEVEL 1|DEVELOP PHOTORESIST|INSPECT PATTERN LEVEL 1|HARD BAKE|OXIDE ETCH DRY|STRIP RESIST|CLEAN AFTER ETCH|DEPOSIT POLYSILICON|ANNEAL POLYSILICON|SPIN COAT PHOTORESIST|SOFT BAKE|ALIGN MASK LEVEL 2|EXPOSE LITHO LEVEL 2|POST EXPOSE BAKE|DEVELOP PHOTORESIST|PATTERN INSPECTION LEVEL 2|POLYSILICON ETCH DRY|STRIP RESIST LEVEL 2|CLEAN AFTER POLY ETCH|MEASURE CD LEVEL 2|IMPLANT N-TYPE|PRE ANNEAL CHECK|RAPID THERMAL ANNEAL|MEASURE SHEET RESISTANCE|DEPOSIT INTERLAYER DIELECTRIC|DENSIFY DIELECTRIC|MEASURE FILM THICKNESS|CMP INTERLAYER DIELECTRIC|MEASURE SURFACE PLANARITY|SPIN COAT PHOTORESIST|SOFT BAKE|ALIGN MASK LEVEL 3|EXPOSE LITHO LEVEL 3|POST EXPOSE BAKE|DEVELOP PHOTORESIST|VIA INSPECTION|VIA ETCH|STRIP PHOTORESIST|CLEAN AFTER VIA ETCH|DEPOSIT BARRIER METAL|DEPOSIT TUNGSTEN SEED|FILL VIA TUNGSTEN|CMP VIA FILL|MEASURE VIA RESISTANCE|DEPOSIT TOP METAL|ANNEAL METAL 1|MEASURE METAL THICKNESS|SPIN COAT PHOTORESIST|SOFT BAKE|ALIGN MASK LEVEL 4|EXPOSE LITHO LEVEL 4|DEVELOP PHOTORESIST|METAL PATTERN INSPECTION|METAL ETCH DRY|STRIP PHOTORESIST|CLEAN AFTER METAL ETCH|MEASURE LINE WIDTH|DEPOSIT PASSIVATION LAYER|CURE PASSIVATION|MEASURE PASSIVATION QUALITY|OPEN BOND PAD WINDOW|OPEN PAD WINDOW LITHO|DEVELOP PHOTORESIST|PASSIVATION ETCH PAD OPENING|STRIP PHOTORESIST|CLEAN PAD OPENING|MEASURE PAD OPENING|BACKSIDE THINNING CHECK|BACKSIDE CLEAN FINAL|DEPOSIT BACKSIDE PROTECTION|BACKSIDE ANNEAL|FRONTSIDE CLEAN FINAL|FINAL CLEAN|FINAL THICKNESS MEASURE|FINAL GEOMETRY CHECK|FINAL OXIDE CHECK|FINAL CD INSPECTION|FINAL PARTICLE INSPECTION|FINAL ELECTRICAL TEST PREP|PARAMETRIC TEST|LEAKAGE TEST|THRESHOLD VOLTAGE TEST|SWITCHING TEST|SHIP LOT|YIELD ANALYSIS|FINAL LOT RELEASE|PACKAGE PREPARATION|WAFER SORT TEST,RULE_SHIP_BEFORE_TEST
anomaly_0946,MOSFET,RECEIVE WAFER LOT|LOT IDENTIFICATION|INITIAL WAFER INSPECTION|MEASURE THICKNESS|MEASURE SURFACE PARTICLES|PRE CLEAN WAFER|BACKSIDE CLEAN|WET CLEAN RCA1|RCA CLEAN 2|HF DIP|DRY WAFER|SUBSTRATE CHECK|EPITAXY PREP|EPITAXIAL DEPOSITION|MEASURE EPITAXY THICKNESS|MEASURE RESISTIVITY|EPITAXY ANNEAL|WAFER SURFACE CLEAN|THERMAL OXIDATION|MEASURE OXIDE THICKNESS|SPIN COAT PHOTORESIST|SOFT BAKE|ALIGN MASK LEVEL 1|EXPOSE LITHO LEVEL 1|DEVELOP PHOTORESIST|PATTERN INSPECTION LEVEL 1|OXIDE ETCH|STRIP PHOTORESIST|CLEAN AFTER ETCH|MEASURE OPENING CD|IMPLANT WELL|DRIVE IN DIFFUSION|RAPID THERMAL ANNEAL|MEASURE JUNCTION DEPTH|THERMAL OXIDATION|GATE OXIDE PREP|GATE OXIDE GROWTH|MEASURE GATE OXIDE THICKNESS|DEPOSIT POLYSILICON|POLYSILICON ANNEAL|SPIN COAT PHOTORESIST|SOFT BAKE|ALIGN MASK LEVEL 2|EXPOSE LITHO LEVEL 2|DEVELOP PHOTORESIST|POLY PATTERN INSPECTION|HARD BAKE|POLYSILICON ETCH|STRIP RESIST|CLEAN AFTER POLY ETCH|MEASURE GATE CD|IMPLANT SOURCE DRAIN|PRE ANNEAL CHECK|LIGHT ANNEAL|MEASURE SHEET RESISTANCE|DEPOSIT SPACER DIELECTRIC|ANISOTROPIC ETCH SPACER|MEASURE SPACER WIDTH|IMPLANT LDD|RAPID THERMAL ANNEAL|DEPOSIT INTERLAYER DIELECTRIC|DENSIFY DIELECTRIC|MEASURE FILM THICKNESS|CMP DIELECTRIC|MEASURE SURFACE PLANARITY|SPIN COAT PHOTORESIST|SOFT BAKE|DEVELOP PHOTORESIST|VIA INSPECTION|VIA ETCH|STRIP PHOTORESIST|CLEAN AFTER VIA ETCH|MEASURE VIA CD|DEPOSIT BARRIER METAL|DEPOSIT METAL SEED|FILL VIA METAL|CMP VIA FILL|MEASURE CONTACT RESISTANCE|DEPOSIT TOP METAL|ANNEAL METAL|SPIN COAT PHOTORESIST|SOFT BAKE|ALIGN MASK LEVEL 4|EXPOSE LITHO LEVEL 4|DEVELOP PHOTORESIST|METAL PATTERN INSPECTION|METAL ETCH|STRIP RESIST|CLEAN AFTER METAL ETCH|MEASURE LINE WIDTH|DEPOSIT PASSIVATION LAYER|CURE PASSIVATION|MEASURE PASSIVATION THICKNESS|OPEN PAD WINDOW|PAD WINDOW LITHO|DEVELOP PHOTORESIST|PASSIVATION ETCH|STRIP RESIST|CLEAN PAD OPENING|MEASURE PAD OPENING|BACKSIDE CLEAN|BACKSIDE GRIND|MEASURE WAFER THICKNESS|BACKSIDE ETCH CLEAN|BACKSIDE RINSE|BACKSIDE DRY|BACKSIDE METALLIZATION PREP|DEPOSIT BACKSIDE METAL|BACKSIDE ANNEAL|MEASURE BACKSIDE CONTACT|FINAL CLEAN|FINAL THICKNESS MEASURE|FINAL CD INSPECTION|FINAL PARTICLE INSPECTION|PARAMETRIC TEST|LEAKAGE TEST|THRESHOLD VOLTAGE TEST|SWITCHING TEST|WAFER SORT TEST|YIELD ANALYSIS|FINAL LOT RELEASE|SHIP LOT,RULE_LITHO_LEVEL_SKIP
anomaly_0157,IGBT,RECEIVE WAFER LOT|LOT IDENTIFICATION|INITIAL WAFER INSPECTION|PRE CLEAN WAFER|BACKSIDE CLEAN|FRONTSIDE CLEAN|RCA CLEAN 1|RCA CLEAN 2|HF DIP|DRY WAFER|EPITAXIAL WAFER CHECK|MEASURE EPITAXY THICKNESS|MEASURE RESISTIVITY|EPITAXIAL REWORK CHECK|EPITAXIAL LAYER PREP|THERMAL OXIDATION|MEASURE OXIDE THICKNESS|SPIN COAT PHOTORESIST|SOFT BAKE|ALIGN MASK LEVEL 1|EXPOSE LITHO LEVEL 1|DEVELOP PHOTORESIST|INSPECT PATTERN LEVEL 1|HARD BAKE|OXIDE ETCH DRY|STRIP RESIST|CLEAN AFTER OXIDE ETCH|MEASURE OPENING CD|IMPLANT P BODY|PRE ANNEAL CHECK|DRIVE IN DIFFUSION|RAPID THERMAL ANNEAL|MEASURE JUNCTION DEPTH|THERMAL OXIDATION|SPIN COAT PHOTORESIST|SOFT BAKE|ALIGN MASK LEVEL 2|EXPOSE LITHO LEVEL 2|DEVELOP PHOTORESIST|P BODY WINDOW INSPECTION|ETCH SILICON OR OXIDE WINDOW|STRIP PHOTORESIST|CLEAN AFTER WINDOW ETCH|MEASURE WINDOW CD|IMPLANT N BUFFER|PRE ANNEAL CHECK|RAPID THERMAL ANNEAL|MEASURE SHEET RESISTANCE|EPITAXIAL REWORK CHECK|DEPOSIT FIELD OXIDE|DENSIFY OXIDE|MEASURE FILM THICKNESS|SPIN COAT PHOTORESIST|SOFT BAKE|ALIGN MASK LEVEL 3|EXPOSE LITHO LEVEL 3|DEVELOP PHOTORESIST|FIELD PATTERN INSPECTION|HARD BAKE|FIELD OXIDE ETCH|STRIP PHOTORESIST|CLEAN AFTER FIELD ETCH|MEASURE SURFACE UNIFORMITY|IMPLANT SOURCE REGION|IMPLANT DRAIN / CATHODE REGION|RAPID THERMAL ANNEAL|DEPOSIT GATE OXIDE OR DIELECTRIC|ANNEAL DIELECTRIC|MEASURE OXIDE QUALITY|DEPOSIT POLYSILICON|POLYSILICON ANNEAL|MEASURE POLY THICKNESS|SPIN COAT PHOTORESIST|SOFT BAKE|ALIGN MASK LEVEL 4|EXPOSE LITHO LEVEL 4|DEVELOP PHOTORESIST|POLY PATTERN INSPECTION|POLYSILICON ETCH DRY|STRIP PHOTORESIST|CLEAN AFTER POLY ETCH|MEASURE GATE CD|IMPLANT CHANNEL STOP|PRE ANNEAL CHECK|RAPID THERMAL ANNEAL|DEPOSIT INTERLEVEL DIELECTRIC|DENSIFY OXIDE|MEASURE FILM THICKNESS|CMP INTERLAYER DIELECTRIC|MEASURE PLANARITY|SPIN COAT PHOTORESIST|SOFT BAKE|ALIGN MASK LEVEL 5|EXPOSE LITHO LEVEL 5|POST EXPOSE BAKE|DEVELOP PHOTORESIST|VIA INSPECTION|DIELECTRIC ETCH VIA|STRIP RESIST|CLEAN AFTER VIA ETCH|DEPOSIT BARRIER METAL|DEPOSIT METAL SEED|FILL VIA METAL|CMP METAL|MEASURE CONTACT RESISTANCE|DEPOSIT TOP METAL|ANNEAL METAL 1|SPIN COAT PHOTORESIST|SOFT BAKE|ALIGN MASK LEVEL 6|EXPOSE LITHO LEVEL 6|DEVELOP PHOTORESIST|METAL PATTERN INSPECTION|HARD BAKE|METAL ETCH DRY|STRIP PHOTORESIST|CLEAN AFTER METAL ETCH|MEASURE LINE WIDTH|DEPOSIT PASSIVATION|CURE PASSIVATION|MEASURE PASSIVATION THICKNESS|OPEN BOND PAD WINDOW|OPEN PAD WINDOW LITHO|DEVELOP PAD WINDOW|PASSIVATION ETCH PAD OPENING|STRIP PHOTORESIST|CLEAN PAD OPENING|MEASURE PAD OPENING|BACKSIDE GRIND|MEASURE THICKNESS|BACKSIDE ETCH CLEAN|BACKSIDE RINSE|BACKSIDE DRY|BACKSIDE METALLIZATION PREP|DEPOSIT BACKSIDE METAL|BACKSIDE ANNEAL|MEASURE BACKSIDE CONTACT|FINAL CLEAN|FINAL THICKNESS MEASURE|FINAL GEOMETRY CHECK|FINAL PARTICLE INSPECTION|PARAMETRIC TEST|LEAKAGE TEST|BREAKDOWN VOLTAGE TEST|SWITCHING TEST|SHIP LOT|YIELD ANALYSIS|FINAL LOT RELEASE|WAFER SORT TEST,RULE_SHIP_BEFORE_TEST
anomaly_0113,IC,RECEIVE WAFER LOT|LOT IDENTIFICATION|INITIAL WAFER INSPECTION|MEASURE SURFACE PARTICLES|WAFER CLEAN PRE PROCESS|WET CLEAN RCA1|RCA CLEAN 2|HF DIP|WAFER CLEAN PRE-GRIND|GRINDING WAFER BACKSIDE|MEASURE GEOMETRY|ETCH WET BACKSIDE|RINSE WET WAFER_EDGE|DRY WAFER BACKSIDE|BACKSIDE CLEAN|MEASURE BACKSIDE ROUGHNESS|THERMAL OXIDATION|MEASURE OXIDE THICKNESS|WET CLEAN RCA1|RCA CLEAN 2|HF DIP|OXIDE STRIP|SURFACE PREP FOR DEPOSITION|DEPOSIT PAD OXIDE|ANNEAL OXIDE|MEASURE FILM THICKNESS|SPIN COAT PHOTORESIST|SOFT BAKE|ALIGN MASK LEVEL 1|EXPOSE LITHO LEVEL 1|DEVELOP PHOTORESIST|INSPECT PATTERN LEVEL 1|HARD BAKE|OXIDE ETCH DRY|STRIP PHOTORESIST|CLEAN AFTER ETCH|MEASURE CD LEVEL 1|DEPOSIT POLYSILICON|ANNEAL POLYSILICON|SPIN COAT PHOTORESIST|SOFT BAKE|ALIGN MASK LEVEL 2|EXPOSE LITHO LEVEL 2|DEVELOP PHOTORESIST|PATTERN INSPECTION LEVEL 2|POLYSILICON ETCH DRY|STRIP RESIST|CLEAN AFTER POLY ETCH|MEASURE CD LEVEL 2|IMPLANT N-TYPE|PRE ANNEAL CHECK|RAPID THERMAL ANNEAL|MEASURE SHEET RESISTANCE|DEPOSIT INTERLEVEL DIELECTRIC|DENSIFY OXIDE|MEASURE FILM THICKNESS|CMP DIELECTRIC|MEASURE PLANARITY|SPIN COAT PHOTORESIST|SOFT BAKE|ALIGN MASK LEVEL 3|EXPOSE LITHO LEVEL 3|POST EXPOSE BAKE|DEVELOP PHOTORESIST|VIA OPENING INSPECTION|HARD BAKE|VIA ETCH|STRIP RESIST|CLEAN AFTER VIA ETCH|MEASURE VIA CD|DEPOSIT BARRIER METAL|DEPOSIT TUNGSTEN SEED|FILL VIA TUNGSTEN|CMP VIA FILL|DEPOSIT METAL 1|ANNEAL METAL 1|SPIN COAT PHOTORESIST|SOFT BAKE|ALIGN MASK LEVEL 4|POST EXPOSE BAKE|DEVELOP PHOTORESIST|METAL PATTERN INSPECTION|METAL ETCH DRY|STRIP PHOTORESIST|CLEAN AFTER METAL ETCH|MEASURE LINE WIDTH|DEPOSIT PASSIVATION LAYER|CURE PASSIVATION|MEASURE PASSIVATION QUALITY|OPEN BOND PAD WINDOW|PAD WINDOW LITHO|DEVELOP PAD WINDOW|PASSIVATION ETCH PAD OPENING|STRIP RESIST|CLEAN PAD OPENING|MEASURE PAD OPENING|BACKSIDE THINNING CHECK|BACKSIDE CLEAN|DEPOSIT BACKSIDE PROTECTION|BACKSIDE ANNEAL|FRONTSIDE CLEAN FINAL|FINAL CLEAN|FINAL THICKNESS MEASURE|FINAL GEOMETRY CHECK|FINAL OXIDE CHECK|FINAL PARTICLE INSPECTION|PARAMETRIC TEST|LEAKAGE TEST|SWITCHING TEST|WAFER SORT TEST|YIELD ANALYSIS|FINAL LOT RELEASE|PACKAGE PREPARATION|SHIP LOT,RULE_METAL_ETCH_NO_LITHO
anomaly_0049,MOSFET,RECEIVE WAFER LOT|LOT IDENTIFICATION|PRE CLEAN INSPECTION|PRE CLEAN WAFER|BACKSIDE CLEAN|RCA CLEAN 1|WET CLEAN RCA2|HF DIP|DRY WAFER|SUBSTRATE CHECK|EPITAXY PREP|EPITAXIAL DEPOSITION|MEASURE EPITAXY THICKNESS|MEASURE RESISTIVITY|EPITAXY ANNEAL|WAFER SURFACE CLEAN|THERMAL OXIDATION|MEASURE OXIDE THICKNESS|SPIN COAT PHOTORESIST|SOFT BAKE|ALIGN MASK LEVEL 1|EXPOSE LITHO LEVEL 1|DEVELOP PHOTORESIST|PATTERN INSPECTION LEVEL 1|OXIDE ETCH|STRIP RESIST|CLEAN AFTER ETCH|MEASURE OPENING CD|IMPLANT WELL|DRIVE IN DIFFUSION|RAPID THERMAL ANNEAL|MEASURE JUNCTION DEPTH|THERMAL OXIDATION|GATE OXIDE PREP|GATE OXIDE GROWTH|MEASURE GATE OXIDE THICKNESS|DEPOSIT POLYSILICON|POLYSILICON ANNEAL|MEASURE POLY THICKNESS|SPIN COAT PHOTORESIST|SOFT BAKE|ALIGN MASK LEVEL 2|EXPOSE LITHO LEVEL 2|DEVELOP PHOTORESIST|POLY PATTERN INSPECTION|POLYSILICON ETCH|STRIP RESIST|CLEAN AFTER POLY ETCH|IMPLANT SOURCE DRAIN|PRE ANNEAL CHECK|LIGHT ANNEAL|DEPOSIT SPACER DIELECTRIC|ANISOTROPIC ETCH SPACER|IMPLANT LDD|PRE ANNEAL CHECK|RAPID THERMAL ANNEAL|MEASURE JUNCTION PROFILE|DEPOSIT INTERLAYER DIELECTRIC|DENSIFY OXIDE|MEASURE DIELECTRIC THICKNESS|CMP INTERLAYER DIELECTRIC|MEASURE SURFACE PLANARITY|SPIN COAT PHOTORESIST|SOFT BAKE|ALIGN MASK LEVEL 3|EXPOSE LITHO LEVEL 3|DEVELOP PHOTORESIST|VIA INSPECTION|HARD BAKE|VIA ETCH|STRIP RESIST|CLEAN AFTER VIA ETCH|MEASURE VIA CD|DEPOSIT BARRIER METAL|DEPOSIT METAL SEED|FILL VIA METAL|CMP METAL|MEASURE VIA RESISTANCE|DEPOSIT TOP METAL|ANNEAL METAL 1|MEASURE METAL THICKNESS|SPIN COAT PHOTORESIST|SOFT BAKE|ALIGN MASK LEVEL 4|EXPOSE LITHO LEVEL 4|DEVELOP PHOTORESIST|METAL PATTERN INSPECTION|METAL ETCH|STRIP PHOTORESIST|CLEAN AFTER METAL ETCH|MEASURE LINE WIDTH|DEPOSIT PASSIVATION LAYER|DEPOSIT BACKSIDE METAL|CURE PASSIVATION|MEASURE PASSIVATION THICKNESS|OPEN PAD WINDOW|PAD WINDOW LITHO|DEVELOP PHOTORESIST|PASSIVATION ETCH PAD OPENING|STRIP RESIST|CLEAN PAD OPENING|MEASURE PAD OPENING|BACKSIDE CLEAN|BACKSIDE GRIND|MEASURE WAFER THICKNESS|BACKSIDE ETCH CLEAN|BACKSIDE RINSE|BACKSIDE DRY|BACKSIDE METALLIZATION PREP|BACKSIDE ANNEAL|MEASURE BACKSIDE CONTACT|FINAL CLEAN|FINAL THICKNESS MEASURE|FINAL GEOMETRY CHECK|FINAL PARTICLE INSPECTION|PARAMETRIC TEST|LEAKAGE TEST|THRESHOLD VOLTAGE TEST|SWITCHING TEST|WAFER SORT TEST|YIELD ANALYSIS|FINAL LOT RELEASE|SHIP LOT,RULE_BACKSIDE_BEFORE_PASSIVATION
anomaly_0913,MOSFET,RECEIVE WAFER LOT|LOT IDENTIFICATION|INITIAL WAFER INSPECTION|MEASURE SURFACE PARTICLES|PRE CLEAN WAFER|BACKSIDE CLEAN|FRONTSIDE CLEAN|RCA CLEAN 1|WET CLEAN RCA2|HF DIP|SUBSTRATE CHECK|EPITAXY PREP|EPITAXIAL DEPOSITION|MEASURE EPITAXY THICKNESS|MEASURE RESISTIVITY|EPITAXY ANNEAL|WAFER SURFACE CLEAN|THERMAL OXIDATION|MEASURE OXIDE THICKNESS|SPIN COAT PHOTORESIST|SOFT BAKE|ALIGN MASK LEVEL 1|EXPOSE LITHO LEVEL 1|DEVELOP PHOTORESIST|PATTERN INSPECTION LEVEL 1|HARD BAKE|OXIDE ETCH|STRIP RESIST|CLEAN AFTER ETCH|IMPLANT WELL|DRIVE IN DIFFUSION|RAPID THERMAL ANNEAL|THERMAL OXIDATION|GATE OXIDE PREP|GATE OXIDE GROWTH|MEASURE GATE OXIDE THICKNESS|DEPOSIT POLYSILICON|POLYSILICON ANNEAL|MEASURE POLY THICKNESS|SPIN COAT PHOTORESIST|SOFT BAKE|ALIGN MASK LEVEL 2|EXPOSE LITHO LEVEL 2|DEVELOP PHOTORESIST|POLY PATTERN INSPECTION|POLYSILICON ETCH|STRIP RESIST|CLEAN AFTER POLY ETCH|MEASURE GATE CD|IMPLANT SOURCE DRAIN|LIGHT ANNEAL|MEASURE SHEET RESISTANCE|DEPOSIT SPACER DIELECTRIC|ANISOTROPIC ETCH SPACER|MEASURE SPACER WIDTH|IMPLANT LDD|PRE ANNEAL CHECK|RAPID THERMAL ANNEAL|MEASURE JUNCTION PROFILE|DEPOSIT INTERLAYER DIELECTRIC|DENSIFY DIELECTRIC|MEASURE DIELECTRIC THICKNESS|CMP INTERLAYER DIELECTRIC|MEASURE SURFACE PLANARITY|SPIN COAT PHOTORESIST|SOFT BAKE|ALIGN MASK LEVEL 3|EXPOSE LITHO LEVEL 3|DEVELOP PHOTORESIST|VIA OPENING INSPECTION|VIA ETCH THROUGH DIELECTRIC|STRIP RESIST|CLEAN AFTER VIA ETCH|MEASURE VIA CD|DEPOSIT BARRIER METAL|DEPOSIT METAL SEED|FILL VIA METAL|CMP VIA FILL|MEASURE VIA RESISTANCE|DEPOSIT METAL 1|ANNEAL METAL|SPIN COAT PHOTORESIST|SOFT BAKE|ALIGN MASK LEVEL 4|EXPOSE LITHO LEVEL 4|DEVELOP PHOTORESIST|METAL PATTERN INSPECTION|METAL ETCH|STRIP PHOTORESIST|CLEAN AFTER METAL ETCH|MEASURE LINE WIDTH|DEPOSIT PASSIVATION|PARAMETRIC TEST|CURE PASSIVATION|MEASURE PASSIVATION QUALITY|OPEN PAD WINDOW|OPEN PAD WINDOW LITHO|DEVELOP PAD WINDOW|PASSIVATION ETCH|STRIP RESIST|CLEAN PAD OPENING|MEASURE PAD OPENING|BACKSIDE CLEAN|BACKSIDE GRIND|MEASURE WAFER THICKNESS|BACKSIDE ETCH CLEAN|BACKSIDE RINSE|BACKSIDE DRY|BACKSIDE METALLIZATION PREP|DEPOSIT BACKSIDE METAL|BACKSIDE ANNEAL|MEASURE BACKSIDE CONTACT|FINAL CLEAN|FINAL THICKNESS MEASURE|FINAL GEOMETRY CHECK|FINAL CD INSPECTION|FINAL PARTICLE INSPECTION|LEAKAGE TEST|THRESHOLD VOLTAGE TEST|SWITCHING TEST|WAFER SORT TEST|YIELD ANALYSIS|FINAL LOT RELEASE|SHIP LOT,RULE_TEST_BEFORE_PASSIVATION
anomaly_0765,IC,RECEIVE WAFER LOT|LOT IDENTIFICATION|PRE CLEAN INSPECTION|MEASURE SURFACE DEFECTS|WAFER CLEAN PRE PROCESS|FRONTSIDE CLEAN|WET CLEAN RCA1|WET CLEAN RCA2|HF DIP|DRY WAFER|WAFER CLEAN PRE-GRIND|GRINDING WAFER BACKSIDE|MEASURE INITIAL GEOMETRY|ETCH WET BACKSIDE|RINSE WET WAFER_EDGE|DRY WAFER BACKSIDE|BACKSIDE CLEAN|MEASURE BACKSIDE ROUGHNESS|THERMAL OXIDATION|MEASURE OXIDE THICKNESS|RCA CLEAN 1|WET CLEAN RCA2|HF DIP|OXIDE STRIP|SURFACE PREP FOR DEPOSITION|DEPOSIT PAD OXIDE|ANNEAL OXIDE|MEASURE OXIDE THICKNESS|SPIN COAT PHOTORESIST|SOFT BAKE|ALIGN MASK LEVEL 1|EXPOSE LITHO LEVEL 1|DEVELOP PHOTORESIST|INSPECT PATTERN LEVEL 1|HARD BAKE|OXIDE ETCH DRY|STRIP RESIST|CLEAN AFTER ETCH|MEASURE CD LEVEL 1|DEPOSIT POLYSILICON|ANNEAL POLYSILICON|SPIN COAT PHOTORESIST|SOFT BAKE|ALIGN MASK LEVEL 2|EXPOSE LITHO LEVEL 2|DEVELOP PHOTORESIST|PATTERN INSPECTION LEVEL 2|POLYSILICON ETCH DRY|STRIP RESIST|CLEAN AFTER POLY ETCH|MEASURE CD LEVEL 2|IMPLANT N-TYPE|PRE ANNEAL CHECK|RAPID THERMAL ANNEAL|MEASURE SHEET RESISTANCE|DEPOSIT INTERLEVEL DIELECTRIC|DENSIFY DIELECTRIC|MEASURE DIELECTRIC THICKNESS|CMP INTERLAYER DIELECTRIC|MEASURE PLANARITY|SPIN COAT PHOTORESIST|SOFT BAKE|ALIGN MASK LEVEL 3|EXPOSE LITHO LEVEL 3|DEVELOP PHOTORESIST|VIA INSPECTION|DIELECTRIC ETCH VIA|STRIP PHOTORESIST|CLEAN AFTER VIA ETCH|MEASURE VIA CD|CMP VIA FILL|MEASURE CONTACT RESISTANCE|DEPOSIT METAL 1|ANNEAL METAL|SPIN COAT PHOTORESIST|SOFT BAKE|ALIGN MASK LEVEL 4|EXPOSE LITHO LEVEL 4|DEVELOP PHOTORESIST|METAL PATTERN INSPECTION|METAL ETCH DRY|STRIP RESIST|CLEAN AFTER METAL ETCH|MEASURE LINE WIDTH|DEPOSIT PASSIVATION|CURE PASSIVATION|MEASURE PASSIVATION QUALITY|OPEN PAD WINDOW|PAD WINDOW LITHO|DEVELOP PHOTORESIST|PASSIVATION ETCH PAD OPENING|STRIP PHOTORESIST|CLEAN PAD OPENING|MEASURE PAD OPENING|BACKSIDE THINNING CHECK|BACKSIDE CLEAN FINAL|DEPOSIT BACKSIDE PROTECTION|BACKSIDE ANNEAL|FRONTSIDE CLEAN FINAL|FINAL CLEAN|FINAL THICKNESS MEASURE|FINAL GEOMETRY CHECK|FINAL CD INSPECTION|ELECTRICAL PARAMETRIC TEST|LEAKAGE TEST|THRESHOLD VOLTAGE TEST|SWITCHING TEST|WAFER SORT TEST|YIELD ANALYSIS|LOT RELEASE|SHIP LOT,RULE_CMP_NO_DEP
anomaly_0270,IGBT,RECEIVE WAFER LOT|LOT IDENTIFICATION|PRE CLEAN INSPECTION|MEASURE SURFACE PARTICLES|PRE CLEAN WAFER|BACKSIDE CLEAN|FRONTSIDE CLEAN|RCA CLEAN 1|RCA CLEAN 2|HF DIP|DRY WAFER|EPITAXIAL WAFER CHECK|MEASURE EPITAXY THICKNESS|MEASURE RESISTIVITY|EPITAXIAL LAYER PREP|THERMAL OXIDATION|MEASURE OXIDE THICKNESS|SPIN COAT PHOTORESIST|SOFT BAKE|ALIGN MASK LEVEL 1|EXPOSE LITHO LEVEL 1|DEVELOP PHOTORESIST|INSPECT PATTERN LEVEL 1|OXIDE ETCH DRY|STRIP PHOTORESIST|CLEAN AFTER OXIDE ETCH|MEASURE OPENING CD|IMPLANT P BODY|PRE ANNEAL CHECK|DRIVE IN DIFFUSION|RAPID THERMAL ANNEAL|MEASURE JUNCTION DEPTH|THERMAL OXIDATION|SPIN COAT PHOTORESIST|SOFT BAKE|ALIGN MASK LEVEL 2|EXPOSE LITHO LEVEL 2|DEVELOP PHOTORESIST|P BODY WINDOW INSPECTION|ETCH SILICON OR OXIDE WINDOW|STRIP RESIST|CLEAN AFTER WINDOW ETCH|MEASURE WINDOW CD|IMPLANT N BUFFER|RAPID THERMAL ANNEAL|MEASURE SHEET RESISTANCE|EPITAXIAL REWORK CHECK|DEPOSIT FIELD OXIDE|DENSIFY OXIDE|MEASURE FILM THICKNESS|SPIN COAT PHOTORESIST|SOFT BAKE|ALIGN MASK LEVEL 3|EXPOSE LITHO LEVEL 3|DEVELOP PHOTORESIST|FIELD PATTERN INSPECTION|HARD BAKE|FIELD OXIDE ETCH|STRIP PHOTORESIST|CLEAN AFTER FIELD ETCH|IMPLANT SOURCE REGION|IMPLANT DRAIN / CATHODE REGION|PRE ANNEAL CHECK|RAPID THERMAL ANNEAL|DEPOSIT GATE OXIDE OR DIELECTRIC|ANNEAL DIELECTRIC|MEASURE OXIDE QUALITY|DEPOSIT POLYSILICON|POLYSILICON ANNEAL|MEASURE POLY THICKNESS|SPIN COAT PHOTORESIST|SOFT BAKE|ALIGN MASK LEVEL 4|EXPOSE LITHO LEVEL 4|POST EXPOSE BAKE|DEVELOP PHOTORESIST|POLY PATTERN INSPECTION|POLYSILICON ETCH DRY|STRIP RESIST|CLEAN AFTER POLY ETCH|MEASURE GATE CD|IMPLANT CHANNEL STOP|PRE ANNEAL CHECK|RAPID THERMAL ANNEAL|MEASURE DEVICE PARAMETER|DEPOSIT INTERLAYER DIELECTRIC|DENSIFY DIELECTRIC|MEASURE DIELECTRIC THICKNESS|CMP INTERLAYER DIELECTRIC|MEASURE SURFACE PLANARITY|SPIN COAT PHOTORESIST|SOFT BAKE|ALIGN MASK LEVEL 5|EXPOSE LITHO LEVEL 5|DEVELOP PHOTORESIST|VIA OPENING INSPECTION|VIA ETCH|STRIP PHOTORESIST|CLEAN AFTER VIA ETCH|DEPOSIT BARRIER METAL|DEPOSIT METAL SEED|FILL VIA METAL|CMP VIA FILL|MEASURE VIA RESISTANCE|DEPOSIT TOP METAL|ANNEAL METAL 1|SPIN COAT PHOTORESIST|SOFT BAKE|ALIGN MASK LEVEL 6|EXPOSE LITHO LEVEL 6|DEVELOP PHOTORESIST|METAL PATTERN INSPECTION|METAL ETCH DRY|STRIP RESIST|CLEAN AFTER METAL ETCH|MEASURE LINE WIDTH|OPEN PAD WINDOW|DEPOSIT PASSIVATION LAYER|CURE PASSIVATION|MEASURE PASSIVATION THICKNESS|PAD WINDOW LITHO|DEVELOP PAD WINDOW|PASSIVATION ETCH PAD OPENING|STRIP PHOTORESIST|CLEAN PAD OPENING|MEASURE PAD OPENING|BACKSIDE GRIND|MEASURE WAFER THICKNESS|BACKSIDE ETCH CLEAN|BACKSIDE RINSE|BACKSIDE DRY|BACKSIDE METALLIZATION PREP|DEPOSIT BACKSIDE METAL|BACKSIDE ANNEAL|MEASURE BACKSIDE CONTACT|FINAL CLEAN|FINAL GEOMETRY CHECK|FINAL PARTICLE INSPECTION|PARAMETRIC TEST|LEAKAGE TEST|BREAKDOWN VOLTAGE TEST|SWITCHING TEST|YIELD ANALYSIS|WAFER SORT TEST|FINAL LOT RELEASE|SHIP LOT,RULE_PAD_OPEN_BEFORE_DEP
anomaly_0763,IGBT,RECEIVE WAFER LOT|LOT IDENTIFICATION|PRE CLEAN INSPECTION|MEASURE INITIAL THICKNESS|MEASURE SURFACE PARTICLES|PRE CLEAN WAFER|BACKSIDE CLEAN|FRONTSIDE CLEAN|WET CLEAN RCA1|WET CLEAN RCA2|HF DIP|DRY WAFER|EPITAXIAL WAFER CHECK|MEASURE EPITAXY THICKNESS|MEASURE RESISTIVITY|EPITAXIAL REWORK CHECK|EPITAXIAL LAYER PREP|THERMAL OXIDATION|MEASURE OXIDE THICKNESS|SPIN COAT PHOTORESIST|SOFT BAKE|ALIGN MASK LEVEL 1|EXPOSE LITHO LEVEL 1|DEVELOP PHOTORESIST|INSPECT PATTERN LEVEL 1|OXIDE ETCH DRY|STRIP RESIST|CLEAN AFTER OXIDE ETCH|MEASURE OPENING CD|IMPLANT P BODY|DRIVE IN DIFFUSION|RAPID THERMAL ANNEAL|MEASURE JUNCTION DEPTH|THERMAL OXIDATION|SPIN COAT PHOTORESIST|SOFT BAKE|ALIGN MASK LEVEL 2|EXPOSE LITHO LEVEL 2|DEVELOP PHOTORESIST|P BODY WINDOW INSPECTION|ETCH SILICON OR OXIDE WINDOW|STRIP PHOTORESIST|CLEAN AFTER WINDOW ETCH|MEASURE WINDOW CD|IMPLANT N BUFFER|PRE ANNEAL CHECK|RAPID THERMAL ANNEAL|MEASURE SHEET RESISTANCE|DEPOSIT FIELD OXIDE|DENSIFY OXIDE|SPIN COAT PHOTORESIST|SOFT BAKE|ALIGN MASK LEVEL 3|EXPOSE LITHO LEVEL 3|DEVELOP PHOTORESIST|FIELD PATTERN INSPECTION|FIELD OXIDE ETCH|STRIP PHOTORESIST|CLEAN AFTER FIELD ETCH|IMPLANT SOURCE REGION|IMPLANT DRAIN / CATHODE REGION|PRE ANNEAL CHECK|RAPID THERMAL ANNEAL|MEASURE SHEET RESISTANCE|DEPOSIT GATE OXIDE OR DIELECTRIC|ANNEAL DIELECTRIC|MEASURE OXIDE QUALITY|DEPOSIT POLYSILICON|POLYSILICON ANNEAL|MEASURE POLY THICKNESS|SPIN COAT PHOTORESIST|SOFT BAKE|ALIGN MASK LEVEL 4|EXPOSE LITHO LEVEL 4|DEVELOP PHOTORESIST|POLY PATTERN INSPECTION|POLYSILICON ETCH DRY|STRIP RESIST|CLEAN AFTER POLY ETCH|MEASURE GATE CD|IMPLANT CHANNEL STOP|RAPID THERMAL ANNEAL|MEASURE DEVICE PARAMETER|DEPOSIT INTERLEVEL DIELECTRIC|DENSIFY DIELECTRIC|MEASURE DIELECTRIC THICKNESS|CMP DIELECTRIC|MEASURE SURFACE PLANARITY|SPIN COAT PHOTORESIST|SOFT BAKE|ALIGN MASK LEVEL 5|EXPOSE LITHO LEVEL 5|DEVELOP PHOTORESIST|VIA INSPECTION|DIELECTRIC ETCH VIA|STRIP PHOTORESIST|CLEAN AFTER VIA ETCH|DEPOSIT BARRIER METAL|DEPOSIT METAL SEED|FILL VIA METAL|CMP VIA FILL|MEASURE VIA RESISTANCE|DEPOSIT METAL 1|ANNEAL METAL|MEASURE METAL THICKNESS|SPIN COAT PHOTORESIST|SOFT BAKE|ALIGN MASK LEVEL 6|EXPOSE LITHO LEVEL 6|POST EXPOSE BAKE|DEVELOP PHOTORESIST|METAL PATTERN INSPECTION|HARD BAKE|METAL ETCH DRY|STRIP PHOTORESIST|CLEAN AFTER METAL ETCH|MEASURE LINE WIDTH|DEPOSIT PASSIVATION LAYER|PARAMETRIC TEST|CURE PASSIVATION|MEASURE PASSIVATION QUALITY|OPEN PAD WINDOW|PAD WINDOW LITHO|DEVELOP PAD WINDOW|PASSIVATION ETCH PAD OPENING|STRIP PHOTORESIST|CLEAN PAD OPENING|MEASURE PAD OPENING|BACKSIDE GRIND|MEASURE WAFER THICKNESS|BACKSIDE ETCH CLEAN|BACKSIDE RINSE|BACKSIDE DRY|BACKSIDE METALLIZATION PREP|DEPOSIT BACKSIDE METAL|BACKSIDE ANNEAL|MEASURE BACKSIDE CONTACT|FINAL CLEAN|FINAL THICKNESS MEASURE|FINAL GEOMETRY CHECK|FINAL CD INSPECTION|FINAL PARTICLE INSPECTION|LEAKAGE TEST|BREAKDOWN VOLTAGE TEST|SWITCHING TEST|YIELD ANALYSIS|WAFER SORT TEST|FINAL LOT RELEASE|SHIP LOT,RULE_TEST_BEFORE_PASSIVATION
anomaly_0512,IC,RECEIVE WAFER LOT|LOT IDENTIFICATION|INITIAL WAFER INSPECTION|MEASURE INITIAL GEOMETRY|WAFER CLEAN PRE PROCESS|FRONTSIDE CLEAN|RCA CLEAN 1|WET CLEAN RCA2|HF DIP|WAFER CLEAN PRE-GRIND|GRINDING WAFER BACKSIDE|MEASURE INITIAL GEOMETRY|ETCH WET BACKSIDE|RINSE WET WAFER_EDGE|DRY WAFER BACKSIDE|BACKSIDE CLEAN|MEASURE BACKSIDE ROUGHNESS|THERMAL OXIDATION|MEASURE OXIDE THICKNESS|WET CLEAN RCA1|RCA CLEAN 2|HF DIP|OXIDE STRIP|SURFACE PREP FOR DEPOSITION|DEPOSIT PAD OXIDE|ANNEAL OXIDE|MEASURE OXIDE THICKNESS|SPIN COAT PHOTORESIST|SOFT BAKE|ALIGN MASK LEVEL 1|EXPOSE LITHO LEVEL 1|DEVELOP PHOTORESIST|INSPECT PATTERN LEVEL 1|HARD BAKE|OXIDE ETCH DRY|STRIP PHOTORESIST|CLEAN AFTER ETCH|DEPOSIT POLYSILICON|ANNEAL POLYSILICON|SPIN COAT PHOTORESIST|SOFT BAKE|ALIGN MASK LEVEL 2|EXPOSE LITHO LEVEL 2|DEVELOP PHOTORESIST|PATTERN INSPECTION LEVEL 2|HARD BAKE|POLYSILICON ETCH DRY|STRIP RESIST|CLEAN AFTER POLY ETCH|MEASURE CD LEVEL 2|IMPLANT N-TYPE|RAPID THERMAL ANNEAL|DEPOSIT INTERLAYER DIELECTRIC|DENSIFY DIELECTRIC|MEASURE FILM THICKNESS|CMP DIELECTRIC|MEASURE PLANARITY|SPIN COAT PHOTORESIST|SOFT BAKE|ALIGN MASK LEVEL 3|EXPOSE LITHO LEVEL 3|DEVELOP PHOTORESIST|VIA INSPECTION|DIELECTRIC ETCH VIA|STRIP PHOTORESIST|MEASURE VIA CD|DEPOSIT BARRIER METAL|DEPOSIT TUNGSTEN SEED|FILL VIA TUNGSTEN|CMP VIA FILL|MEASURE CONTACT RESISTANCE|DEPOSIT TOP METAL|ANNEAL METAL 1|SPIN COAT PHOTORESIST|SOFT BAKE|ALIGN MASK LEVEL 4|EXPOSE LITHO LEVEL 4|DEVELOP PHOTORESIST|METAL PATTERN INSPECTION|METAL ETCH DRY|STRIP RESIST|CLEAN AFTER METAL ETCH|DEPOSIT PASSIVATION LAYER|CURE PASSIVATION|MEASURE PASSIVATION QUALITY|OPEN PAD WINDOW|OPEN PAD WINDOW LITHO|DEVELOP PAD WINDOW|PASSIVATION ETCH PAD OPENING|STRIP PHOTORESIST|CLEAN PAD OPENING|MEASURE PAD OPENING|BACKSIDE CLEAN FINAL|DEPOSIT BACKSIDE PROTECTION|BACKSIDE ANNEAL|FINAL CLEAN|FINAL THICKNESS MEASURE|FINAL PARTICLE INSPECTION|FINAL ELECTRICAL TEST PREP|PARAMETRIC TEST|LEAKAGE TEST|THRESHOLD VOLTAGE TEST|SWITCHING TEST|WAFER SORT TEST|YIELD ANALYSIS|LOT RELEASE|SHIP LOT,RULE_DEP_NO_CLEAN
anomaly_0672,IC,RECEIVE WAFER LOT|LOT IDENTIFICATION|PRE CLEAN INSPECTION|MEASURE INITIAL THICKNESS|WAFER CLEAN PRE PROCESS|FRONTSIDE CLEAN|RCA CLEAN 1|RCA CLEAN 2|HF DIP|WAFER CLEAN PRE-GRIND|GRINDING WAFER BACKSIDE|MEASURE INITIAL GEOMETRY|ETCH WET BACKSIDE|RINSE WET WAFER_EDGE|DRY WAFER BACKSIDE|BACKSIDE CLEAN|MEASURE BACKSIDE ROUGHNESS|THERMAL OXIDATION|MEASURE OXIDE THICKNESS|WET CLEAN RCA1|RCA CLEAN 2|HF DIP|OXIDE STRIP|SURFACE PREP FOR DEPOSITION|DEPOSIT PAD OXIDE|ANNEAL OXIDE|MEASURE OXIDE THICKNESS|SPIN COAT PHOTORESIST|SOFT BAKE|ALIGN MASK LEVEL 1|EXPOSE LITHO LEVEL 1|DEVELOP PHOTORESIST|INSPECT PATTERN LEVEL 1|HARD BAKE|OXIDE ETCH DRY|STRIP RESIST|CLEAN AFTER ETCH|MEASURE CD LEVEL 1|DEPOSIT POLYSILICON|ANNEAL POLYSILICON|SPIN COAT PHOTORESIST|SOFT BAKE|ALIGN MASK LEVEL 2|EXPOSE LITHO LEVEL 2|DEVELOP PHOTORESIST|PATTERN INSPECTION LEVEL 2|HARD BAKE|POLYSILICON ETCH DRY|STRIP RESIST LEVEL 2|CLEAN AFTER POLY ETCH|MEASURE CD LEVEL 2|IMPLANT N-TYPE|RAPID THERMAL ANNEAL|MEASURE SHEET RESISTANCE|DEPOSIT INTERLEVEL DIELECTRIC|DENSIFY DIELECTRIC|MEASURE DIELECTRIC THICKNESS|CMP DIELECTRIC|MEASURE SURFACE PLANARITY|SPIN COAT PHOTORESIST|SOFT BAKE|DEVELOP PHOTORESIST|VIA INSPECTION|VIA ETCH|STRIP PHOTORESIST|CLEAN AFTER VIA ETCH|DEPOSIT BARRIER METAL|DEPOSIT TUNGSTEN SEED|FILL VIA TUNGSTEN|CMP VIA FILL|MEASURE VIA RESISTANCE|DEPOSIT TOP METAL|ANNEAL METAL|SPIN COAT PHOTORESIST|SOFT BAKE|ALIGN MASK LEVEL 4|EXPOSE LITHO LEVEL 4|DEVELOP PHOTORESIST|METAL PATTERN INSPECTION|HARD BAKE|METAL ETCH DRY|STRIP PHOTORESIST|CLEAN AFTER METAL ETCH|MEASURE LINE WIDTH|DEPOSIT PASSIVATION LAYER|CURE PASSIVATION|MEASURE PASSIVATION QUALITY|OPEN PAD WINDOW|PAD WINDOW LITHO|DEVELOP PHOTORESIST|PASSIVATION ETCH|STRIP RESIST|CLEAN PAD OPENING|MEASURE PAD OPENING|BACKSIDE THINNING CHECK|BACKSIDE CLEAN|DEPOSIT BACKSIDE PROTECTION|BACKSIDE ANNEAL|FRONTSIDE CLEAN FINAL|FINAL CLEAN|FINAL THICKNESS MEASURE|FINAL PARTICLE INSPECTION|PARAMETRIC TEST|LEAKAGE TEST|SWITCHING TEST|WAFER SORT TEST|YIELD ANALYSIS|LOT RELEASE|SHIP LOT,RULE_LITHO_LEVEL_SKIP
anomaly_0218,IGBT,RECEIVE WAFER LOT|LOT IDENTIFICATION|INITIAL WAFER INSPECTION|MEASURE INITIAL THICKNESS|MEASURE SURFACE PARTICLES|PRE CLEAN WAFER|BACKSIDE CLEAN|FRONTSIDE CLEAN|RCA CLEAN 1|WET CLEAN RCA2|HF DIP|DRY WAFER|EPITAXIAL WAFER CHECK|MEASURE EPITAXY THICKNESS|MEASURE RESISTIVITY|EPITAXIAL LAYER PREP|THERMAL OXIDATION|MEASURE OXIDE THICKNESS|SPIN COAT PHOTORESIST|SOFT BAKE|ALIGN MASK LEVEL 1|EXPOSE LITHO LEVEL 1|DEVELOP PHOTORESIST|INSPECT PATTERN LEVEL 1|OXIDE ETCH DRY|STRIP RESIST|CLEAN AFTER OXIDE ETCH|MEASURE OPENING CD|IMPLANT P BODY|PRE ANNEAL CHECK|DRIVE IN DIFFUSION|RAPID THERMAL ANNEAL|MEASURE JUNCTION DEPTH|THERMAL OXIDATION|SPIN COAT PHOTORESIST|SOFT BAKE|ALIGN MASK LEVEL 2|EXPOSE LITHO LEVEL 2|POST EXPOSE BAKE|DEVELOP PHOTORESIST|P BODY WINDOW INSPECTION|HARD BAKE|ETCH SILICON OR OXIDE WINDOW|STRIP RESIST|CLEAN AFTER WINDOW ETCH|MEASURE WINDOW CD|IMPLANT N BUFFER|PRE ANNEAL CHECK|RAPID THERMAL ANNEAL|EPITAXIAL REWORK CHECK|DEPOSIT FIELD OXIDE|DENSIFY OXIDE|SPIN COAT PHOTORESIST|SOFT BAKE|ALIGN MASK LEVEL 3|EXPOSE LITHO LEVEL 3|DEVELOP PHOTORESIST|FIELD PATTERN INSPECTION|HARD BAKE|FIELD OXIDE ETCH|STRIP PHOTORESIST|CLEAN AFTER FIELD ETCH|MEASURE SURFACE UNIFORMITY|IMPLANT SOURCE REGION|IMPLANT DRAIN / CATHODE REGION|PRE ANNEAL CHECK|RAPID THERMAL ANNEAL|MEASURE SHEET RESISTANCE|DEPOSIT GATE OXIDE OR DIELECTRIC|ANNEAL DIELECTRIC|MEASURE OXIDE QUALITY|DEPOSIT POLYSILICON|POLYSILICON ANNEAL|SPIN COAT PHOTORESIST|SOFT BAKE|DEVELOP PHOTORESIST|POLY PATTERN INSPECTION|HARD BAKE|POLYSILICON ETCH DRY|STRIP PHOTORESIST|CLEAN AFTER POLY ETCH|MEASURE GATE CD|IMPLANT CHANNEL STOP|RAPID THERMAL ANNEAL|MEASURE DEVICE PARAMETER|DEPOSIT INTERLAYER DIELECTRIC|DENSIFY DIELECTRIC|MEASURE DIELECTRIC THICKNESS|CMP INTERLAYER DIELECTRIC|MEASURE SURFACE PLANARITY|SPIN COAT PHOTORESIST|SOFT BAKE|ALIGN MASK LEVEL 5|EXPOSE LITHO LEVEL 5|POST EXPOSE BAKE|DEVELOP PHOTORESIST|VIA OPENING INSPECTION|HARD BAKE|VIA ETCH THROUGH DIELECTRIC|STRIP PHOTORESIST|CLEAN AFTER VIA ETCH|MEASURE VIA CD|DEPOSIT BARRIER METAL|DEPOSIT METAL SEED|FILL VIA METAL|CMP VIA FILL|MEASURE VIA RESISTANCE|DEPOSIT METAL 1|ANNEAL METAL 1|SPIN COAT PHOTORESIST|SOFT BAKE|ALIGN MASK LEVEL 6|EXPOSE LITHO LEVEL 6|DEVELOP PHOTORESIST|METAL PATTERN INSPECTION|METAL ETCH DRY|STRIP PHOTORESIST|CLEAN AFTER METAL ETCH|MEASURE LINE WIDTH|DEPOSIT PASSIVATION LAYER|CURE PASSIVATION|MEASURE PASSIVATION QUALITY|OPEN PAD WINDOW|PAD WINDOW LITHO|DEVELOP PHOTORESIST|PASSIVATION ETCH|STRIP PHOTORESIST|CLEAN PAD OPENING|MEASURE PAD OPENING|BACKSIDE GRIND|MEASURE THICKNESS|BACKSIDE ETCH CLEAN|BACKSIDE RINSE|BACKSIDE DRY|BACKSIDE METALLIZATION PREP|DEPOSIT BACKSIDE METAL|BACKSIDE ANNEAL|MEASURE BACKSIDE CONTACT|FINAL CLEAN|FINAL THICKNESS MEASURE|FINAL GEOMETRY CHECK|FINAL PARTICLE INSPECTION|ELECTRICAL PARAMETRIC TEST|LEAKAGE TEST|BREAKDOWN VOLTAGE TEST|SWITCHING TEST|YIELD ANALYSIS|WAFER SORT TEST|LOT RELEASE|SHIP LOT,RULE_LITHO_LEVEL_SKIP
anomaly_0581,MOSFET,RECEIVE WAFER LOT|LOT IDENTIFICATION|INITIAL WAFER INSPECTION|MEASURE THICKNESS|MEASURE SURFACE PARTICLES|PRE CLEAN WAFER|RCA CLEAN 1|RCA CLEAN 2|HF DIP|DRY WAFER|SUBSTRATE CHECK|EPITAXY PREP|EPITAXIAL DEPOSITION|MEASURE EPITAXY THICKNESS|MEASURE RESISTIVITY|EPITAXY ANNEAL|WAFER SURFACE CLEAN|THERMAL OXIDATION|MEASURE OXIDE THICKNESS|SPIN COAT PHOTORESIST|SOFT BAKE|ALIGN MASK LEVEL 1|EXPOSE LITHO LEVEL 1|PATTERN INSPECTION LEVEL 1|OXIDE ETCH|STRIP RESIST|CLEAN AFTER ETCH|MEASURE OPENING CD|IMPLANT WELL|DRIVE IN DIFFUSION|RAPID THERMAL ANNEAL|MEASURE JUNCTION DEPTH|THERMAL OXIDATION|GATE OXIDE PREP|GATE OXIDE GROWTH|MEASURE GATE OXIDE THICKNESS|DEPOSIT POLYSILICON|POLYSILICON ANNEAL|MEASURE POLY THICKNESS|SPIN COAT PHOTORESIST|SOFT BAKE|ALIGN MASK LEVEL 2|EXPOSE LITHO LEVEL 2|POST EXPOSE BAKE|DEVELOP PHOTORESIST|POLY PATTERN INSPECTION|POLYSILICON ETCH|STRIP RESIST|CLEAN AFTER POLY ETCH|MEASURE GATE CD|IMPLANT SOURCE DRAIN|LIGHT ANNEAL|DEPOSIT SPACER DIELECTRIC|ANISOTROPIC ETCH SPACER|MEASURE SPACER WIDTH|IMPLANT LDD|PRE ANNEAL CHECK|RAPID THERMAL ANNEAL|DEPOSIT INTERLEVEL DIELECTRIC|DENSIFY DIELECTRIC|MEASURE DIELECTRIC THICKNESS|CMP DIELECTRIC|MEASURE PLANARITY|SPIN COAT PHOTORESIST|SOFT BAKE|ALIGN MASK LEVEL 3|EXPOSE LITHO LEVEL 3|POST EXPOSE BAKE|DEVELOP PHOTORESIST|VIA OPENING INSPECTION|HARD BAKE|VIA ETCH THROUGH DIELECTRIC|STRIP RESIST|CLEAN AFTER VIA ETCH|MEASURE VIA CD|DEPOSIT BARRIER METAL|DEPOSIT METAL SEED|FILL VIA METAL|CMP VIA FILL|MEASURE VIA RESISTANCE|DEPOSIT TOP METAL|ANNEAL METAL|SPIN COAT PHOTORESIST|SOFT BAKE|ALIGN MASK LEVEL 4|EXPOSE LITHO LEVEL 4|DEVELOP PHOTORESIST|METAL PATTERN INSPECTION|METAL ETCH|STRIP RESIST|CLEAN AFTER METAL ETCH|MEASURE LINE WIDTH|DEPOSIT PASSIVATION|CURE PASSIVATION|MEASURE PASSIVATION QUALITY|OPEN PAD WINDOW|OPEN PAD WINDOW LITHO|DEVELOP PAD WINDOW|PASSIVATION ETCH PAD OPENING|STRIP PHOTORESIST|CLEAN PAD OPENING|MEASURE PAD OPENING|BACKSIDE CLEAN|BACKSIDE GRIND|MEASURE WAFER THICKNESS|BACKSIDE ETCH CLEAN|BACKSIDE RINSE|BACKSIDE DRY|BACKSIDE METALLIZATION PREP|DEPOSIT BACKSIDE METAL|BACKSIDE ANNEAL|MEASURE BACKSIDE CONTACT|FINAL CLEAN|FINAL THICKNESS MEASURE|FINAL PARTICLE INSPECTION|PARAMETRIC TEST|LEAKAGE TEST|THRESHOLD VOLTAGE TEST|SWITCHING TEST|WAFER SORT TEST|YIELD ANALYSIS|FINAL LOT RELEASE|SHIP LOT,RULE_ETCH_NO_MASK
anomaly_0217,IGBT,RECEIVE WAFER LOT|LOT IDENTIFICATION|INITIAL WAFER INSPECTION|MEASURE SURFACE PARTICLES|PRE CLEAN WAFER|BACKSIDE CLEAN|FRONTSIDE CLEAN|RCA CLEAN 1|WET CLEAN RCA2|HF DIP|EPITAXIAL WAFER CHECK|MEASURE EPITAXY THICKNESS|MEASURE RESISTIVITY|EPITAXIAL REWORK CHECK|EPITAXIAL LAYER PREP|THERMAL OXIDATION|MEASURE OXIDE THICKNESS|SPIN COAT PHOTORESIST|SOFT BAKE|ALIGN MASK LEVEL 1|EXPOSE LITHO LEVEL 1|DEVELOP PHOTORESIST|INSPECT PATTERN LEVEL 1|HARD BAKE|OXIDE ETCH DRY|STRIP PHOTORESIST|CLEAN AFTER OXIDE ETCH|IMPLANT P BODY|DRIVE IN DIFFUSION|RAPID THERMAL ANNEAL|MEASURE JUNCTION DEPTH|THERMAL OXIDATION|SPIN COAT PHOTORESIST|SOFT BAKE|ALIGN MASK LEVEL 2|EXPOSE LITHO LEVEL 2|DEVELOP PHOTORESIST|P BODY WINDOW INSPECTION|ETCH SILICON OR OXIDE WINDOW|STRIP PHOTORESIST|CLEAN AFTER WINDOW ETCH|MEASURE WINDOW CD|IMPLANT N BUFFER|PRE ANNEAL CHECK|RAPID THERMAL ANNEAL|DEPOSIT FIELD OXIDE|DENSIFY OXIDE|SPIN COAT PHOTORESIST|SOFT BAKE|ALIGN MASK LEVEL 3|EXPOSE LITHO LEVEL 3|DEVELOP PHOTORESIST|FIELD PATTERN INSPECTION|FIELD OXIDE ETCH|STRIP RESIST|CLEAN AFTER FIELD ETCH|MEASURE SURFACE UNIFORMITY|IMPLANT SOURCE REGION|IMPLANT DRAIN / CATHODE REGION|PRE ANNEAL CHECK|RAPID THERMAL ANNEAL|DEPOSIT GATE OXIDE OR DIELECTRIC|ANNEAL DIELECTRIC|MEASURE OXIDE QUALITY|DEPOSIT POLYSILICON|POLYSILICON ANNEAL|MEASURE POLY THICKNESS|SPIN COAT PHOTORESIST|SOFT BAKE|ALIGN MASK LEVEL 4|EXPOSE LITHO LEVEL 4|DEVELOP PHOTORESIST|POLY PATTERN INSPECTION|POLYSILICON ETCH DRY|STRIP RESIST|CLEAN AFTER POLY ETCH|MEASURE GATE CD|IMPLANT CHANNEL STOP|PRE ANNEAL CHECK|RAPID THERMAL ANNEAL|MEASURE DEVICE PARAMETER|DEPOSIT INTERLAYER DIELECTRIC|DENSIFY OXIDE|MEASURE DIELECTRIC THICKNESS|CMP DIELECTRIC|MEASURE PLANARITY|SPIN COAT PHOTORESIST|SOFT BAKE|ALIGN MASK LEVEL 5|EXPOSE LITHO LEVEL 5|POST EXPOSE BAKE|DEVELOP PHOTORESIST|VIA INSPECTION|VIA ETCH THROUGH DIELECTRIC|STRIP PHOTORESIST|CLEAN AFTER VIA ETCH|MEASURE VIA CD|DEPOSIT BARRIER METAL|DEPOSIT METAL SEED|FILL VIA METAL|CMP VIA FILL|MEASURE VIA RESISTANCE|DEPOSIT TOP METAL|ANNEAL METAL|MEASURE METAL THICKNESS|SPIN COAT PHOTORESIST|SOFT BAKE|ALIGN MASK LEVEL 6|DEVELOP PHOTORESIST|METAL PATTERN INSPECTION|HARD BAKE|METAL ETCH DRY|STRIP PHOTORESIST|CLEAN AFTER METAL ETCH|DEPOSIT PASSIVATION LAYER|CURE PASSIVATION|MEASURE PASSIVATION QUALITY|OPEN PAD WINDOW|OPEN PAD WINDOW LITHO|DEVELOP PHOTORESIST|PASSIVATION ETCH|STRIP PHOTORESIST|CLEAN PAD OPENING|MEASURE PAD OPENING|BACKSIDE GRIND|MEASURE WAFER THICKNESS|BACKSIDE ETCH CLEAN|BACKSIDE RINSE|BACKSIDE DRY|BACKSIDE METALLIZATION PREP|DEPOSIT BACKSIDE METAL|BACKSIDE ANNEAL|MEASURE BACKSIDE CONTACT|FINAL CLEAN|FINAL THICKNESS MEASURE|FINAL GEOMETRY CHECK|FINAL PARTICLE INSPECTION|PARAMETRIC TEST|LEAKAGE TEST|BREAKDOWN VOLTAGE TEST|SWITCHING TEST|YIELD ANALYSIS|WAFER SORT TEST|FINAL LOT RELEASE|SHIP LOT,RULE_METAL_ETCH_NO_LITHO
anomaly_0825,IC,RECEIVE WAFER LOT|LOT IDENTIFICATION|PRE CLEAN INSPECTION|MEASURE INITIAL THICKNESS|MEASURE SURFACE DEFECTS|WAFER CLEAN PRE PROCESS|RCA CLEAN 1|RCA CLEAN 2|HF DIP|DRY WAFER|WAFER CLEAN PRE-GRIND|GRINDING WAFER BACKSIDE|MEASURE GEOMETRY|ETCH WET BACKSIDE|RINSE WET WAFER_EDGE|DRY WAFER BACKSIDE|BACKSIDE CLEAN|MEASURE BACKSIDE ROUGHNESS|THERMAL OXIDATION|MEASURE OXIDE THICKNESS|RCA CLEAN 1|RCA CLEAN 2|HF DIP|OXIDE STRIP|SURFACE PREP FOR DEPOSITION|DEPOSIT PAD OXIDE|ANNEAL OXIDE|MEASURE FILM THICKNESS|SPIN COAT PHOTORESIST|SOFT BAKE|ALIGN MASK LEVEL 1|EXPOSE LITHO LEVEL 1|DEVELOP PHOTORESIST|INSPECT PATTERN LEVEL 1|HARD BAKE|OXIDE ETCH DRY|STRIP PHOTORESIST|CLEAN AFTER ETCH|MEASURE CD LEVEL 1|DEPOSIT POLYSILICON|ANNEAL POLYSILICON|SPIN COAT PHOTORESIST|SOFT BAKE|ALIGN MASK LEVEL 2|EXPOSE LITHO LEVEL 2|POST EXPOSE BAKE|DEVELOP PHOTORESIST|PATTERN INSPECTION LEVEL 2|POLYSILICON ETCH DRY|STRIP RESIST LEVEL 2|CLEAN AFTER POLY ETCH|IMPLANT N-TYPE|RAPID THERMAL ANNEAL|MEASURE SHEET RESISTANCE|DEPOSIT INTERLAYER DIELECTRIC|DENSIFY DIELECTRIC|MEASURE FILM THICKNESS|CMP INTERLAYER DIELECTRIC|MEASURE PLANARITY|SPIN COAT PHOTORESIST|SOFT BAKE|ALIGN MASK LEVEL 3|EXPOSE LITHO LEVEL 3|DEVELOP PHOTORESIST|VIA OPENING INSPECTION|VIA ETCH THROUGH DIELECTRIC|STRIP RESIST|MEASURE VIA CD|DEPOSIT BARRIER METAL|DEPOSIT TUNGSTEN SEED|FILL VIA TUNGSTEN|CMP VIA FILL|MEASURE VIA RESISTANCE|DEPOSIT METAL 1|ANNEAL METAL|SPIN COAT PHOTORESIST|SOFT BAKE|ALIGN MASK LEVEL 4|EXPOSE LITHO LEVEL 4|DEVELOP PHOTORESIST|METAL PATTERN INSPECTION|HARD BAKE|METAL ETCH DRY|STRIP PHOTORESIST|CLEAN AFTER METAL ETCH|MEASURE LINE WIDTH|DEPOSIT PASSIVATION|CURE PASSIVATION|MEASURE PASSIVATION QUALITY|OPEN PAD WINDOW|OPEN PAD WINDOW LITHO|DEVELOP PAD WINDOW|PASSIVATION ETCH PAD OPENING|STRIP PHOTORESIST|CLEAN PAD OPENING|MEASURE PAD OPENING|BACKSIDE THINNING CHECK|BACKSIDE CLEAN|DEPOSIT BACKSIDE PROTECTION|BACKSIDE ANNEAL|FINAL CLEAN|FINAL THICKNESS MEASURE|FINAL GEOMETRY CHECK|FINAL OXIDE CHECK|FINAL PARTICLE INSPECTION|FINAL ELECTRICAL TEST PREP|PARAMETRIC TEST|LEAKAGE TEST|THRESHOLD VOLTAGE TEST|SWITCHING TEST|WAFER SORT TEST|YIELD ANALYSIS|LOT RELEASE|SHIP LOT,RULE_DEP_NO_CLEAN
anomaly_0970,MOSFET,RECEIVE WAFER LOT|LOT IDENTIFICATION|INITIAL WAFER INSPECTION|MEASURE THICKNESS|PRE CLEAN WAFER|FRONTSIDE CLEAN|RCA CLEAN 1|WET CLEAN RCA2|HF DIP|DRY WAFER|SUBSTRATE CHECK|EPITAXY PREP|EPITAXIAL DEPOSITION|MEASURE EPITAXY THICKNESS|MEASURE RESISTIVITY|EPITAXY ANNEAL|WAFER SURFACE CLEAN|THERMAL OXIDATION|MEASURE OXIDE THICKNESS|SPIN COAT PHOTORESIST|SOFT BAKE|ALIGN MASK LEVEL 1|EXPOSE LITHO LEVEL 1|DEVELOP PHOTORESIST|PATTERN INSPECTION LEVEL 1|HARD BAKE|OXIDE ETCH|STRIP PHOTORESIST|CLEAN AFTER ETCH|MEASURE OPENING CD|IMPLANT WELL|PRE ANNEAL CHECK|DRIVE IN DIFFUSION|RAPID THERMAL ANNEAL|MEASURE JUNCTION DEPTH|THERMAL OXIDATION|GATE OXIDE PREP|GATE OXIDE GROWTH|MEASURE GATE OXIDE THICKNESS|DEPOSIT POLYSILICON|POLYSILICON ANNEAL|MEASURE POLY THICKNESS|SPIN COAT PHOTORESIST|SOFT BAKE|ALIGN MASK LEVEL 2|EXPOSE LITHO LEVEL 2|POST EXPOSE BAKE|DEVELOP PHOTORESIST|POLY PATTERN INSPECTION|POLYSILICON ETCH|STRIP PHOTORESIST|CLEAN AFTER POLY ETCH|MEASURE GATE CD|IMPLANT SOURCE DRAIN|LIGHT ANNEAL|MEASURE SHEET RESISTANCE|DEPOSIT SPACER DIELECTRIC|ANISOTROPIC ETCH SPACER|IMPLANT LDD|PRE ANNEAL CHECK|RAPID THERMAL ANNEAL|MEASURE JUNCTION PROFILE|DEPOSIT INTERLAYER DIELECTRIC|DENSIFY DIELECTRIC|MEASURE DIELECTRIC THICKNESS|CMP INTERLAYER DIELECTRIC|MEASURE PLANARITY|SPIN COAT PHOTORESIST|SOFT BAKE|ALIGN MASK LEVEL 3|EXPOSE LITHO LEVEL 3|POST EXPOSE BAKE|DEVELOP PHOTORESIST|VIA INSPECTION|VIA ETCH THROUGH DIELECTRIC|STRIP RESIST|CLEAN AFTER VIA ETCH|CMP VIA FILL|DEPOSIT METAL 1|ANNEAL METAL|MEASURE METAL THICKNESS|SPIN COAT PHOTORESIST|SOFT BAKE|ALIGN MASK LEVEL 4|EXPOSE LITHO LEVEL 4|DEVELOP PHOTORESIST|METAL PATTERN INSPECTION|METAL ETCH|STRIP PHOTORESIST|CLEAN AFTER METAL ETCH|MEASURE LINE WIDTH|DEPOSIT PASSIVATION|CURE PASSIVATION|MEASURE PASSIVATION THICKNESS|OPEN BOND PAD WINDOW|OPEN PAD WINDOW LITHO|DEVELOP PHOTORESIST|PASSIVATION ETCH|STRIP PHOTORESIST|CLEAN PAD OPENING|MEASURE PAD OPENING|BACKSIDE CLEAN|BACKSIDE GRIND|MEASURE WAFER THICKNESS|BACKSIDE ETCH CLEAN|BACKSIDE RINSE|BACKSIDE DRY|BACKSIDE METALLIZATION PREP|DEPOSIT BACKSIDE METAL|BACKSIDE ANNEAL|MEASURE BACKSIDE CONTACT|FINAL CLEAN|FINAL GEOMETRY CHECK|FINAL CD INSPECTION|FINAL PARTICLE INSPECTION|ELECTRICAL PARAMETRIC TEST|LEAKAGE TEST|THRESHOLD VOLTAGE TEST|SWITCHING TEST|WAFER SORT TEST|YIELD ANALYSIS|LOT RELEASE|SHIP LOT,RULE_CMP_NO_DEP
anomaly_0235,IGBT,RECEIVE WAFER LOT|LOT IDENTIFICATION|INITIAL WAFER INSPECTION|MEASURE INITIAL THICKNESS|MEASURE SURFACE PARTICLES|PRE CLEAN WAFER|BACKSIDE CLEAN|FRONTSIDE CLEAN|RCA CLEAN 1|WET CLEAN RCA2|HF DIP|DRY WAFER|EPITAXIAL WAFER CHECK|MEASURE EPITAXY THICKNESS|MEASURE RESISTIVITY|EPITAXIAL REWORK CHECK|EPITAXIAL LAYER PREP|THERMAL OXIDATION|MEASURE OXIDE THICKNESS|SPIN COAT PHOTORESIST|SOFT BAKE|ALIGN MASK LEVEL 1|EXPOSE LITHO LEVEL 1|POST EXPOSE BAKE|DEVELOP PHOTORESIST|INSPECT PATTERN LEVEL 1|OXIDE ETCH DRY|STRIP PHOTORESIST|CLEAN AFTER OXIDE ETCH|MEASURE OPENING CD|IMPLANT P BODY|DRIVE IN DIFFUSION|RAPID THERMAL ANNEAL|MEASURE JUNCTION DEPTH|THERMAL OXIDATION|SPIN COAT PHOTORESIST|SOFT BAKE|ALIGN MASK LEVEL 2|EXPOSE LITHO LEVEL 2|DEVELOP PHOTORESIST|P BODY WINDOW INSPECTION|ETCH SILICON OR OXIDE WINDOW|STRIP RESIST|CLEAN AFTER WINDOW ETCH|MEASURE WINDOW CD|IMPLANT N BUFFER|PRE ANNEAL CHECK|RAPID THERMAL ANNEAL|MEASURE SHEET RESISTANCE|DEPOSIT FIELD OXIDE|DENSIFY OXIDE|SPIN COAT PHOTORESIST|SOFT BAKE|ALIGN MASK LEVEL 3|EXPOSE LITHO LEVEL 3|POST EXPOSE BAKE|DEVELOP PHOTORESIST|FIELD PATTERN INSPECTION|FIELD OXIDE ETCH|STRIP PHOTORESIST|CLEAN AFTER FIELD ETCH|MEASURE SURFACE UNIFORMITY|IMPLANT SOURCE REGION|IMPLANT DRAIN / CATHODE REGION|PRE ANNEAL CHECK|RAPID THERMAL ANNEAL|MEASURE SHEET RESISTANCE|DEPOSIT GATE OXIDE OR DIELECTRIC|ANNEAL DIELECTRIC|DEPOSIT POLYSILICON|POLYSILICON ANNEAL|MEASURE POLY THICKNESS|SPIN COAT PHOTORESIST|SOFT BAKE|ALIGN MASK LEVEL 4|EXPOSE LITHO LEVEL 4|DEVELOP PHOTORESIST|POLY PATTERN INSPECTION|POLYSILICON ETCH DRY|STRIP RESIST|CLEAN AFTER POLY ETCH|IMPLANT CHANNEL STOP|PRE ANNEAL CHECK|RAPID THERMAL ANNEAL|MEASURE DEVICE PARAMETER|DENSIFY OXIDE|MEASURE FILM THICKNESS|CMP INTERLAYER DIELECTRIC|MEASURE SURFACE PLANARITY|SPIN COAT PHOTORESIST|SOFT BAKE|ALIGN MASK LEVEL 5|EXPOSE LITHO LEVEL 5|DEVELOP PHOTORESIST|VIA INSPECTION|HARD BAKE|VIA ETCH|STRIP PHOTORESIST|CLEAN AFTER VIA ETCH|DEPOSIT BARRIER METAL|DEPOSIT METAL SEED|FILL VIA METAL|CMP VIA FILL|DEPOSIT TOP METAL|ANNEAL METAL|MEASURE METAL THICKNESS|SPIN COAT PHOTORESIST|SOFT BAKE|ALIGN MASK LEVEL 6|EXPOSE LITHO LEVEL 6|DEVELOP PHOTORESIST|METAL PATTERN INSPECTION|METAL ETCH DRY|STRIP RESIST|CLEAN AFTER METAL ETCH|MEASURE LINE WIDTH|DEPOSIT PASSIVATION LAYER|CURE PASSIVATION|MEASURE PASSIVATION THICKNESS|OPEN BOND PAD WINDOW|PAD WINDOW LITHO|DEVELOP PAD WINDOW|PASSIVATION ETCH PAD OPENING|STRIP RESIST|CLEAN PAD OPENING|MEASURE PAD OPENING|BACKSIDE GRIND|MEASURE WAFER THICKNESS|BACKSIDE ETCH CLEAN|BACKSIDE RINSE|BACKSIDE DRY|BACKSIDE METALLIZATION PREP|DEPOSIT BACKSIDE METAL|BACKSIDE ANNEAL|MEASURE BACKSIDE CONTACT|FINAL CLEAN|FINAL GEOMETRY CHECK|PARAMETRIC TEST|LEAKAGE TEST|BREAKDOWN VOLTAGE TEST|SWITCHING TEST|YIELD ANALYSIS|WAFER SORT TEST|LOT RELEASE|SHIP LOT,RULE_CMP_NO_DEP
anomaly_0058,MOSFET,RECEIVE WAFER LOT|LOT IDENTIFICATION|INITIAL WAFER INSPECTION|MEASURE THICKNESS|MEASURE SURFACE PARTICLES|PRE CLEAN WAFER|BACKSIDE CLEAN|FRONTSIDE CLEAN|WET CLEAN RCA1|RCA CLEAN 2|HF DIP|SUBSTRATE CHECK|EPITAXY PREP|EPITAXIAL DEPOSITION|MEASURE EPITAXY THICKNESS|MEASURE RESISTIVITY|EPITAXY ANNEAL|WAFER SURFACE CLEAN|THERMAL OXIDATION|MEASURE OXIDE THICKNESS|SPIN COAT PHOTORESIST|SOFT BAKE|ALIGN MASK LEVEL 1|EXPOSE LITHO LEVEL 1|DEVELOP PHOTORESIST|PATTERN INSPECTION LEVEL 1|OXIDE ETCH|STRIP PHOTORESIST|CLEAN AFTER ETCH|IMPLANT WELL|PRE ANNEAL CHECK|DRIVE IN DIFFUSION|RAPID THERMAL ANNEAL|MEASURE JUNCTION DEPTH|THERMAL OXIDATION|GATE OXIDE PREP|GATE OXIDE GROWTH|MEASURE GATE OXIDE THICKNESS|DEPOSIT POLYSILICON|POLYSILICON ANNEAL|MEASURE POLY THICKNESS|SPIN COAT PHOTORESIST|SOFT BAKE|ALIGN MASK LEVEL 2|EXPOSE LITHO LEVEL 2|POST EXPOSE BAKE|DEVELOP PHOTORESIST|POLY PATTERN INSPECTION|POLYSILICON ETCH|STRIP RESIST|CLEAN AFTER POLY ETCH|MEASURE GATE CD|IMPLANT SOURCE DRAIN|PRE ANNEAL CHECK|LIGHT ANNEAL|MEASURE SHEET RESISTANCE|DEPOSIT SPACER DIELECTRIC|ANISOTROPIC ETCH SPACER|MEASURE SPACER WIDTH|IMPLANT LDD|RAPID THERMAL ANNEAL|MEASURE JUNCTION PROFILE|DENSIFY DIELECTRIC|MEASURE DIELECTRIC THICKNESS|CMP INTERLAYER DIELECTRIC|MEASURE SURFACE PLANARITY|SPIN COAT PHOTORESIST|SOFT BAKE|ALIGN MASK LEVEL 3|EXPOSE LITHO LEVEL 3|DEVELOP PHOTORESIST|VIA INSPECTION|VIA ETCH THROUGH DIELECTRIC|STRIP PHOTORESIST|CLEAN AFTER VIA ETCH|DEPOSIT BARRIER METAL|DEPOSIT METAL SEED|FILL VIA METAL|CMP VIA FILL|MEASURE CONTACT RESISTANCE|DEPOSIT TOP METAL|ANNEAL METAL|SPIN COAT PHOTORESIST|SOFT BAKE|ALIGN MASK LEVEL 4|EXPOSE LITHO LEVEL 4|DEVELOP PHOTORESIST|METAL PATTERN INSPECTION|METAL ETCH|STRIP PHOTORESIST|CLEAN AFTER METAL ETCH|MEASURE LINE WIDTH|DEPOSIT PASSIVATION LAYER|CURE PASSIVATION|MEASURE PASSIVATION THICKNESS|OPEN PAD WINDOW|OPEN PAD WINDOW LITHO|DEVELOP PHOTORESIST|PASSIVATION ETCH PAD OPENING|STRIP PHOTORESIST|CLEAN PAD OPENING|MEASURE PAD OPENING|BACKSIDE CLEAN|BACKSIDE GRIND|MEASURE THICKNESS|BACKSIDE ETCH CLEAN|BACKSIDE RINSE|BACKSIDE DRY|BACKSIDE METALLIZATION PREP|DEPOSIT BACKSIDE METAL|BACKSIDE ANNEAL|MEASURE BACKSIDE CONTACT|FINAL CLEAN|FINAL THICKNESS MEASURE|FINAL GEOMETRY CHECK|FINAL PARTICLE INSPECTION|PARAMETRIC TEST|LEAKAGE TEST|THRESHOLD VOLTAGE TEST|SWITCHING TEST|WAFER SORT TEST|YIELD ANALYSIS|LOT RELEASE|SHIP LOT,RULE_CMP_NO_DEP
anomaly_0795,IC,RECEIVE WAFER LOT|LOT IDENTIFICATION|PRE CLEAN INSPECTION|MEASURE SURFACE PARTICLES|WAFER CLEAN PRE PROCESS|FRONTSIDE CLEAN|WET CLEAN RCA1|WET CLEAN RCA2|HF DIP|DRY WAFER|WAFER CLEAN PRE-GRIND|GRINDING WAFER BACKSIDE|MEASURE INITIAL GEOMETRY|ETCH WET BACKSIDE|RINSE WET WAFER_EDGE|DRY WAFER BACKSIDE|BACKSIDE CLEAN|MEASURE BACKSIDE ROUGHNESS|THERMAL OXIDATION|MEASURE OXIDE THICKNESS|RCA CLEAN 1|WET CLEAN RCA2|HF DIP|OXIDE STRIP|SURFACE PREP FOR DEPOSITION|DEPOSIT PAD OXIDE|ANNEAL OXIDE|MEASURE FILM THICKNESS|SPIN COAT PHOTORESIST|SOFT BAKE|ALIGN MASK LEVEL 1|EXPOSE LITHO LEVEL 1|DEVELOP PHOTORESIST|INSPECT PATTERN LEVEL 1|HARD BAKE|OXIDE ETCH DRY|STRIP RESIST|CLEAN AFTER ETCH|DEPOSIT POLYSILICON|ANNEAL POLYSILICON|SPIN COAT PHOTORESIST|SOFT BAKE|ALIGN MASK LEVEL 2|EXPOSE LITHO LEVEL 2|POST EXPOSE BAKE|DEVELOP PHOTORESIST|PATTERN INSPECTION LEVEL 2|POLYSILICON ETCH DRY|STRIP RESIST LEVEL 2|CLEAN AFTER POLY ETCH|IMPLANT N-TYPE|RAPID THERMAL ANNEAL|MEASURE SHEET RESISTANCE|DEPOSIT INTERLAYER DIELECTRIC|DENSIFY DIELECTRIC|MEASURE DIELECTRIC THICKNESS|CMP DIELECTRIC|MEASURE PLANARITY|SPIN COAT PHOTORESIST|SOFT BAKE|ALIGN MASK LEVEL 3|EXPOSE LITHO LEVEL 3|DEVELOP PHOTORESIST|VIA INSPECTION|DIELECTRIC ETCH VIA|STRIP RESIST|CLEAN AFTER VIA ETCH|MEASURE VIA CD|DEPOSIT BARRIER METAL|DEPOSIT TUNGSTEN SEED|FILL VIA TUNGSTEN|CMP VIA FILL|MEASURE VIA RESISTANCE|DEPOSIT METAL 1|ANNEAL METAL|SPIN COAT PHOTORESIST|SOFT BAKE|ALIGN MASK LEVEL 4|EXPOSE LITHO LEVEL 4|DEVELOP PHOTORESIST|METAL PATTERN INSPECTION|METAL ETCH DRY|STRIP PHOTORESIST|CLEAN AFTER METAL ETCH|MEASURE LINE WIDTH|DEPOSIT PASSIVATION LAYER|LEAKAGE TEST|CURE PASSIVATION|MEASURE PASSIVATION THICKNESS|OPEN BOND PAD WINDOW|OPEN PAD WINDOW LITHO|DEVELOP PAD WINDOW|PASSIVATION ETCH|STRIP RESIST|CLEAN PAD OPENING|MEASURE PAD OPENING|BACKSIDE THINNING CHECK|BACKSIDE CLEAN FINAL|DEPOSIT BACKSIDE PROTECTION|BACKSIDE ANNEAL|FRONTSIDE CLEAN FINAL|FINAL CLEAN|FINAL THICKNESS MEASURE|FINAL GEOMETRY CHECK|FINAL OXIDE CHECK|FINAL CD INSPECTION|FINAL PARTICLE INSPECTION|ELECTRICAL PARAMETRIC TEST|PARAMETRIC TEST|SWITCHING TEST|WAFER SORT TEST|YIELD ANALYSIS|LOT RELEASE|SHIP LOT,RULE_TEST_BEFORE_PASSIVATION
anomaly_0787,IGBT,RECEIVE WAFER LOT|LOT IDENTIFICATION|PRE CLEAN INSPECTION|MEASURE INITIAL THICKNESS|MEASURE SURFACE PARTICLES|PRE CLEAN WAFER|BACKSIDE CLEAN|FRONTSIDE CLEAN|RCA CLEAN 1|RCA CLEAN 2|HF DIP|DRY WAFER|EPITAXIAL WAFER CHECK|MEASURE EPITAXY THICKNESS|MEASURE RESISTIVITY|EPITAXIAL REWORK CHECK|EPITAXIAL LAYER PREP|THERMAL OXIDATION|MEASURE OXIDE THICKNESS|SPIN COAT PHOTORESIST|SOFT BAKE|ALIGN MASK LEVEL 1|EXPOSE LITHO LEVEL 1|DEVELOP PHOTORESIST|INSPECT PATTERN LEVEL 1|HARD BAKE|OXIDE ETCH DRY|STRIP PHOTORESIST|CLEAN AFTER OXIDE ETCH|MEASURE OPENING CD|IMPLANT P BODY|PRE ANNEAL CHECK|DRIVE IN DIFFUSION|RAPID THERMAL ANNEAL|MEASURE JUNCTION DEPTH|THERMAL OXIDATION|SPIN COAT PHOTORESIST|SOFT BAKE|ALIGN MASK LEVEL 2|EXPOSE LITHO LEVEL 2|POST EXPOSE BAKE|DEVELOP PHOTORESIST|P BODY WINDOW INSPECTION|ETCH SILICON OR OXIDE WINDOW|STRIP RESIST|CLEAN AFTER WINDOW ETCH|IMPLANT N BUFFER|RAPID THERMAL ANNEAL|MEASURE SHEET RESISTANCE|DEPOSIT FIELD OXIDE|DENSIFY OXIDE|SPIN COAT PHOTORESIST|SOFT BAKE|ALIGN MASK LEVEL 3|EXPOSE LITHO LEVEL 3|DEVELOP PHOTORESIST|FIELD PATTERN INSPECTION|FIELD OXIDE ETCH|STRIP PHOTORESIST|CLEAN AFTER FIELD ETCH|MEASURE SURFACE UNIFORMITY|IMPLANT SOURCE REGION|IMPLANT DRAIN / CATHODE REGION|RAPID THERMAL ANNEAL|MEASURE SHEET RESISTANCE|DEPOSIT GATE OXIDE OR DIELECTRIC|ANNEAL DIELECTRIC|MEASURE OXIDE QUALITY|DEPOSIT POLYSILICON|POLYSILICON ANNEAL|SPIN COAT PHOTORESIST|SOFT BAKE|ALIGN MASK LEVEL 4|EXPOSE LITHO LEVEL 4|DEVELOP PHOTORESIST|POLY PATTERN INSPECTION|HARD BAKE|POLYSILICON ETCH DRY|STRIP RESIST|CLEAN AFTER POLY ETCH|MEASURE GATE CD|IMPLANT CHANNEL STOP|PRE ANNEAL CHECK|RAPID THERMAL ANNEAL|MEASURE DEVICE PARAMETER|DEPOSIT INTERLEVEL DIELECTRIC|DENSIFY DIELECTRIC|MEASURE FILM THICKNESS|CMP DIELECTRIC|MEASURE SURFACE PLANARITY|SPIN COAT PHOTORESIST|SOFT BAKE|ALIGN MASK LEVEL 5|EXPOSE LITHO LEVEL 5|DEVELOP PHOTORESIST|VIA INSPECTION|HARD BAKE|DIELECTRIC ETCH VIA|STRIP PHOTORESIST|CLEAN AFTER VIA ETCH|MEASURE VIA CD|DEPOSIT BARRIER METAL|DEPOSIT METAL SEED|FILL VIA METAL|CMP VIA FILL|MEASURE VIA RESISTANCE|DEPOSIT TOP METAL|ANNEAL METAL|MEASURE METAL THICKNESS|SPIN COAT PHOTORESIST|SOFT BAKE|ALIGN MASK LEVEL 6|EXPOSE LITHO LEVEL 6|DEVELOP PHOTORESIST|METAL PATTERN INSPECTION|METAL ETCH DRY|STRIP PHOTORESIST|CLEAN AFTER METAL ETCH|MEASURE LINE WIDTH|OPEN BOND PAD WINDOW|DEPOSIT PASSIVATION LAYER|CURE PASSIVATION|MEASURE PASSIVATION QUALITY|OPEN PAD WINDOW LITHO|DEVELOP PHOTORESIST|PASSIVATION ETCH|STRIP RESIST|CLEAN PAD OPENING|MEASURE PAD OPENING|BACKSIDE GRIND|MEASURE THICKNESS|BACKSIDE ETCH CLEAN|BACKSIDE RINSE|BACKSIDE DRY|BACKSIDE METALLIZATION PREP|DEPOSIT BACKSIDE METAL|BACKSIDE ANNEAL|MEASURE BACKSIDE CONTACT|FINAL CLEAN|FINAL THICKNESS MEASURE|FINAL GEOMETRY CHECK|ELECTRICAL PARAMETRIC TEST|LEAKAGE TEST|BREAKDOWN VOLTAGE TEST|SWITCHING TEST|WAFER SORT TEST|YIELD ANALYSIS|LOT RELEASE|SHIP LOT,RULE_PAD_OPEN_BEFORE_DEP
anomaly_0333,MOSFET,RECEIVE WAFER LOT|LOT IDENTIFICATION|PRE CLEAN INSPECTION|MEASURE THICKNESS|MEASURE SURFACE PARTICLES|PRE CLEAN WAFER|BACKSIDE CLEAN|WET CLEAN RCA1|RCA CLEAN 2|HF DIP|DRY WAFER|SUBSTRATE CHECK|EPITAXY PREP|EPITAXIAL DEPOSITION|MEASURE EPITAXY THICKNESS|MEASURE RESISTIVITY|EPITAXY ANNEAL|WAFER SURFACE CLEAN|THERMAL OXIDATION|MEASURE OXIDE THICKNESS|SPIN COAT PHOTORESIST|SOFT BAKE|ALIGN MASK LEVEL 1|EXPOSE LITHO LEVEL 1|POST EXPOSE BAKE|DEVELOP PHOTORESIST|PATTERN INSPECTION LEVEL 1|OXIDE ETCH|STRIP RESIST|CLEAN AFTER ETCH|IMPLANT WELL|PRE ANNEAL CHECK|DRIVE IN DIFFUSION|RAPID THERMAL ANNEAL|MEASURE JUNCTION DEPTH|THERMAL OXIDATION|GATE OXIDE PREP|GATE OXIDE GROWTH|MEASURE GATE OXIDE THICKNESS|DEPOSIT POLYSILICON|POLYSILICON ANNEAL|MEASURE POLY THICKNESS|SPIN COAT PHOTORESIST|SOFT BAKE|ALIGN MASK LEVEL 2|EXPOSE LITHO LEVEL 2|DEVELOP PHOTORESIST|POLY PATTERN INSPECTION|POLYSILICON ETCH|STRIP RESIST|CLEAN AFTER POLY ETCH|IMPLANT SOURCE DRAIN|PRE ANNEAL CHECK|LIGHT ANNEAL|MEASURE SHEET RESISTANCE|DEPOSIT SPACER DIELECTRIC|ANISOTROPIC ETCH SPACER|MEASURE SPACER WIDTH|IMPLANT LDD|PRE ANNEAL CHECK|RAPID THERMAL ANNEAL|DEPOSIT INTERLAYER DIELECTRIC|DENSIFY DIELECTRIC|MEASURE FILM THICKNESS|CMP INTERLAYER DIELECTRIC|MEASURE SURFACE PLANARITY|SPIN COAT PHOTORESIST|SOFT BAKE|ALIGN MASK LEVEL 3|EXPOSE LITHO LEVEL 3|DEVELOP PHOTORESIST|VIA OPENING INSPECTION|DIELECTRIC ETCH VIA|STRIP RESIST|CLEAN AFTER VIA ETCH|DEPOSIT BARRIER METAL|DEPOSIT METAL SEED|FILL VIA METAL|CMP METAL|DEPOSIT METAL 1|ANNEAL METAL|MEASURE METAL THICKNESS|SPIN COAT PHOTORESIST|SOFT BAKE|ALIGN MASK LEVEL 4|EXPOSE LITHO LEVEL 4|DEVELOP PHOTORESIST|METAL PATTERN INSPECTION|HARD BAKE|METAL ETCH|STRIP RESIST|CLEAN AFTER METAL ETCH|MEASURE LINE WIDTH|DEPOSIT PASSIVATION|CURE PASSIVATION|MEASURE PASSIVATION THICKNESS|OPEN BOND PAD WINDOW|OPEN PAD WINDOW LITHO|DEVELOP PHOTORESIST|PASSIVATION ETCH PAD OPENING|STRIP PHOTORESIST|CLEAN PAD OPENING|MEASURE PAD OPENING|BACKSIDE CLEAN|BACKSIDE GRIND|MEASURE WAFER THICKNESS|BACKSIDE ETCH CLEAN|BACKSIDE RINSE|BACKSIDE DRY|BACKSIDE METALLIZATION PREP|DEPOSIT BACKSIDE METAL|BACKSIDE ANNEAL|MEASURE BACKSIDE CONTACT|FINAL CLEAN|FINAL THICKNESS MEASURE|FINAL GEOMETRY CHECK|FINAL CD INSPECTION|FINAL PARTICLE INSPECTION|ELECTRICAL PARAMETRIC TEST|LEAKAGE TEST|THRESHOLD VOLTAGE TEST|SWITCHING TEST|SHIP LOT|YIELD ANALYSIS|FINAL LOT RELEASE|WAFER SORT TEST,RULE_SHIP_BEFORE_TEST
anomaly_0277,IGBT,RECEIVE WAFER LOT|LOT IDENTIFICATION|PRE CLEAN INSPECTION|MEASURE INITIAL THICKNESS|MEASURE SURFACE PARTICLES|PRE CLEAN WAFER|BACKSIDE CLEAN|FRONTSIDE CLEAN|RCA CLEAN 1|WET CLEAN RCA2|HF DIP|DRY WAFER|EPITAXIAL WAFER CHECK|MEASURE EPITAXY THICKNESS|MEASURE RESISTIVITY|EPITAXIAL REWORK CHECK|EPITAXIAL LAYER PREP|THERMAL OXIDATION|MEASURE OXIDE THICKNESS|SPIN COAT PHOTORESIST|SOFT BAKE|ALIGN MASK LEVEL 1|EXPOSE LITHO LEVEL 1|DEVELOP PHOTORESIST|INSPECT PATTERN LEVEL 1|OXIDE ETCH DRY|STRIP RESIST|CLEAN AFTER OXIDE ETCH|MEASURE OPENING CD|IMPLANT P BODY|DRIVE IN DIFFUSION|RAPID THERMAL ANNEAL|MEASURE JUNCTION DEPTH|THERMAL OXIDATION|SPIN COAT PHOTORESIST|SOFT BAKE|ALIGN MASK LEVEL 2|EXPOSE LITHO LEVEL 2|POST EXPOSE BAKE|DEVELOP PHOTORESIST|P BODY WINDOW INSPECTION|ETCH SILICON OR OXIDE WINDOW|STRIP RESIST|CLEAN AFTER WINDOW ETCH|MEASURE WINDOW CD|IMPLANT N BUFFER|RAPID THERMAL ANNEAL|MEASURE SHEET RESISTANCE|EPITAXIAL REWORK CHECK|DEPOSIT FIELD OXIDE|DENSIFY OXIDE|MEASURE FILM THICKNESS|SPIN COAT PHOTORESIST|SOFT BAKE|ALIGN MASK LEVEL 3|EXPOSE LITHO LEVEL 3|POST EXPOSE BAKE|DEVELOP PHOTORESIST|FIELD PATTERN INSPECTION|FIELD OXIDE ETCH|STRIP PHOTORESIST|CLEAN AFTER FIELD ETCH|MEASURE SURFACE UNIFORMITY|IMPLANT SOURCE REGION|IMPLANT DRAIN / CATHODE REGION|RAPID THERMAL ANNEAL|MEASURE SHEET RESISTANCE|DEPOSIT GATE OXIDE OR DIELECTRIC|ANNEAL DIELECTRIC|MEASURE OXIDE QUALITY|DEPOSIT POLYSILICON|POLYSILICON ANNEAL|SPIN COAT PHOTORESIST|SOFT BAKE|ALIGN MASK LEVEL 4|EXPOSE LITHO LEVEL 4|DEVELOP PHOTORESIST|POLY PATTERN INSPECTION|HARD BAKE|POLYSILICON ETCH DRY|STRIP PHOTORESIST|CLEAN AFTER POLY ETCH|MEASURE GATE CD|IMPLANT CHANNEL STOP|PRE ANNEAL CHECK|RAPID THERMAL ANNEAL|DEPOSIT INTERLEVEL DIELECTRIC|DENSIFY DIELECTRIC|MEASURE DIELECTRIC THICKNESS|CMP DIELECTRIC|MEASURE SURFACE PLANARITY|SPIN COAT PHOTORESIST|SOFT BAKE|ALIGN MASK LEVEL 5|EXPOSE LITHO LEVEL 5|DEVELOP PHOTORESIST|VIA OPENING INSPECTION|VIA ETCH|STRIP PHOTORESIST|CLEAN AFTER VIA ETCH|MEASURE VIA CD|DEPOSIT BARRIER METAL|DEPOSIT METAL SEED|FILL VIA METAL|CMP VIA FILL|DEPOSIT METAL 1|ANNEAL METAL|MEASURE METAL THICKNESS|SPIN COAT PHOTORESIST|SOFT BAKE|ALIGN MASK LEVEL 6|EXPOSE LITHO LEVEL 6|DEVELOP PHOTORESIST|METAL PATTERN INSPECTION|METAL ETCH DRY|STRIP RESIST|CLEAN AFTER METAL ETCH|MEASURE LINE WIDTH|DEPOSIT PASSIVATION LAYER|LEAKAGE TEST|CURE PASSIVATION|MEASURE PASSIVATION THICKNESS|OPEN BOND PAD WINDOW|OPEN PAD WINDOW LITHO|DEVELOP PHOTORESIST|PASSIVATION ETCH PAD OPENING|STRIP RESIST|CLEAN PAD OPENING|MEASURE PAD OPENING|BACKSIDE GRIND|MEASURE THICKNESS|BACKSIDE ETCH CLEAN|BACKSIDE RINSE|BACKSIDE DRY|BACKSIDE METALLIZATION PREP|DEPOSIT BACKSIDE METAL|BACKSIDE ANNEAL|MEASURE BACKSIDE CONTACT|FINAL CLEAN|FINAL THICKNESS MEASURE|FINAL GEOMETRY CHECK|FINAL CD INSPECTION|FINAL PARTICLE INSPECTION|ELECTRICAL PARAMETRIC TEST|BREAKDOWN VOLTAGE TEST|SWITCHING TEST|WAFER SORT TEST|YIELD ANALYSIS|LOT RELEASE|SHIP LOT,RULE_TEST_BEFORE_PASSIVATION
anomaly_0747,IC,RECEIVE WAFER LOT|LOT IDENTIFICATION|INITIAL WAFER INSPECTION|MEASURE INITIAL GEOMETRY|MEASURE SURFACE PARTICLES|WAFER CLEAN PRE PROCESS|BACKSIDE CLEAN|WET CLEAN RCA1|RCA CLEAN 2|HF DIP|DRY WAFER|WAFER CLEAN PRE-GRIND|GRINDING WAFER BACKSIDE|MEASURE INITIAL GEOMETRY|ETCH WET BACKSIDE|RINSE WET WAFER_EDGE|DRY WAFER BACKSIDE|BACKSIDE CLEAN|MEASURE BACKSIDE ROUGHNESS|THERMAL OXIDATION|MEASURE OXIDE THICKNESS|RCA CLEAN 1|WET CLEAN RCA2|HF DIP|OXIDE STRIP|SURFACE PREP FOR DEPOSITION|DEPOSIT PAD OXIDE|ANNEAL OXIDE|MEASURE OXIDE THICKNESS|SPIN COAT PHOTORESIST|SOFT BAKE|ALIGN MASK LEVEL 1|EXPOSE LITHO LEVEL 1|DEVELOP PHOTORESIST|INSPECT PATTERN LEVEL 1|HARD BAKE|OXIDE ETCH DRY|STRIP RESIST|CLEAN AFTER ETCH|MEASURE CD LEVEL 1|DEPOSIT POLYSILICON|ANNEAL POLYSILICON|SPIN COAT PHOTORESIST|SOFT BAKE|ALIGN MASK LEVEL 2|EXPOSE LITHO LEVEL 2|POST EXPOSE BAKE|DEVELOP PHOTORESIST|PATTERN INSPECTION LEVEL 2|POLYSILICON ETCH DRY|STRIP RESIST|CLEAN AFTER POLY ETCH|MEASURE CD LEVEL 2|IMPLANT N-TYPE|RAPID THERMAL ANNEAL|DEPOSIT INTERLEVEL DIELECTRIC|DENSIFY DIELECTRIC|MEASURE FILM THICKNESS|CMP INTERLAYER DIELECTRIC|MEASURE PLANARITY|SPIN COAT PHOTORESIST|SOFT BAKE|ALIGN MASK LEVEL 3|EXPOSE LITHO LEVEL 3|DEVELOP PHOTORESIST|VIA OPENING INSPECTION|HARD BAKE|VIA ETCH|STRIP RESIST|CLEAN AFTER VIA ETCH|MEASURE VIA CD|CMP VIA FILL|MEASURE CONTACT RESISTANCE|DEPOSIT TOP METAL|ANNEAL METAL 1|SPIN COAT PHOTORESIST|SOFT BAKE|ALIGN MASK LEVEL 4|EXPOSE LITHO LEVEL 4|DEVELOP PHOTORESIST|METAL PATTERN INSPECTION|METAL ETCH DRY|STRIP RESIST|CLEAN AFTER METAL ETCH|MEASURE LINE WIDTH|DEPOSIT PASSIVATION LAYER|CURE PASSIVATION|MEASURE PASSIVATION THICKNESS|OPEN PAD WINDOW|OPEN PAD WINDOW LITHO|DEVELOP PHOTORESIST|PASSIVATION ETCH|STRIP PHOTORESIST|CLEAN PAD OPENING|MEASURE PAD OPENING|BACKSIDE CLEAN FINAL|DEPOSIT BACKSIDE PROTECTION|BACKSIDE ANNEAL|FRONTSIDE CLEAN FINAL|FINAL CLEAN|FINAL GEOMETRY CHECK|FINAL PARTICLE INSPECTION|ELECTRICAL PARAMETRIC TEST|LEAKAGE TEST|THRESHOLD VOLTAGE TEST|SWITCHING TEST|WAFER SORT TEST|YIELD ANALYSIS|LOT RELEASE|PACKAGE PREPARATION|SHIP LOT,RULE_CMP_NO_DEP
anomaly_0895,IGBT,RECEIVE WAFER LOT|LOT IDENTIFICATION|PRE CLEAN INSPECTION|MEASURE INITIAL THICKNESS|MEASURE SURFACE PARTICLES|PRE CLEAN WAFER|BACKSIDE CLEAN|FRONTSIDE CLEAN|RCA CLEAN 1|WET CLEAN RCA2|HF DIP|DRY WAFER|EPITAXIAL WAFER CHECK|MEASURE EPITAXY THICKNESS|MEASURE RESISTIVITY|EPITAXIAL LAYER PREP|THERMAL OXIDATION|MEASURE OXIDE THICKNESS|SPIN COAT PHOTORESIST|SOFT BAKE|ALIGN MASK LEVEL 1|EXPOSE LITHO LEVEL 1|DEVELOP PHOTORESIST|INSPECT PATTERN LEVEL 1|HARD BAKE|OXIDE ETCH DRY|STRIP RESIST|CLEAN AFTER OXIDE ETCH|MEASURE OPENING CD|IMPLANT P BODY|DRIVE IN DIFFUSION|RAPID THERMAL ANNEAL|MEASURE JUNCTION DEPTH|THERMAL OXIDATION|SPIN COAT PHOTORESIST|SOFT BAKE|ALIGN MASK LEVEL 2|EXPOSE LITHO LEVEL 2|DEVELOP PHOTORESIST|P BODY WINDOW INSPECTION|HARD BAKE|ETCH SILICON OR OXIDE WINDOW|STRIP PHOTORESIST|CLEAN AFTER WINDOW ETCH|MEASURE WINDOW CD|IMPLANT N BUFFER|PRE ANNEAL CHECK|RAPID THERMAL ANNEAL|MEASURE SHEET RESISTANCE|DEPOSIT FIELD OXIDE|DENSIFY OXIDE|SPIN COAT PHOTORESIST|SOFT BAKE|ALIGN MASK LEVEL 3|EXPOSE LITHO LEVEL 3|DEVELOP PHOTORESIST|FIELD PATTERN INSPECTION|FIELD OXIDE ETCH|STRIP PHOTORESIST|CLEAN AFTER FIELD ETCH|MEASURE SURFACE UNIFORMITY|IMPLANT SOURCE REGION|IMPLANT DRAIN / CATHODE REGION|PRE ANNEAL CHECK|RAPID THERMAL ANNEAL|MEASURE SHEET RESISTANCE|DEPOSIT GATE OXIDE OR DIELECTRIC|ANNEAL DIELECTRIC|MEASURE OXIDE QUALITY|DEPOSIT POLYSILICON|POLYSILICON ANNEAL|SPIN COAT PHOTORESIST|SOFT BAKE|ALIGN MASK LEVEL 4|EXPOSE LITHO LEVEL 4|POST EXPOSE BAKE|DEVELOP PHOTORESIST|POLY PATTERN INSPECTION|POLYSILICON ETCH DRY|STRIP RESIST|CLEAN AFTER POLY ETCH|MEASURE GATE CD|IMPLANT CHANNEL STOP|RAPID THERMAL ANNEAL|MEASURE DEVICE PARAMETER|DEPOSIT INTERLEVEL DIELECTRIC|DENSIFY OXIDE|MEASURE DIELECTRIC THICKNESS|CMP INTERLAYER DIELECTRIC|MEASURE PLANARITY|SPIN COAT PHOTORESIST|SOFT BAKE|ALIGN MASK LEVEL 5|EXPOSE LITHO LEVEL 5|DEVELOP PHOTORESIST|VIA OPENING INSPECTION|VIA ETCH|STRIP RESIST|CLEAN AFTER VIA ETCH|MEASURE VIA CD|DEPOSIT BARRIER METAL|DEPOSIT METAL SEED|FILL VIA METAL|CMP VIA FILL|MEASURE VIA RESISTANCE|DEPOSIT TOP METAL|ANNEAL METAL|SPIN COAT PHOTORESIST|SOFT BAKE|ALIGN MASK LEVEL 6|EXPOSE LITHO LEVEL 6|DEVELOP PHOTORESIST|METAL PATTERN INSPECTION|METAL ETCH DRY|STRIP RESIST|CLEAN AFTER METAL ETCH|MEASURE LINE WIDTH|DEPOSIT PASSIVATION LAYER|CURE PASSIVATION|MEASURE PASSIVATION QUALITY|OPEN BOND PAD WINDOW|OPEN PAD WINDOW LITHO|DEVELOP PAD WINDOW|PASSIVATION ETCH|STRIP PHOTORESIST|CLEAN PAD OPENING|MEASURE PAD OPENING|BACKSIDE GRIND|MEASURE WAFER THICKNESS|BACKSIDE ETCH CLEAN|BACKSIDE RINSE|BACKSIDE DRY|BACKSIDE METALLIZATION PREP|DEPOSIT BACKSIDE METAL|BACKSIDE ANNEAL|MEASURE BACKSIDE CONTACT|FINAL CLEAN|FINAL GEOMETRY CHECK|FINAL CD INSPECTION|ELECTRICAL PARAMETRIC TEST|LEAKAGE TEST|BREAKDOWN VOLTAGE TEST|SWITCHING TEST|SHIP LOT|YIELD ANALYSIS|FINAL LOT RELEASE|WAFER SORT TEST,RULE_SHIP_BEFORE_TEST
anomaly_0074,MOSFET,RECEIVE WAFER LOT|LOT IDENTIFICATION|PRE CLEAN INSPECTION|MEASURE THICKNESS|MEASURE SURFACE PARTICLES|PRE CLEAN WAFER|WET CLEAN RCA1|WET CLEAN RCA2|HF DIP|SUBSTRATE CHECK|EPITAXY PREP|EPITAXIAL DEPOSITION|MEASURE EPITAXY THICKNESS|MEASURE RESISTIVITY|EPITAXY ANNEAL|WAFER SURFACE CLEAN|THERMAL OXIDATION|MEASURE OXIDE THICKNESS|SPIN COAT PHOTORESIST|SOFT BAKE|ALIGN MASK LEVEL 1|EXPOSE LITHO LEVEL 1|DEVELOP PHOTORESIST|PATTERN INSPECTION LEVEL 1|HARD BAKE|OXIDE ETCH|STRIP PHOTORESIST|CLEAN AFTER ETCH|MEASURE OPENING CD|IMPLANT WELL|PRE ANNEAL CHECK|DRIVE IN DIFFUSION|RAPID THERMAL ANNEAL|MEASURE JUNCTION DEPTH|THERMAL OXIDATION|GATE OXIDE PREP|GATE OXIDE GROWTH|MEASURE GATE OXIDE THICKNESS|DEPOSIT POLYSILICON|POLYSILICON ANNEAL|MEASURE POLY THICKNESS|SPIN COAT PHOTORESIST|SOFT BAKE|DEVELOP PHOTORESIST|POLY PATTERN INSPECTION|POLYSILICON ETCH|STRIP PHOTORESIST|CLEAN AFTER POLY ETCH|IMPLANT SOURCE DRAIN|LIGHT ANNEAL|DEPOSIT SPACER DIELECTRIC|ANISOTROPIC ETCH SPACER|MEASURE SPACER WIDTH|IMPLANT LDD|RAPID THERMAL ANNEAL|MEASURE JUNCTION PROFILE|DEPOSIT INTERLEVEL DIELECTRIC|DENSIFY OXIDE|MEASURE FILM THICKNESS|CMP DIELECTRIC|MEASURE SURFACE PLANARITY|SPIN COAT PHOTORESIST|SOFT BAKE|ALIGN MASK LEVEL 3|EXPOSE LITHO LEVEL 3|DEVELOP PHOTORESIST|VIA OPENING INSPECTION|DIELECTRIC ETCH VIA|STRIP RESIST|CLEAN AFTER VIA ETCH|DEPOSIT BARRIER METAL|DEPOSIT METAL SEED|FILL VIA METAL|CMP VIA FILL|MEASURE CONTACT RESISTANCE|DEPOSIT TOP METAL|ANNEAL METAL|MEASURE METAL THICKNESS|SPIN COAT PHOTORESIST|SOFT BAKE|ALIGN MASK LEVEL 4|EXPOSE LITHO LEVEL 4|DEVELOP PHOTORESIST|METAL PATTERN INSPECTION|METAL ETCH|STRIP PHOTORESIST|CLEAN AFTER METAL ETCH|MEASURE LINE WIDTH|DEPOSIT PASSIVATION|CURE PASSIVATION|MEASURE PASSIVATION QUALITY|OPEN PAD WINDOW|OPEN PAD WINDOW LITHO|DEVELOP PHOTORESIST|PASSIVATION ETCH|STRIP PHOTORESIST|CLEAN PAD OPENING|MEASURE PAD OPENING|BACKSIDE CLEAN|BACKSIDE GRIND|MEASURE WAFER THICKNESS|BACKSIDE ETCH CLEAN|BACKSIDE RINSE|BACKSIDE DRY|BACKSIDE METALLIZATION PREP|DEPOSIT BACKSIDE METAL|BACKSIDE ANNEAL|MEASURE BACKSIDE CONTACT|FINAL CLEAN|FINAL THICKNESS MEASURE|FINAL GEOMETRY CHECK|FINAL CD INSPECTION|FINAL PARTICLE INSPECTION|ELECTRICAL PARAMETRIC TEST|LEAKAGE TEST|THRESHOLD VOLTAGE TEST|SWITCHING TEST|WAFER SORT TEST|YIELD ANALYSIS|FINAL LOT RELEASE|SHIP LOT,RULE_LITHO_LEVEL_SKIP
anomaly_0700,IC,RECEIVE WAFER LOT|LOT IDENTIFICATION|INITIAL WAFER INSPECTION|MEASURE INITIAL THICKNESS|WAFER CLEAN PRE PROCESS|BACKSIDE CLEAN|RCA CLEAN 1|RCA CLEAN 2|HF DIP|DRY WAFER|WAFER CLEAN PRE-GRIND|GRINDING WAFER BACKSIDE|MEASURE INITIAL GEOMETRY|ETCH WET BACKSIDE|RINSE WET WAFER_EDGE|DRY WAFER BACKSIDE|BACKSIDE CLEAN|MEASURE BACKSIDE ROUGHNESS|THERMAL OXIDATION|MEASURE OXIDE THICKNESS|WET CLEAN RCA1|WET CLEAN RCA2|HF DIP|OXIDE STRIP|SURFACE PREP FOR DEPOSITION|DEPOSIT PAD OXIDE|ANNEAL OXIDE|MEASURE OXIDE THICKNESS|SPIN COAT PHOTORESIST|SOFT BAKE|ALIGN MASK LEVEL 1|EXPOSE LITHO LEVEL 1|DEVELOP PHOTORESIST|INSPECT PATTERN LEVEL 1|HARD BAKE|OXIDE ETCH DRY|STRIP RESIST|CLEAN AFTER ETCH|MEASURE CD LEVEL 1|DEPOSIT POLYSILICON|ANNEAL POLYSILICON|SPIN COAT PHOTORESIST|SOFT BAKE|ALIGN MASK LEVEL 2|EXPOSE LITHO LEVEL 2|DEVELOP PHOTORESIST|PATTERN INSPECTION LEVEL 2|POLYSILICON ETCH DRY|STRIP RESIST|CLEAN AFTER POLY ETCH|MEASURE CD LEVEL 2|IMPLANT N-TYPE|PRE ANNEAL CHECK|RAPID THERMAL ANNEAL|MEASURE SHEET RESISTANCE|DEPOSIT INTERLAYER DIELECTRIC|DENSIFY DIELECTRIC|MEASURE DIELECTRIC THICKNESS|CMP DIELECTRIC|MEASURE PLANARITY|SPIN COAT PHOTORESIST|SOFT BAKE|ALIGN MASK LEVEL 3|EXPOSE LITHO LEVEL 3|DEVELOP PHOTORESIST|VIA INSPECTION|HARD BAKE|DIELECTRIC ETCH VIA|STRIP PHOTORESIST|CLEAN AFTER VIA ETCH|MEASURE VIA CD|DEPOSIT BARRIER METAL|DEPOSIT TUNGSTEN SEED|FILL VIA TUNGSTEN|CMP METAL|MEASURE CONTACT RESISTANCE|DEPOSIT TOP METAL|ANNEAL METAL 1|SPIN COAT PHOTORESIST|SOFT BAKE|ALIGN MASK LEVEL 4|EXPOSE LITHO LEVEL 4|DEVELOP PHOTORESIST|METAL PATTERN INSPECTION|HARD BAKE|METAL ETCH DRY|STRIP RESIST|CLEAN AFTER METAL ETCH|MEASURE LINE WIDTH|DEPOSIT PASSIVATION|ELECTRICAL PARAMETRIC TEST|CURE PASSIVATION|MEASURE PASSIVATION THICKNESS|OPEN BOND PAD WINDOW|PAD WINDOW LITHO|DEVELOP PHOTORESIST|PASSIVATION ETCH PAD OPENING|STRIP RESIST|CLEAN PAD OPENING|MEASURE PAD OPENING|BACKSIDE CLEAN FINAL|DEPOSIT BACKSIDE PROTECTION|BACKSIDE ANNEAL|FINAL CLEAN|FINAL THICKNESS MEASURE|FINAL GEOMETRY CHECK|FINAL CD INSPECTION|FINAL PARTICLE INSPECTION|FINAL ELECTRICAL TEST PREP|LEAKAGE TEST|PARAMETRIC TEST|SWITCHING TEST|WAFER SORT TEST|YIELD ANALYSIS|LOT RELEASE|SHIP LOT,RULE_TEST_BEFORE_PASSIVATION
anomaly_0274,IC,RECEIVE WAFER LOT|LOT IDENTIFICATION|INITIAL WAFER INSPECTION|MEASURE SURFACE DEFECTS|WAFER CLEAN PRE PROCESS|FRONTSIDE CLEAN|RCA CLEAN 1|WET CLEAN RCA2|HF DIP|WAFER CLEAN PRE-GRIND|GRINDING WAFER BACKSIDE|MEASURE GEOMETRY|ETCH WET BACKSIDE|RINSE WET WAFER_EDGE|DRY WAFER BACKSIDE|BACKSIDE CLEAN|MEASURE BACKSIDE ROUGHNESS|THERMAL OXIDATION|MEASURE OXIDE THICKNESS|RCA CLEAN 1|WET CLEAN RCA2|HF DIP|OXIDE STRIP|SURFACE PREP FOR DEPOSITION|DEPOSIT PAD OXIDE|ANNEAL OXIDE|MEASURE OXIDE THICKNESS|SPIN COAT PHOTORESIST|SOFT BAKE|ALIGN MASK LEVEL 1|EXPOSE LITHO LEVEL 1|POST EXPOSE BAKE|DEVELOP PHOTORESIST|INSPECT PATTERN LEVEL 1|HARD BAKE|OXIDE ETCH DRY|STRIP PHOTORESIST|CLEAN AFTER ETCH|MEASURE CD LEVEL 1|DEPOSIT POLYSILICON|ANNEAL POLYSILICON|SPIN COAT PHOTORESIST|SOFT BAKE|ALIGN MASK LEVEL 2|EXPOSE LITHO LEVEL 2|POST EXPOSE BAKE|DEVELOP PHOTORESIST|PATTERN INSPECTION LEVEL 2|HARD BAKE|POLYSILICON ETCH DRY|STRIP RESIST|CLEAN AFTER POLY ETCH|IMPLANT N-TYPE|RAPID THERMAL ANNEAL|MEASURE SHEET RESISTANCE|DEPOSIT INTERLEVEL DIELECTRIC|DENSIFY OXIDE|MEASURE DIELECTRIC THICKNESS|CMP DIELECTRIC|MEASURE SURFACE PLANARITY|SPIN COAT PHOTORESIST|SOFT BAKE|ALIGN MASK LEVEL 3|EXPOSE LITHO LEVEL 3|POST EXPOSE BAKE|DEVELOP PHOTORESIST|VIA INSPECTION|DIELECTRIC ETCH VIA|STRIP PHOTORESIST|CLEAN AFTER VIA ETCH|MEASURE VIA CD|DEPOSIT BARRIER METAL|DEPOSIT TUNGSTEN SEED|FILL VIA TUNGSTEN|CMP VIA FILL|MEASURE VIA RESISTANCE|DEPOSIT TOP METAL|ANNEAL METAL 1|SPIN COAT PHOTORESIST|SOFT BAKE|ALIGN MASK LEVEL 4|EXPOSE LITHO LEVEL 4|DEVELOP PHOTORESIST|METAL PATTERN INSPECTION|METAL ETCH DRY|STRIP RESIST|CLEAN AFTER METAL ETCH|DEPOSIT PASSIVATION|LEAKAGE TEST|CURE PASSIVATION|MEASURE PASSIVATION QUALITY|OPEN BOND PAD WINDOW|OPEN PAD WINDOW LITHO|DEVELOP PHOTORESIST|PASSIVATION ETCH PAD OPENING|STRIP RESIST|CLEAN PAD OPENING|MEASURE PAD OPENING|BACKSIDE THINNING CHECK|BACKSIDE CLEAN|DEPOSIT BACKSIDE PROTECTION|BACKSIDE ANNEAL|FRONTSIDE CLEAN FINAL|FINAL CLEAN|FINAL THICKNESS MEASURE|FINAL GEOMETRY CHECK|FINAL OXIDE CHECK|FINAL CD INSPECTION|FINAL PARTICLE INSPECTION|PARAMETRIC TEST|THRESHOLD VOLTAGE TEST|SWITCHING TEST|WAFER SORT TEST|YIELD ANALYSIS|LOT RELEASE|SHIP LOT,RULE_TEST_BEFORE_PASSIVATION
anomaly_0687,IC,RECEIVE WAFER LOT|LOT IDENTIFICATION|INITIAL WAFER INSPECTION|MEASURE SURFACE DEFECTS|WAFER CLEAN PRE PROCESS|RCA CLEAN 1|WET CLEAN RCA2|HF DIP|DRY WAFER|WAFER CLEAN PRE-GRIND|GRINDING WAFER BACKSIDE|MEASURE GEOMETRY|ETCH WET BACKSIDE|RINSE WET WAFER_EDGE|DRY WAFER BACKSIDE|BACKSIDE CLEAN|MEASURE BACKSIDE ROUGHNESS|THERMAL OXIDATION|MEASURE OXIDE THICKNESS|RCA CLEAN 1|RCA CLEAN 2|HF DIP|OXIDE STRIP|SURFACE PREP FOR DEPOSITION|DEPOSIT PAD OXIDE|ANNEAL OXIDE|MEASURE FILM THICKNESS|SPIN COAT PHOTORESIST|SOFT BAKE|ALIGN MASK LEVEL 1|EXPOSE LITHO LEVEL 1|DEVELOP PHOTORESIST|INSPECT PATTERN LEVEL 1|HARD BAKE|OXIDE ETCH DRY|STRIP RESIST|CLEAN AFTER ETCH|MEASURE CD LEVEL 1|DEPOSIT POLYSILICON|ANNEAL POLYSILICON|SPIN COAT PHOTORESIST|SOFT BAKE|ALIGN MASK LEVEL 2|EXPOSE LITHO LEVEL 2|DEVELOP PHOTORESIST|PATTERN INSPECTION LEVEL 2|POLYSILICON ETCH DRY|STRIP RESIST LEVEL 2|CLEAN AFTER POLY ETCH|IMPLANT N-TYPE|RAPID THERMAL ANNEAL|MEASURE SHEET RESISTANCE|DEPOSIT INTERLEVEL DIELECTRIC|DENSIFY DIELECTRIC|MEASURE FILM THICKNESS|CMP INTERLAYER DIELECTRIC|MEASURE PLANARITY|SPIN COAT PHOTORESIST|SOFT BAKE|ALIGN MASK LEVEL 3|EXPOSE LITHO LEVEL 3|VIA INSPECTION|VIA ETCH THROUGH DIELECTRIC|STRIP RESIST|CLEAN AFTER VIA ETCH|DEPOSIT BARRIER METAL|DEPOSIT TUNGSTEN SEED|FILL VIA TUNGSTEN|CMP METAL|DEPOSIT TOP METAL|ANNEAL METAL 1|SPIN COAT PHOTORESIST|SOFT BAKE|ALIGN MASK LEVEL 4|EXPOSE LITHO LEVEL 4|DEVELOP PHOTORESIST|METAL PATTERN INSPECTION|METAL ETCH DRY|STRIP PHOTORESIST|CLEAN AFTER METAL ETCH|MEASURE LINE WIDTH|DEPOSIT PASSIVATION|CURE PASSIVATION|MEASURE PASSIVATION THICKNESS|OPEN PAD WINDOW|OPEN PAD WINDOW LITHO|DEVELOP PHOTORESIST|PASSIVATION ETCH PAD OPENING|STRIP RESIST|CLEAN PAD OPENING|MEASURE PAD OPENING|BACKSIDE THINNING CHECK|BACKSIDE CLEAN FINAL|DEPOSIT BACKSIDE PROTECTION|BACKSIDE ANNEAL|FINAL CLEAN|FINAL THICKNESS MEASURE|FINAL GEOMETRY CHECK|FINAL OXIDE CHECK|FINAL CD INSPECTION|PARAMETRIC TEST|LEAKAGE TEST|THRESHOLD VOLTAGE TEST|SWITCHING TEST|WAFER SORT TEST|YIELD ANALYSIS|LOT RELEASE|PACKAGE PREPARATION|SHIP LOT,RULE_ETCH_NO_MASK
anomaly_0380,IGBT,RECEIVE WAFER LOT|LOT IDENTIFICATION|PRE CLEAN INSPECTION|MEASURE INITIAL THICKNESS|MEASURE SURFACE PARTICLES|PRE CLEAN WAFER|BACKSIDE CLEAN|FRONTSIDE CLEAN|WET CLEAN RCA1|WET CLEAN RCA2|HF DIP|DRY WAFER|EPITAXIAL WAFER CHECK|MEASURE EPITAXY THICKNESS|MEASURE RESISTIVITY|EPITAXIAL REWORK CHECK|EPITAXIAL LAYER PREP|THERMAL OXIDATION|MEASURE OXIDE THICKNESS|SPIN COAT PHOTORESIST|SOFT BAKE|ALIGN MASK LEVEL 1|EXPOSE LITHO LEVEL 1|DEVELOP PHOTORESIST|INSPECT PATTERN LEVEL 1|OXIDE ETCH DRY|STRIP PHOTORESIST|CLEAN AFTER OXIDE ETCH|MEASURE OPENING CD|IMPLANT P BODY|PRE ANNEAL CHECK|DRIVE IN DIFFUSION|RAPID THERMAL ANNEAL|MEASURE JUNCTION DEPTH|THERMAL OXIDATION|SPIN COAT PHOTORESIST|SOFT BAKE|ALIGN MASK LEVEL 2|EXPOSE LITHO LEVEL 2|POST EXPOSE BAKE|DEVELOP PHOTORESIST|P BODY WINDOW INSPECTION|ETCH SILICON OR OXIDE WINDOW|STRIP RESIST|CLEAN AFTER WINDOW ETCH|MEASURE WINDOW CD|IMPLANT N BUFFER|RAPID THERMAL ANNEAL|DEPOSIT FIELD OXIDE|DENSIFY OXIDE|MEASURE FILM THICKNESS|SPIN COAT PHOTORESIST|SOFT BAKE|ALIGN MASK LEVEL 3|EXPOSE LITHO LEVEL 3|DEVELOP PHOTORESIST|FIELD PATTERN INSPECTION|HARD BAKE|FIELD OXIDE ETCH|STRIP PHOTORESIST|CLEAN AFTER FIELD ETCH|IMPLANT SOURCE REGION|IMPLANT DRAIN / CATHODE REGION|PRE ANNEAL CHECK|RAPID THERMAL ANNEAL|DEPOSIT GATE OXIDE OR DIELECTRIC|ANNEAL DIELECTRIC|MEASURE OXIDE QUALITY|DEPOSIT POLYSILICON|POLYSILICON ANNEAL|SPIN COAT PHOTORESIST|SOFT BAKE|ALIGN MASK LEVEL 4|EXPOSE LITHO LEVEL 4|POST EXPOSE BAKE|DEVELOP PHOTORESIST|POLY PATTERN INSPECTION|POLYSILICON ETCH DRY|STRIP PHOTORESIST|CLEAN AFTER POLY ETCH|MEASURE GATE CD|IMPLANT CHANNEL STOP|PRE ANNEAL CHECK|RAPID THERMAL ANNEAL|MEASURE DEVICE PARAMETER|DEPOSIT INTERLAYER DIELECTRIC|DENSIFY DIELECTRIC|MEASURE DIELECTRIC THICKNESS|CMP INTERLAYER DIELECTRIC|MEASURE SURFACE PLANARITY|SPIN COAT PHOTORESIST|SOFT BAKE|ALIGN MASK LEVEL 5|EXPOSE LITHO LEVEL 5|DEVELOP PHOTORESIST|VIA INSPECTION|DIELECTRIC ETCH VIA|STRIP PHOTORESIST|CLEAN AFTER VIA ETCH|DEPOSIT BARRIER METAL|DEPOSIT METAL SEED|FILL VIA METAL|CMP VIA FILL|MEASURE VIA RESISTANCE|DEPOSIT TOP METAL|ANNEAL METAL 1|MEASURE METAL THICKNESS|SPIN COAT PHOTORESIST|SOFT BAKE|ALIGN MASK LEVEL 6|EXPOSE LITHO LEVEL 6|DEVELOP PHOTORESIST|METAL PATTERN INSPECTION|HARD BAKE|METAL ETCH DRY|STRIP RESIST|CLEAN AFTER METAL ETCH|MEASURE LINE WIDTH|DEPOSIT PASSIVATION LAYER|CURE PASSIVATION|MEASURE PASSIVATION QUALITY|OPEN BOND PAD WINDOW|OPEN PAD WINDOW LITHO|DEVELOP PHOTORESIST|PASSIVATION ETCH PAD OPENING|STRIP RESIST|CLEAN PAD OPENING|MEASURE PAD OPENING|BACKSIDE GRIND|MEASURE THICKNESS|BACKSIDE ETCH CLEAN|BACKSIDE RINSE|BACKSIDE DRY|BACKSIDE METALLIZATION PREP|DEPOSIT BACKSIDE METAL|BACKSIDE ANNEAL|MEASURE BACKSIDE CONTACT|FINAL CLEAN|FINAL THICKNESS MEASURE|FINAL GEOMETRY CHECK|FINAL CD INSPECTION|ELECTRICAL PARAMETRIC TEST|LEAKAGE TEST|BREAKDOWN VOLTAGE TEST|SWITCHING TEST|SHIP LOT|YIELD ANALYSIS|FINAL LOT RELEASE|WAFER SORT TEST,RULE_SHIP_BEFORE_TEST
anomaly_0167,IC,RECEIVE WAFER LOT|LOT IDENTIFICATION|INITIAL WAFER INSPECTION|MEASURE INITIAL THICKNESS|MEASURE SURFACE DEFECTS|WAFER CLEAN PRE PROCESS|BACKSIDE CLEAN|WET CLEAN RCA1|WET CLEAN RCA2|HF DIP|DRY WAFER|WAFER CLEAN PRE-GRIND|GRINDING WAFER BACKSIDE|MEASURE INITIAL GEOMETRY|ETCH WET BACKSIDE|RINSE WET WAFER_EDGE|DRY WAFER BACKSIDE|BACKSIDE CLEAN|MEASURE BACKSIDE ROUGHNESS|THERMAL OXIDATION|MEASURE OXIDE THICKNESS|WET CLEAN RCA1|RCA CLEAN 2|HF DIP|OXIDE STRIP|SURFACE PREP FOR DEPOSITION|DEPOSIT PAD OXIDE|ANNEAL OXIDE|MEASURE OXIDE THICKNESS|SPIN COAT PHOTORESIST|SOFT BAKE|ALIGN MASK LEVEL 1|EXPOSE LITHO LEVEL 1|DEVELOP PHOTORESIST|INSPECT PATTERN LEVEL 1|HARD BAKE|OXIDE ETCH DRY|STRIP PHOTORESIST|CLEAN AFTER ETCH|DEPOSIT POLYSILICON|ANNEAL POLYSILICON|SPIN COAT PHOTORESIST|SOFT BAKE|ALIGN MASK LEVEL 2|EXPOSE LITHO LEVEL 2|DEVELOP PHOTORESIST|PATTERN INSPECTION LEVEL 2|POLYSILICON ETCH DRY|STRIP RESIST|CLEAN AFTER POLY ETCH|MEASURE CD LEVEL 2|IMPLANT N-TYPE|PRE ANNEAL CHECK|RAPID THERMAL ANNEAL|DEPOSIT INTERLEVEL DIELECTRIC|DENSIFY DIELECTRIC|MEASURE DIELECTRIC THICKNESS|CMP INTERLAYER DIELECTRIC|MEASURE SURFACE PLANARITY|SPIN COAT PHOTORESIST|SOFT BAKE|ALIGN MASK LEVEL 3|EXPOSE LITHO LEVEL 3|DEVELOP PHOTORESIST|VIA OPENING INSPECTION|DIELECTRIC ETCH VIA|STRIP PHOTORESIST|CLEAN AFTER VIA ETCH|MEASURE VIA CD|DEPOSIT BARRIER METAL|DEPOSIT TUNGSTEN SEED|FILL VIA TUNGSTEN|CMP METAL|MEASURE CONTACT RESISTANCE|DEPOSIT TOP METAL|ANNEAL METAL|SPIN COAT PHOTORESIST|SOFT BAKE|ALIGN MASK LEVEL 4|DEVELOP PHOTORESIST|METAL PATTERN INSPECTION|METAL ETCH DRY|STRIP PHOTORESIST|CLEAN AFTER METAL ETCH|MEASURE LINE WIDTH|DEPOSIT PASSIVATION|CURE PASSIVATION|MEASURE PASSIVATION THICKNESS|OPEN BOND PAD WINDOW|PAD WINDOW LITHO|DEVELOP PAD WINDOW|PASSIVATION ETCH PAD OPENING|STRIP RESIST|CLEAN PAD OPENING|MEASURE PAD OPENING|BACKSIDE THINNING CHECK|BACKSIDE CLEAN FINAL|DEPOSIT BACKSIDE PROTECTION|BACKSIDE ANNEAL|FRONTSIDE CLEAN FINAL|FINAL CLEAN|FINAL THICKNESS MEASURE|FINAL GEOMETRY CHECK|FINAL OXIDE CHECK|FINAL ELECTRICAL TEST PREP|PARAMETRIC TEST|LEAKAGE TEST|THRESHOLD VOLTAGE TEST|SWITCHING TEST|WAFER SORT TEST|YIELD ANALYSIS|LOT RELEASE|SHIP LOT,RULE_METAL_ETCH_NO_LITHO
anomaly_0374,MOSFET,RECEIVE WAFER LOT|LOT IDENTIFICATION|PRE CLEAN INSPECTION|MEASURE THICKNESS|MEASURE SURFACE PARTICLES|PRE CLEAN WAFER|FRONTSIDE CLEAN|WET CLEAN RCA1|WET CLEAN RCA2|HF DIP|DRY WAFER|SUBSTRATE CHECK|EPITAXY PREP|EPITAXIAL DEPOSITION|MEASURE EPITAXY THICKNESS|MEASURE RESISTIVITY|EPITAXY ANNEAL|WAFER SURFACE CLEAN|THERMAL OXIDATION|MEASURE OXIDE THICKNESS|SPIN COAT PHOTORESIST|SOFT BAKE|ALIGN MASK LEVEL 1|EXPOSE LITHO LEVEL 1|PATTERN INSPECTION LEVEL 1|OXIDE ETCH|STRIP RESIST|CLEAN AFTER ETCH|IMPLANT WELL|PRE ANNEAL CHECK|DRIVE IN DIFFUSION|RAPID THERMAL ANNEAL|THERMAL OXIDATION|GATE OXIDE PREP|GATE OXIDE GROWTH|MEASURE GATE OXIDE THICKNESS|DEPOSIT POLYSILICON|POLYSILICON ANNEAL|SPIN COAT PHOTORESIST|SOFT BAKE|ALIGN MASK LEVEL 2|EXPOSE LITHO LEVEL 2|DEVELOP PHOTORESIST|POLY PATTERN INSPECTION|HARD BAKE|POLYSILICON ETCH|STRIP PHOTORESIST|CLEAN AFTER POLY ETCH|MEASURE GATE CD|IMPLANT SOURCE DRAIN|PRE ANNEAL CHECK|LIGHT ANNEAL|DEPOSIT SPACER DIELECTRIC|ANISOTROPIC ETCH SPACER|IMPLANT LDD|PRE ANNEAL CHECK|RAPID THERMAL ANNEAL|MEASURE JUNCTION PROFILE|DEPOSIT INTERLEVEL DIELECTRIC|DENSIFY OXIDE|MEASURE FILM THICKNESS|CMP DIELECTRIC|MEASURE SURFACE PLANARITY|SPIN COAT PHOTORESIST|SOFT BAKE|ALIGN MASK LEVEL 3|EXPOSE LITHO LEVEL 3|DEVELOP PHOTORESIST|VIA OPENING INSPECTION|DIELECTRIC ETCH VIA|STRIP PHOTORESIST|CLEAN AFTER VIA ETCH|MEASURE VIA CD|DEPOSIT BARRIER METAL|DEPOSIT METAL SEED|FILL VIA METAL|CMP METAL|MEASURE VIA RESISTANCE|DEPOSIT METAL 1|ANNEAL METAL|SPIN COAT PHOTORESIST|SOFT BAKE|ALIGN MASK LEVEL 4|EXPOSE LITHO LEVEL 4|DEVELOP PHOTORESIST|METAL PATTERN INSPECTION|HARD BAKE|METAL ETCH|STRIP PHOTORESIST|CLEAN AFTER METAL ETCH|MEASURE LINE WIDTH|DEPOSIT PASSIVATION|CURE PASSIVATION|MEASURE PASSIVATION THICKNESS|OPEN PAD WINDOW|PAD WINDOW LITHO|DEVELOP PAD WINDOW|PASSIVATION ETCH PAD OPENING|STRIP RESIST|CLEAN PAD OPENING|MEASURE PAD OPENING|BACKSIDE CLEAN|BACKSIDE GRIND|MEASURE WAFER THICKNESS|BACKSIDE ETCH CLEAN|BACKSIDE RINSE|BACKSIDE DRY|BACKSIDE METALLIZATION PREP|DEPOSIT BACKSIDE METAL|BACKSIDE ANNEAL|MEASURE BACKSIDE CONTACT|FINAL CLEAN|FINAL GEOMETRY CHECK|FINAL PARTICLE INSPECTION|PARAMETRIC TEST|LEAKAGE TEST|THRESHOLD VOLTAGE TEST|SWITCHING TEST|WAFER SORT TEST|YIELD ANALYSIS|LOT RELEASE|SHIP LOT,RULE_ETCH_NO_MASK
anomaly_0942,IGBT,RECEIVE WAFER LOT|LOT IDENTIFICATION|INITIAL WAFER INSPECTION|MEASURE INITIAL THICKNESS|MEASURE SURFACE PARTICLES|PRE CLEAN WAFER|BACKSIDE CLEAN|FRONTSIDE CLEAN|RCA CLEAN 1|RCA CLEAN 2|HF DIP|DRY WAFER|EPITAXIAL WAFER CHECK|MEASURE EPITAXY THICKNESS|MEASURE RESISTIVITY|EPITAXIAL REWORK CHECK|EPITAXIAL LAYER PREP|THERMAL OXIDATION|MEASURE OXIDE THICKNESS|SPIN COAT PHOTORESIST|SOFT BAKE|ALIGN MASK LEVEL 1|EXPOSE LITHO LEVEL 1|DEVELOP PHOTORESIST|INSPECT PATTERN LEVEL 1|OXIDE ETCH DRY|STRIP RESIST|CLEAN AFTER OXIDE ETCH|IMPLANT P BODY|PRE ANNEAL CHECK|DRIVE IN DIFFUSION|RAPID THERMAL ANNEAL|MEASURE JUNCTION DEPTH|THERMAL OXIDATION|SPIN COAT PHOTORESIST|SOFT BAKE|ALIGN MASK LEVEL 2|EXPOSE LITHO LEVEL 2|DEVELOP PHOTORESIST|P BODY WINDOW INSPECTION|ETCH SILICON OR OXIDE WINDOW|STRIP PHOTORESIST|CLEAN AFTER WINDOW ETCH|IMPLANT N BUFFER|PRE ANNEAL CHECK|RAPID THERMAL ANNEAL|DEPOSIT FIELD OXIDE|DENSIFY OXIDE|MEASURE FILM THICKNESS|SPIN COAT PHOTORESIST|SOFT BAKE|ALIGN MASK LEVEL 3|EXPOSE LITHO LEVEL 3|POST EXPOSE BAKE|DEVELOP PHOTORESIST|FIELD PATTERN INSPECTION|FIELD OXIDE ETCH|STRIP RESIST|CLEAN AFTER FIELD ETCH|IMPLANT SOURCE REGION|IMPLANT DRAIN / CATHODE REGION|PRE ANNEAL CHECK|RAPID THERMAL ANNEAL|MEASURE SHEET RESISTANCE|DEPOSIT GATE OXIDE OR DIELECTRIC|ANNEAL DIELECTRIC|MEASURE OXIDE QUALITY|DEPOSIT POLYSILICON|POLYSILICON ANNEAL|SPIN COAT PHOTORESIST|SOFT BAKE|DEVELOP PHOTORESIST|POLY PATTERN INSPECTION|POLYSILICON ETCH DRY|STRIP PHOTORESIST|CLEAN AFTER POLY ETCH|MEASURE GATE CD|IMPLANT CHANNEL STOP|PRE ANNEAL CHECK|RAPID THERMAL ANNEAL|DEPOSIT INTERLEVEL DIELECTRIC|DENSIFY OXIDE|MEASURE FILM THICKNESS|CMP INTERLAYER DIELECTRIC|MEASURE PLANARITY|SPIN COAT PHOTORESIST|SOFT BAKE|ALIGN MASK LEVEL 5|EXPOSE LITHO LEVEL 5|POST EXPOSE BAKE|DEVELOP PHOTORESIST|VIA OPENING INSPECTION|HARD BAKE|VIA ETCH|STRIP RESIST|CLEAN AFTER VIA ETCH|MEASURE VIA CD|DEPOSIT BARRIER METAL|DEPOSIT METAL SEED|FILL VIA METAL|CMP METAL|DEPOSIT TOP METAL|ANNEAL METAL|SPIN COAT PHOTORESIST|SOFT BAKE|ALIGN MASK LEVEL 6|EXPOSE LITHO LEVEL 6|POST EXPOSE BAKE|DEVELOP PHOTORESIST|METAL PATTERN INSPECTION|METAL ETCH DRY|STRIP RESIST|CLEAN AFTER METAL ETCH|MEASURE LINE WIDTH|DEPOSIT PASSIVATION LAYER|CURE PASSIVATION|MEASURE PASSIVATION QUALITY|OPEN PAD WINDOW|PAD WINDOW LITHO|DEVELOP PAD WINDOW|PASSIVATION ETCH|STRIP RESIST|CLEAN PAD OPENING|MEASURE PAD OPENING|BACKSIDE GRIND|MEASURE WAFER THICKNESS|BACKSIDE ETCH CLEAN|BACKSIDE RINSE|BACKSIDE DRY|BACKSIDE METALLIZATION PREP|DEPOSIT BACKSIDE METAL|BACKSIDE ANNEAL|MEASURE BACKSIDE CONTACT|FINAL CLEAN|FINAL THICKNESS MEASURE|FINAL GEOMETRY CHECK|FINAL PARTICLE INSPECTION|PARAMETRIC TEST|LEAKAGE TEST|BREAKDOWN VOLTAGE TEST|SWITCHING TEST|WAFER SORT TEST|YIELD ANALYSIS|LOT RELEASE|SHIP LOT,RULE_LITHO_LEVEL_SKIP
anomaly_0104,IGBT,RECEIVE WAFER LOT|LOT IDENTIFICATION|PRE CLEAN INSPECTION|MEASURE INITIAL THICKNESS|MEASURE SURFACE PARTICLES|PRE CLEAN WAFER|BACKSIDE CLEAN|FRONTSIDE CLEAN|RCA CLEAN 1|WET CLEAN RCA2|HF DIP|EPITAXIAL WAFER CHECK|MEASURE EPITAXY THICKNESS|MEASURE RESISTIVITY|EPITAXIAL LAYER PREP|THERMAL OXIDATION|MEASURE OXIDE THICKNESS|SPIN COAT PHOTORESIST|SOFT BAKE|ALIGN MASK LEVEL 1|EXPOSE LITHO LEVEL 1|POST EXPOSE BAKE|DEVELOP PHOTORESIST|INSPECT PATTERN LEVEL 1|OXIDE ETCH DRY|STRIP PHOTORESIST|CLEAN AFTER OXIDE ETCH|MEASURE OPENING CD|IMPLANT P BODY|PRE ANNEAL CHECK|DRIVE IN DIFFUSION|RAPID THERMAL ANNEAL|THERMAL OXIDATION|SPIN COAT PHOTORESIST|SOFT BAKE|ALIGN MASK LEVEL 2|EXPOSE LITHO LEVEL 2|DEVELOP PHOTORESIST|P BODY WINDOW INSPECTION|ETCH SILICON OR OXIDE WINDOW|STRIP PHOTORESIST|CLEAN AFTER WINDOW ETCH|MEASURE WINDOW CD|IMPLANT N BUFFER|PRE ANNEAL CHECK|RAPID THERMAL ANNEAL|EPITAXIAL REWORK CHECK|DEPOSIT FIELD OXIDE|DENSIFY OXIDE|MEASURE FILM THICKNESS|SPIN COAT PHOTORESIST|SOFT BAKE|ALIGN MASK LEVEL 3|EXPOSE LITHO LEVEL 3|DEVELOP PHOTORESIST|FIELD PATTERN INSPECTION|HARD BAKE|FIELD OXIDE ETCH|STRIP PHOTORESIST|CLEAN AFTER FIELD ETCH|IMPLANT SOURCE REGION|IMPLANT DRAIN / CATHODE REGION|RAPID THERMAL ANNEAL|MEASURE SHEET RESISTANCE|DEPOSIT GATE OXIDE OR DIELECTRIC|ANNEAL DIELECTRIC|MEASURE OXIDE QUALITY|DEPOSIT POLYSILICON|POLYSILICON ANNEAL|SPIN COAT PHOTORESIST|SOFT BAKE|ALIGN MASK LEVEL 4|EXPOSE LITHO LEVEL 4|DEVELOP PHOTORESIST|POLY PATTERN INSPECTION|HARD BAKE|POLYSILICON ETCH DRY|STRIP RESIST|CLEAN AFTER POLY ETCH|MEASURE GATE CD|IMPLANT CHANNEL STOP|PRE ANNEAL CHECK|RAPID THERMAL ANNEAL|MEASURE DEVICE PARAMETER|DEPOSIT INTERLEVEL DIELECTRIC|DENSIFY OXIDE|MEASURE FILM THICKNESS|CMP DIELECTRIC|MEASURE PLANARITY|SPIN COAT PHOTORESIST|SOFT BAKE|ALIGN MASK LEVEL 5|EXPOSE LITHO LEVEL 5|DEVELOP PHOTORESIST|VIA INSPECTION|VIA ETCH THROUGH DIELECTRIC|STRIP PHOTORESIST|CLEAN AFTER VIA ETCH|MEASURE VIA CD|DEPOSIT BARRIER METAL|DEPOSIT METAL SEED|FILL VIA METAL|CMP VIA FILL|MEASURE VIA RESISTANCE|DEPOSIT TOP METAL|ANNEAL METAL|MEASURE METAL THICKNESS|SPIN COAT PHOTORESIST|SOFT BAKE|ALIGN MASK LEVEL 6|EXPOSE LITHO LEVEL 6|DEVELOP PHOTORESIST|METAL PATTERN INSPECTION|METAL ETCH DRY|STRIP PHOTORESIST|CLEAN AFTER METAL ETCH|OPEN BOND PAD WINDOW|DEPOSIT PASSIVATION LAYER|CURE PASSIVATION|MEASURE PASSIVATION THICKNESS|PAD WINDOW LITHO|DEVELOP PHOTORESIST|PASSIVATION ETCH PAD OPENING|STRIP RESIST|CLEAN PAD OPENING|MEASURE PAD OPENING|BACKSIDE GRIND|MEASURE WAFER THICKNESS|BACKSIDE ETCH CLEAN|BACKSIDE RINSE|BACKSIDE DRY|BACKSIDE METALLIZATION PREP|DEPOSIT BACKSIDE METAL|BACKSIDE ANNEAL|MEASURE BACKSIDE CONTACT|FINAL CLEAN|FINAL THICKNESS MEASURE|FINAL GEOMETRY CHECK|FINAL PARTICLE INSPECTION|ELECTRICAL PARAMETRIC TEST|LEAKAGE TEST|BREAKDOWN VOLTAGE TEST|SWITCHING TEST|WAFER SORT TEST|YIELD ANALYSIS|FINAL LOT RELEASE|SHIP LOT,RULE_PAD_OPEN_BEFORE_DEP
anomaly_0888,MOSFET,RECEIVE WAFER LOT|LOT IDENTIFICATION|PRE CLEAN INSPECTION|MEASURE THICKNESS|MEASURE SURFACE PARTICLES|PRE CLEAN WAFER|BACKSIDE CLEAN|FRONTSIDE CLEAN|RCA CLEAN 1|WET CLEAN RCA2|HF DIP|DRY WAFER|SUBSTRATE CHECK|EPITAXY PREP|EPITAXIAL DEPOSITION|MEASURE EPITAXY THICKNESS|MEASURE RESISTIVITY|EPITAXY ANNEAL|WAFER SURFACE CLEAN|THERMAL OXIDATION|MEASURE OXIDE THICKNESS|SPIN COAT PHOTORESIST|SOFT BAKE|ALIGN MASK LEVEL 1|EXPOSE LITHO LEVEL 1|DEVELOP PHOTORESIST|PATTERN INSPECTION LEVEL 1|OXIDE ETCH|STRIP PHOTORESIST|CLEAN AFTER ETCH|MEASURE OPENING CD|IMPLANT WELL|PRE ANNEAL CHECK|DRIVE IN DIFFUSION|RAPID THERMAL ANNEAL|MEASURE JUNCTION DEPTH|THERMAL OXIDATION|GATE OXIDE PREP|GATE OXIDE GROWTH|MEASURE GATE OXIDE THICKNESS|DEPOSIT POLYSILICON|POLYSILICON ANNEAL|MEASURE POLY THICKNESS|SPIN COAT PHOTORESIST|SOFT BAKE|ALIGN MASK LEVEL 2|EXPOSE LITHO LEVEL 2|DEVELOP PHOTORESIST|POLY PATTERN INSPECTION|POLYSILICON ETCH|STRIP PHOTORESIST|CLEAN AFTER POLY ETCH|IMPLANT SOURCE DRAIN|PRE ANNEAL CHECK|LIGHT ANNEAL|MEASURE SHEET RESISTANCE|DEPOSIT SPACER DIELECTRIC|ANISOTROPIC ETCH SPACER|MEASURE SPACER WIDTH|IMPLANT LDD|PRE ANNEAL CHECK|RAPID THERMAL ANNEAL|MEASURE JUNCTION PROFILE|DEPOSIT INTERLEVEL DIELECTRIC|DENSIFY DIELECTRIC|MEASURE DIELECTRIC THICKNESS|CMP DIELECTRIC|MEASURE PLANARITY|SPIN COAT PHOTORESIST|SOFT BAKE|ALIGN MASK LEVEL 3|EXPOSE LITHO LEVEL 3|POST EXPOSE BAKE|DEVELOP PHOTORESIST|VIA OPENING INSPECTION|HARD BAKE|DIELECTRIC ETCH VIA|STRIP RESIST|CLEAN AFTER VIA ETCH|MEASURE VIA CD|DEPOSIT BARRIER METAL|DEPOSIT METAL SEED|FILL VIA METAL|CMP VIA FILL|MEASURE VIA RESISTANCE|DEPOSIT TOP METAL|ANNEAL METAL 1|SPIN COAT PHOTORESIST|SOFT BAKE|ALIGN MASK LEVEL 4|EXPOSE LITHO LEVEL 4|POST EXPOSE BAKE|DEVELOP PHOTORESIST|METAL PATTERN INSPECTION|HARD BAKE|METAL ETCH|STRIP RESIST|CLEAN AFTER METAL ETCH|OPEN BOND PAD WINDOW|DEPOSIT PASSIVATION|CURE PASSIVATION|MEASURE PASSIVATION QUALITY|PAD WINDOW LITHO|DEVELOP PAD WINDOW|PASSIVATION ETCH PAD OPENING|STRIP RESIST|CLEAN PAD OPENING|MEASURE PAD OPENING|BACKSIDE CLEAN|BACKSIDE GRIND|MEASURE WAFER THICKNESS|BACKSIDE ETCH CLEAN|BACKSIDE RINSE|BACKSIDE DRY|BACKSIDE METALLIZATION PREP|DEPOSIT BACKSIDE METAL|BACKSIDE ANNEAL|MEASURE BACKSIDE CONTACT|FINAL CLEAN|FINAL THICKNESS MEASURE|FINAL GEOMETRY CHECK|ELECTRICAL PARAMETRIC TEST|LEAKAGE TEST|THRESHOLD VOLTAGE TEST|SWITCHING TEST|WAFER SORT TEST|YIELD ANALYSIS|FINAL LOT RELEASE|SHIP LOT,RULE_PAD_OPEN_BEFORE_DEP
anomaly_0876,IGBT,RECEIVE WAFER LOT|LOT IDENTIFICATION|INITIAL WAFER INSPECTION|MEASURE INITIAL THICKNESS|MEASURE SURFACE PARTICLES|PRE CLEAN WAFER|BACKSIDE CLEAN|FRONTSIDE CLEAN|RCA CLEAN 1|WET CLEAN RCA2|HF DIP|DRY WAFER|EPITAXIAL WAFER CHECK|MEASURE EPITAXY THICKNESS|MEASURE RESISTIVITY|EPITAXIAL REWORK CHECK|EPITAXIAL LAYER PREP|THERMAL OXIDATION|MEASURE OXIDE THICKNESS|SPIN COAT PHOTORESIST|SOFT BAKE|ALIGN MASK LEVEL 1|EXPOSE LITHO LEVEL 1|POST EXPOSE BAKE|DEVELOP PHOTORESIST|INSPECT PATTERN LEVEL 1|OXIDE ETCH DRY|STRIP PHOTORESIST|CLEAN AFTER OXIDE ETCH|MEASURE OPENING CD|IMPLANT P BODY|PRE ANNEAL CHECK|DRIVE IN DIFFUSION|RAPID THERMAL ANNEAL|THERMAL OXIDATION|SPIN COAT PHOTORESIST|SOFT BAKE|ALIGN MASK LEVEL 2|EXPOSE LITHO LEVEL 2|POST EXPOSE BAKE|DEVELOP PHOTORESIST|P BODY WINDOW INSPECTION|HARD BAKE|ETCH SILICON OR OXIDE WINDOW|STRIP RESIST|CLEAN AFTER WINDOW ETCH|MEASURE WINDOW CD|IMPLANT N BUFFER|PRE ANNEAL CHECK|RAPID THERMAL ANNEAL|MEASURE SHEET RESISTANCE|DEPOSIT FIELD OXIDE|DENSIFY OXIDE|SPIN COAT PHOTORESIST|SOFT BAKE|ALIGN MASK LEVEL 3|EXPOSE LITHO LEVEL 3|DEVELOP PHOTORESIST|FIELD PATTERN INSPECTION|HARD BAKE|FIELD OXIDE ETCH|STRIP RESIST|CLEAN AFTER FIELD ETCH|MEASURE SURFACE UNIFORMITY|IMPLANT SOURCE REGION|IMPLANT DRAIN / CATHODE REGION|RAPID THERMAL ANNEAL|MEASURE SHEET RESISTANCE|DEPOSIT GATE OXIDE OR DIELECTRIC|ANNEAL DIELECTRIC|MEASURE OXIDE QUALITY|DEPOSIT POLYSILICON|POLYSILICON ANNEAL|MEASURE POLY THICKNESS|SPIN COAT PHOTORESIST|SOFT BAKE|ALIGN MASK LEVEL 4|EXPOSE LITHO LEVEL 4|DEVELOP PHOTORESIST|POLY PATTERN INSPECTION|POLYSILICON ETCH DRY|STRIP RESIST|CLEAN AFTER POLY ETCH|MEASURE GATE CD|IMPLANT CHANNEL STOP|PRE ANNEAL CHECK|RAPID THERMAL ANNEAL|MEASURE DEVICE PARAMETER|DEPOSIT INTERLAYER DIELECTRIC|DENSIFY OXIDE|MEASURE DIELECTRIC THICKNESS|CMP INTERLAYER DIELECTRIC|MEASURE SURFACE PLANARITY|SPIN COAT PHOTORESIST|SOFT BAKE|ALIGN MASK LEVEL 5|EXPOSE LITHO LEVEL 5|DEVELOP PHOTORESIST|VIA OPENING INSPECTION|VIA ETCH|STRIP PHOTORESIST|CLEAN AFTER VIA ETCH|MEASURE VIA CD|CMP METAL|MEASURE VIA RESISTANCE|DEPOSIT METAL 1|ANNEAL METAL|MEASURE METAL THICKNESS|SPIN COAT PHOTORESIST|SOFT BAKE|ALIGN MASK LEVEL 6|EXPOSE LITHO LEVEL 6|DEVELOP PHOTORESIST|METAL PATTERN INSPECTION|METAL ETCH DRY|STRIP PHOTORESIST|CLEAN AFTER METAL ETCH|MEASURE LINE WIDTH|DEPOSIT PASSIVATION LAYER|CURE PASSIVATION|MEASURE PASSIVATION QUALITY|OPEN PAD WINDOW|OPEN PAD WINDOW LITHO|DEVELOP PHOTORESIST|PASSIVATION ETCH PAD OPENING|STRIP RESIST|CLEAN PAD OPENING|MEASURE PAD OPENING|BACKSIDE GRIND|MEASURE THICKNESS|BACKSIDE ETCH CLEAN|BACKSIDE RINSE|BACKSIDE DRY|BACKSIDE METALLIZATION PREP|DEPOSIT BACKSIDE METAL|BACKSIDE ANNEAL|MEASURE BACKSIDE CONTACT|FINAL CLEAN|FINAL THICKNESS MEASURE|FINAL GEOMETRY CHECK|PARAMETRIC TEST|LEAKAGE TEST|BREAKDOWN VOLTAGE TEST|SWITCHING TEST|WAFER SORT TEST|YIELD ANALYSIS|FINAL LOT RELEASE|SHIP LOT,RULE_CMP_NO_DEP
anomaly_0082,IGBT,RECEIVE WAFER LOT|LOT IDENTIFICATION|INITIAL WAFER INSPECTION|MEASURE INITIAL THICKNESS|MEASURE SURFACE PARTICLES|PRE CLEAN WAFER|BACKSIDE CLEAN|FRONTSIDE CLEAN|RCA CLEAN 1|RCA CLEAN 2|HF DIP|DRY WAFER|EPITAXIAL WAFER CHECK|MEASURE EPITAXY THICKNESS|MEASURE RESISTIVITY|EPITAXIAL LAYER PREP|THERMAL OXIDATION|MEASURE OXIDE THICKNESS|SPIN COAT PHOTORESIST|SOFT BAKE|ALIGN MASK LEVEL 1|EXPOSE LITHO LEVEL 1|DEVELOP PHOTORESIST|INSPECT PATTERN LEVEL 1|OXIDE ETCH DRY|STRIP RESIST|CLEAN AFTER OXIDE ETCH|IMPLANT P BODY|PRE ANNEAL CHECK|DRIVE IN DIFFUSION|RAPID THERMAL ANNEAL|MEASURE JUNCTION DEPTH|THERMAL OXIDATION|SPIN COAT PHOTORESIST|SOFT BAKE|ALIGN MASK LEVEL 2|EXPOSE LITHO LEVEL 2|DEVELOP PHOTORESIST|P BODY WINDOW INSPECTION|HARD BAKE|ETCH SILICON OR OXIDE WINDOW|STRIP PHOTORESIST|CLEAN AFTER WINDOW ETCH|MEASURE WINDOW CD|IMPLANT N BUFFER|PRE ANNEAL CHECK|RAPID THERMAL ANNEAL|MEASURE SHEET RESISTANCE|EPITAXIAL REWORK CHECK|DEPOSIT FIELD OXIDE|DENSIFY OXIDE|MEASURE FILM THICKNESS|SPIN COAT PHOTORESIST|SOFT BAKE|ALIGN MASK LEVEL 3|EXPOSE LITHO LEVEL 3|DEVELOP PHOTORESIST|FIELD PATTERN INSPECTION|HARD BAKE|FIELD OXIDE ETCH|STRIP RESIST|CLEAN AFTER FIELD ETCH|MEASURE SURFACE UNIFORMITY|IMPLANT SOURCE REGION|IMPLANT DRAIN / CATHODE REGION|PRE ANNEAL CHECK|RAPID THERMAL ANNEAL|MEASURE SHEET RESISTANCE|DEPOSIT GATE OXIDE OR DIELECTRIC|ANNEAL DIELECTRIC|DEPOSIT POLYSILICON|POLYSILICON ANNEAL|MEASURE POLY THICKNESS|SPIN COAT PHOTORESIST|SOFT BAKE|ALIGN MASK LEVEL 4|EXPOSE LITHO LEVEL 4|DEVELOP PHOTORESIST|POLY PATTERN INSPECTION|POLYSILICON ETCH DRY|STRIP PHOTORESIST|CLEAN AFTER POLY ETCH|MEASURE GATE CD|IMPLANT CHANNEL STOP|RAPID THERMAL ANNEAL|DEPOSIT INTERLAYER DIELECTRIC|DENSIFY DIELECTRIC|MEASURE DIELECTRIC THICKNESS|CMP DIELECTRIC|MEASURE PLANARITY|SPIN COAT PHOTORESIST|SOFT BAKE|ALIGN MASK LEVEL 5|EXPOSE LITHO LEVEL 5|DEVELOP PHOTORESIST|VIA INSPECTION|DIELECTRIC ETCH VIA|STRIP PHOTORESIST|CLEAN AFTER VIA ETCH|DEPOSIT BARRIER METAL|DEPOSIT METAL SEED|FILL VIA METAL|CMP METAL|DEPOSIT METAL 1|ANNEAL METAL 1|MEASURE METAL THICKNESS|SPIN COAT PHOTORESIST|SOFT BAKE|ALIGN MASK LEVEL 6|DEVELOP PHOTORESIST|METAL PATTERN INSPECTION|METAL ETCH DRY|STRIP RESIST|CLEAN AFTER METAL ETCH|DEPOSIT PASSIVATION|CURE PASSIVATION|MEASURE PASSIVATION THICKNESS|OPEN BOND PAD WINDOW|OPEN PAD WINDOW LITHO|DEVELOP PHOTORESIST|PASSIVATION ETCH|STRIP PHOTORESIST|CLEAN PAD OPENING|MEASURE PAD OPENING|BACKSIDE GRIND|MEASURE THICKNESS|BACKSIDE ETCH CLEAN|BACKSIDE RINSE|BACKSIDE DRY|BACKSIDE METALLIZATION PREP|DEPOSIT BACKSIDE METAL|BACKSIDE ANNEAL|MEASURE BACKSIDE CONTACT|FINAL CLEAN|FINAL GEOMETRY CHECK|FINAL CD INSPECTION|FINAL PARTICLE INSPECTION|PARAMETRIC TEST|LEAKAGE TEST|BREAKDOWN VOLTAGE TEST|SWITCHING TEST|WAFER SORT TEST|YIELD ANALYSIS|FINAL LOT RELEASE|SHIP LOT,RULE_METAL_ETCH_NO_LITHO
anomaly_0234,IGBT,RECEIVE WAFER LOT|LOT IDENTIFICATION|PRE CLEAN INSPECTION|MEASURE INITIAL THICKNESS|PRE CLEAN WAFER|BACKSIDE CLEAN|FRONTSIDE CLEAN|WET CLEAN RCA1|WET CLEAN RCA2|HF DIP|DRY WAFER|EPITAXIAL WAFER CHECK|MEASURE EPITAXY THICKNESS|MEASURE RESISTIVITY|EPITAXIAL REWORK CHECK|EPITAXIAL LAYER PREP|THERMAL OXIDATION|MEASURE OXIDE THICKNESS|SPIN COAT PHOTORESIST|SOFT BAKE|ALIGN MASK LEVEL 1|EXPOSE LITHO LEVEL 1|DEVELOP PHOTORESIST|INSPECT PATTERN LEVEL 1|OXIDE ETCH DRY|STRIP RESIST|CLEAN AFTER OXIDE ETCH|IMPLANT P BODY|DRIVE IN DIFFUSION|RAPID THERMAL ANNEAL|MEASURE JUNCTION DEPTH|THERMAL OXIDATION|SPIN COAT PHOTORESIST|SOFT BAKE|ALIGN MASK LEVEL 2|EXPOSE LITHO LEVEL 2|DEVELOP PHOTORESIST|P BODY WINDOW INSPECTION|ETCH SILICON OR OXIDE WINDOW|STRIP RESIST|CLEAN AFTER WINDOW ETCH|MEASURE WINDOW CD|IMPLANT N BUFFER|RAPID THERMAL ANNEAL|MEASURE SHEET RESISTANCE|DEPOSIT FIELD OXIDE|DENSIFY OXIDE|MEASURE FILM THICKNESS|SPIN COAT PHOTORESIST|SOFT BAKE|ALIGN MASK LEVEL 3|EXPOSE LITHO LEVEL 3|DEVELOP PHOTORESIST|FIELD PATTERN INSPECTION|FIELD OXIDE ETCH|STRIP PHOTORESIST|CLEAN AFTER FIELD ETCH|MEASURE SURFACE UNIFORMITY|IMPLANT SOURCE REGION|IMPLANT DRAIN / CATHODE REGION|PRE ANNEAL CHECK|RAPID THERMAL ANNEAL|DEPOSIT GATE OXIDE OR DIELECTRIC|ANNEAL DIELECTRIC|MEASURE OXIDE QUALITY|DEPOSIT POLYSILICON|POLYSILICON ANNEAL|SPIN COAT PHOTORESIST|SOFT BAKE|ALIGN MASK LEVEL 4|EXPOSE LITHO LEVEL 4|POST EXPOSE BAKE|DEVELOP PHOTORESIST|POLY PATTERN INSPECTION|POLYSILICON ETCH DRY|STRIP PHOTORESIST|CLEAN AFTER POLY ETCH|MEASURE GATE CD|IMPLANT CHANNEL STOP|PRE ANNEAL CHECK|RAPID THERMAL ANNEAL|MEASURE DEVICE PARAMETER|DEPOSIT INTERLEVEL DIELECTRIC|DENSIFY OXIDE|MEASURE FILM THICKNESS|CMP DIELECTRIC|MEASURE SURFACE PLANARITY|SPIN COAT PHOTORESIST|SOFT BAKE|ALIGN MASK LEVEL 5|EXPOSE LITHO LEVEL 5|POST EXPOSE BAKE|DEVELOP PHOTORESIST|VIA INSPECTION|VIA ETCH|STRIP RESIST|CLEAN AFTER VIA ETCH|MEASURE VIA CD|DEPOSIT BARRIER METAL|DEPOSIT METAL SEED|FILL VIA METAL|CMP VIA FILL|MEASURE CONTACT RESISTANCE|DEPOSIT METAL 1|ANNEAL METAL|MEASURE METAL THICKNESS|SPIN COAT PHOTORESIST|SOFT BAKE|ALIGN MASK LEVEL 6|EXPOSE LITHO LEVEL 6|POST EXPOSE BAKE|DEVELOP PHOTORESIST|METAL PATTERN INSPECTION|HARD BAKE|METAL ETCH DRY|STRIP PHOTORESIST|CLEAN AFTER METAL ETCH|MEASURE LINE WIDTH|DEPOSIT PASSIVATION|CURE PASSIVATION|MEASURE PASSIVATION QUALITY|OPEN PAD WINDOW|OPEN PAD WINDOW LITHO|DEVELOP PHOTORESIST|PASSIVATION ETCH PAD OPENING|STRIP RESIST|CLEAN PAD OPENING|MEASURE PAD OPENING|BACKSIDE GRIND|MEASURE WAFER THICKNESS|BACKSIDE ETCH CLEAN|BACKSIDE RINSE|BACKSIDE DRY|BACKSIDE METALLIZATION PREP|DEPOSIT BACKSIDE METAL|BACKSIDE ANNEAL|MEASURE BACKSIDE CONTACT|FINAL CLEAN|FINAL GEOMETRY CHECK|FINAL PARTICLE INSPECTION|ELECTRICAL PARAMETRIC TEST|LEAKAGE TEST|BREAKDOWN VOLTAGE TEST|SWITCHING TEST|YIELD ANALYSIS|SHIP LOT|FINAL LOT RELEASE|WAFER SORT TEST,RULE_SHIP_BEFORE_TEST
anomaly_0047,IGBT,RECEIVE WAFER LOT|LOT IDENTIFICATION|INITIAL WAFER INSPECTION|MEASURE SURFACE PARTICLES|PRE CLEAN WAFER|BACKSIDE CLEAN|FRONTSIDE CLEAN|RCA CLEAN 1|WET CLEAN RCA2|HF DIP|DRY WAFER|EPITAXIAL WAFER CHECK|MEASURE EPITAXY THICKNESS|MEASURE RESISTIVITY|EPITAXIAL REWORK CHECK|EPITAXIAL LAYER PREP|THERMAL OXIDATION|MEASURE OXIDE THICKNESS|SPIN COAT PHOTORESIST|SOFT BAKE|ALIGN MASK LEVEL 1|EXPOSE LITHO LEVEL 1|POST EXPOSE BAKE|DEVELOP PHOTORESIST|INSPECT PATTERN LEVEL 1|OXIDE ETCH DRY|STRIP RESIST|CLEAN AFTER OXIDE ETCH|MEASURE OPENING CD|IMPLANT P BODY|PRE ANNEAL CHECK|DRIVE IN DIFFUSION|RAPID THERMAL ANNEAL|MEASURE JUNCTION DEPTH|THERMAL OXIDATION|SPIN COAT PHOTORESIST|SOFT BAKE|ALIGN MASK LEVEL 2|EXPOSE LITHO LEVEL 2|DEVELOP PHOTORESIST|P BODY WINDOW INSPECTION|ETCH SILICON OR OXIDE WINDOW|STRIP RESIST|CLEAN AFTER WINDOW ETCH|MEASURE WINDOW CD|IMPLANT N BUFFER|PRE ANNEAL CHECK|RAPID THERMAL ANNEAL|MEASURE SHEET RESISTANCE|DEPOSIT FIELD OXIDE|DENSIFY OXIDE|MEASURE FILM THICKNESS|SPIN COAT PHOTORESIST|SOFT BAKE|ALIGN MASK LEVEL 3|EXPOSE LITHO LEVEL 3|DEVELOP PHOTORESIST|FIELD PATTERN INSPECTION|FIELD OXIDE ETCH|STRIP RESIST|CLEAN AFTER FIELD ETCH|MEASURE SURFACE UNIFORMITY|IMPLANT SOURCE REGION|IMPLANT DRAIN / CATHODE REGION|RAPID THERMAL ANNEAL|MEASURE SHEET RESISTANCE|DEPOSIT GATE OXIDE OR DIELECTRIC|ANNEAL DIELECTRIC|MEASURE OXIDE QUALITY|DEPOSIT POLYSILICON|POLYSILICON ANNEAL|MEASURE POLY THICKNESS|SPIN COAT PHOTORESIST|SOFT BAKE|ALIGN MASK LEVEL 4|EXPOSE LITHO LEVEL 4|DEVELOP PHOTORESIST|POLY PATTERN INSPECTION|POLYSILICON ETCH DRY|STRIP PHOTORESIST|CLEAN AFTER POLY ETCH|MEASURE GATE CD|IMPLANT CHANNEL STOP|RAPID THERMAL ANNEAL|MEASURE DEVICE PARAMETER|DEPOSIT INTERLEVEL DIELECTRIC|DENSIFY OXIDE|MEASURE DIELECTRIC THICKNESS|CMP DIELECTRIC|MEASURE PLANARITY|SPIN COAT PHOTORESIST|SOFT BAKE|ALIGN MASK LEVEL 5|EXPOSE LITHO LEVEL 5|DEVELOP PHOTORESIST|VIA INSPECTION|HARD BAKE|VIA ETCH THROUGH DIELECTRIC|STRIP PHOTORESIST|CLEAN AFTER VIA ETCH|DEPOSIT BARRIER METAL|DEPOSIT METAL SEED|FILL VIA METAL|CMP VIA FILL|MEASURE CONTACT RESISTANCE|DEPOSIT METAL 1|ANNEAL METAL 1|MEASURE METAL THICKNESS|SPIN COAT PHOTORESIST|SOFT BAKE|ALIGN MASK LEVEL 6|EXPOSE LITHO LEVEL 6|POST EXPOSE BAKE|DEVELOP PHOTORESIST|METAL PATTERN INSPECTION|METAL ETCH DRY|STRIP RESIST|CLEAN AFTER METAL ETCH|OPEN PAD WINDOW|DEPOSIT PASSIVATION|CURE PASSIVATION|MEASURE PASSIVATION QUALITY|OPEN PAD WINDOW LITHO|DEVELOP PAD WINDOW|PASSIVATION ETCH PAD OPENING|STRIP PHOTORESIST|CLEAN PAD OPENING|MEASURE PAD OPENING|BACKSIDE GRIND|MEASURE THICKNESS|BACKSIDE ETCH CLEAN|BACKSIDE RINSE|BACKSIDE DRY|BACKSIDE METALLIZATION PREP|DEPOSIT BACKSIDE METAL|BACKSIDE ANNEAL|MEASURE BACKSIDE CONTACT|FINAL CLEAN|FINAL THICKNESS MEASURE|FINAL GEOMETRY CHECK|FINAL PARTICLE INSPECTION|ELECTRICAL PARAMETRIC TEST|LEAKAGE TEST|BREAKDOWN VOLTAGE TEST|SWITCHING TEST|WAFER SORT TEST|YIELD ANALYSIS|LOT RELEASE|SHIP LOT,RULE_PAD_OPEN_BEFORE_DEP
anomaly_0072,IGBT,RECEIVE WAFER LOT|LOT IDENTIFICATION|INITIAL WAFER INSPECTION|MEASURE INITIAL THICKNESS|MEASURE SURFACE PARTICLES|PRE CLEAN WAFER|BACKSIDE CLEAN|FRONTSIDE CLEAN|WET CLEAN RCA1|WET CLEAN RCA2|HF DIP|EPITAXIAL WAFER CHECK|MEASURE EPITAXY THICKNESS|MEASURE RESISTIVITY|EPITAXIAL REWORK CHECK|EPITAXIAL LAYER PREP|THERMAL OXIDATION|MEASURE OXIDE THICKNESS|SPIN COAT PHOTORESIST|SOFT BAKE|ALIGN MASK LEVEL 1|EXPOSE LITHO LEVEL 1|DEVELOP PHOTORESIST|INSPECT PATTERN LEVEL 1|OXIDE ETCH DRY|STRIP RESIST|CLEAN AFTER OXIDE ETCH|MEASURE OPENING CD|IMPLANT P BODY|DRIVE IN DIFFUSION|RAPID THERMAL ANNEAL|MEASURE JUNCTION DEPTH|THERMAL OXIDATION|SPIN COAT PHOTORESIST|SOFT BAKE|ALIGN MASK LEVEL 2|EXPOSE LITHO LEVEL 2|POST EXPOSE BAKE|DEVELOP PHOTORESIST|P BODY WINDOW INSPECTION|HARD BAKE|ETCH SILICON OR OXIDE WINDOW|STRIP RESIST|CLEAN AFTER WINDOW ETCH|IMPLANT N BUFFER|RAPID THERMAL ANNEAL|MEASURE SHEET RESISTANCE|EPITAXIAL REWORK CHECK|DEPOSIT FIELD OXIDE|DENSIFY OXIDE|MEASURE FILM THICKNESS|SPIN COAT PHOTORESIST|SOFT BAKE|ALIGN MASK LEVEL 3|EXPOSE LITHO LEVEL 3|POST EXPOSE BAKE|DEVELOP PHOTORESIST|FIELD PATTERN INSPECTION|HARD BAKE|FIELD OXIDE ETCH|STRIP RESIST|CLEAN AFTER FIELD ETCH|MEASURE SURFACE UNIFORMITY|IMPLANT SOURCE REGION|IMPLANT DRAIN / CATHODE REGION|PRE ANNEAL CHECK|RAPID THERMAL ANNEAL|MEASURE SHEET RESISTANCE|DEPOSIT GATE OXIDE OR DIELECTRIC|ANNEAL DIELECTRIC|MEASURE OXIDE QUALITY|DEPOSIT POLYSILICON|POLYSILICON ANNEAL|SPIN COAT PHOTORESIST|SOFT BAKE|ALIGN MASK LEVEL 4|EXPOSE LITHO LEVEL 4|DEVELOP PHOTORESIST|POLY PATTERN INSPECTION|POLYSILICON ETCH DRY|STRIP RESIST|CLEAN AFTER POLY ETCH|MEASURE GATE CD|IMPLANT CHANNEL STOP|PRE ANNEAL CHECK|RAPID THERMAL ANNEAL|MEASURE DEVICE PARAMETER|DEPOSIT INTERLEVEL DIELECTRIC|DENSIFY OXIDE|MEASURE FILM THICKNESS|CMP DIELECTRIC|MEASURE PLANARITY|SPIN COAT PHOTORESIST|SOFT BAKE|ALIGN MASK LEVEL 5|EXPOSE LITHO LEVEL 5|DEVELOP PHOTORESIST|VIA INSPECTION|HARD BAKE|VIA ETCH|STRIP RESIST|CLEAN AFTER VIA ETCH|MEASURE VIA CD|DEPOSIT BARRIER METAL|DEPOSIT METAL SEED|FILL VIA METAL|CMP METAL|MEASURE CONTACT RESISTANCE|DEPOSIT METAL 1|ANNEAL METAL 1|MEASURE METAL THICKNESS|SPIN COAT PHOTORESIST|SOFT BAKE|ALIGN MASK LEVEL 6|EXPOSE LITHO LEVEL 6|POST EXPOSE BAKE|DEVELOP PHOTORESIST|METAL PATTERN INSPECTION|HARD BAKE|METAL ETCH DRY|STRIP PHOTORESIST|CLEAN AFTER METAL ETCH|MEASURE LINE WIDTH|DEPOSIT PASSIVATION LAYER|CURE PASSIVATION|MEASURE PASSIVATION THICKNESS|OPEN PAD WINDOW|PAD WINDOW LITHO|DEVELOP PAD WINDOW|PASSIVATION ETCH PAD OPENING|STRIP PHOTORESIST|CLEAN PAD OPENING|MEASURE PAD OPENING|BACKSIDE GRIND|MEASURE THICKNESS|BACKSIDE ETCH CLEAN|BACKSIDE RINSE|BACKSIDE DRY|BACKSIDE METALLIZATION PREP|DEPOSIT BACKSIDE METAL|BACKSIDE ANNEAL|MEASURE BACKSIDE CONTACT|FINAL CLEAN|FINAL THICKNESS MEASURE|FINAL PARTICLE INSPECTION|PARAMETRIC TEST|LEAKAGE TEST|BREAKDOWN VOLTAGE TEST|SWITCHING TEST|YIELD ANALYSIS|SHIP LOT|LOT RELEASE|WAFER SORT TEST,RULE_SHIP_BEFORE_TEST
anomaly_0883,MOSFET,RECEIVE WAFER LOT|LOT IDENTIFICATION|PRE CLEAN INSPECTION|MEASURE THICKNESS|MEASURE SURFACE PARTICLES|PRE CLEAN WAFER|WET CLEAN RCA1|WET CLEAN RCA2|HF DIP|DRY WAFER|SUBSTRATE CHECK|EPITAXY PREP|EPITAXIAL DEPOSITION|MEASURE EPITAXY THICKNESS|MEASURE RESISTIVITY|EPITAXY ANNEAL|WAFER SURFACE CLEAN|THERMAL OXIDATION|MEASURE OXIDE THICKNESS|SPIN COAT PHOTORESIST|SOFT BAKE|ALIGN MASK LEVEL 1|EXPOSE LITHO LEVEL 1|DEVELOP PHOTORESIST|PATTERN INSPECTION LEVEL 1|OXIDE ETCH|STRIP RESIST|CLEAN AFTER ETCH|MEASURE OPENING CD|IMPLANT WELL|PRE ANNEAL CHECK|DRIVE IN DIFFUSION|RAPID THERMAL ANNEAL|MEASURE JUNCTION DEPTH|THERMAL OXIDATION|GATE OXIDE PREP|GATE OXIDE GROWTH|MEASURE GATE OXIDE THICKNESS|DEPOSIT POLYSILICON|POLYSILICON ANNEAL|SPIN COAT PHOTORESIST|SOFT BAKE|ALIGN MASK LEVEL 2|EXPOSE LITHO LEVEL 2|DEVELOP PHOTORESIST|POLY PATTERN INSPECTION|POLYSILICON ETCH|STRIP PHOTORESIST|CLEAN AFTER POLY ETCH|MEASURE GATE CD|IMPLANT SOURCE DRAIN|PRE ANNEAL CHECK|LIGHT ANNEAL|MEASURE SHEET RESISTANCE|DEPOSIT SPACER DIELECTRIC|ANISOTROPIC ETCH SPACER|IMPLANT LDD|RAPID THERMAL ANNEAL|DEPOSIT INTERLAYER DIELECTRIC|DENSIFY OXIDE|MEASURE DIELECTRIC THICKNESS|CMP INTERLAYER DIELECTRIC|MEASURE SURFACE PLANARITY|SPIN COAT PHOTORESIST|SOFT BAKE|ALIGN MASK LEVEL 3|EXPOSE LITHO LEVEL 3|DEVELOP PHOTORESIST|VIA OPENING INSPECTION|HARD BAKE|VIA ETCH THROUGH DIELECTRIC|STRIP PHOTORESIST|MEASURE VIA CD|DEPOSIT BARRIER METAL|DEPOSIT METAL SEED|FILL VIA METAL|CMP METAL|MEASURE VIA RESISTANCE|DEPOSIT TOP METAL|ANNEAL METAL|MEASURE METAL THICKNESS|SPIN COAT PHOTORESIST|SOFT BAKE|ALIGN MASK LEVEL 4|EXPOSE LITHO LEVEL 4|DEVELOP PHOTORESIST|METAL PATTERN INSPECTION|METAL ETCH|STRIP RESIST|CLEAN AFTER METAL ETCH|MEASURE LINE WIDTH|DEPOSIT PASSIVATION LAYER|CURE PASSIVATION|MEASURE PASSIVATION THICKNESS|OPEN PAD WINDOW|OPEN PAD WINDOW LITHO|DEVELOP PAD WINDOW|PASSIVATION ETCH|STRIP PHOTORESIST|CLEAN PAD OPENING|MEASURE PAD OPENING|BACKSIDE CLEAN|BACKSIDE GRIND|MEASURE THICKNESS|BACKSIDE ETCH CLEAN|BACKSIDE RINSE|BACKSIDE DRY|BACKSIDE METALLIZATION PREP|DEPOSIT BACKSIDE METAL|BACKSIDE ANNEAL|MEASURE BACKSIDE CONTACT|FINAL CLEAN|FINAL GEOMETRY CHECK|FINAL CD INSPECTION|FINAL PARTICLE INSPECTION|PARAMETRIC TEST|LEAKAGE TEST|THRESHOLD VOLTAGE TEST|SWITCHING TEST|WAFER SORT TEST|YIELD ANALYSIS|LOT RELEASE|SHIP LOT,RULE_DEP_NO_CLEAN
anomaly_0128,IGBT,RECEIVE WAFER LOT|LOT IDENTIFICATION|PRE CLEAN INSPECTION|MEASURE INITIAL THICKNESS|MEASURE SURFACE PARTICLES|PRE CLEAN WAFER|BACKSIDE CLEAN|FRONTSIDE CLEAN|WET CLEAN RCA1|RCA CLEAN 2|HF DIP|DRY WAFER|EPITAXIAL WAFER CHECK|MEASURE EPITAXY THICKNESS|MEASURE RESISTIVITY|EPITAXIAL REWORK CHECK|EPITAXIAL LAYER PREP|THERMAL OXIDATION|MEASURE OXIDE THICKNESS|SPIN COAT PHOTORESIST|SOFT BAKE|ALIGN MASK LEVEL 1|EXPOSE LITHO LEVEL 1|DEVELOP PHOTORESIST|INSPECT PATTERN LEVEL 1|OXIDE ETCH DRY|STRIP RESIST|CLEAN AFTER OXIDE ETCH|IMPLANT P BODY|DRIVE IN DIFFUSION|RAPID THERMAL ANNEAL|THERMAL OXIDATION|SPIN COAT PHOTORESIST|SOFT BAKE|ALIGN MASK LEVEL 2|EXPOSE LITHO LEVEL 2|DEVELOP PHOTORESIST|P BODY WINDOW INSPECTION|ETCH SILICON OR OXIDE WINDOW|STRIP PHOTORESIST|CLEAN AFTER WINDOW ETCH|MEASURE WINDOW CD|IMPLANT N BUFFER|RAPID THERMAL ANNEAL|DEPOSIT FIELD OXIDE|DENSIFY OXIDE|SPIN COAT PHOTORESIST|SOFT BAKE|ALIGN MASK LEVEL 3|EXPOSE LITHO LEVEL 3|POST EXPOSE BAKE|DEVELOP PHOTORESIST|FIELD PATTERN INSPECTION|FIELD OXIDE ETCH|STRIP PHOTORESIST|CLEAN AFTER FIELD ETCH|IMPLANT SOURCE REGION|IMPLANT DRAIN / CATHODE REGION|PRE ANNEAL CHECK|RAPID THERMAL ANNEAL|DEPOSIT GATE OXIDE OR DIELECTRIC|ANNEAL DIELECTRIC|MEASURE OXIDE QUALITY|DEPOSIT POLYSILICON|POLYSILICON ANNEAL|MEASURE POLY THICKNESS|SPIN COAT PHOTORESIST|SOFT BAKE|ALIGN MASK LEVEL 4|EXPOSE LITHO LEVEL 4|POST EXPOSE BAKE|DEVELOP PHOTORESIST|POLY PATTERN INSPECTION|POLYSILICON ETCH DRY|STRIP RESIST|CLEAN AFTER POLY ETCH|MEASURE GATE CD|IMPLANT CHANNEL STOP|RAPID THERMAL ANNEAL|MEASURE DEVICE PARAMETER|DEPOSIT INTERLEVEL DIELECTRIC|DENSIFY OXIDE|MEASURE DIELECTRIC THICKNESS|CMP DIELECTRIC|MEASURE PLANARITY|SPIN COAT PHOTORESIST|SOFT BAKE|ALIGN MASK LEVEL 5|EXPOSE LITHO LEVEL 5|VIA OPENING INSPECTION|VIA ETCH|STRIP RESIST|CLEAN AFTER VIA ETCH|MEASURE VIA CD|DEPOSIT BARRIER METAL|DEPOSIT METAL SEED|FILL VIA METAL|CMP METAL|DEPOSIT METAL 1|ANNEAL METAL|MEASURE METAL THICKNESS|SPIN COAT PHOTORESIST|SOFT BAKE|ALIGN MASK LEVEL 6|EXPOSE LITHO LEVEL 6|DEVELOP PHOTORESIST|METAL PATTERN INSPECTION|HARD BAKE|METAL ETCH DRY|STRIP RESIST|CLEAN AFTER METAL ETCH|MEASURE LINE WIDTH|DEPOSIT PASSIVATION|CURE PASSIVATION|MEASURE PASSIVATION THICKNESS|OPEN PAD WINDOW|OPEN PAD WINDOW LITHO|DEVELOP PAD WINDOW|PASSIVATION ETCH|STRIP PHOTORESIST|CLEAN PAD OPENING|MEASURE PAD OPENING|BACKSIDE GRIND|MEASURE WAFER THICKNESS|BACKSIDE ETCH CLEAN|BACKSIDE RINSE|BACKSIDE DRY|BACKSIDE METALLIZATION PREP|DEPOSIT BACKSIDE METAL|BACKSIDE ANNEAL|MEASURE BACKSIDE CONTACT|FINAL CLEAN|FINAL GEOMETRY CHECK|FINAL CD INSPECTION|FINAL PARTICLE INSPECTION|ELECTRICAL PARAMETRIC TEST|LEAKAGE TEST|BREAKDOWN VOLTAGE TEST|SWITCHING TEST|YIELD ANALYSIS|WAFER SORT TEST|LOT RELEASE|SHIP LOT,RULE_ETCH_NO_MASK
anomaly_0550,MOSFET,RECEIVE WAFER LOT|LOT IDENTIFICATION|INITIAL WAFER INSPECTION|MEASURE THICKNESS|MEASURE SURFACE PARTICLES|PRE CLEAN WAFER|RCA CLEAN 1|RCA CLEAN 2|HF DIP|DRY WAFER|SUBSTRATE CHECK|EPITAXY PREP|EPITAXIAL DEPOSITION|MEASURE EPITAXY THICKNESS|MEASURE RESISTIVITY|EPITAXY ANNEAL|WAFER SURFACE CLEAN|THERMAL OXIDATION|MEASURE OXIDE THICKNESS|SPIN COAT PHOTORESIST|SOFT BAKE|ALIGN MASK LEVEL 1|EXPOSE LITHO LEVEL 1|DEVELOP PHOTORESIST|PATTERN INSPECTION LEVEL 1|HARD BAKE|OXIDE ETCH|STRIP RESIST|CLEAN AFTER ETCH|MEASURE OPENING CD|IMPLANT WELL|PRE ANNEAL CHECK|DRIVE IN DIFFUSION|RAPID THERMAL ANNEAL|MEASURE JUNCTION DEPTH|THERMAL OXIDATION|GATE OXIDE PREP|GATE OXIDE GROWTH|MEASURE GATE OXIDE THICKNESS|DEPOSIT POLYSILICON|POLYSILICON ANNEAL|MEASURE POLY THICKNESS|SPIN COAT PHOTORESIST|SOFT BAKE|ALIGN MASK LEVEL 2|EXPOSE LITHO LEVEL 2|POST EXPOSE BAKE|DEVELOP PHOTORESIST|POLY PATTERN INSPECTION|POLYSILICON ETCH|STRIP RESIST|CLEAN AFTER POLY ETCH|MEASURE GATE CD|IMPLANT SOURCE DRAIN|LIGHT ANNEAL|DEPOSIT SPACER DIELECTRIC|ANISOTROPIC ETCH SPACER|IMPLANT LDD|PRE ANNEAL CHECK|RAPID THERMAL ANNEAL|MEASURE JUNCTION PROFILE|DEPOSIT INTERLAYER DIELECTRIC|DENSIFY OXIDE|MEASURE DIELECTRIC THICKNESS|CMP DIELECTRIC|MEASURE SURFACE PLANARITY|SPIN COAT PHOTORESIST|SOFT BAKE|ALIGN MASK LEVEL 3|EXPOSE LITHO LEVEL 3|DEVELOP PHOTORESIST|VIA INSPECTION|VIA ETCH THROUGH DIELECTRIC|STRIP RESIST|CLEAN AFTER VIA ETCH|MEASURE VIA CD|DEPOSIT BARRIER METAL|DEPOSIT METAL SEED|FILL VIA METAL|CMP VIA FILL|MEASURE VIA RESISTANCE|DEPOSIT METAL 1|ANNEAL METAL|SPIN COAT PHOTORESIST|SOFT BAKE|ALIGN MASK LEVEL 4|EXPOSE LITHO LEVEL 4|POST EXPOSE BAKE|DEVELOP PHOTORESIST|METAL PATTERN INSPECTION|HARD BAKE|METAL ETCH|STRIP PHOTORESIST|CLEAN AFTER METAL ETCH|MEASURE LINE WIDTH|DEPOSIT PASSIVATION|CURE PASSIVATION|MEASURE PASSIVATION THICKNESS|OPEN PAD WINDOW|PAD WINDOW LITHO|DEVELOP PHOTORESIST|PASSIVATION ETCH PAD OPENING|STRIP RESIST|MEASURE PAD OPENING|BACKSIDE GRIND|MEASURE THICKNESS|BACKSIDE DRY|BACKSIDE METALLIZATION PREP|DEPOSIT BACKSIDE METAL|BACKSIDE ANNEAL|MEASURE BACKSIDE CONTACT|FINAL CLEAN|FINAL THICKNESS MEASURE|FINAL GEOMETRY CHECK|FINAL PARTICLE INSPECTION|PARAMETRIC TEST|LEAKAGE TEST|THRESHOLD VOLTAGE TEST|SWITCHING TEST|WAFER SORT TEST|YIELD ANALYSIS|LOT RELEASE|SHIP LOT,RULE_DEP_NO_CLEAN
anomaly_0045,IGBT,RECEIVE WAFER LOT|LOT IDENTIFICATION|PRE CLEAN INSPECTION|MEASURE INITIAL THICKNESS|MEASURE SURFACE PARTICLES|PRE CLEAN WAFER|BACKSIDE CLEAN|FRONTSIDE CLEAN|WET CLEAN RCA1|RCA CLEAN 2|HF DIP|DRY WAFER|EPITAXIAL WAFER CHECK|MEASURE EPITAXY THICKNESS|MEASURE RESISTIVITY|EPITAXIAL LAYER PREP|THERMAL OXIDATION|MEASURE OXIDE THICKNESS|SPIN COAT PHOTORESIST|SOFT BAKE|ALIGN MASK LEVEL 1|EXPOSE LITHO LEVEL 1|DEVELOP PHOTORESIST|INSPECT PATTERN LEVEL 1|OXIDE ETCH DRY|STRIP RESIST|CLEAN AFTER OXIDE ETCH|MEASURE OPENING CD|IMPLANT P BODY|PRE ANNEAL CHECK|DRIVE IN DIFFUSION|RAPID THERMAL ANNEAL|MEASURE JUNCTION DEPTH|THERMAL OXIDATION|SPIN COAT PHOTORESIST|SOFT BAKE|ALIGN MASK LEVEL 2|EXPOSE LITHO LEVEL 2|DEVELOP PHOTORESIST|P BODY WINDOW INSPECTION|ETCH SILICON OR OXIDE WINDOW|STRIP PHOTORESIST|CLEAN AFTER WINDOW ETCH|MEASURE WINDOW CD|IMPLANT N BUFFER|PRE ANNEAL CHECK|RAPID THERMAL ANNEAL|EPITAXIAL REWORK CHECK|DEPOSIT FIELD OXIDE|DENSIFY OXIDE|MEASURE FILM THICKNESS|SPIN COAT PHOTORESIST|SOFT BAKE|ALIGN MASK LEVEL 3|EXPOSE LITHO LEVEL 3|POST EXPOSE BAKE|DEVELOP PHOTORESIST|FIELD PATTERN INSPECTION|HARD BAKE|FIELD OXIDE ETCH|STRIP RESIST|CLEAN AFTER FIELD ETCH|MEASURE SURFACE UNIFORMITY|IMPLANT SOURCE REGION|IMPLANT DRAIN / CATHODE REGION|RAPID THERMAL ANNEAL|MEASURE SHEET RESISTANCE|DEPOSIT GATE OXIDE OR DIELECTRIC|ANNEAL DIELECTRIC|DEPOSIT POLYSILICON|POLYSILICON ANNEAL|MEASURE POLY THICKNESS|SPIN COAT PHOTORESIST|SOFT BAKE|ALIGN MASK LEVEL 4|EXPOSE LITHO LEVEL 4|DEVELOP PHOTORESIST|POLY PATTERN INSPECTION|POLYSILICON ETCH DRY|STRIP RESIST|CLEAN AFTER POLY ETCH|MEASURE GATE CD|IMPLANT CHANNEL STOP|PRE ANNEAL CHECK|RAPID THERMAL ANNEAL|DEPOSIT INTERLAYER DIELECTRIC|DENSIFY OXIDE|MEASURE FILM THICKNESS|CMP INTERLAYER DIELECTRIC|MEASURE PLANARITY|SPIN COAT PHOTORESIST|SOFT BAKE|ALIGN MASK LEVEL 5|EXPOSE LITHO LEVEL 5|DEVELOP PHOTORESIST|VIA INSPECTION|HARD BAKE|DIELECTRIC ETCH VIA|STRIP RESIST|CLEAN AFTER VIA ETCH|MEASURE VIA CD|DEPOSIT BARRIER METAL|DEPOSIT METAL SEED|FILL VIA METAL|CMP VIA FILL|MEASURE VIA RESISTANCE|DEPOSIT METAL 1|ANNEAL METAL|SPIN COAT PHOTORESIST|SOFT BAKE|ALIGN MASK LEVEL 6|DEVELOP PHOTORESIST|METAL PATTERN INSPECTION|METAL ETCH DRY|STRIP RESIST|CLEAN AFTER METAL ETCH|MEASURE LINE WIDTH|DEPOSIT PASSIVATION|CURE PASSIVATION|MEASURE PASSIVATION QUALITY|OPEN BOND PAD WINDOW|OPEN PAD WINDOW LITHO|DEVELOP PHOTORESIST|PASSIVATION ETCH PAD OPENING|STRIP RESIST|CLEAN PAD OPENING|MEASURE PAD OPENING|BACKSIDE GRIND|MEASURE THICKNESS|BACKSIDE ETCH CLEAN|BACKSIDE RINSE|BACKSIDE DRY|BACKSIDE METALLIZATION PREP|DEPOSIT BACKSIDE METAL|BACKSIDE ANNEAL|MEASURE BACKSIDE CONTACT|FINAL CLEAN|FINAL THICKNESS MEASURE|FINAL GEOMETRY CHECK|FINAL CD INSPECTION|FINAL PARTICLE INSPECTION|PARAMETRIC TEST|LEAKAGE TEST|BREAKDOWN VOLTAGE TEST|SWITCHING TEST|YIELD ANALYSIS|WAFER SORT TEST|LOT RELEASE|SHIP LOT,RULE_METAL_ETCH_NO_LITHO
anomaly_0827,IC,RECEIVE WAFER LOT|LOT IDENTIFICATION|PRE CLEAN INSPECTION|MEASURE INITIAL GEOMETRY|MEASURE SURFACE DEFECTS|WAFER CLEAN PRE PROCESS|WET CLEAN RCA1|WET CLEAN RCA2|HF DIP|DRY WAFER|WAFER CLEAN PRE-GRIND|GRINDING WAFER BACKSIDE|MEASURE GEOMETRY|ETCH WET BACKSIDE|RINSE WET WAFER_EDGE|DRY WAFER BACKSIDE|BACKSIDE CLEAN|MEASURE BACKSIDE ROUGHNESS|THERMAL OXIDATION|MEASURE OXIDE THICKNESS|RCA CLEAN 1|RCA CLEAN 2|HF DIP|OXIDE STRIP|SURFACE PREP FOR DEPOSITION|DEPOSIT PAD OXIDE|ANNEAL OXIDE|MEASURE FILM THICKNESS|SPIN COAT PHOTORESIST|SOFT BAKE|ALIGN MASK LEVEL 1|EXPOSE LITHO LEVEL 1|DEVELOP PHOTORESIST|INSPECT PATTERN LEVEL 1|HARD BAKE|OXIDE ETCH DRY|STRIP PHOTORESIST|CLEAN AFTER ETCH|MEASURE CD LEVEL 1|DEPOSIT POLYSILICON|ANNEAL POLYSILICON|SPIN COAT PHOTORESIST|SOFT BAKE|ALIGN MASK LEVEL 2|EXPOSE LITHO LEVEL 2|DEVELOP PHOTORESIST|PATTERN INSPECTION LEVEL 2|POLYSILICON ETCH DRY|STRIP RESIST LEVEL 2|CLEAN AFTER POLY ETCH|IMPLANT N-TYPE|RAPID THERMAL ANNEAL|MEASURE SHEET RESISTANCE|DEPOSIT INTERLEVEL DIELECTRIC|DENSIFY OXIDE|MEASURE DIELECTRIC THICKNESS|CMP INTERLAYER DIELECTRIC|MEASURE PLANARITY|SPIN COAT PHOTORESIST|SOFT BAKE|ALIGN MASK LEVEL 3|EXPOSE LITHO LEVEL 3|DEVELOP PHOTORESIST|VIA INSPECTION|HARD BAKE|DIELECTRIC ETCH VIA|STRIP RESIST|CLEAN AFTER VIA ETCH|MEASURE VIA CD|DEPOSIT BARRIER METAL|DEPOSIT TUNGSTEN SEED|FILL VIA TUNGSTEN|CMP VIA FILL|MEASURE VIA RESISTANCE|DEPOSIT TOP METAL|ANNEAL METAL|SPIN COAT PHOTORESIST|SOFT BAKE|ALIGN MASK LEVEL 4|EXPOSE LITHO LEVEL 4|DEVELOP PHOTORESIST|METAL PATTERN INSPECTION|METAL ETCH DRY|STRIP PHOTORESIST|CLEAN AFTER METAL ETCH|MEASURE LINE WIDTH|OPEN BOND PAD WINDOW|DEPOSIT PASSIVATION|CURE PASSIVATION|MEASURE PASSIVATION THICKNESS|PAD WINDOW LITHO|DEVELOP PAD WINDOW|PASSIVATION ETCH|STRIP RESIST|CLEAN PAD OPENING|MEASURE PAD OPENING|BACKSIDE THINNING CHECK|BACKSIDE CLEAN|DEPOSIT BACKSIDE PROTECTION|BACKSIDE ANNEAL|FRONTSIDE CLEAN FINAL|FINAL CLEAN|FINAL THICKNESS MEASURE|FINAL GEOMETRY CHECK|FINAL CD INSPECTION|FINAL ELECTRICAL TEST PREP|ELECTRICAL PARAMETRIC TEST|LEAKAGE TEST|THRESHOLD VOLTAGE TEST|SWITCHING TEST|WAFER SORT TEST|YIELD ANALYSIS|LOT RELEASE|PACKAGE PREPARATION|SHIP LOT,RULE_PAD_OPEN_BEFORE_DEP
anomaly_0100,IC,RECEIVE WAFER LOT|LOT IDENTIFICATION|INITIAL WAFER INSPECTION|MEASURE INITIAL GEOMETRY|MEASURE SURFACE DEFECTS|WAFER CLEAN PRE PROCESS|BACKSIDE CLEAN|FRONTSIDE CLEAN|WET CLEAN RCA1|RCA CLEAN 2|HF DIP|DRY WAFER|WAFER CLEAN PRE-GRIND|GRINDING WAFER BACKSIDE|MEASURE GEOMETRY|ETCH WET BACKSIDE|RINSE WET WAFER_EDGE|DRY WAFER BACKSIDE|BACKSIDE CLEAN|MEASURE BACKSIDE ROUGHNESS|THERMAL OXIDATION|MEASURE OXIDE THICKNESS|RCA CLEAN 1|RCA CLEAN 2|HF DIP|OXIDE STRIP|SURFACE PREP FOR DEPOSITION|DEPOSIT PAD OXIDE|ANNEAL OXIDE|MEASURE OXIDE THICKNESS|SPIN COAT PHOTORESIST|SOFT BAKE|ALIGN MASK LEVEL 1|EXPOSE LITHO LEVEL 1|DEVELOP PHOTORESIST|INSPECT PATTERN LEVEL 1|HARD BAKE|OXIDE ETCH DRY|STRIP PHOTORESIST|CLEAN AFTER ETCH|MEASURE CD LEVEL 1|DEPOSIT POLYSILICON|ANNEAL POLYSILICON|SPIN COAT PHOTORESIST|SOFT BAKE|ALIGN MASK LEVEL 2|EXPOSE LITHO LEVEL 2|DEVELOP PHOTORESIST|PATTERN INSPECTION LEVEL 2|HARD BAKE|POLYSILICON ETCH DRY|STRIP RESIST|CLEAN AFTER POLY ETCH|IMPLANT N-TYPE|PRE ANNEAL CHECK|RAPID THERMAL ANNEAL|DENSIFY DIELECTRIC|MEASURE FILM THICKNESS|CMP INTERLAYER DIELECTRIC|MEASURE SURFACE PLANARITY|SPIN COAT PHOTORESIST|SOFT BAKE|ALIGN MASK LEVEL 3|EXPOSE LITHO LEVEL 3|DEVELOP PHOTORESIST|VIA INSPECTION|VIA ETCH|STRIP RESIST|CLEAN AFTER VIA ETCH|MEASURE VIA CD|DEPOSIT BARRIER METAL|DEPOSIT TUNGSTEN SEED|FILL VIA TUNGSTEN|CMP VIA FILL|MEASURE VIA RESISTANCE|DEPOSIT METAL 1|ANNEAL METAL 1|SPIN COAT PHOTORESIST|SOFT BAKE|ALIGN MASK LEVEL 4|EXPOSE LITHO LEVEL 4|DEVELOP PHOTORESIST|METAL PATTERN INSPECTION|HARD BAKE|METAL ETCH DRY|STRIP PHOTORESIST|CLEAN AFTER METAL ETCH|MEASURE LINE WIDTH|DEPOSIT PASSIVATION|CURE PASSIVATION|MEASURE PASSIVATION QUALITY|OPEN PAD WINDOW|PAD WINDOW LITHO|DEVELOP PHOTORESIST|PASSIVATION ETCH PAD OPENING|STRIP PHOTORESIST|CLEAN PAD OPENING|MEASURE PAD OPENING|BACKSIDE THINNING CHECK|BACKSIDE CLEAN|DEPOSIT BACKSIDE PROTECTION|BACKSIDE ANNEAL|FINAL CLEAN|FINAL THICKNESS MEASURE|FINAL GEOMETRY CHECK|FINAL PARTICLE INSPECTION|FINAL ELECTRICAL TEST PREP|PARAMETRIC TEST|LEAKAGE TEST|SWITCHING TEST|WAFER SORT TEST|YIELD ANALYSIS|LOT RELEASE|PACKAGE PREPARATION|SHIP LOT,RULE_CMP_NO_DEP
anomaly_0345,MOSFET,RECEIVE WAFER LOT|LOT IDENTIFICATION|PRE CLEAN INSPECTION|MEASURE THICKNESS|MEASURE SURFACE PARTICLES|PRE CLEAN WAFER|BACKSIDE CLEAN|WET CLEAN RCA1|WET CLEAN RCA2|HF DIP|DRY WAFER|SUBSTRATE CHECK|EPITAXY PREP|EPITAXIAL DEPOSITION|MEASURE EPITAXY THICKNESS|MEASURE RESISTIVITY|EPITAXY ANNEAL|WAFER SURFACE CLEAN|THERMAL OXIDATION|MEASURE OXIDE THICKNESS|SPIN COAT PHOTORESIST|SOFT BAKE|ALIGN MASK LEVEL 1|EXPOSE LITHO LEVEL 1|DEVELOP PHOTORESIST|PATTERN INSPECTION LEVEL 1|OXIDE ETCH|STRIP RESIST|CLEAN AFTER ETCH|MEASURE OPENING CD|IMPLANT WELL|PRE ANNEAL CHECK|DRIVE IN DIFFUSION|RAPID THERMAL ANNEAL|MEASURE JUNCTION DEPTH|THERMAL OXIDATION|GATE OXIDE PREP|GATE OXIDE GROWTH|MEASURE GATE OXIDE THICKNESS|DEPOSIT POLYSILICON|POLYSILICON ANNEAL|SPIN COAT PHOTORESIST|SOFT BAKE|ALIGN MASK LEVEL 2|EXPOSE LITHO LEVEL 2|POST EXPOSE BAKE|DEVELOP PHOTORESIST|POLY PATTERN INSPECTION|POLYSILICON ETCH|STRIP PHOTORESIST|CLEAN AFTER POLY ETCH|IMPLANT SOURCE DRAIN|LIGHT ANNEAL|MEASURE SHEET RESISTANCE|DEPOSIT SPACER DIELECTRIC|ANISOTROPIC ETCH SPACER|MEASURE SPACER WIDTH|IMPLANT LDD|PRE ANNEAL CHECK|RAPID THERMAL ANNEAL|DEPOSIT INTERLEVEL DIELECTRIC|DENSIFY OXIDE|MEASURE FILM THICKNESS|CMP DIELECTRIC|MEASURE SURFACE PLANARITY|SPIN COAT PHOTORESIST|SOFT BAKE|ALIGN MASK LEVEL 3|EXPOSE LITHO LEVEL 3|DEVELOP PHOTORESIST|VIA OPENING INSPECTION|HARD BAKE|VIA ETCH THROUGH DIELECTRIC|STRIP RESIST|CLEAN AFTER VIA ETCH|MEASURE VIA CD|DEPOSIT BARRIER METAL|DEPOSIT METAL SEED|FILL VIA METAL|CMP METAL|MEASURE CONTACT RESISTANCE|DEPOSIT METAL 1|ANNEAL METAL|SPIN COAT PHOTORESIST|SOFT BAKE|ALIGN MASK LEVEL 4|EXPOSE LITHO LEVEL 4|DEVELOP PHOTORESIST|METAL PATTERN INSPECTION|METAL ETCH|STRIP PHOTORESIST|CLEAN AFTER METAL ETCH|MEASURE LINE WIDTH|DEPOSIT PASSIVATION LAYER|CURE PASSIVATION|MEASURE PASSIVATION QUALITY|OPEN PAD WINDOW|OPEN PAD WINDOW LITHO|DEVELOP PHOTORESIST|PASSIVATION ETCH PAD OPENING|STRIP RESIST|CLEAN PAD OPENING|MEASURE PAD OPENING|BACKSIDE CLEAN|BACKSIDE GRIND|MEASURE THICKNESS|BACKSIDE ETCH CLEAN|BACKSIDE RINSE|BACKSIDE DRY|BACKSIDE METALLIZATION PREP|DEPOSIT BACKSIDE METAL|BACKSIDE ANNEAL|MEASURE BACKSIDE CONTACT|FINAL CLEAN|FINAL THICKNESS MEASURE|FINAL GEOMETRY CHECK|FINAL CD INSPECTION|FINAL PARTICLE INSPECTION|ELECTRICAL PARAMETRIC TEST|LEAKAGE TEST|THRESHOLD VOLTAGE TEST|SWITCHING TEST|SHIP LOT|YIELD ANALYSIS|FINAL LOT RELEASE|WAFER SORT TEST,RULE_SHIP_BEFORE_TEST
anomaly_0221,MOSFET,RECEIVE WAFER LOT|LOT IDENTIFICATION|INITIAL WAFER INSPECTION|MEASURE THICKNESS|MEASURE SURFACE PARTICLES|PRE CLEAN WAFER|WET CLEAN RCA1|RCA CLEAN 2|HF DIP|DRY WAFER|SUBSTRATE CHECK|EPITAXY PREP|EPITAXIAL DEPOSITION|MEASURE EPITAXY THICKNESS|MEASURE RESISTIVITY|EPITAXY ANNEAL|WAFER SURFACE CLEAN|THERMAL OXIDATION|MEASURE OXIDE THICKNESS|SPIN COAT PHOTORESIST|SOFT BAKE|ALIGN MASK LEVEL 1|EXPOSE LITHO LEVEL 1|DEVELOP PHOTORESIST|PATTERN INSPECTION LEVEL 1|OXIDE ETCH|STRIP PHOTORESIST|CLEAN AFTER ETCH|IMPLANT WELL|PRE ANNEAL CHECK|DRIVE IN DIFFUSION|RAPID THERMAL ANNEAL|MEASURE JUNCTION DEPTH|THERMAL OXIDATION|GATE OXIDE PREP|GATE OXIDE GROWTH|MEASURE GATE OXIDE THICKNESS|DEPOSIT POLYSILICON|POLYSILICON ANNEAL|SPIN COAT PHOTORESIST|SOFT BAKE|ALIGN MASK LEVEL 2|EXPOSE LITHO LEVEL 2|DEVELOP PHOTORESIST|POLY PATTERN INSPECTION|POLYSILICON ETCH|STRIP PHOTORESIST|CLEAN AFTER POLY ETCH|IMPLANT SOURCE DRAIN|LIGHT ANNEAL|MEASURE SHEET RESISTANCE|DEPOSIT SPACER DIELECTRIC|ANISOTROPIC ETCH SPACER|MEASURE SPACER WIDTH|IMPLANT LDD|RAPID THERMAL ANNEAL|MEASURE JUNCTION PROFILE|DEPOSIT INTERLEVEL DIELECTRIC|DENSIFY OXIDE|MEASURE DIELECTRIC THICKNESS|CMP INTERLAYER DIELECTRIC|MEASURE PLANARITY|SPIN COAT PHOTORESIST|SOFT BAKE|ALIGN MASK LEVEL 3|EXPOSE LITHO LEVEL 3|DEVELOP PHOTORESIST|VIA INSPECTION|VIA ETCH|STRIP PHOTORESIST|CLEAN AFTER VIA ETCH|MEASURE VIA CD|DEPOSIT BARRIER METAL|DEPOSIT METAL SEED|FILL VIA METAL|CMP METAL|DEPOSIT TOP METAL|ANNEAL METAL|SPIN COAT PHOTORESIST|SOFT BAKE|ALIGN MASK LEVEL 4|EXPOSE LITHO LEVEL 4|POST EXPOSE BAKE|DEVELOP PHOTORESIST|METAL PATTERN INSPECTION|METAL ETCH|STRIP PHOTORESIST|CLEAN AFTER METAL ETCH|MEASURE LINE WIDTH|DEPOSIT PASSIVATION|DEPOSIT BACKSIDE METAL|CURE PASSIVATION|MEASURE PASSIVATION QUALITY|OPEN PAD WINDOW|OPEN PAD WINDOW LITHO|DEVELOP PHOTORESIST|PASSIVATION ETCH|STRIP RESIST|CLEAN PAD OPENING|MEASURE PAD OPENING|BACKSIDE CLEAN|BACKSIDE GRIND|MEASURE WAFER THICKNESS|BACKSIDE ETCH CLEAN|BACKSIDE RINSE|BACKSIDE DRY|BACKSIDE METALLIZATION PREP|BACKSIDE ANNEAL|MEASURE BACKSIDE CONTACT|FINAL CLEAN|FINAL THICKNESS MEASURE|FINAL GEOMETRY CHECK|FINAL CD INSPECTION|PARAMETRIC TEST|LEAKAGE TEST|THRESHOLD VOLTAGE TEST|SWITCHING TEST|WAFER SORT TEST|YIELD ANALYSIS|LOT RELEASE|SHIP LOT,RULE_BACKSIDE_BEFORE_PASSIVATION
anomaly_0160,IC,RECEIVE WAFER LOT|LOT IDENTIFICATION|INITIAL WAFER INSPECTION|MEASURE INITIAL GEOMETRY|MEASURE SURFACE DEFECTS|WAFER CLEAN PRE PROCESS|BACKSIDE CLEAN|FRONTSIDE CLEAN|RCA CLEAN 1|WET CLEAN RCA2|HF DIP|DRY WAFER|WAFER CLEAN PRE-GRIND|GRINDING WAFER BACKSIDE|MEASURE GEOMETRY|ETCH WET BACKSIDE|RINSE WET WAFER_EDGE|DRY WAFER BACKSIDE|BACKSIDE CLEAN|MEASURE BACKSIDE ROUGHNESS|THERMAL OXIDATION|MEASURE OXIDE THICKNESS|WET CLEAN RCA1|RCA CLEAN 2|HF DIP|OXIDE STRIP|SURFACE PREP FOR DEPOSITION|DEPOSIT PAD OXIDE|ANNEAL OXIDE|MEASURE FILM THICKNESS|SPIN COAT PHOTORESIST|SOFT BAKE|ALIGN MASK LEVEL 1|EXPOSE LITHO LEVEL 1|POST EXPOSE BAKE|DEVELOP PHOTORESIST|INSPECT PATTERN LEVEL 1|HARD BAKE|OXIDE ETCH DRY|STRIP PHOTORESIST|CLEAN AFTER ETCH|MEASURE CD LEVEL 1|DEPOSIT POLYSILICON|ANNEAL POLYSILICON|SPIN COAT PHOTORESIST|SOFT BAKE|ALIGN MASK LEVEL 2|EXPOSE LITHO LEVEL 2|PATTERN INSPECTION LEVEL 2|POLYSILICON ETCH DRY|STRIP RESIST LEVEL 2|CLEAN AFTER POLY ETCH|MEASURE CD LEVEL 2|IMPLANT N-TYPE|RAPID THERMAL ANNEAL|MEASURE SHEET RESISTANCE|DEPOSIT INTERLAYER DIELECTRIC|DENSIFY OXIDE|MEASURE DIELECTRIC THICKNESS|CMP INTERLAYER DIELECTRIC|MEASURE PLANARITY|SPIN COAT PHOTORESIST|SOFT BAKE|ALIGN MASK LEVEL 3|EXPOSE LITHO LEVEL 3|DEVELOP PHOTORESIST|VIA OPENING INSPECTION|HARD BAKE|VIA ETCH|STRIP PHOTORESIST|CLEAN AFTER VIA ETCH|MEASURE VIA CD|DEPOSIT BARRIER METAL|DEPOSIT TUNGSTEN SEED|FILL VIA TUNGSTEN|CMP METAL|MEASURE VIA RESISTANCE|DEPOSIT TOP METAL|ANNEAL METAL|MEASURE METAL THICKNESS|SPIN COAT PHOTORESIST|SOFT BAKE|ALIGN MASK LEVEL 4|EXPOSE LITHO LEVEL 4|DEVELOP PHOTORESIST|METAL PATTERN INSPECTION|METAL ETCH DRY|STRIP PHOTORESIST|CLEAN AFTER METAL ETCH|MEASURE LINE WIDTH|DEPOSIT PASSIVATION|CURE PASSIVATION|MEASURE PASSIVATION QUALITY|OPEN BOND PAD WINDOW|OPEN PAD WINDOW LITHO|DEVELOP PHOTORESIST|PASSIVATION ETCH|STRIP RESIST|CLEAN PAD OPENING|MEASURE PAD OPENING|BACKSIDE THINNING CHECK|BACKSIDE CLEAN|DEPOSIT BACKSIDE PROTECTION|BACKSIDE ANNEAL|FRONTSIDE CLEAN FINAL|FINAL CLEAN|FINAL THICKNESS MEASURE|FINAL GEOMETRY CHECK|FINAL OXIDE CHECK|FINAL ELECTRICAL TEST PREP|ELECTRICAL PARAMETRIC TEST|LEAKAGE TEST|THRESHOLD VOLTAGE TEST|SWITCHING TEST|WAFER SORT TEST|YIELD ANALYSIS|FINAL LOT RELEASE|PACKAGE PREPARATION|SHIP LOT,RULE_ETCH_NO_MASK
anomaly_0971,IGBT,RECEIVE WAFER LOT|LOT IDENTIFICATION|INITIAL WAFER INSPECTION|MEASURE INITIAL THICKNESS|MEASURE SURFACE PARTICLES|PRE CLEAN WAFER|BACKSIDE CLEAN|FRONTSIDE CLEAN|WET CLEAN RCA1|WET CLEAN RCA2|HF DIP|EPITAXIAL WAFER CHECK|MEASURE EPITAXY THICKNESS|MEASURE RESISTIVITY|EPITAXIAL LAYER PREP|THERMAL OXIDATION|MEASURE OXIDE THICKNESS|SPIN COAT PHOTORESIST|SOFT BAKE|ALIGN MASK LEVEL 1|EXPOSE LITHO LEVEL 1|DEVELOP PHOTORESIST|INSPECT PATTERN LEVEL 1|OXIDE ETCH DRY|STRIP PHOTORESIST|CLEAN AFTER OXIDE ETCH|MEASURE OPENING CD|IMPLANT P BODY|DRIVE IN DIFFUSION|RAPID THERMAL ANNEAL|MEASURE JUNCTION DEPTH|THERMAL OXIDATION|SPIN COAT PHOTORESIST|SOFT BAKE|ALIGN MASK LEVEL 2|EXPOSE LITHO LEVEL 2|DEVELOP PHOTORESIST|P BODY WINDOW INSPECTION|ETCH SILICON OR OXIDE WINDOW|STRIP RESIST|CLEAN AFTER WINDOW ETCH|MEASURE WINDOW CD|IMPLANT N BUFFER|PRE ANNEAL CHECK|RAPID THERMAL ANNEAL|MEASURE SHEET RESISTANCE|DEPOSIT FIELD OXIDE|DENSIFY OXIDE|SPIN COAT PHOTORESIST|SOFT BAKE|ALIGN MASK LEVEL 3|EXPOSE LITHO LEVEL 3|DEVELOP PHOTORESIST|FIELD PATTERN INSPECTION|FIELD OXIDE ETCH|STRIP RESIST|CLEAN AFTER FIELD ETCH|IMPLANT SOURCE REGION|IMPLANT DRAIN / CATHODE REGION|PRE ANNEAL CHECK|RAPID THERMAL ANNEAL|MEASURE SHEET RESISTANCE|DEPOSIT GATE OXIDE OR DIELECTRIC|ANNEAL DIELECTRIC|MEASURE OXIDE QUALITY|DEPOSIT POLYSILICON|POLYSILICON ANNEAL|MEASURE POLY THICKNESS|SPIN COAT PHOTORESIST|SOFT BAKE|ALIGN MASK LEVEL 4|EXPOSE LITHO LEVEL 4|DEVELOP PHOTORESIST|POLY PATTERN INSPECTION|POLYSILICON ETCH DRY|STRIP RESIST|CLEAN AFTER POLY ETCH|MEASURE GATE CD|IMPLANT CHANNEL STOP|RAPID THERMAL ANNEAL|MEASURE DEVICE PARAMETER|DEPOSIT INTERLEVEL DIELECTRIC|DENSIFY OXIDE|MEASURE FILM THICKNESS|CMP DIELECTRIC|MEASURE PLANARITY|SPIN COAT PHOTORESIST|SOFT BAKE|ALIGN MASK LEVEL 5|EXPOSE LITHO LEVEL 5|DEVELOP PHOTORESIST|VIA OPENING INSPECTION|VIA ETCH|STRIP RESIST|CLEAN AFTER VIA ETCH|MEASURE VIA CD|DEPOSIT BARRIER METAL|DEPOSIT METAL SEED|FILL VIA METAL|CMP VIA FILL|MEASURE CONTACT RESISTANCE|DEPOSIT TOP METAL|ANNEAL METAL|SPIN COAT PHOTORESIST|SOFT BAKE|ALIGN MASK LEVEL 6|EXPOSE LITHO LEVEL 6|POST EXPOSE BAKE|DEVELOP PHOTORESIST|METAL PATTERN INSPECTION|HARD BAKE|METAL ETCH DRY|STRIP PHOTORESIST|CLEAN AFTER METAL ETCH|MEASURE LINE WIDTH|DEPOSIT PASSIVATION LAYER|CURE PASSIVATION|MEASURE PASSIVATION QUALITY|OPEN BOND PAD WINDOW|OPEN PAD WINDOW LITHO|DEVELOP PAD WINDOW|PASSIVATION ETCH PAD OPENING|STRIP RESIST|CLEAN PAD OPENING|MEASURE PAD OPENING|BACKSIDE GRIND|MEASURE WAFER THICKNESS|BACKSIDE ETCH CLEAN|BACKSIDE RINSE|BACKSIDE DRY|BACKSIDE METALLIZATION PREP|DEPOSIT BACKSIDE METAL|BACKSIDE ANNEAL|MEASURE BACKSIDE CONTACT|FINAL CLEAN|FINAL THICKNESS MEASURE|FINAL GEOMETRY CHECK|FINAL CD INSPECTION|FINAL PARTICLE INSPECTION|PARAMETRIC TEST|LEAKAGE TEST|BREAKDOWN VOLTAGE TEST|SWITCHING TEST|YIELD ANALYSIS|SHIP LOT|FINAL LOT RELEASE|WAFER SORT TEST,RULE_SHIP_BEFORE_TEST
anomaly_0778,IC,RECEIVE WAFER LOT|LOT IDENTIFICATION|INITIAL WAFER INSPECTION|MEASURE INITIAL THICKNESS|MEASURE SURFACE DEFECTS|WAFER CLEAN PRE PROCESS|FRONTSIDE CLEAN|WET CLEAN RCA1|RCA CLEAN 2|HF DIP|DRY WAFER|WAFER CLEAN PRE-GRIND|GRINDING WAFER BACKSIDE|MEASURE INITIAL GEOMETRY|ETCH WET BACKSIDE|RINSE WET WAFER_EDGE|DRY WAFER BACKSIDE|BACKSIDE CLEAN|MEASURE BACKSIDE ROUGHNESS|THERMAL OXIDATION|MEASURE OXIDE THICKNESS|RCA CLEAN 1|WET CLEAN RCA2|HF DIP|OXIDE STRIP|SURFACE PREP FOR DEPOSITION|DEPOSIT PAD OXIDE|ANNEAL OXIDE|MEASURE FILM THICKNESS|SPIN COAT PHOTORESIST|SOFT BAKE|ALIGN MASK LEVEL 1|EXPOSE LITHO LEVEL 1|DEVELOP PHOTORESIST|INSPECT PATTERN LEVEL 1|HARD BAKE|OXIDE ETCH DRY|STRIP RESIST|CLEAN AFTER ETCH|DEPOSIT POLYSILICON|ANNEAL POLYSILICON|SPIN COAT PHOTORESIST|SOFT BAKE|ALIGN MASK LEVEL 2|EXPOSE LITHO LEVEL 2|POST EXPOSE BAKE|DEVELOP PHOTORESIST|PATTERN INSPECTION LEVEL 2|POLYSILICON ETCH DRY|STRIP RESIST LEVEL 2|CLEAN AFTER POLY ETCH|IMPLANT N-TYPE|PRE ANNEAL CHECK|RAPID THERMAL ANNEAL|DEPOSIT INTERLEVEL DIELECTRIC|DENSIFY DIELECTRIC|MEASURE FILM THICKNESS|CMP DIELECTRIC|MEASURE PLANARITY|SPIN COAT PHOTORESIST|SOFT BAKE|ALIGN MASK LEVEL 3|EXPOSE LITHO LEVEL 3|DEVELOP PHOTORESIST|VIA OPENING INSPECTION|HARD BAKE|DIELECTRIC ETCH VIA|STRIP RESIST|CLEAN AFTER VIA ETCH|MEASURE VIA CD|DEPOSIT BARRIER METAL|DEPOSIT TUNGSTEN SEED|FILL VIA TUNGSTEN|CMP METAL|DEPOSIT TOP METAL|ANNEAL METAL 1|MEASURE METAL THICKNESS|SPIN COAT PHOTORESIST|SOFT BAKE|ALIGN MASK LEVEL 4|DEVELOP PHOTORESIST|METAL PATTERN INSPECTION|METAL ETCH DRY|STRIP RESIST|CLEAN AFTER METAL ETCH|DEPOSIT PASSIVATION LAYER|CURE PASSIVATION|MEASURE PASSIVATION THICKNESS|OPEN BOND PAD WINDOW|PAD WINDOW LITHO|DEVELOP PHOTORESIST|PASSIVATION ETCH PAD OPENING|STRIP RESIST|CLEAN PAD OPENING|MEASURE PAD OPENING|BACKSIDE THINNING CHECK|BACKSIDE CLEAN|DEPOSIT BACKSIDE PROTECTION|BACKSIDE ANNEAL|FRONTSIDE CLEAN FINAL|FINAL CLEAN|FINAL THICKNESS MEASURE|FINAL OXIDE CHECK|FINAL CD INSPECTION|FINAL PARTICLE INSPECTION|FINAL ELECTRICAL TEST PREP|PARAMETRIC TEST|LEAKAGE TEST|SWITCHING TEST|WAFER SORT TEST|YIELD ANALYSIS|LOT RELEASE|SHIP LOT,RULE_METAL_ETCH_NO_LITHO
anomaly_0891,IGBT,RECEIVE WAFER LOT|LOT IDENTIFICATION|INITIAL WAFER INSPECTION|MEASURE INITIAL THICKNESS|MEASURE SURFACE PARTICLES|PRE CLEAN WAFER|BACKSIDE CLEAN|FRONTSIDE CLEAN|WET CLEAN RCA1|WET CLEAN RCA2|HF DIP|DRY WAFER|EPITAXIAL WAFER CHECK|MEASURE EPITAXY THICKNESS|MEASURE RESISTIVITY|EPITAXIAL REWORK CHECK|EPITAXIAL LAYER PREP|THERMAL OXIDATION|MEASURE OXIDE THICKNESS|SPIN COAT PHOTORESIST|SOFT BAKE|ALIGN MASK LEVEL 1|EXPOSE LITHO LEVEL 1|DEVELOP PHOTORESIST|INSPECT PATTERN LEVEL 1|HARD BAKE|OXIDE ETCH DRY|STRIP RESIST|CLEAN AFTER OXIDE ETCH|MEASURE OPENING CD|IMPLANT P BODY|DRIVE IN DIFFUSION|RAPID THERMAL ANNEAL|MEASURE JUNCTION DEPTH|THERMAL OXIDATION|SPIN COAT PHOTORESIST|SOFT BAKE|ALIGN MASK LEVEL 2|EXPOSE LITHO LEVEL 2|P BODY WINDOW INSPECTION|ETCH SILICON OR OXIDE WINDOW|STRIP PHOTORESIST|CLEAN AFTER WINDOW ETCH|IMPLANT N BUFFER|PRE ANNEAL CHECK|RAPID THERMAL ANNEAL|MEASURE SHEET RESISTANCE|EPITAXIAL REWORK CHECK|DEPOSIT FIELD OXIDE|DENSIFY OXIDE|MEASURE FILM THICKNESS|SPIN COAT PHOTORESIST|SOFT BAKE|ALIGN MASK LEVEL 3|EXPOSE LITHO LEVEL 3|DEVELOP PHOTORESIST|FIELD PATTERN INSPECTION|FIELD OXIDE ETCH|STRIP RESIST|CLEAN AFTER FIELD ETCH|MEASURE SURFACE UNIFORMITY|IMPLANT SOURCE REGION|IMPLANT DRAIN / CATHODE REGION|PRE ANNEAL CHECK|RAPID THERMAL ANNEAL|MEASURE SHEET RESISTANCE|DEPOSIT GATE OXIDE OR DIELECTRIC|ANNEAL DIELECTRIC|MEASURE OXIDE QUALITY|DEPOSIT POLYSILICON|POLYSILICON ANNEAL|MEASURE POLY THICKNESS|SPIN COAT PHOTORESIST|SOFT BAKE|ALIGN MASK LEVEL 4|EXPOSE LITHO LEVEL 4|DEVELOP PHOTORESIST|POLY PATTERN INSPECTION|HARD BAKE|POLYSILICON ETCH DRY|STRIP RESIST|CLEAN AFTER POLY ETCH|IMPLANT CHANNEL STOP|PRE ANNEAL CHECK|RAPID THERMAL ANNEAL|MEASURE DEVICE PARAMETER|DEPOSIT INTERLAYER DIELECTRIC|DENSIFY DIELECTRIC|MEASURE FILM THICKNESS|CMP INTERLAYER DIELECTRIC|MEASURE PLANARITY|SPIN COAT PHOTORESIST|SOFT BAKE|ALIGN MASK LEVEL 5|EXPOSE LITHO LEVEL 5|DEVELOP PHOTORESIST|VIA OPENING INSPECTION|DIELECTRIC ETCH VIA|STRIP RESIST|CLEAN AFTER VIA ETCH|MEASURE VIA CD|DEPOSIT BARRIER METAL|DEPOSIT METAL SEED|FILL VIA METAL|CMP METAL|MEASURE CONTACT RESISTANCE|DEPOSIT TOP METAL|ANNEAL METAL 1|SPIN COAT PHOTORESIST|SOFT BAKE|ALIGN MASK LEVEL 6|EXPOSE LITHO LEVEL 6|POST EXPOSE BAKE|DEVELOP PHOTORESIST|METAL PATTERN INSPECTION|METAL ETCH DRY|STRIP PHOTORESIST|CLEAN AFTER METAL ETCH|MEASURE LINE WIDTH|DEPOSIT PASSIVATION|CURE PASSIVATION|MEASURE PASSIVATION QUALITY|OPEN PAD WINDOW|PAD WINDOW LITHO|DEVELOP PHOTORESIST|PASSIVATION ETCH PAD OPENING|STRIP PHOTORESIST|CLEAN PAD OPENING|MEASURE PAD OPENING|BACKSIDE GRIND|MEASURE WAFER THICKNESS|BACKSIDE ETCH CLEAN|BACKSIDE RINSE|BACKSIDE DRY|BACKSIDE METALLIZATION PREP|DEPOSIT BACKSIDE METAL|BACKSIDE ANNEAL|MEASURE BACKSIDE CONTACT|FINAL CLEAN|FINAL THICKNESS MEASURE|FINAL GEOMETRY CHECK|FINAL PARTICLE INSPECTION|PARAMETRIC TEST|LEAKAGE TEST|BREAKDOWN VOLTAGE TEST|SWITCHING TEST|WAFER SORT TEST|YIELD ANALYSIS|FINAL LOT RELEASE|SHIP LOT,RULE_ETCH_NO_MASK
anomaly_0829,MOSFET,RECEIVE WAFER LOT|LOT IDENTIFICATION|INITIAL WAFER INSPECTION|MEASURE THICKNESS|MEASURE SURFACE PARTICLES|PRE CLEAN WAFER|WET CLEAN RCA1|RCA CLEAN 2|HF DIP|DRY WAFER|SUBSTRATE CHECK|EPITAXY PREP|EPITAXIAL DEPOSITION|MEASURE EPITAXY THICKNESS|MEASURE RESISTIVITY|EPITAXY ANNEAL|WAFER SURFACE CLEAN|THERMAL OXIDATION|MEASURE OXIDE THICKNESS|SPIN COAT PHOTORESIST|SOFT BAKE|ALIGN MASK LEVEL 1|EXPOSE LITHO LEVEL 1|DEVELOP PHOTORESIST|PATTERN INSPECTION LEVEL 1|OXIDE ETCH|STRIP PHOTORESIST|CLEAN AFTER ETCH|IMPLANT WELL|PRE ANNEAL CHECK|DRIVE IN DIFFUSION|RAPID THERMAL ANNEAL|MEASURE JUNCTION DEPTH|THERMAL OXIDATION|GATE OXIDE PREP|GATE OXIDE GROWTH|MEASURE GATE OXIDE THICKNESS|DEPOSIT POLYSILICON|POLYSILICON ANNEAL|SPIN COAT PHOTORESIST|SOFT BAKE|ALIGN MASK LEVEL 2|EXPOSE LITHO LEVEL 2|DEVELOP PHOTORESIST|POLY PATTERN INSPECTION|POLYSILICON ETCH|STRIP PHOTORESIST|CLEAN AFTER POLY ETCH|IMPLANT SOURCE DRAIN|LIGHT ANNEAL|MEASURE SHEET RESISTANCE|DEPOSIT SPACER DIELECTRIC|ANISOTROPIC ETCH SPACER|MEASURE SPACER WIDTH|IMPLANT LDD|RAPID THERMAL ANNEAL|MEASURE JUNCTION PROFILE|DEPOSIT INTERLEVEL DIELECTRIC|DENSIFY OXIDE|MEASURE DIELECTRIC THICKNESS|CMP INTERLAYER DIELECTRIC|MEASURE PLANARITY|SPIN COAT PHOTORESIST|SOFT BAKE|ALIGN MASK LEVEL 3|EXPOSE LITHO LEVEL 3|DEVELOP PHOTORESIST|VIA INSPECTION|VIA ETCH|STRIP PHOTORESIST|CLEAN AFTER VIA ETCH|MEASURE VIA CD|DEPOSIT BARRIER METAL|DEPOSIT METAL SEED|FILL VIA METAL|CMP METAL|DEPOSIT TOP METAL|ANNEAL METAL|SPIN COAT PHOTORESIST|SOFT BAKE|ALIGN MASK LEVEL 4|EXPOSE LITHO LEVEL 4|POST EXPOSE BAKE|DEVELOP PHOTORESIST|METAL PATTERN INSPECTION|METAL ETCH|STRIP PHOTORESIST|CLEAN AFTER METAL ETCH|MEASURE LINE WIDTH|DEPOSIT PASSIVATION|CURE PASSIVATION|MEASURE PASSIVATION QUALITY|OPEN PAD WINDOW|OPEN PAD WINDOW LITHO|DEVELOP PHOTORESIST|PASSIVATION ETCH|STRIP RESIST|CLEAN PAD OPENING|MEASURE PAD OPENING|BACKSIDE CLEAN|BACKSIDE GRIND|MEASURE WAFER THICKNESS|BACKSIDE ETCH CLEAN|BACKSIDE RINSE|BACKSIDE DRY|BACKSIDE METALLIZATION PREP|DEPOSIT BACKSIDE METAL|BACKSIDE ANNEAL|MEASURE BACKSIDE CONTACT|FINAL CLEAN|FINAL THICKNESS MEASURE|FINAL GEOMETRY CHECK|FINAL CD INSPECTION|PARAMETRIC TEST|LEAKAGE TEST|THRESHOLD VOLTAGE TEST|SWITCHING TEST|SHIP LOT|YIELD ANALYSIS|LOT RELEASE|WAFER SORT TEST,RULE_SHIP_BEFORE_TEST
anomaly_0285,IC,RECEIVE WAFER LOT|LOT IDENTIFICATION|INITIAL WAFER INSPECTION|MEASURE INITIAL THICKNESS|MEASURE SURFACE PARTICLES|WAFER CLEAN PRE PROCESS|WET CLEAN RCA1|WET CLEAN RCA2|HF DIP|DRY WAFER|WAFER CLEAN PRE-GRIND|GRINDING WAFER BACKSIDE|MEASURE GEOMETRY|ETCH WET BACKSIDE|RINSE WET WAFER_EDGE|DRY WAFER BACKSIDE|BACKSIDE CLEAN|MEASURE BACKSIDE ROUGHNESS|THERMAL OXIDATION|MEASURE OXIDE THICKNESS|WET CLEAN RCA1|RCA CLEAN 2|HF DIP|OXIDE STRIP|SURFACE PREP FOR DEPOSITION|DEPOSIT PAD OXIDE|ANNEAL OXIDE|MEASURE OXIDE THICKNESS|SPIN COAT PHOTORESIST|SOFT BAKE|ALIGN MASK LEVEL 1|EXPOSE LITHO LEVEL 1|DEVELOP PHOTORESIST|INSPECT PATTERN LEVEL 1|HARD BAKE|OXIDE ETCH DRY|STRIP RESIST|CLEAN AFTER ETCH|MEASURE CD LEVEL 1|DEPOSIT POLYSILICON|ANNEAL POLYSILICON|SPIN COAT PHOTORESIST|SOFT BAKE|DEVELOP PHOTORESIST|PATTERN INSPECTION LEVEL 2|HARD BAKE|POLYSILICON ETCH DRY|STRIP RESIST LEVEL 2|CLEAN AFTER POLY ETCH|IMPLANT N-TYPE|RAPID THERMAL ANNEAL|MEASURE SHEET RESISTANCE|DEPOSIT INTERLAYER DIELECTRIC|DENSIFY OXIDE|MEASURE DIELECTRIC THICKNESS|CMP INTERLAYER DIELECTRIC|MEASURE PLANARITY|SPIN COAT PHOTORESIST|SOFT BAKE|ALIGN MASK LEVEL 3|EXPOSE LITHO LEVEL 3|DEVELOP PHOTORESIST|VIA INSPECTION|VIA ETCH THROUGH DIELECTRIC|STRIP PHOTORESIST|CLEAN AFTER VIA ETCH|MEASURE VIA CD|DEPOSIT BARRIER METAL|DEPOSIT TUNGSTEN SEED|FILL VIA TUNGSTEN|CMP VIA FILL|DEPOSIT METAL 1|ANNEAL METAL 1|MEASURE METAL THICKNESS|SPIN COAT PHOTORESIST|SOFT BAKE|ALIGN MASK LEVEL 4|EXPOSE LITHO LEVEL 4|DEVELOP PHOTORESIST|METAL PATTERN INSPECTION|HARD BAKE|METAL ETCH DRY|STRIP PHOTORESIST|CLEAN AFTER METAL ETCH|MEASURE LINE WIDTH|DEPOSIT PASSIVATION|CURE PASSIVATION|MEASURE PASSIVATION THICKNESS|OPEN PAD WINDOW|OPEN PAD WINDOW LITHO|DEVELOP PAD WINDOW|PASSIVATION ETCH|STRIP RESIST|CLEAN PAD OPENING|MEASURE PAD OPENING|BACKSIDE CLEAN|DEPOSIT BACKSIDE PROTECTION|BACKSIDE ANNEAL|FINAL CLEAN|FINAL THICKNESS MEASURE|FINAL GEOMETRY CHECK|FINAL PARTICLE INSPECTION|FINAL ELECTRICAL TEST PREP|PARAMETRIC TEST|LEAKAGE TEST|SWITCHING TEST|WAFER SORT TEST|YIELD ANALYSIS|FINAL LOT RELEASE|SHIP LOT,RULE_LITHO_LEVEL_SKIP
anomaly_0666,IC,RECEIVE WAFER LOT|LOT IDENTIFICATION|PRE CLEAN INSPECTION|MEASURE INITIAL THICKNESS|MEASURE SURFACE PARTICLES|WAFER CLEAN PRE PROCESS|BACKSIDE CLEAN|WET CLEAN RCA1|RCA CLEAN 2|HF DIP|DRY WAFER|WAFER CLEAN PRE-GRIND|GRINDING WAFER BACKSIDE|MEASURE GEOMETRY|ETCH WET BACKSIDE|RINSE WET WAFER_EDGE|DRY WAFER BACKSIDE|BACKSIDE CLEAN|MEASURE BACKSIDE ROUGHNESS|THERMAL OXIDATION|MEASURE OXIDE THICKNESS|RCA CLEAN 1|WET CLEAN RCA2|HF DIP|OXIDE STRIP|SURFACE PREP FOR DEPOSITION|DEPOSIT PAD OXIDE|ANNEAL OXIDE|MEASURE FILM THICKNESS|SPIN COAT PHOTORESIST|SOFT BAKE|ALIGN MASK LEVEL 1|EXPOSE LITHO LEVEL 1|POST EXPOSE BAKE|DEVELOP PHOTORESIST|INSPECT PATTERN LEVEL 1|HARD BAKE|OXIDE ETCH DRY|STRIP RESIST|CLEAN AFTER ETCH|DEPOSIT POLYSILICON|ANNEAL POLYSILICON|SPIN COAT PHOTORESIST|SOFT BAKE|ALIGN MASK LEVEL 2|EXPOSE LITHO LEVEL 2|DEVELOP PHOTORESIST|PATTERN INSPECTION LEVEL 2|POLYSILICON ETCH DRY|STRIP RESIST LEVEL 2|CLEAN AFTER POLY ETCH|MEASURE CD LEVEL 2|IMPLANT N-TYPE|PRE ANNEAL CHECK|RAPID THERMAL ANNEAL|MEASURE SHEET RESISTANCE|DEPOSIT INTERLEVEL DIELECTRIC|DENSIFY OXIDE|MEASURE DIELECTRIC THICKNESS|CMP DIELECTRIC|MEASURE PLANARITY|SPIN COAT PHOTORESIST|SOFT BAKE|ALIGN MASK LEVEL 3|EXPOSE LITHO LEVEL 3|DEVELOP PHOTORESIST|VIA INSPECTION|VIA ETCH|STRIP PHOTORESIST|CLEAN AFTER VIA ETCH|MEASURE VIA CD|DEPOSIT BARRIER METAL|DEPOSIT TUNGSTEN SEED|FILL VIA TUNGSTEN|CMP METAL|MEASURE VIA RESISTANCE|DEPOSIT TOP METAL|ANNEAL METAL|MEASURE METAL THICKNESS|SPIN COAT PHOTORESIST|SOFT BAKE|ALIGN MASK LEVEL 4|EXPOSE LITHO LEVEL 4|POST EXPOSE BAKE|DEVELOP PHOTORESIST|METAL PATTERN INSPECTION|HARD BAKE|METAL ETCH DRY|STRIP RESIST|CLEAN AFTER METAL ETCH|OPEN BOND PAD WINDOW|DEPOSIT PASSIVATION|CURE PASSIVATION|MEASURE PASSIVATION THICKNESS|PAD WINDOW LITHO|DEVELOP PHOTORESIST|PASSIVATION ETCH PAD OPENING|STRIP PHOTORESIST|CLEAN PAD OPENING|MEASURE PAD OPENING|BACKSIDE CLEAN FINAL|DEPOSIT BACKSIDE PROTECTION|BACKSIDE ANNEAL|FINAL CLEAN|FINAL THICKNESS MEASURE|FINAL GEOMETRY CHECK|FINAL OXIDE CHECK|FINAL PARTICLE INSPECTION|PARAMETRIC TEST|LEAKAGE TEST|SWITCHING TEST|WAFER SORT TEST|YIELD ANALYSIS|FINAL LOT RELEASE|SHIP LOT,RULE_PAD_OPEN_BEFORE_DEP
anomaly_0575,IGBT,RECEIVE WAFER LOT|LOT IDENTIFICATION|INITIAL WAFER INSPECTION|MEASURE INITIAL THICKNESS|MEASURE SURFACE PARTICLES|PRE CLEAN WAFER|BACKSIDE CLEAN|FRONTSIDE CLEAN|WET CLEAN RCA1|RCA CLEAN 2|HF DIP|EPITAXIAL WAFER CHECK|MEASURE EPITAXY THICKNESS|MEASURE RESISTIVITY|EPITAXIAL LAYER PREP|THERMAL OXIDATION|MEASURE OXIDE THICKNESS|SPIN COAT PHOTORESIST|SOFT BAKE|ALIGN MASK LEVEL 1|EXPOSE LITHO LEVEL 1|POST EXPOSE BAKE|INSPECT PATTERN LEVEL 1|OXIDE ETCH DRY|STRIP PHOTORESIST|CLEAN AFTER OXIDE ETCH|MEASURE OPENING CD|IMPLANT P BODY|PRE ANNEAL CHECK|DRIVE IN DIFFUSION|RAPID THERMAL ANNEAL|MEASURE JUNCTION DEPTH|THERMAL OXIDATION|SPIN COAT PHOTORESIST|SOFT BAKE|ALIGN MASK LEVEL 2|EXPOSE LITHO LEVEL 2|DEVELOP PHOTORESIST|P BODY WINDOW INSPECTION|ETCH SILICON OR OXIDE WINDOW|STRIP RESIST|CLEAN AFTER WINDOW ETCH|MEASURE WINDOW CD|IMPLANT N BUFFER|RAPID THERMAL ANNEAL|MEASURE SHEET RESISTANCE|DEPOSIT FIELD OXIDE|DENSIFY OXIDE|MEASURE FILM THICKNESS|SPIN COAT PHOTORESIST|SOFT BAKE|ALIGN MASK LEVEL 3|EXPOSE LITHO LEVEL 3|POST EXPOSE BAKE|DEVELOP PHOTORESIST|FIELD PATTERN INSPECTION|HARD BAKE|FIELD OXIDE ETCH|STRIP PHOTORESIST|CLEAN AFTER FIELD ETCH|MEASURE SURFACE UNIFORMITY|IMPLANT SOURCE REGION|IMPLANT DRAIN / CATHODE REGION|RAPID THERMAL ANNEAL|MEASURE SHEET RESISTANCE|DEPOSIT GATE OXIDE OR DIELECTRIC|ANNEAL DIELECTRIC|MEASURE OXIDE QUALITY|DEPOSIT POLYSILICON|POLYSILICON ANNEAL|MEASURE POLY THICKNESS|SPIN COAT PHOTORESIST|SOFT BAKE|ALIGN MASK LEVEL 4|EXPOSE LITHO LEVEL 4|DEVELOP PHOTORESIST|POLY PATTERN INSPECTION|POLYSILICON ETCH DRY|STRIP RESIST|CLEAN AFTER POLY ETCH|MEASURE GATE CD|IMPLANT CHANNEL STOP|RAPID THERMAL ANNEAL|DEPOSIT INTERLAYER DIELECTRIC|DENSIFY DIELECTRIC|MEASURE FILM THICKNESS|CMP INTERLAYER DIELECTRIC|MEASURE SURFACE PLANARITY|SPIN COAT PHOTORESIST|SOFT BAKE|ALIGN MASK LEVEL 5|EXPOSE LITHO LEVEL 5|POST EXPOSE BAKE|DEVELOP PHOTORESIST|VIA INSPECTION|VIA ETCH THROUGH DIELECTRIC|STRIP PHOTORESIST|CLEAN AFTER VIA ETCH|DEPOSIT BARRIER METAL|DEPOSIT METAL SEED|FILL VIA METAL|CMP VIA FILL|MEASURE CONTACT RESISTANCE|DEPOSIT TOP METAL|ANNEAL METAL|MEASURE METAL THICKNESS|SPIN COAT PHOTORESIST|SOFT BAKE|ALIGN MASK LEVEL 6|EXPOSE LITHO LEVEL 6|DEVELOP PHOTORESIST|METAL PATTERN INSPECTION|METAL ETCH DRY|STRIP PHOTORESIST|CLEAN AFTER METAL ETCH|MEASURE LINE WIDTH|DEPOSIT PASSIVATION LAYER|CURE PASSIVATION|MEASURE PASSIVATION THICKNESS|OPEN PAD WINDOW|OPEN PAD WINDOW LITHO|DEVELOP PHOTORESIST|PASSIVATION ETCH PAD OPENING|STRIP PHOTORESIST|CLEAN PAD OPENING|MEASURE PAD OPENING|BACKSIDE GRIND|MEASURE THICKNESS|BACKSIDE ETCH CLEAN|BACKSIDE RINSE|BACKSIDE DRY|BACKSIDE METALLIZATION PREP|DEPOSIT BACKSIDE METAL|BACKSIDE ANNEAL|MEASURE BACKSIDE CONTACT|FINAL CLEAN|FINAL THICKNESS MEASURE|FINAL CD INSPECTION|FINAL PARTICLE INSPECTION|ELECTRICAL PARAMETRIC TEST|LEAKAGE TEST|BREAKDOWN VOLTAGE TEST|SWITCHING TEST|WAFER SORT TEST|YIELD ANALYSIS|LOT RELEASE|SHIP LOT,RULE_ETCH_NO_MASK
anomaly_0617,IGBT,RECEIVE WAFER LOT|LOT IDENTIFICATION|PRE CLEAN INSPECTION|MEASURE INITIAL THICKNESS|PRE CLEAN WAFER|BACKSIDE CLEAN|FRONTSIDE CLEAN|RCA CLEAN 1|RCA CLEAN 2|HF DIP|DRY WAFER|EPITAXIAL WAFER CHECK|MEASURE EPITAXY THICKNESS|MEASURE RESISTIVITY|EPITAXIAL REWORK CHECK|EPITAXIAL LAYER PREP|THERMAL OXIDATION|MEASURE OXIDE THICKNESS|SPIN COAT PHOTORESIST|SOFT BAKE|ALIGN MASK LEVEL 1|EXPOSE LITHO LEVEL 1|DEVELOP PHOTORESIST|INSPECT PATTERN LEVEL 1|OXIDE ETCH DRY|STRIP PHOTORESIST|CLEAN AFTER OXIDE ETCH|MEASURE OPENING CD|IMPLANT P BODY|PRE ANNEAL CHECK|DRIVE IN DIFFUSION|RAPID THERMAL ANNEAL|THERMAL OXIDATION|SPIN COAT PHOTORESIST|SOFT BAKE|DEVELOP PHOTORESIST|P BODY WINDOW INSPECTION|ETCH SILICON OR OXIDE WINDOW|STRIP RESIST|CLEAN AFTER WINDOW ETCH|MEASURE WINDOW CD|IMPLANT N BUFFER|RAPID THERMAL ANNEAL|DEPOSIT FIELD OXIDE|DENSIFY OXIDE|MEASURE FILM THICKNESS|SPIN COAT PHOTORESIST|SOFT BAKE|ALIGN MASK LEVEL 3|EXPOSE LITHO LEVEL 3|DEVELOP PHOTORESIST|FIELD PATTERN INSPECTION|FIELD OXIDE ETCH|STRIP PHOTORESIST|CLEAN AFTER FIELD ETCH|MEASURE SURFACE UNIFORMITY|IMPLANT SOURCE REGION|IMPLANT DRAIN / CATHODE REGION|RAPID THERMAL ANNEAL|MEASURE SHEET RESISTANCE|DEPOSIT GATE OXIDE OR DIELECTRIC|ANNEAL DIELECTRIC|DEPOSIT POLYSILICON|POLYSILICON ANNEAL|MEASURE POLY THICKNESS|SPIN COAT PHOTORESIST|SOFT BAKE|ALIGN MASK LEVEL 4|EXPOSE LITHO LEVEL 4|POST EXPOSE BAKE|DEVELOP PHOTORESIST|POLY PATTERN INSPECTION|POLYSILICON ETCH DRY|STRIP RESIST|CLEAN AFTER POLY ETCH|MEASURE GATE CD|IMPLANT CHANNEL STOP|RAPID THERMAL ANNEAL|MEASURE DEVICE PARAMETER|DEPOSIT INTERLAYER DIELECTRIC|DENSIFY OXIDE|MEASURE DIELECTRIC THICKNESS|CMP INTERLAYER DIELECTRIC|MEASURE PLANARITY|SPIN COAT PHOTORESIST|SOFT BAKE|ALIGN MASK LEVEL 5|EXPOSE LITHO LEVEL 5|DEVELOP PHOTORESIST|VIA OPENING INSPECTION|DIELECTRIC ETCH VIA|STRIP PHOTORESIST|CLEAN AFTER VIA ETCH|MEASURE VIA CD|DEPOSIT BARRIER METAL|DEPOSIT METAL SEED|FILL VIA METAL|CMP METAL|DEPOSIT METAL 1|ANNEAL METAL|MEASURE METAL THICKNESS|SPIN COAT PHOTORESIST|SOFT BAKE|ALIGN MASK LEVEL 6|EXPOSE LITHO LEVEL 6|DEVELOP PHOTORESIST|METAL PATTERN INSPECTION|METAL ETCH DRY|STRIP RESIST|CLEAN AFTER METAL ETCH|MEASURE LINE WIDTH|DEPOSIT PASSIVATION|CURE PASSIVATION|MEASURE PASSIVATION QUALITY|OPEN BOND PAD WINDOW|OPEN PAD WINDOW LITHO|DEVELOP PHOTORESIST|PASSIVATION ETCH|STRIP PHOTORESIST|CLEAN PAD OPENING|MEASURE PAD OPENING|BACKSIDE GRIND|MEASURE WAFER THICKNESS|BACKSIDE ETCH CLEAN|BACKSIDE RINSE|BACKSIDE DRY|BACKSIDE METALLIZATION PREP|DEPOSIT BACKSIDE METAL|BACKSIDE ANNEAL|MEASURE BACKSIDE CONTACT|FINAL CLEAN|FINAL THICKNESS MEASURE|FINAL GEOMETRY CHECK|FINAL CD INSPECTION|FINAL PARTICLE INSPECTION|PARAMETRIC TEST|LEAKAGE TEST|BREAKDOWN VOLTAGE TEST|SWITCHING TEST|YIELD ANALYSIS|WAFER SORT TEST|LOT RELEASE|SHIP LOT,RULE_LITHO_LEVEL_SKIP
anomaly_0518,IGBT,RECEIVE WAFER LOT|LOT IDENTIFICATION|PRE CLEAN INSPECTION|PRE CLEAN WAFER|BACKSIDE CLEAN|FRONTSIDE CLEAN|WET CLEAN RCA1|WET CLEAN RCA2|HF DIP|DRY WAFER|EPITAXIAL WAFER CHECK|MEASURE EPITAXY THICKNESS|MEASURE RESISTIVITY|EPITAXIAL LAYER PREP|THERMAL OXIDATION|MEASURE OXIDE THICKNESS|SPIN COAT PHOTORESIST|SOFT BAKE|ALIGN MASK LEVEL 1|EXPOSE LITHO LEVEL 1|POST EXPOSE BAKE|DEVELOP PHOTORESIST|INSPECT PATTERN LEVEL 1|HARD BAKE|OXIDE ETCH DRY|STRIP PHOTORESIST|CLEAN AFTER OXIDE ETCH|MEASURE OPENING CD|IMPLANT P BODY|PRE ANNEAL CHECK|DRIVE IN DIFFUSION|RAPID THERMAL ANNEAL|MEASURE JUNCTION DEPTH|THERMAL OXIDATION|SPIN COAT PHOTORESIST|SOFT BAKE|ALIGN MASK LEVEL 2|EXPOSE LITHO LEVEL 2|POST EXPOSE BAKE|DEVELOP PHOTORESIST|P BODY WINDOW INSPECTION|HARD BAKE|ETCH SILICON OR OXIDE WINDOW|STRIP RESIST|CLEAN AFTER WINDOW ETCH|MEASURE WINDOW CD|IMPLANT N BUFFER|RAPID THERMAL ANNEAL|MEASURE SHEET RESISTANCE|DEPOSIT FIELD OXIDE|DENSIFY OXIDE|SPIN COAT PHOTORESIST|SOFT BAKE|ALIGN MASK LEVEL 3|EXPOSE LITHO LEVEL 3|POST EXPOSE BAKE|DEVELOP PHOTORESIST|FIELD PATTERN INSPECTION|FIELD OXIDE ETCH|STRIP PHOTORESIST|CLEAN AFTER FIELD ETCH|MEASURE SURFACE UNIFORMITY|IMPLANT SOURCE REGION|IMPLANT DRAIN / CATHODE REGION|PRE ANNEAL CHECK|RAPID THERMAL ANNEAL|DEPOSIT GATE OXIDE OR DIELECTRIC|ANNEAL DIELECTRIC|MEASURE OXIDE QUALITY|DEPOSIT POLYSILICON|POLYSILICON ANNEAL|MEASURE POLY THICKNESS|SPIN COAT PHOTORESIST|SOFT BAKE|ALIGN MASK LEVEL 4|EXPOSE LITHO LEVEL 4|POST EXPOSE BAKE|DEVELOP PHOTORESIST|POLY PATTERN INSPECTION|POLYSILICON ETCH DRY|STRIP RESIST|CLEAN AFTER POLY ETCH|IMPLANT CHANNEL STOP|RAPID THERMAL ANNEAL|MEASURE DEVICE PARAMETER|DEPOSIT INTERLAYER DIELECTRIC|DENSIFY DIELECTRIC|MEASURE DIELECTRIC THICKNESS|CMP INTERLAYER DIELECTRIC|MEASURE PLANARITY|SPIN COAT PHOTORESIST|SOFT BAKE|ALIGN MASK LEVEL 5|EXPOSE LITHO LEVEL 5|DEVELOP PHOTORESIST|VIA INSPECTION|DIELECTRIC ETCH VIA|STRIP RESIST|CLEAN AFTER VIA ETCH|MEASURE VIA CD|DEPOSIT BARRIER METAL|DEPOSIT METAL SEED|FILL VIA METAL|CMP METAL|MEASURE CONTACT RESISTANCE|DEPOSIT TOP METAL|ANNEAL METAL|SPIN COAT PHOTORESIST|SOFT BAKE|ALIGN MASK LEVEL 6|EXPOSE LITHO LEVEL 6|DEVELOP PHOTORESIST|METAL PATTERN INSPECTION|METAL ETCH DRY|STRIP PHOTORESIST|CLEAN AFTER METAL ETCH|DEPOSIT PASSIVATION|SWITCHING TEST|CURE PASSIVATION|MEASURE PASSIVATION QUALITY|OPEN PAD WINDOW|PAD WINDOW LITHO|DEVELOP PHOTORESIST|PASSIVATION ETCH|STRIP RESIST|CLEAN PAD OPENING|MEASURE PAD OPENING|BACKSIDE GRIND|MEASURE WAFER THICKNESS|BACKSIDE ETCH CLEAN|BACKSIDE RINSE|BACKSIDE DRY|BACKSIDE METALLIZATION PREP|DEPOSIT BACKSIDE METAL|BACKSIDE ANNEAL|MEASURE BACKSIDE CONTACT|FINAL CLEAN|FINAL THICKNESS MEASURE|ELECTRICAL PARAMETRIC TEST|LEAKAGE TEST|BREAKDOWN VOLTAGE TEST|YIELD ANALYSIS|WAFER SORT TEST|FINAL LOT RELEASE|SHIP LOT,RULE_TEST_BEFORE_PASSIVATION
anomaly_0239,IGBT,RECEIVE WAFER LOT|LOT IDENTIFICATION|PRE CLEAN INSPECTION|MEASURE INITIAL THICKNESS|MEASURE SURFACE PARTICLES|PRE CLEAN WAFER|BACKSIDE CLEAN|FRONTSIDE CLEAN|WET CLEAN RCA1|RCA CLEAN 2|HF DIP|DRY WAFER|EPITAXIAL WAFER CHECK|MEASURE EPITAXY THICKNESS|MEASURE RESISTIVITY|EPITAXIAL REWORK CHECK|EPITAXIAL LAYER PREP|THERMAL OXIDATION|MEASURE OXIDE THICKNESS|SPIN COAT PHOTORESIST|SOFT BAKE|ALIGN MASK LEVEL 1|EXPOSE LITHO LEVEL 1|DEVELOP PHOTORESIST|INSPECT PATTERN LEVEL 1|OXIDE ETCH DRY|STRIP PHOTORESIST|CLEAN AFTER OXIDE ETCH|MEASURE OPENING CD|IMPLANT P BODY|PRE ANNEAL CHECK|DRIVE IN DIFFUSION|RAPID THERMAL ANNEAL|MEASURE JUNCTION DEPTH|THERMAL OXIDATION|SPIN COAT PHOTORESIST|SOFT BAKE|ALIGN MASK LEVEL 2|EXPOSE LITHO LEVEL 2|DEVELOP PHOTORESIST|P BODY WINDOW INSPECTION|ETCH SILICON OR OXIDE WINDOW|STRIP PHOTORESIST|CLEAN AFTER WINDOW ETCH|MEASURE WINDOW CD|IMPLANT N BUFFER|PRE ANNEAL CHECK|RAPID THERMAL ANNEAL|MEASURE SHEET RESISTANCE|DEPOSIT FIELD OXIDE|DENSIFY OXIDE|MEASURE FILM THICKNESS|SPIN COAT PHOTORESIST|SOFT BAKE|DEVELOP PHOTORESIST|FIELD PATTERN INSPECTION|HARD BAKE|FIELD OXIDE ETCH|STRIP RESIST|CLEAN AFTER FIELD ETCH|MEASURE SURFACE UNIFORMITY|IMPLANT SOURCE REGION|IMPLANT DRAIN / CATHODE REGION|RAPID THERMAL ANNEAL|MEASURE SHEET RESISTANCE|DEPOSIT GATE OXIDE OR DIELECTRIC|ANNEAL DIELECTRIC|MEASURE OXIDE QUALITY|DEPOSIT POLYSILICON|POLYSILICON ANNEAL|MEASURE POLY THICKNESS|SPIN COAT PHOTORESIST|SOFT BAKE|ALIGN MASK LEVEL 4|EXPOSE LITHO LEVEL 4|DEVELOP PHOTORESIST|POLY PATTERN INSPECTION|POLYSILICON ETCH DRY|STRIP RESIST|CLEAN AFTER POLY ETCH|IMPLANT CHANNEL STOP|PRE ANNEAL CHECK|RAPID THERMAL ANNEAL|MEASURE DEVICE PARAMETER|DEPOSIT INTERLEVEL DIELECTRIC|DENSIFY OXIDE|MEASURE DIELECTRIC THICKNESS|CMP DIELECTRIC|MEASURE SURFACE PLANARITY|SPIN COAT PHOTORESIST|SOFT BAKE|ALIGN MASK LEVEL 5|EXPOSE LITHO LEVEL 5|DEVELOP PHOTORESIST|VIA OPENING INSPECTION|VIA ETCH|STRIP PHOTORESIST|CLEAN AFTER VIA ETCH|DEPOSIT BARRIER METAL|DEPOSIT METAL SEED|FILL VIA METAL|CMP METAL|MEASURE VIA RESISTANCE|DEPOSIT TOP METAL|ANNEAL METAL|MEASURE METAL THICKNESS|SPIN COAT PHOTORESIST|SOFT BAKE|ALIGN MASK LEVEL 6|EXPOSE LITHO LEVEL 6|POST EXPOSE BAKE|DEVELOP PHOTORESIST|METAL PATTERN INSPECTION|METAL ETCH DRY|STRIP PHOTORESIST|CLEAN AFTER METAL ETCH|MEASURE LINE WIDTH|DEPOSIT PASSIVATION|CURE PASSIVATION|MEASURE PASSIVATION QUALITY|OPEN BOND PAD WINDOW|OPEN PAD WINDOW LITHO|DEVELOP PAD WINDOW|PASSIVATION ETCH PAD OPENING|STRIP PHOTORESIST|CLEAN PAD OPENING|MEASURE PAD OPENING|BACKSIDE GRIND|MEASURE WAFER THICKNESS|BACKSIDE ETCH CLEAN|BACKSIDE RINSE|BACKSIDE DRY|BACKSIDE METALLIZATION PREP|DEPOSIT BACKSIDE METAL|BACKSIDE ANNEAL|MEASURE BACKSIDE CONTACT|FINAL CLEAN|FINAL THICKNESS MEASURE|FINAL GEOMETRY CHECK|FINAL PARTICLE INSPECTION|PARAMETRIC TEST|LEAKAGE TEST|BREAKDOWN VOLTAGE TEST|SWITCHING TEST|WAFER SORT TEST|YIELD ANALYSIS|LOT RELEASE|SHIP LOT,RULE_LITHO_LEVEL_SKIP
anomaly_0096,MOSFET,RECEIVE WAFER LOT|LOT IDENTIFICATION|INITIAL WAFER INSPECTION|MEASURE SURFACE PARTICLES|PRE CLEAN WAFER|RCA CLEAN 1|RCA CLEAN 2|HF DIP|DRY WAFER|SUBSTRATE CHECK|EPITAXY PREP|EPITAXIAL DEPOSITION|MEASURE EPITAXY THICKNESS|MEASURE RESISTIVITY|EPITAXY ANNEAL|WAFER SURFACE CLEAN|THERMAL OXIDATION|MEASURE OXIDE THICKNESS|SPIN COAT PHOTORESIST|SOFT BAKE|ALIGN MASK LEVEL 1|EXPOSE LITHO LEVEL 1|DEVELOP PHOTORESIST|PATTERN INSPECTION LEVEL 1|OXIDE ETCH|STRIP PHOTORESIST|CLEAN AFTER ETCH|MEASURE OPENING CD|IMPLANT WELL|DRIVE IN DIFFUSION|RAPID THERMAL ANNEAL|MEASURE JUNCTION DEPTH|THERMAL OXIDATION|GATE OXIDE PREP|GATE OXIDE GROWTH|MEASURE GATE OXIDE THICKNESS|DEPOSIT POLYSILICON|POLYSILICON ANNEAL|SPIN COAT PHOTORESIST|SOFT BAKE|ALIGN MASK LEVEL 2|EXPOSE LITHO LEVEL 2|DEVELOP PHOTORESIST|POLY PATTERN INSPECTION|HARD BAKE|POLYSILICON ETCH|STRIP RESIST|CLEAN AFTER POLY ETCH|IMPLANT SOURCE DRAIN|PRE ANNEAL CHECK|LIGHT ANNEAL|MEASURE SHEET RESISTANCE|DEPOSIT SPACER DIELECTRIC|ANISOTROPIC ETCH SPACER|IMPLANT LDD|PRE ANNEAL CHECK|RAPID THERMAL ANNEAL|MEASURE JUNCTION PROFILE|DEPOSIT INTERLAYER DIELECTRIC|DENSIFY OXIDE|MEASURE FILM THICKNESS|CMP DIELECTRIC|MEASURE PLANARITY|SPIN COAT PHOTORESIST|SOFT BAKE|ALIGN MASK LEVEL 3|EXPOSE LITHO LEVEL 3|DEVELOP PHOTORESIST|VIA OPENING INSPECTION|VIA ETCH THROUGH DIELECTRIC|STRIP PHOTORESIST|CLEAN AFTER VIA ETCH|MEASURE VIA CD|DEPOSIT BARRIER METAL|DEPOSIT METAL SEED|FILL VIA METAL|CMP VIA FILL|DEPOSIT METAL 1|ANNEAL METAL 1|SPIN COAT PHOTORESIST|SOFT BAKE|ALIGN MASK LEVEL 4|EXPOSE LITHO LEVEL 4|POST EXPOSE BAKE|DEVELOP PHOTORESIST|METAL PATTERN INSPECTION|METAL ETCH|STRIP PHOTORESIST|CLEAN AFTER METAL ETCH|MEASURE LINE WIDTH|OPEN BOND PAD WINDOW|DEPOSIT PASSIVATION|CURE PASSIVATION|MEASURE PASSIVATION THICKNESS|OPEN PAD WINDOW LITHO|DEVELOP PAD WINDOW|PASSIVATION ETCH PAD OPENING|STRIP PHOTORESIST|CLEAN PAD OPENING|MEASURE PAD OPENING|BACKSIDE CLEAN|BACKSIDE GRIND|MEASURE THICKNESS|BACKSIDE ETCH CLEAN|BACKSIDE RINSE|BACKSIDE DRY|BACKSIDE METALLIZATION PREP|DEPOSIT BACKSIDE METAL|BACKSIDE ANNEAL|MEASURE BACKSIDE CONTACT|FINAL CLEAN|FINAL THICKNESS MEASURE|FINAL GEOMETRY CHECK|FINAL PARTICLE INSPECTION|PARAMETRIC TEST|LEAKAGE TEST|THRESHOLD VOLTAGE TEST|SWITCHING TEST|WAFER SORT TEST|YIELD ANALYSIS|FINAL LOT RELEASE|SHIP LOT,RULE_PAD_OPEN_BEFORE_DEP
anomaly_0605,MOSFET,RECEIVE WAFER LOT|LOT IDENTIFICATION|INITIAL WAFER INSPECTION|MEASURE SURFACE PARTICLES|PRE CLEAN WAFER|RCA CLEAN 1|WET CLEAN RCA2|HF DIP|DRY WAFER|SUBSTRATE CHECK|EPITAXY PREP|EPITAXIAL DEPOSITION|MEASURE EPITAXY THICKNESS|MEASURE RESISTIVITY|EPITAXY ANNEAL|WAFER SURFACE CLEAN|THERMAL OXIDATION|MEASURE OXIDE THICKNESS|SPIN COAT PHOTORESIST|SOFT BAKE|ALIGN MASK LEVEL 1|EXPOSE LITHO LEVEL 1|POST EXPOSE BAKE|DEVELOP PHOTORESIST|PATTERN INSPECTION LEVEL 1|HARD BAKE|OXIDE ETCH|STRIP PHOTORESIST|CLEAN AFTER ETCH|MEASURE OPENING CD|IMPLANT WELL|DRIVE IN DIFFUSION|RAPID THERMAL ANNEAL|MEASURE JUNCTION DEPTH|THERMAL OXIDATION|GATE OXIDE PREP|GATE OXIDE GROWTH|MEASURE GATE OXIDE THICKNESS|DEPOSIT POLYSILICON|POLYSILICON ANNEAL|MEASURE POLY THICKNESS|SPIN COAT PHOTORESIST|SOFT BAKE|ALIGN MASK LEVEL 2|EXPOSE LITHO LEVEL 2|DEVELOP PHOTORESIST|POLY PATTERN INSPECTION|HARD BAKE|POLYSILICON ETCH|STRIP PHOTORESIST|CLEAN AFTER POLY ETCH|MEASURE GATE CD|IMPLANT SOURCE DRAIN|PRE ANNEAL CHECK|LIGHT ANNEAL|MEASURE SHEET RESISTANCE|DEPOSIT SPACER DIELECTRIC|ANISOTROPIC ETCH SPACER|MEASURE SPACER WIDTH|IMPLANT LDD|PRE ANNEAL CHECK|RAPID THERMAL ANNEAL|MEASURE JUNCTION PROFILE|DEPOSIT INTERLEVEL DIELECTRIC|DENSIFY DIELECTRIC|MEASURE FILM THICKNESS|CMP INTERLAYER DIELECTRIC|MEASURE SURFACE PLANARITY|SPIN COAT PHOTORESIST|SOFT BAKE|ALIGN MASK LEVEL 3|EXPOSE LITHO LEVEL 3|POST EXPOSE BAKE|DEVELOP PHOTORESIST|VIA OPENING INSPECTION|DIELECTRIC ETCH VIA|STRIP RESIST|CLEAN AFTER VIA ETCH|MEASURE VIA CD|DEPOSIT BARRIER METAL|DEPOSIT METAL SEED|FILL VIA METAL|CMP VIA FILL|MEASURE VIA RESISTANCE|DEPOSIT METAL 1|ANNEAL METAL 1|SPIN COAT PHOTORESIST|SOFT BAKE|ALIGN MASK LEVEL 4|EXPOSE LITHO LEVEL 4|POST EXPOSE BAKE|DEVELOP PHOTORESIST|METAL PATTERN INSPECTION|METAL ETCH|STRIP PHOTORESIST|CLEAN AFTER METAL ETCH|MEASURE LINE WIDTH|DEPOSIT PASSIVATION|DEPOSIT BACKSIDE METAL|CURE PASSIVATION|MEASURE PASSIVATION QUALITY|OPEN PAD WINDOW|OPEN PAD WINDOW LITHO|DEVELOP PAD WINDOW|PASSIVATION ETCH PAD OPENING|STRIP RESIST|CLEAN PAD OPENING|MEASURE PAD OPENING|BACKSIDE CLEAN|BACKSIDE GRIND|MEASURE WAFER THICKNESS|BACKSIDE ETCH CLEAN|BACKSIDE RINSE|BACKSIDE DRY|BACKSIDE METALLIZATION PREP|BACKSIDE ANNEAL|MEASURE BACKSIDE CONTACT|FINAL CLEAN|FINAL THICKNESS MEASURE|FINAL GEOMETRY CHECK|ELECTRICAL PARAMETRIC TEST|LEAKAGE TEST|THRESHOLD VOLTAGE TEST|SWITCHING TEST|WAFER SORT TEST|YIELD ANALYSIS|FINAL LOT RELEASE|SHIP LOT,RULE_BACKSIDE_BEFORE_PASSIVATION
anomaly_0559,IC,RECEIVE WAFER LOT|LOT IDENTIFICATION|INITIAL WAFER INSPECTION|MEASURE INITIAL GEOMETRY|MEASURE SURFACE PARTICLES|WAFER CLEAN PRE PROCESS|RCA CLEAN 1|WET CLEAN RCA2|HF DIP|WAFER CLEAN PRE-GRIND|GRINDING WAFER BACKSIDE|MEASURE GEOMETRY|ETCH WET BACKSIDE|RINSE WET WAFER_EDGE|DRY WAFER BACKSIDE|BACKSIDE CLEAN|MEASURE BACKSIDE ROUGHNESS|THERMAL OXIDATION|MEASURE OXIDE THICKNESS|WET CLEAN RCA1|RCA CLEAN 2|HF DIP|OXIDE STRIP|SURFACE PREP FOR DEPOSITION|DEPOSIT PAD OXIDE|ANNEAL OXIDE|MEASURE OXIDE THICKNESS|SPIN COAT PHOTORESIST|SOFT BAKE|ALIGN MASK LEVEL 1|EXPOSE LITHO LEVEL 1|DEVELOP PHOTORESIST|INSPECT PATTERN LEVEL 1|HARD BAKE|OXIDE ETCH DRY|STRIP RESIST|CLEAN AFTER ETCH|MEASURE CD LEVEL 1|DEPOSIT POLYSILICON|ANNEAL POLYSILICON|SPIN COAT PHOTORESIST|SOFT BAKE|ALIGN MASK LEVEL 2|EXPOSE LITHO LEVEL 2|DEVELOP PHOTORESIST|PATTERN INSPECTION LEVEL 2|HARD BAKE|POLYSILICON ETCH DRY|STRIP RESIST|CLEAN AFTER POLY ETCH|MEASURE CD LEVEL 2|IMPLANT N-TYPE|PRE ANNEAL CHECK|RAPID THERMAL ANNEAL|DEPOSIT INTERLEVEL DIELECTRIC|DENSIFY OXIDE|MEASURE DIELECTRIC THICKNESS|CMP INTERLAYER DIELECTRIC|MEASURE PLANARITY|SPIN COAT PHOTORESIST|SOFT BAKE|ALIGN MASK LEVEL 3|EXPOSE LITHO LEVEL 3|DEVELOP PHOTORESIST|VIA OPENING INSPECTION|DIELECTRIC ETCH VIA|STRIP RESIST|CLEAN AFTER VIA ETCH|DEPOSIT BARRIER METAL|DEPOSIT TUNGSTEN SEED|FILL VIA TUNGSTEN|CMP VIA FILL|MEASURE CONTACT RESISTANCE|DEPOSIT METAL 1|ANNEAL METAL 1|SPIN COAT PHOTORESIST|SOFT BAKE|ALIGN MASK LEVEL 4|EXPOSE LITHO LEVEL 4|POST EXPOSE BAKE|DEVELOP PHOTORESIST|METAL PATTERN INSPECTION|METAL ETCH DRY|STRIP RESIST|CLEAN AFTER METAL ETCH|MEASURE LINE WIDTH|DEPOSIT PASSIVATION|LEAKAGE TEST|CURE PASSIVATION|MEASURE PASSIVATION THICKNESS|OPEN BOND PAD WINDOW|OPEN PAD WINDOW LITHO|DEVELOP PAD WINDOW|PASSIVATION ETCH|STRIP PHOTORESIST|CLEAN PAD OPENING|MEASURE PAD OPENING|BACKSIDE THINNING CHECK|BACKSIDE CLEAN|DEPOSIT BACKSIDE PROTECTION|BACKSIDE ANNEAL|FRONTSIDE CLEAN FINAL|FINAL CLEAN|FINAL THICKNESS MEASURE|FINAL CD INSPECTION|FINAL PARTICLE INSPECTION|FINAL ELECTRICAL TEST PREP|ELECTRICAL PARAMETRIC TEST|THRESHOLD VOLTAGE TEST|SWITCHING TEST|WAFER SORT TEST|YIELD ANALYSIS|FINAL LOT RELEASE|SHIP LOT,RULE_TEST_BEFORE_PASSIVATION
anomaly_0229,IC,RECEIVE WAFER LOT|LOT IDENTIFICATION|INITIAL WAFER INSPECTION|MEASURE INITIAL THICKNESS|WAFER CLEAN PRE PROCESS|BACKSIDE CLEAN|WET CLEAN RCA1|WET CLEAN RCA2|HF DIP|DRY WAFER|WAFER CLEAN PRE-GRIND|GRINDING WAFER BACKSIDE|MEASURE GEOMETRY|ETCH WET BACKSIDE|RINSE WET WAFER_EDGE|DRY WAFER BACKSIDE|BACKSIDE CLEAN|MEASURE BACKSIDE ROUGHNESS|THERMAL OXIDATION|MEASURE OXIDE THICKNESS|RCA CLEAN 1|RCA CLEAN 2|HF DIP|OXIDE STRIP|SURFACE PREP FOR DEPOSITION|DEPOSIT PAD OXIDE|ANNEAL OXIDE|MEASURE OXIDE THICKNESS|SPIN COAT PHOTORESIST|SOFT BAKE|ALIGN MASK LEVEL 1|EXPOSE LITHO LEVEL 1|DEVELOP PHOTORESIST|INSPECT PATTERN LEVEL 1|HARD BAKE|OXIDE ETCH DRY|STRIP RESIST|CLEAN AFTER ETCH|MEASURE CD LEVEL 1|DEPOSIT POLYSILICON|ANNEAL POLYSILICON|SPIN COAT PHOTORESIST|SOFT BAKE|ALIGN MASK LEVEL 2|EXPOSE LITHO LEVEL 2|POST EXPOSE BAKE|DEVELOP PHOTORESIST|PATTERN INSPECTION LEVEL 2|POLYSILICON ETCH DRY|STRIP RESIST LEVEL 2|CLEAN AFTER POLY ETCH|MEASURE CD LEVEL 2|IMPLANT N-TYPE|RAPID THERMAL ANNEAL|MEASURE SHEET RESISTANCE|DEPOSIT INTERLEVEL DIELECTRIC|DENSIFY OXIDE|MEASURE FILM THICKNESS|CMP INTERLAYER DIELECTRIC|MEASURE SURFACE PLANARITY|SPIN COAT PHOTORESIST|SOFT BAKE|ALIGN MASK LEVEL 3|EXPOSE LITHO LEVEL 3|DEVELOP PHOTORESIST|VIA INSPECTION|DIELECTRIC ETCH VIA|STRIP RESIST|CLEAN AFTER VIA ETCH|MEASURE VIA CD|DEPOSIT BARRIER METAL|DEPOSIT TUNGSTEN SEED|FILL VIA TUNGSTEN|CMP VIA FILL|MEASURE CONTACT RESISTANCE|DEPOSIT METAL 1|ANNEAL METAL|MEASURE METAL THICKNESS|SPIN COAT PHOTORESIST|SOFT BAKE|ALIGN MASK LEVEL 4|EXPOSE LITHO LEVEL 4|POST EXPOSE BAKE|DEVELOP PHOTORESIST|METAL PATTERN INSPECTION|METAL ETCH DRY|STRIP PHOTORESIST|CLEAN AFTER METAL ETCH|MEASURE LINE WIDTH|OPEN PAD WINDOW|DEPOSIT PASSIVATION|CURE PASSIVATION|MEASURE PASSIVATION QUALITY|PAD WINDOW LITHO|DEVELOP PAD WINDOW|PASSIVATION ETCH PAD OPENING|STRIP PHOTORESIST|CLEAN PAD OPENING|MEASURE PAD OPENING|BACKSIDE CLEAN|DEPOSIT BACKSIDE PROTECTION|BACKSIDE ANNEAL|FINAL CLEAN|FINAL THICKNESS MEASURE|FINAL GEOMETRY CHECK|FINAL OXIDE CHECK|FINAL PARTICLE INSPECTION|ELECTRICAL PARAMETRIC TEST|LEAKAGE TEST|THRESHOLD VOLTAGE TEST|SWITCHING TEST|WAFER SORT TEST|YIELD ANALYSIS|LOT RELEASE|PACKAGE PREPARATION|SHIP LOT,RULE_PAD_OPEN_BEFORE_DEP
anomaly_0251,IC,RECEIVE WAFER LOT|LOT IDENTIFICATION|PRE CLEAN INSPECTION|MEASURE INITIAL THICKNESS|WAFER CLEAN PRE PROCESS|FRONTSIDE CLEAN|RCA CLEAN 1|RCA CLEAN 2|HF DIP|WAFER CLEAN PRE-GRIND|GRINDING WAFER BACKSIDE|MEASURE INITIAL GEOMETRY|ETCH WET BACKSIDE|RINSE WET WAFER_EDGE|DRY WAFER BACKSIDE|BACKSIDE CLEAN|MEASURE BACKSIDE ROUGHNESS|THERMAL OXIDATION|MEASURE OXIDE THICKNESS|WET CLEAN RCA1|RCA CLEAN 2|HF DIP|OXIDE STRIP|SURFACE PREP FOR DEPOSITION|DEPOSIT PAD OXIDE|ANNEAL OXIDE|MEASURE OXIDE THICKNESS|SPIN COAT PHOTORESIST|SOFT BAKE|ALIGN MASK LEVEL 1|EXPOSE LITHO LEVEL 1|DEVELOP PHOTORESIST|INSPECT PATTERN LEVEL 1|HARD BAKE|OXIDE ETCH DRY|STRIP RESIST|CLEAN AFTER ETCH|MEASURE CD LEVEL 1|DEPOSIT POLYSILICON|ANNEAL POLYSILICON|SPIN COAT PHOTORESIST|SOFT BAKE|ALIGN MASK LEVEL 2|EXPOSE LITHO LEVEL 2|DEVELOP PHOTORESIST|PATTERN INSPECTION LEVEL 2|HARD BAKE|POLYSILICON ETCH DRY|STRIP RESIST LEVEL 2|CLEAN AFTER POLY ETCH|MEASURE CD LEVEL 2|IMPLANT N-TYPE|RAPID THERMAL ANNEAL|MEASURE SHEET RESISTANCE|DEPOSIT INTERLEVEL DIELECTRIC|DENSIFY DIELECTRIC|MEASURE DIELECTRIC THICKNESS|CMP DIELECTRIC|MEASURE SURFACE PLANARITY|SPIN COAT PHOTORESIST|SOFT BAKE|ALIGN MASK LEVEL 3|EXPOSE LITHO LEVEL 3|DEVELOP PHOTORESIST|VIA INSPECTION|VIA ETCH|STRIP PHOTORESIST|DEPOSIT BARRIER METAL|DEPOSIT TUNGSTEN SEED|FILL VIA TUNGSTEN|CMP VIA FILL|MEASURE VIA RESISTANCE|DEPOSIT TOP METAL|ANNEAL METAL|SPIN COAT PHOTORESIST|SOFT BAKE|ALIGN MASK LEVEL 4|EXPOSE LITHO LEVEL 4|DEVELOP PHOTORESIST|METAL PATTERN INSPECTION|HARD BAKE|METAL ETCH DRY|STRIP PHOTORESIST|CLEAN AFTER METAL ETCH|MEASURE LINE WIDTH|DEPOSIT PASSIVATION LAYER|CURE PASSIVATION|MEASURE PASSIVATION QUALITY|OPEN PAD WINDOW|PAD WINDOW LITHO|DEVELOP PHOTORESIST|PASSIVATION ETCH|STRIP RESIST|CLEAN PAD OPENING|MEASURE PAD OPENING|BACKSIDE THINNING CHECK|BACKSIDE CLEAN|DEPOSIT BACKSIDE PROTECTION|BACKSIDE ANNEAL|FRONTSIDE CLEAN FINAL|FINAL CLEAN|FINAL THICKNESS MEASURE|FINAL PARTICLE INSPECTION|PARAMETRIC TEST|LEAKAGE TEST|SWITCHING TEST|WAFER SORT TEST|YIELD ANALYSIS|LOT RELEASE|SHIP LOT,RULE_DEP_NO_CLEAN
