EXAMPLE_ID,PREDICTED_SEQUENCE
valid_0001,CLEAN AFTER VIA ETCH|MEASURE VIA CD|DEPOSIT BARRIER METAL|DEPOSIT METAL SEED|FILL VIA METAL|CMP VIA FILL|MEASURE CONTACT RESISTANCE|DEPOSIT TOP METAL|ANNEAL METAL|SPIN COAT PHOTORESIST|SOFT BAKE|ALIGN MASK LEVEL 2|EXPOSE LITHO LEVEL 2|DEVELOP PHOTORESIST|PATTERN INSPECTION LEVEL 2|POLYSILICON ETCH DRY|STRIP RESIST LEVEL 2|CLEAN AFTER POLY ETCH|MEASURE CD LEVEL 2|IMPLANT N-TYPE|PRE ANNEAL CHECK|RAPID THERMAL ANNEAL|MEASURE SHEET RESISTANCE|DEPOSIT GATE OXIDE OR DIELECTRIC|ANNEAL DIELECTRIC|MEASURE OXIDE QUALITY|DEPOSIT POLYSILICON|POLYSILICON ANNEAL|MEASURE POLY THICKNESS|SPIN COAT PHOTORESIST|SOFT BAKE
valid_0002,PASSIVATION ETCH|STRIP PHOTORESIST|CLEAN PAD OPENING|MEASURE PAD OPENING|BACKSIDE GRIND|MEASURE THICKNESS|BACKSIDE ETCH CLEAN|BACKSIDE RINSE|BACKSIDE DRY|BACKSIDE METALLIZATION PREP|DEPOSIT BACKSIDE METAL|BACKSIDE ANNEAL|MEASURE BACKSIDE CONTACT|FINAL CLEAN|FINAL THICKNESS MEASURE|FINAL GEOMETRY CHECK|FINAL CD INSPECTION|FINAL PARTICLE INSPECTION|PARAMETRIC TEST|LEAKAGE TEST|BREAKDOWN VOLTAGE TEST|SWITCHING TEST|YIELD ANALYSIS|WAFER SORT TEST|FINAL LOT RELEASE|SHIP LOT
valid_0003,CLEAN AFTER VIA ETCH|MEASURE VIA CD|DEPOSIT BARRIER METAL|DEPOSIT METAL SEED|FILL VIA METAL|CMP VIA FILL|MEASURE CONTACT RESISTANCE|DEPOSIT TOP METAL|ANNEAL METAL|SPIN COAT PHOTORESIST|SOFT BAKE|ALIGN MASK LEVEL 2|EXPOSE LITHO LEVEL 2|DEVELOP PHOTORESIST|PATTERN INSPECTION LEVEL 2|POLYSILICON ETCH DRY|STRIP RESIST LEVEL 2|CLEAN AFTER POLY ETCH|MEASURE CD LEVEL 2|IMPLANT N-TYPE|PRE ANNEAL CHECK|RAPID THERMAL ANNEAL|MEASURE SHEET RESISTANCE|DEPOSIT GATE OXIDE OR DIELECTRIC|ANNEAL DIELECTRIC|MEASURE OXIDE QUALITY|DEPOSIT POLYSILICON|POLYSILICON ANNEAL|MEASURE POLY THICKNESS|SPIN COAT PHOTORESIST|SOFT BAKE
valid_0004,STRIP PHOTORESIST|CLEAN PAD OPENING|MEASURE PAD OPENING|BACKSIDE GRIND|MEASURE THICKNESS|BACKSIDE ETCH CLEAN|BACKSIDE RINSE|BACKSIDE DRY|BACKSIDE METALLIZATION PREP|DEPOSIT BACKSIDE METAL|BACKSIDE ANNEAL|MEASURE BACKSIDE CONTACT|FINAL CLEAN|FINAL THICKNESS MEASURE|FINAL GEOMETRY CHECK|FINAL CD INSPECTION|FINAL PARTICLE INSPECTION|PARAMETRIC TEST|LEAKAGE TEST|BREAKDOWN VOLTAGE TEST|SWITCHING TEST|YIELD ANALYSIS|WAFER SORT TEST|FINAL LOT RELEASE|SHIP LOT
valid_0005,MEASURE VIA CD|DEPOSIT BARRIER METAL|DEPOSIT METAL SEED|FILL VIA METAL|CMP VIA FILL|MEASURE CONTACT RESISTANCE|DEPOSIT TOP METAL|ANNEAL METAL|SPIN COAT PHOTORESIST|SOFT BAKE|ALIGN MASK LEVEL 2|EXPOSE LITHO LEVEL 2|DEVELOP PHOTORESIST|PATTERN INSPECTION LEVEL 2|POLYSILICON ETCH DRY|STRIP RESIST LEVEL 2|CLEAN AFTER POLY ETCH|MEASURE CD LEVEL 2|IMPLANT N-TYPE|PRE ANNEAL CHECK|RAPID THERMAL ANNEAL|MEASURE SHEET RESISTANCE|DEPOSIT GATE OXIDE OR DIELECTRIC|ANNEAL DIELECTRIC|MEASURE OXIDE QUALITY|DEPOSIT POLYSILICON|POLYSILICON ANNEAL|MEASURE POLY THICKNESS|SPIN COAT PHOTORESIST|SOFT BAKE
valid_0006,STRIP RESIST|CLEAN PAD OPENING|MEASURE PAD OPENING|BACKSIDE GRIND|MEASURE THICKNESS|BACKSIDE ETCH CLEAN|BACKSIDE RINSE|BACKSIDE DRY|BACKSIDE METALLIZATION PREP|DEPOSIT BACKSIDE METAL|BACKSIDE ANNEAL|MEASURE BACKSIDE CONTACT|FINAL CLEAN|FINAL THICKNESS MEASURE|FINAL GEOMETRY CHECK|FINAL CD INSPECTION|FINAL PARTICLE INSPECTION|PARAMETRIC TEST|LEAKAGE TEST|BREAKDOWN VOLTAGE TEST|SWITCHING TEST|YIELD ANALYSIS|WAFER SORT TEST|FINAL LOT RELEASE|SHIP LOT
valid_0007,MEASURE VIA CD|DEPOSIT BARRIER METAL|DEPOSIT METAL SEED|FILL VIA METAL|CMP VIA FILL|MEASURE CONTACT RESISTANCE|DEPOSIT TOP METAL|ANNEAL METAL|SPIN COAT PHOTORESIST|SOFT BAKE|ALIGN MASK LEVEL 2|EXPOSE LITHO LEVEL 2|DEVELOP PHOTORESIST|PATTERN INSPECTION LEVEL 2|POLYSILICON ETCH DRY|STRIP RESIST LEVEL 2|CLEAN AFTER POLY ETCH|MEASURE CD LEVEL 2|IMPLANT N-TYPE|PRE ANNEAL CHECK|RAPID THERMAL ANNEAL|MEASURE SHEET RESISTANCE|DEPOSIT GATE OXIDE OR DIELECTRIC|ANNEAL DIELECTRIC|MEASURE OXIDE QUALITY|DEPOSIT POLYSILICON|POLYSILICON ANNEAL|MEASURE POLY THICKNESS|SPIN COAT PHOTORESIST|SOFT BAKE
valid_0008,DEVELOP PHOTORESIST|PASSIVATION ETCH PAD OPENING|STRIP RESIST|CLEAN PAD OPENING|MEASURE PAD OPENING|BACKSIDE GRIND|MEASURE THICKNESS|BACKSIDE ETCH CLEAN|BACKSIDE RINSE|BACKSIDE DRY|BACKSIDE METALLIZATION PREP|DEPOSIT BACKSIDE METAL|BACKSIDE ANNEAL|MEASURE BACKSIDE CONTACT|FINAL CLEAN|FINAL THICKNESS MEASURE|FINAL GEOMETRY CHECK|FINAL CD INSPECTION|FINAL PARTICLE INSPECTION|PARAMETRIC TEST|LEAKAGE TEST|BREAKDOWN VOLTAGE TEST|SWITCHING TEST|YIELD ANALYSIS|WAFER SORT TEST|FINAL LOT RELEASE|SHIP LOT
valid_0009,MEASURE VIA CD|DEPOSIT BARRIER METAL|DEPOSIT METAL SEED|FILL VIA METAL|CMP VIA FILL|MEASURE CONTACT RESISTANCE|DEPOSIT TOP METAL|ANNEAL METAL|SPIN COAT PHOTORESIST|SOFT BAKE|ALIGN MASK LEVEL 2|EXPOSE LITHO LEVEL 2|DEVELOP PHOTORESIST|PATTERN INSPECTION LEVEL 2|POLYSILICON ETCH DRY|STRIP RESIST LEVEL 2|CLEAN AFTER POLY ETCH|MEASURE CD LEVEL 2|IMPLANT N-TYPE|PRE ANNEAL CHECK|RAPID THERMAL ANNEAL|MEASURE SHEET RESISTANCE|DEPOSIT GATE OXIDE OR DIELECTRIC|ANNEAL DIELECTRIC|MEASURE OXIDE QUALITY|DEPOSIT POLYSILICON|POLYSILICON ANNEAL|MEASURE POLY THICKNESS|SPIN COAT PHOTORESIST|SOFT BAKE
valid_0010,STRIP RESIST|CLEAN PAD OPENING|MEASURE PAD OPENING|BACKSIDE GRIND|MEASURE THICKNESS|BACKSIDE ETCH CLEAN|BACKSIDE RINSE|BACKSIDE DRY|BACKSIDE METALLIZATION PREP|DEPOSIT BACKSIDE METAL|BACKSIDE ANNEAL|MEASURE BACKSIDE CONTACT|FINAL CLEAN|FINAL THICKNESS MEASURE|FINAL GEOMETRY CHECK|FINAL CD INSPECTION|FINAL PARTICLE INSPECTION|PARAMETRIC TEST|LEAKAGE TEST|BREAKDOWN VOLTAGE TEST|SWITCHING TEST|YIELD ANALYSIS|WAFER SORT TEST|FINAL LOT RELEASE|SHIP LOT
valid_0011,DEPOSIT BARRIER METAL|DEPOSIT METAL SEED|FILL VIA METAL|CMP VIA FILL|MEASURE CONTACT RESISTANCE|DEPOSIT TOP METAL|ANNEAL METAL|SPIN COAT PHOTORESIST|SOFT BAKE|ALIGN MASK LEVEL 2|EXPOSE LITHO LEVEL 2|DEVELOP PHOTORESIST|PATTERN INSPECTION LEVEL 2|POLYSILICON ETCH DRY|STRIP RESIST LEVEL 2|CLEAN AFTER POLY ETCH|MEASURE CD LEVEL 2|IMPLANT N-TYPE|PRE ANNEAL CHECK|RAPID THERMAL ANNEAL|MEASURE SHEET RESISTANCE|DEPOSIT GATE OXIDE OR DIELECTRIC|ANNEAL DIELECTRIC|MEASURE OXIDE QUALITY|DEPOSIT POLYSILICON|POLYSILICON ANNEAL|MEASURE POLY THICKNESS|SPIN COAT PHOTORESIST|SOFT BAKE
valid_0012,STRIP RESIST|CLEAN PAD OPENING|MEASURE PAD OPENING|BACKSIDE GRIND|MEASURE THICKNESS|BACKSIDE ETCH CLEAN|BACKSIDE RINSE|BACKSIDE DRY|BACKSIDE METALLIZATION PREP|DEPOSIT BACKSIDE METAL|BACKSIDE ANNEAL|MEASURE BACKSIDE CONTACT|FINAL CLEAN|FINAL THICKNESS MEASURE|FINAL GEOMETRY CHECK|FINAL CD INSPECTION|FINAL PARTICLE INSPECTION|PARAMETRIC TEST|LEAKAGE TEST|BREAKDOWN VOLTAGE TEST|SWITCHING TEST|YIELD ANALYSIS|WAFER SORT TEST|FINAL LOT RELEASE|SHIP LOT
valid_0013,CLEAN AFTER VIA ETCH|MEASURE VIA CD|DEPOSIT BARRIER METAL|DEPOSIT METAL SEED|FILL VIA METAL|CMP VIA FILL|MEASURE CONTACT RESISTANCE|DEPOSIT TOP METAL|ANNEAL METAL|SPIN COAT PHOTORESIST|SOFT BAKE|ALIGN MASK LEVEL 2|EXPOSE LITHO LEVEL 2|DEVELOP PHOTORESIST|PATTERN INSPECTION LEVEL 2|POLYSILICON ETCH DRY|STRIP RESIST LEVEL 2|CLEAN AFTER POLY ETCH|MEASURE CD LEVEL 2|IMPLANT N-TYPE|PRE ANNEAL CHECK|RAPID THERMAL ANNEAL|MEASURE SHEET RESISTANCE|DEPOSIT GATE OXIDE OR DIELECTRIC|ANNEAL DIELECTRIC|MEASURE OXIDE QUALITY|DEPOSIT POLYSILICON|POLYSILICON ANNEAL|MEASURE POLY THICKNESS|SPIN COAT PHOTORESIST|SOFT BAKE
valid_0014,PASSIVATION ETCH|STRIP PHOTORESIST|CLEAN PAD OPENING|MEASURE PAD OPENING|BACKSIDE GRIND|MEASURE THICKNESS|BACKSIDE ETCH CLEAN|BACKSIDE RINSE|BACKSIDE DRY|BACKSIDE METALLIZATION PREP|DEPOSIT BACKSIDE METAL|BACKSIDE ANNEAL|MEASURE BACKSIDE CONTACT|FINAL CLEAN|FINAL THICKNESS MEASURE|FINAL GEOMETRY CHECK|FINAL CD INSPECTION|FINAL PARTICLE INSPECTION|PARAMETRIC TEST|LEAKAGE TEST|BREAKDOWN VOLTAGE TEST|SWITCHING TEST|YIELD ANALYSIS|WAFER SORT TEST|FINAL LOT RELEASE|SHIP LOT
valid_0015,STRIP PHOTORESIST|CLEAN AFTER VIA ETCH|MEASURE VIA CD|DEPOSIT BARRIER METAL|DEPOSIT METAL SEED|FILL VIA METAL|CMP VIA FILL|MEASURE CONTACT RESISTANCE|DEPOSIT TOP METAL|ANNEAL METAL|SPIN COAT PHOTORESIST|SOFT BAKE|ALIGN MASK LEVEL 2|EXPOSE LITHO LEVEL 2|DEVELOP PHOTORESIST|PATTERN INSPECTION LEVEL 2|POLYSILICON ETCH DRY|STRIP RESIST LEVEL 2|CLEAN AFTER POLY ETCH|MEASURE CD LEVEL 2|IMPLANT N-TYPE|PRE ANNEAL CHECK|RAPID THERMAL ANNEAL|MEASURE SHEET RESISTANCE|DEPOSIT GATE OXIDE OR DIELECTRIC|ANNEAL DIELECTRIC|MEASURE OXIDE QUALITY|DEPOSIT POLYSILICON|POLYSILICON ANNEAL|MEASURE POLY THICKNESS|SPIN COAT PHOTORESIST|SOFT BAKE
valid_0016,PASSIVATION ETCH|STRIP PHOTORESIST|CLEAN PAD OPENING|MEASURE PAD OPENING|BACKSIDE GRIND|MEASURE THICKNESS|BACKSIDE ETCH CLEAN|BACKSIDE RINSE|BACKSIDE DRY|BACKSIDE METALLIZATION PREP|DEPOSIT BACKSIDE METAL|BACKSIDE ANNEAL|MEASURE BACKSIDE CONTACT|FINAL CLEAN|FINAL THICKNESS MEASURE|FINAL GEOMETRY CHECK|FINAL CD INSPECTION|FINAL PARTICLE INSPECTION|PARAMETRIC TEST|LEAKAGE TEST|BREAKDOWN VOLTAGE TEST|SWITCHING TEST|YIELD ANALYSIS|WAFER SORT TEST|FINAL LOT RELEASE|SHIP LOT
valid_0017,STRIP RESIST|CLEAN AFTER VIA ETCH|MEASURE VIA CD|DEPOSIT BARRIER METAL|DEPOSIT METAL SEED|FILL VIA METAL|CMP VIA FILL|MEASURE CONTACT RESISTANCE|DEPOSIT TOP METAL|ANNEAL METAL|SPIN COAT PHOTORESIST|SOFT BAKE|ALIGN MASK LEVEL 2|EXPOSE LITHO LEVEL 2|DEVELOP PHOTORESIST|PATTERN INSPECTION LEVEL 2|POLYSILICON ETCH DRY|STRIP RESIST LEVEL 2|CLEAN AFTER POLY ETCH|MEASURE CD LEVEL 2|IMPLANT N-TYPE|PRE ANNEAL CHECK|RAPID THERMAL ANNEAL|MEASURE SHEET RESISTANCE|DEPOSIT GATE OXIDE OR DIELECTRIC|ANNEAL DIELECTRIC|MEASURE OXIDE QUALITY|DEPOSIT POLYSILICON|POLYSILICON ANNEAL|MEASURE POLY THICKNESS|SPIN COAT PHOTORESIST|SOFT BAKE
valid_0018,PASSIVATION ETCH PAD OPENING|STRIP PHOTORESIST|CLEAN PAD OPENING|MEASURE PAD OPENING|BACKSIDE GRIND|MEASURE THICKNESS|BACKSIDE ETCH CLEAN|BACKSIDE RINSE|BACKSIDE DRY|BACKSIDE METALLIZATION PREP|DEPOSIT BACKSIDE METAL|BACKSIDE ANNEAL|MEASURE BACKSIDE CONTACT|FINAL CLEAN|FINAL THICKNESS MEASURE|FINAL GEOMETRY CHECK|FINAL CD INSPECTION|FINAL PARTICLE INSPECTION|PARAMETRIC TEST|LEAKAGE TEST|BREAKDOWN VOLTAGE TEST|SWITCHING TEST|YIELD ANALYSIS|WAFER SORT TEST|FINAL LOT RELEASE|SHIP LOT
valid_0019,MEASURE VIA CD|DEPOSIT BARRIER METAL|DEPOSIT METAL SEED|FILL VIA METAL|CMP VIA FILL|MEASURE CONTACT RESISTANCE|DEPOSIT TOP METAL|ANNEAL METAL|SPIN COAT PHOTORESIST|SOFT BAKE|ALIGN MASK LEVEL 2|EXPOSE LITHO LEVEL 2|DEVELOP PHOTORESIST|PATTERN INSPECTION LEVEL 2|POLYSILICON ETCH DRY|STRIP RESIST LEVEL 2|CLEAN AFTER POLY ETCH|MEASURE CD LEVEL 2|IMPLANT N-TYPE|PRE ANNEAL CHECK|RAPID THERMAL ANNEAL|MEASURE SHEET RESISTANCE|DEPOSIT GATE OXIDE OR DIELECTRIC|ANNEAL DIELECTRIC|MEASURE OXIDE QUALITY|DEPOSIT POLYSILICON|POLYSILICON ANNEAL|MEASURE POLY THICKNESS|SPIN COAT PHOTORESIST|SOFT BAKE
valid_0020,PASSIVATION ETCH PAD OPENING|STRIP PHOTORESIST|CLEAN PAD OPENING|MEASURE PAD OPENING|BACKSIDE GRIND|MEASURE THICKNESS|BACKSIDE ETCH CLEAN|BACKSIDE RINSE|BACKSIDE DRY|BACKSIDE METALLIZATION PREP|DEPOSIT BACKSIDE METAL|BACKSIDE ANNEAL|MEASURE BACKSIDE CONTACT|FINAL CLEAN|FINAL THICKNESS MEASURE|FINAL GEOMETRY CHECK|FINAL CD INSPECTION|FINAL PARTICLE INSPECTION|PARAMETRIC TEST|LEAKAGE TEST|BREAKDOWN VOLTAGE TEST|SWITCHING TEST|YIELD ANALYSIS|WAFER SORT TEST|FINAL LOT RELEASE|SHIP LOT
valid_0021,DEPOSIT BARRIER METAL|DEPOSIT METAL SEED|FILL VIA METAL|CMP VIA FILL|MEASURE CONTACT RESISTANCE|DEPOSIT TOP METAL|ANNEAL METAL|SPIN COAT PHOTORESIST|SOFT BAKE|ALIGN MASK LEVEL 2|EXPOSE LITHO LEVEL 2|DEVELOP PHOTORESIST|PATTERN INSPECTION LEVEL 2|POLYSILICON ETCH DRY|STRIP RESIST LEVEL 2|CLEAN AFTER POLY ETCH|MEASURE CD LEVEL 2|IMPLANT N-TYPE|PRE ANNEAL CHECK|RAPID THERMAL ANNEAL|MEASURE SHEET RESISTANCE|DEPOSIT GATE OXIDE OR DIELECTRIC|ANNEAL DIELECTRIC|MEASURE OXIDE QUALITY|DEPOSIT POLYSILICON|POLYSILICON ANNEAL|MEASURE POLY THICKNESS|SPIN COAT PHOTORESIST|SOFT BAKE
valid_0022,STRIP PHOTORESIST|CLEAN PAD OPENING|MEASURE PAD OPENING|BACKSIDE GRIND|MEASURE THICKNESS|BACKSIDE ETCH CLEAN|BACKSIDE RINSE|BACKSIDE DRY|BACKSIDE METALLIZATION PREP|DEPOSIT BACKSIDE METAL|BACKSIDE ANNEAL|MEASURE BACKSIDE CONTACT|FINAL CLEAN|FINAL THICKNESS MEASURE|FINAL GEOMETRY CHECK|FINAL CD INSPECTION|FINAL PARTICLE INSPECTION|PARAMETRIC TEST|LEAKAGE TEST|BREAKDOWN VOLTAGE TEST|SWITCHING TEST|YIELD ANALYSIS|WAFER SORT TEST|FINAL LOT RELEASE|SHIP LOT
valid_0023,MEASURE VIA CD|DEPOSIT BARRIER METAL|DEPOSIT METAL SEED|FILL VIA METAL|CMP VIA FILL|MEASURE CONTACT RESISTANCE|DEPOSIT TOP METAL|ANNEAL METAL|SPIN COAT PHOTORESIST|SOFT BAKE|ALIGN MASK LEVEL 2|EXPOSE LITHO LEVEL 2|DEVELOP PHOTORESIST|PATTERN INSPECTION LEVEL 2|POLYSILICON ETCH DRY|STRIP RESIST LEVEL 2|CLEAN AFTER POLY ETCH|MEASURE CD LEVEL 2|IMPLANT N-TYPE|PRE ANNEAL CHECK|RAPID THERMAL ANNEAL|MEASURE SHEET RESISTANCE|DEPOSIT GATE OXIDE OR DIELECTRIC|ANNEAL DIELECTRIC|MEASURE OXIDE QUALITY|DEPOSIT POLYSILICON|POLYSILICON ANNEAL|MEASURE POLY THICKNESS|SPIN COAT PHOTORESIST|SOFT BAKE
valid_0024,STRIP RESIST|CLEAN PAD OPENING|MEASURE PAD OPENING|BACKSIDE GRIND|MEASURE THICKNESS|BACKSIDE ETCH CLEAN|BACKSIDE RINSE|BACKSIDE DRY|BACKSIDE METALLIZATION PREP|DEPOSIT BACKSIDE METAL|BACKSIDE ANNEAL|MEASURE BACKSIDE CONTACT|FINAL CLEAN|FINAL THICKNESS MEASURE|FINAL GEOMETRY CHECK|FINAL CD INSPECTION|FINAL PARTICLE INSPECTION|PARAMETRIC TEST|LEAKAGE TEST|BREAKDOWN VOLTAGE TEST|SWITCHING TEST|YIELD ANALYSIS|WAFER SORT TEST|FINAL LOT RELEASE|SHIP LOT
valid_0025,CLEAN AFTER VIA ETCH|MEASURE VIA CD|DEPOSIT BARRIER METAL|DEPOSIT METAL SEED|FILL VIA METAL|CMP VIA FILL|MEASURE CONTACT RESISTANCE|DEPOSIT TOP METAL|ANNEAL METAL|SPIN COAT PHOTORESIST|SOFT BAKE|ALIGN MASK LEVEL 2|EXPOSE LITHO LEVEL 2|DEVELOP PHOTORESIST|PATTERN INSPECTION LEVEL 2|POLYSILICON ETCH DRY|STRIP RESIST LEVEL 2|CLEAN AFTER POLY ETCH|MEASURE CD LEVEL 2|IMPLANT N-TYPE|PRE ANNEAL CHECK|RAPID THERMAL ANNEAL|MEASURE SHEET RESISTANCE|DEPOSIT GATE OXIDE OR DIELECTRIC|ANNEAL DIELECTRIC|MEASURE OXIDE QUALITY|DEPOSIT POLYSILICON|POLYSILICON ANNEAL|MEASURE POLY THICKNESS|SPIN COAT PHOTORESIST|SOFT BAKE
valid_0026,PASSIVATION ETCH|STRIP PHOTORESIST|CLEAN PAD OPENING|MEASURE PAD OPENING|BACKSIDE GRIND|MEASURE THICKNESS|BACKSIDE ETCH CLEAN|BACKSIDE RINSE|BACKSIDE DRY|BACKSIDE METALLIZATION PREP|DEPOSIT BACKSIDE METAL|BACKSIDE ANNEAL|MEASURE BACKSIDE CONTACT|FINAL CLEAN|FINAL THICKNESS MEASURE|FINAL GEOMETRY CHECK|FINAL CD INSPECTION|FINAL PARTICLE INSPECTION|PARAMETRIC TEST|LEAKAGE TEST|BREAKDOWN VOLTAGE TEST|SWITCHING TEST|YIELD ANALYSIS|WAFER SORT TEST|FINAL LOT RELEASE|SHIP LOT
valid_0027,MEASURE VIA CD|DEPOSIT BARRIER METAL|DEPOSIT METAL SEED|FILL VIA METAL|CMP VIA FILL|MEASURE CONTACT RESISTANCE|DEPOSIT TOP METAL|ANNEAL METAL|SPIN COAT PHOTORESIST|SOFT BAKE|ALIGN MASK LEVEL 2|EXPOSE LITHO LEVEL 2|DEVELOP PHOTORESIST|PATTERN INSPECTION LEVEL 2|POLYSILICON ETCH DRY|STRIP RESIST LEVEL 2|CLEAN AFTER POLY ETCH|MEASURE CD LEVEL 2|IMPLANT N-TYPE|PRE ANNEAL CHECK|RAPID THERMAL ANNEAL|MEASURE SHEET RESISTANCE|DEPOSIT GATE OXIDE OR DIELECTRIC|ANNEAL DIELECTRIC|MEASURE OXIDE QUALITY|DEPOSIT POLYSILICON|POLYSILICON ANNEAL|MEASURE POLY THICKNESS|SPIN COAT PHOTORESIST|SOFT BAKE
valid_0028,PASSIVATION ETCH PAD OPENING|STRIP RESIST|CLEAN PAD OPENING|MEASURE PAD OPENING|BACKSIDE GRIND|MEASURE THICKNESS|BACKSIDE ETCH CLEAN|BACKSIDE RINSE|BACKSIDE DRY|BACKSIDE METALLIZATION PREP|DEPOSIT BACKSIDE METAL|BACKSIDE ANNEAL|MEASURE BACKSIDE CONTACT|FINAL CLEAN|FINAL THICKNESS MEASURE|FINAL GEOMETRY CHECK|FINAL CD INSPECTION|FINAL PARTICLE INSPECTION|PARAMETRIC TEST|LEAKAGE TEST|BREAKDOWN VOLTAGE TEST|SWITCHING TEST|YIELD ANALYSIS|WAFER SORT TEST|FINAL LOT RELEASE|SHIP LOT
valid_0029,CLEAN AFTER VIA ETCH|MEASURE VIA CD|DEPOSIT BARRIER METAL|DEPOSIT METAL SEED|FILL VIA METAL|CMP VIA FILL|MEASURE CONTACT RESISTANCE|DEPOSIT TOP METAL|ANNEAL METAL|SPIN COAT PHOTORESIST|SOFT BAKE|ALIGN MASK LEVEL 2|EXPOSE LITHO LEVEL 2|DEVELOP PHOTORESIST|PATTERN INSPECTION LEVEL 2|POLYSILICON ETCH DRY|STRIP RESIST LEVEL 2|CLEAN AFTER POLY ETCH|MEASURE CD LEVEL 2|IMPLANT N-TYPE|PRE ANNEAL CHECK|RAPID THERMAL ANNEAL|MEASURE SHEET RESISTANCE|DEPOSIT GATE OXIDE OR DIELECTRIC|ANNEAL DIELECTRIC|MEASURE OXIDE QUALITY|DEPOSIT POLYSILICON|POLYSILICON ANNEAL|MEASURE POLY THICKNESS|SPIN COAT PHOTORESIST|SOFT BAKE
valid_0030,PASSIVATION ETCH|STRIP RESIST|CLEAN PAD OPENING|MEASURE PAD OPENING|BACKSIDE GRIND|MEASURE THICKNESS|BACKSIDE ETCH CLEAN|BACKSIDE RINSE|BACKSIDE DRY|BACKSIDE METALLIZATION PREP|DEPOSIT BACKSIDE METAL|BACKSIDE ANNEAL|MEASURE BACKSIDE CONTACT|FINAL CLEAN|FINAL THICKNESS MEASURE|FINAL GEOMETRY CHECK|FINAL CD INSPECTION|FINAL PARTICLE INSPECTION|PARAMETRIC TEST|LEAKAGE TEST|BREAKDOWN VOLTAGE TEST|SWITCHING TEST|YIELD ANALYSIS|WAFER SORT TEST|FINAL LOT RELEASE|SHIP LOT
valid_0031,DEPOSIT BARRIER METAL|DEPOSIT METAL SEED|FILL VIA METAL|CMP VIA FILL|MEASURE CONTACT RESISTANCE|DEPOSIT TOP METAL|ANNEAL METAL|SPIN COAT PHOTORESIST|SOFT BAKE|ALIGN MASK LEVEL 2|EXPOSE LITHO LEVEL 2|DEVELOP PHOTORESIST|PATTERN INSPECTION LEVEL 2|POLYSILICON ETCH DRY|STRIP RESIST LEVEL 2|CLEAN AFTER POLY ETCH|MEASURE CD LEVEL 2|IMPLANT N-TYPE|PRE ANNEAL CHECK|RAPID THERMAL ANNEAL|MEASURE SHEET RESISTANCE|DEPOSIT GATE OXIDE OR DIELECTRIC|ANNEAL DIELECTRIC|MEASURE OXIDE QUALITY|DEPOSIT POLYSILICON|POLYSILICON ANNEAL|MEASURE POLY THICKNESS|SPIN COAT PHOTORESIST|SOFT BAKE
valid_0032,CLEAN PAD OPENING|MEASURE PAD OPENING|BACKSIDE GRIND|MEASURE THICKNESS|BACKSIDE ETCH CLEAN|BACKSIDE RINSE|BACKSIDE DRY|BACKSIDE METALLIZATION PREP|DEPOSIT BACKSIDE METAL|BACKSIDE ANNEAL|MEASURE BACKSIDE CONTACT|FINAL CLEAN|FINAL THICKNESS MEASURE|FINAL GEOMETRY CHECK|FINAL CD INSPECTION|FINAL PARTICLE INSPECTION|PARAMETRIC TEST|LEAKAGE TEST|BREAKDOWN VOLTAGE TEST|SWITCHING TEST|YIELD ANALYSIS|WAFER SORT TEST|FINAL LOT RELEASE|SHIP LOT
valid_0033,MEASURE VIA CD|DEPOSIT BARRIER METAL|DEPOSIT METAL SEED|FILL VIA METAL|CMP VIA FILL|MEASURE CONTACT RESISTANCE|DEPOSIT TOP METAL|ANNEAL METAL|SPIN COAT PHOTORESIST|SOFT BAKE|ALIGN MASK LEVEL 2|EXPOSE LITHO LEVEL 2|DEVELOP PHOTORESIST|PATTERN INSPECTION LEVEL 2|POLYSILICON ETCH DRY|STRIP RESIST LEVEL 2|CLEAN AFTER POLY ETCH|MEASURE CD LEVEL 2|IMPLANT N-TYPE|PRE ANNEAL CHECK|RAPID THERMAL ANNEAL|MEASURE SHEET RESISTANCE|DEPOSIT GATE OXIDE OR DIELECTRIC|ANNEAL DIELECTRIC|MEASURE OXIDE QUALITY|DEPOSIT POLYSILICON|POLYSILICON ANNEAL|MEASURE POLY THICKNESS|SPIN COAT PHOTORESIST|SOFT BAKE
valid_0034,PASSIVATION ETCH|STRIP RESIST|CLEAN PAD OPENING|MEASURE PAD OPENING|BACKSIDE GRIND|MEASURE THICKNESS|BACKSIDE ETCH CLEAN|BACKSIDE RINSE|BACKSIDE DRY|BACKSIDE METALLIZATION PREP|DEPOSIT BACKSIDE METAL|BACKSIDE ANNEAL|MEASURE BACKSIDE CONTACT|FINAL CLEAN|FINAL THICKNESS MEASURE|FINAL GEOMETRY CHECK|FINAL CD INSPECTION|FINAL PARTICLE INSPECTION|PARAMETRIC TEST|LEAKAGE TEST|BREAKDOWN VOLTAGE TEST|SWITCHING TEST|YIELD ANALYSIS|WAFER SORT TEST|FINAL LOT RELEASE|SHIP LOT
valid_0035,MEASURE VIA CD|DEPOSIT BARRIER METAL|DEPOSIT METAL SEED|FILL VIA METAL|CMP VIA FILL|MEASURE CONTACT RESISTANCE|DEPOSIT TOP METAL|ANNEAL METAL|SPIN COAT PHOTORESIST|SOFT BAKE|ALIGN MASK LEVEL 2|EXPOSE LITHO LEVEL 2|DEVELOP PHOTORESIST|PATTERN INSPECTION LEVEL 2|POLYSILICON ETCH DRY|STRIP RESIST LEVEL 2|CLEAN AFTER POLY ETCH|MEASURE CD LEVEL 2|IMPLANT N-TYPE|PRE ANNEAL CHECK|RAPID THERMAL ANNEAL|MEASURE SHEET RESISTANCE|DEPOSIT GATE OXIDE OR DIELECTRIC|ANNEAL DIELECTRIC|MEASURE OXIDE QUALITY|DEPOSIT POLYSILICON|POLYSILICON ANNEAL|MEASURE POLY THICKNESS|SPIN COAT PHOTORESIST|SOFT BAKE
valid_0036,PASSIVATION ETCH PAD OPENING|STRIP RESIST|CLEAN PAD OPENING|MEASURE PAD OPENING|BACKSIDE GRIND|MEASURE THICKNESS|BACKSIDE ETCH CLEAN|BACKSIDE RINSE|BACKSIDE DRY|BACKSIDE METALLIZATION PREP|DEPOSIT BACKSIDE METAL|BACKSIDE ANNEAL|MEASURE BACKSIDE CONTACT|FINAL CLEAN|FINAL THICKNESS MEASURE|FINAL GEOMETRY CHECK|FINAL CD INSPECTION|FINAL PARTICLE INSPECTION|PARAMETRIC TEST|LEAKAGE TEST|BREAKDOWN VOLTAGE TEST|SWITCHING TEST|YIELD ANALYSIS|WAFER SORT TEST|FINAL LOT RELEASE|SHIP LOT
valid_0037,MEASURE VIA CD|DEPOSIT BARRIER METAL|DEPOSIT METAL SEED|FILL VIA METAL|CMP VIA FILL|MEASURE CONTACT RESISTANCE|DEPOSIT TOP METAL|ANNEAL METAL|SPIN COAT PHOTORESIST|SOFT BAKE|ALIGN MASK LEVEL 2|EXPOSE LITHO LEVEL 2|DEVELOP PHOTORESIST|PATTERN INSPECTION LEVEL 2|POLYSILICON ETCH DRY|STRIP RESIST LEVEL 2|CLEAN AFTER POLY ETCH|MEASURE CD LEVEL 2|IMPLANT N-TYPE|PRE ANNEAL CHECK|RAPID THERMAL ANNEAL|MEASURE SHEET RESISTANCE|DEPOSIT GATE OXIDE OR DIELECTRIC|ANNEAL DIELECTRIC|MEASURE OXIDE QUALITY|DEPOSIT POLYSILICON|POLYSILICON ANNEAL|MEASURE POLY THICKNESS|SPIN COAT PHOTORESIST|SOFT BAKE
valid_0038,PASSIVATION ETCH PAD OPENING|STRIP PHOTORESIST|CLEAN PAD OPENING|MEASURE PAD OPENING|BACKSIDE GRIND|MEASURE THICKNESS|BACKSIDE ETCH CLEAN|BACKSIDE RINSE|BACKSIDE DRY|BACKSIDE METALLIZATION PREP|DEPOSIT BACKSIDE METAL|BACKSIDE ANNEAL|MEASURE BACKSIDE CONTACT|FINAL CLEAN|FINAL THICKNESS MEASURE|FINAL GEOMETRY CHECK|FINAL CD INSPECTION|FINAL PARTICLE INSPECTION|PARAMETRIC TEST|LEAKAGE TEST|BREAKDOWN VOLTAGE TEST|SWITCHING TEST|YIELD ANALYSIS|WAFER SORT TEST|FINAL LOT RELEASE|SHIP LOT
valid_0039,STRIP PHOTORESIST|CLEAN AFTER VIA ETCH|MEASURE VIA CD|DEPOSIT BARRIER METAL|DEPOSIT METAL SEED|FILL VIA METAL|CMP VIA FILL|MEASURE CONTACT RESISTANCE|DEPOSIT TOP METAL|ANNEAL METAL|SPIN COAT PHOTORESIST|SOFT BAKE|ALIGN MASK LEVEL 2|EXPOSE LITHO LEVEL 2|DEVELOP PHOTORESIST|PATTERN INSPECTION LEVEL 2|POLYSILICON ETCH DRY|STRIP RESIST LEVEL 2|CLEAN AFTER POLY ETCH|MEASURE CD LEVEL 2|IMPLANT N-TYPE|PRE ANNEAL CHECK|RAPID THERMAL ANNEAL|MEASURE SHEET RESISTANCE|DEPOSIT GATE OXIDE OR DIELECTRIC|ANNEAL DIELECTRIC|MEASURE OXIDE QUALITY|DEPOSIT POLYSILICON|POLYSILICON ANNEAL|MEASURE POLY THICKNESS|SPIN COAT PHOTORESIST|SOFT BAKE
valid_0040,STRIP PHOTORESIST|CLEAN PAD OPENING|MEASURE PAD OPENING|BACKSIDE GRIND|MEASURE THICKNESS|BACKSIDE ETCH CLEAN|BACKSIDE RINSE|BACKSIDE DRY|BACKSIDE METALLIZATION PREP|DEPOSIT BACKSIDE METAL|BACKSIDE ANNEAL|MEASURE BACKSIDE CONTACT|FINAL CLEAN|FINAL THICKNESS MEASURE|FINAL GEOMETRY CHECK|FINAL CD INSPECTION|FINAL PARTICLE INSPECTION|PARAMETRIC TEST|LEAKAGE TEST|BREAKDOWN VOLTAGE TEST|SWITCHING TEST|YIELD ANALYSIS|WAFER SORT TEST|FINAL LOT RELEASE|SHIP LOT
valid_0041,STRIP PHOTORESIST|CLEAN AFTER VIA ETCH|MEASURE VIA CD|DEPOSIT BARRIER METAL|DEPOSIT METAL SEED|FILL VIA METAL|CMP VIA FILL|MEASURE CONTACT RESISTANCE|DEPOSIT TOP METAL|ANNEAL METAL|SPIN COAT PHOTORESIST|SOFT BAKE|ALIGN MASK LEVEL 2|EXPOSE LITHO LEVEL 2|DEVELOP PHOTORESIST|PATTERN INSPECTION LEVEL 2|POLYSILICON ETCH DRY|STRIP RESIST LEVEL 2|CLEAN AFTER POLY ETCH|MEASURE CD LEVEL 2|IMPLANT N-TYPE|PRE ANNEAL CHECK|RAPID THERMAL ANNEAL|MEASURE SHEET RESISTANCE|DEPOSIT GATE OXIDE OR DIELECTRIC|ANNEAL DIELECTRIC|MEASURE OXIDE QUALITY|DEPOSIT POLYSILICON|POLYSILICON ANNEAL|MEASURE POLY THICKNESS|SPIN COAT PHOTORESIST|SOFT BAKE
valid_0042,DEVELOP PHOTORESIST|PASSIVATION ETCH|STRIP RESIST|CLEAN PAD OPENING|MEASURE PAD OPENING|BACKSIDE GRIND|MEASURE THICKNESS|BACKSIDE ETCH CLEAN|BACKSIDE RINSE|BACKSIDE DRY|BACKSIDE METALLIZATION PREP|DEPOSIT BACKSIDE METAL|BACKSIDE ANNEAL|MEASURE BACKSIDE CONTACT|FINAL CLEAN|FINAL THICKNESS MEASURE|FINAL GEOMETRY CHECK|FINAL CD INSPECTION|FINAL PARTICLE INSPECTION|PARAMETRIC TEST|LEAKAGE TEST|BREAKDOWN VOLTAGE TEST|SWITCHING TEST|YIELD ANALYSIS|WAFER SORT TEST|FINAL LOT RELEASE|SHIP LOT
valid_0043,CLEAN AFTER VIA ETCH|MEASURE VIA CD|DEPOSIT BARRIER METAL|DEPOSIT METAL SEED|FILL VIA METAL|CMP VIA FILL|MEASURE CONTACT RESISTANCE|DEPOSIT TOP METAL|ANNEAL METAL|SPIN COAT PHOTORESIST|SOFT BAKE|ALIGN MASK LEVEL 2|EXPOSE LITHO LEVEL 2|DEVELOP PHOTORESIST|PATTERN INSPECTION LEVEL 2|POLYSILICON ETCH DRY|STRIP RESIST LEVEL 2|CLEAN AFTER POLY ETCH|MEASURE CD LEVEL 2|IMPLANT N-TYPE|PRE ANNEAL CHECK|RAPID THERMAL ANNEAL|MEASURE SHEET RESISTANCE|DEPOSIT GATE OXIDE OR DIELECTRIC|ANNEAL DIELECTRIC|MEASURE OXIDE QUALITY|DEPOSIT POLYSILICON|POLYSILICON ANNEAL|MEASURE POLY THICKNESS|SPIN COAT PHOTORESIST|SOFT BAKE
valid_0044,PASSIVATION ETCH PAD OPENING|STRIP PHOTORESIST|CLEAN PAD OPENING|MEASURE PAD OPENING|BACKSIDE GRIND|MEASURE THICKNESS|BACKSIDE ETCH CLEAN|BACKSIDE RINSE|BACKSIDE DRY|BACKSIDE METALLIZATION PREP|DEPOSIT BACKSIDE METAL|BACKSIDE ANNEAL|MEASURE BACKSIDE CONTACT|FINAL CLEAN|FINAL THICKNESS MEASURE|FINAL GEOMETRY CHECK|FINAL CD INSPECTION|FINAL PARTICLE INSPECTION|PARAMETRIC TEST|LEAKAGE TEST|BREAKDOWN VOLTAGE TEST|SWITCHING TEST|YIELD ANALYSIS|WAFER SORT TEST|FINAL LOT RELEASE|SHIP LOT
valid_0045,CLEAN AFTER VIA ETCH|MEASURE VIA CD|DEPOSIT BARRIER METAL|DEPOSIT METAL SEED|FILL VIA METAL|CMP VIA FILL|MEASURE CONTACT RESISTANCE|DEPOSIT TOP METAL|ANNEAL METAL|SPIN COAT PHOTORESIST|SOFT BAKE|ALIGN MASK LEVEL 2|EXPOSE LITHO LEVEL 2|DEVELOP PHOTORESIST|PATTERN INSPECTION LEVEL 2|POLYSILICON ETCH DRY|STRIP RESIST LEVEL 2|CLEAN AFTER POLY ETCH|MEASURE CD LEVEL 2|IMPLANT N-TYPE|PRE ANNEAL CHECK|RAPID THERMAL ANNEAL|MEASURE SHEET RESISTANCE|DEPOSIT GATE OXIDE OR DIELECTRIC|ANNEAL DIELECTRIC|MEASURE OXIDE QUALITY|DEPOSIT POLYSILICON|POLYSILICON ANNEAL|MEASURE POLY THICKNESS|SPIN COAT PHOTORESIST|SOFT BAKE
valid_0046,PASSIVATION ETCH|STRIP PHOTORESIST|CLEAN PAD OPENING|MEASURE PAD OPENING|BACKSIDE GRIND|MEASURE THICKNESS|BACKSIDE ETCH CLEAN|BACKSIDE RINSE|BACKSIDE DRY|BACKSIDE METALLIZATION PREP|DEPOSIT BACKSIDE METAL|BACKSIDE ANNEAL|MEASURE BACKSIDE CONTACT|FINAL CLEAN|FINAL THICKNESS MEASURE|FINAL GEOMETRY CHECK|FINAL CD INSPECTION|FINAL PARTICLE INSPECTION|PARAMETRIC TEST|LEAKAGE TEST|BREAKDOWN VOLTAGE TEST|SWITCHING TEST|YIELD ANALYSIS|WAFER SORT TEST|FINAL LOT RELEASE|SHIP LOT
valid_0047,STRIP PHOTORESIST|CLEAN AFTER VIA ETCH|MEASURE VIA CD|DEPOSIT BARRIER METAL|DEPOSIT METAL SEED|FILL VIA METAL|CMP VIA FILL|MEASURE CONTACT RESISTANCE|DEPOSIT TOP METAL|ANNEAL METAL|SPIN COAT PHOTORESIST|SOFT BAKE|ALIGN MASK LEVEL 2|EXPOSE LITHO LEVEL 2|DEVELOP PHOTORESIST|PATTERN INSPECTION LEVEL 2|POLYSILICON ETCH DRY|STRIP RESIST LEVEL 2|CLEAN AFTER POLY ETCH|MEASURE CD LEVEL 2|IMPLANT N-TYPE|PRE ANNEAL CHECK|RAPID THERMAL ANNEAL|MEASURE SHEET RESISTANCE|DEPOSIT GATE OXIDE OR DIELECTRIC|ANNEAL DIELECTRIC|MEASURE OXIDE QUALITY|DEPOSIT POLYSILICON|POLYSILICON ANNEAL|MEASURE POLY THICKNESS|SPIN COAT PHOTORESIST|SOFT BAKE
valid_0048,PASSIVATION ETCH PAD OPENING|STRIP RESIST|CLEAN PAD OPENING|MEASURE PAD OPENING|BACKSIDE GRIND|MEASURE THICKNESS|BACKSIDE ETCH CLEAN|BACKSIDE RINSE|BACKSIDE DRY|BACKSIDE METALLIZATION PREP|DEPOSIT BACKSIDE METAL|BACKSIDE ANNEAL|MEASURE BACKSIDE CONTACT|FINAL CLEAN|FINAL THICKNESS MEASURE|FINAL GEOMETRY CHECK|FINAL CD INSPECTION|FINAL PARTICLE INSPECTION|PARAMETRIC TEST|LEAKAGE TEST|BREAKDOWN VOLTAGE TEST|SWITCHING TEST|YIELD ANALYSIS|WAFER SORT TEST|FINAL LOT RELEASE|SHIP LOT
valid_0049,VIA ETCH THROUGH DIELECTRIC|STRIP RESIST|CLEAN AFTER VIA ETCH|MEASURE VIA CD|DEPOSIT BARRIER METAL|DEPOSIT METAL SEED|FILL VIA METAL|CMP VIA FILL|MEASURE CONTACT RESISTANCE|DEPOSIT TOP METAL|ANNEAL METAL|SPIN COAT PHOTORESIST|SOFT BAKE|ALIGN MASK LEVEL 2|EXPOSE LITHO LEVEL 2|DEVELOP PHOTORESIST|PATTERN INSPECTION LEVEL 2|POLYSILICON ETCH DRY|STRIP RESIST LEVEL 2|CLEAN AFTER POLY ETCH|MEASURE CD LEVEL 2|IMPLANT N-TYPE|PRE ANNEAL CHECK|RAPID THERMAL ANNEAL|MEASURE SHEET RESISTANCE|DEPOSIT GATE OXIDE OR DIELECTRIC|ANNEAL DIELECTRIC|MEASURE OXIDE QUALITY|DEPOSIT POLYSILICON|POLYSILICON ANNEAL|MEASURE POLY THICKNESS|SPIN COAT PHOTORESIST|SOFT BAKE
valid_0050,PASSIVATION ETCH|STRIP PHOTORESIST|CLEAN PAD OPENING|MEASURE PAD OPENING|BACKSIDE GRIND|MEASURE THICKNESS|BACKSIDE ETCH CLEAN|BACKSIDE RINSE|BACKSIDE DRY|BACKSIDE METALLIZATION PREP|DEPOSIT BACKSIDE METAL|BACKSIDE ANNEAL|MEASURE BACKSIDE CONTACT|FINAL CLEAN|FINAL THICKNESS MEASURE|FINAL GEOMETRY CHECK|FINAL CD INSPECTION|FINAL PARTICLE INSPECTION|PARAMETRIC TEST|LEAKAGE TEST|BREAKDOWN VOLTAGE TEST|SWITCHING TEST|YIELD ANALYSIS|WAFER SORT TEST|FINAL LOT RELEASE|SHIP LOT
valid_0051,CLEAN AFTER VIA ETCH|MEASURE VIA CD|DEPOSIT BARRIER METAL|DEPOSIT METAL SEED|FILL VIA METAL|CMP VIA FILL|MEASURE CONTACT RESISTANCE|DEPOSIT TOP METAL|ANNEAL METAL|SPIN COAT PHOTORESIST|SOFT BAKE|ALIGN MASK LEVEL 2|EXPOSE LITHO LEVEL 2|DEVELOP PHOTORESIST|PATTERN INSPECTION LEVEL 2|POLYSILICON ETCH DRY|STRIP RESIST LEVEL 2|CLEAN AFTER POLY ETCH|MEASURE CD LEVEL 2|IMPLANT N-TYPE|PRE ANNEAL CHECK|RAPID THERMAL ANNEAL|MEASURE SHEET RESISTANCE|DEPOSIT GATE OXIDE OR DIELECTRIC|ANNEAL DIELECTRIC|MEASURE OXIDE QUALITY|DEPOSIT POLYSILICON|POLYSILICON ANNEAL|MEASURE POLY THICKNESS|SPIN COAT PHOTORESIST|SOFT BAKE
valid_0052,PASSIVATION ETCH PAD OPENING|STRIP PHOTORESIST|CLEAN PAD OPENING|MEASURE PAD OPENING|BACKSIDE GRIND|MEASURE THICKNESS|BACKSIDE ETCH CLEAN|BACKSIDE RINSE|BACKSIDE DRY|BACKSIDE METALLIZATION PREP|DEPOSIT BACKSIDE METAL|BACKSIDE ANNEAL|MEASURE BACKSIDE CONTACT|FINAL CLEAN|FINAL THICKNESS MEASURE|FINAL GEOMETRY CHECK|FINAL CD INSPECTION|FINAL PARTICLE INSPECTION|PARAMETRIC TEST|LEAKAGE TEST|BREAKDOWN VOLTAGE TEST|SWITCHING TEST|YIELD ANALYSIS|WAFER SORT TEST|FINAL LOT RELEASE|SHIP LOT
valid_0053,STRIP RESIST|CLEAN AFTER VIA ETCH|MEASURE VIA CD|DEPOSIT BARRIER METAL|DEPOSIT METAL SEED|FILL VIA METAL|CMP VIA FILL|MEASURE CONTACT RESISTANCE|DEPOSIT TOP METAL|ANNEAL METAL|SPIN COAT PHOTORESIST|SOFT BAKE|ALIGN MASK LEVEL 2|EXPOSE LITHO LEVEL 2|DEVELOP PHOTORESIST|PATTERN INSPECTION LEVEL 2|POLYSILICON ETCH DRY|STRIP RESIST LEVEL 2|CLEAN AFTER POLY ETCH|MEASURE CD LEVEL 2|IMPLANT N-TYPE|PRE ANNEAL CHECK|RAPID THERMAL ANNEAL|MEASURE SHEET RESISTANCE|DEPOSIT GATE OXIDE OR DIELECTRIC|ANNEAL DIELECTRIC|MEASURE OXIDE QUALITY|DEPOSIT POLYSILICON|POLYSILICON ANNEAL|MEASURE POLY THICKNESS|SPIN COAT PHOTORESIST|SOFT BAKE
valid_0054,PASSIVATION ETCH PAD OPENING|STRIP RESIST|CLEAN PAD OPENING|MEASURE PAD OPENING|BACKSIDE GRIND|MEASURE THICKNESS|BACKSIDE ETCH CLEAN|BACKSIDE RINSE|BACKSIDE DRY|BACKSIDE METALLIZATION PREP|DEPOSIT BACKSIDE METAL|BACKSIDE ANNEAL|MEASURE BACKSIDE CONTACT|FINAL CLEAN|FINAL THICKNESS MEASURE|FINAL GEOMETRY CHECK|FINAL CD INSPECTION|FINAL PARTICLE INSPECTION|PARAMETRIC TEST|LEAKAGE TEST|BREAKDOWN VOLTAGE TEST|SWITCHING TEST|YIELD ANALYSIS|WAFER SORT TEST|FINAL LOT RELEASE|SHIP LOT
valid_0055,MEASURE VIA CD|DEPOSIT BARRIER METAL|DEPOSIT METAL SEED|FILL VIA METAL|CMP VIA FILL|MEASURE CONTACT RESISTANCE|DEPOSIT TOP METAL|ANNEAL METAL|SPIN COAT PHOTORESIST|SOFT BAKE|ALIGN MASK LEVEL 2|EXPOSE LITHO LEVEL 2|DEVELOP PHOTORESIST|PATTERN INSPECTION LEVEL 2|POLYSILICON ETCH DRY|STRIP RESIST LEVEL 2|CLEAN AFTER POLY ETCH|MEASURE CD LEVEL 2|IMPLANT N-TYPE|PRE ANNEAL CHECK|RAPID THERMAL ANNEAL|MEASURE SHEET RESISTANCE|DEPOSIT GATE OXIDE OR DIELECTRIC|ANNEAL DIELECTRIC|MEASURE OXIDE QUALITY|DEPOSIT POLYSILICON|POLYSILICON ANNEAL|MEASURE POLY THICKNESS|SPIN COAT PHOTORESIST|SOFT BAKE
valid_0056,DEVELOP PHOTORESIST|PASSIVATION ETCH PAD OPENING|STRIP RESIST|CLEAN PAD OPENING|MEASURE PAD OPENING|BACKSIDE GRIND|MEASURE THICKNESS|BACKSIDE ETCH CLEAN|BACKSIDE RINSE|BACKSIDE DRY|BACKSIDE METALLIZATION PREP|DEPOSIT BACKSIDE METAL|BACKSIDE ANNEAL|MEASURE BACKSIDE CONTACT|FINAL CLEAN|FINAL THICKNESS MEASURE|FINAL GEOMETRY CHECK|FINAL CD INSPECTION|FINAL PARTICLE INSPECTION|PARAMETRIC TEST|LEAKAGE TEST|BREAKDOWN VOLTAGE TEST|SWITCHING TEST|YIELD ANALYSIS|WAFER SORT TEST|FINAL LOT RELEASE|SHIP LOT
valid_0057,DEPOSIT METAL SEED|FILL VIA METAL|CMP VIA FILL|MEASURE CONTACT RESISTANCE|DEPOSIT TOP METAL|ANNEAL METAL|SPIN COAT PHOTORESIST|SOFT BAKE|ALIGN MASK LEVEL 2|EXPOSE LITHO LEVEL 2|DEVELOP PHOTORESIST|PATTERN INSPECTION LEVEL 2|POLYSILICON ETCH DRY|STRIP RESIST LEVEL 2|CLEAN AFTER POLY ETCH|MEASURE CD LEVEL 2|IMPLANT N-TYPE|PRE ANNEAL CHECK|RAPID THERMAL ANNEAL|MEASURE SHEET RESISTANCE|DEPOSIT GATE OXIDE OR DIELECTRIC|ANNEAL DIELECTRIC|MEASURE OXIDE QUALITY|DEPOSIT POLYSILICON|POLYSILICON ANNEAL|MEASURE POLY THICKNESS|SPIN COAT PHOTORESIST|SOFT BAKE
valid_0058,CLEAN PAD OPENING|MEASURE PAD OPENING|BACKSIDE GRIND|MEASURE THICKNESS|BACKSIDE ETCH CLEAN|BACKSIDE RINSE|BACKSIDE DRY|BACKSIDE METALLIZATION PREP|DEPOSIT BACKSIDE METAL|BACKSIDE ANNEAL|MEASURE BACKSIDE CONTACT|FINAL CLEAN|FINAL THICKNESS MEASURE|FINAL GEOMETRY CHECK|FINAL CD INSPECTION|FINAL PARTICLE INSPECTION|PARAMETRIC TEST|LEAKAGE TEST|BREAKDOWN VOLTAGE TEST|SWITCHING TEST|YIELD ANALYSIS|WAFER SORT TEST|FINAL LOT RELEASE|SHIP LOT
valid_0059,MEASURE VIA CD|DEPOSIT BARRIER METAL|DEPOSIT METAL SEED|FILL VIA METAL|CMP VIA FILL|MEASURE CONTACT RESISTANCE|DEPOSIT TOP METAL|ANNEAL METAL|SPIN COAT PHOTORESIST|SOFT BAKE|ALIGN MASK LEVEL 2|EXPOSE LITHO LEVEL 2|DEVELOP PHOTORESIST|PATTERN INSPECTION LEVEL 2|POLYSILICON ETCH DRY|STRIP RESIST LEVEL 2|CLEAN AFTER POLY ETCH|MEASURE CD LEVEL 2|IMPLANT N-TYPE|PRE ANNEAL CHECK|RAPID THERMAL ANNEAL|MEASURE SHEET RESISTANCE|DEPOSIT GATE OXIDE OR DIELECTRIC|ANNEAL DIELECTRIC|MEASURE OXIDE QUALITY|DEPOSIT POLYSILICON|POLYSILICON ANNEAL|MEASURE POLY THICKNESS|SPIN COAT PHOTORESIST|SOFT BAKE
valid_0060,STRIP PHOTORESIST|CLEAN PAD OPENING|MEASURE PAD OPENING|BACKSIDE GRIND|MEASURE THICKNESS|BACKSIDE ETCH CLEAN|BACKSIDE RINSE|BACKSIDE DRY|BACKSIDE METALLIZATION PREP|DEPOSIT BACKSIDE METAL|BACKSIDE ANNEAL|MEASURE BACKSIDE CONTACT|FINAL CLEAN|FINAL THICKNESS MEASURE|FINAL GEOMETRY CHECK|FINAL CD INSPECTION|FINAL PARTICLE INSPECTION|PARAMETRIC TEST|LEAKAGE TEST|BREAKDOWN VOLTAGE TEST|SWITCHING TEST|YIELD ANALYSIS|WAFER SORT TEST|FINAL LOT RELEASE|SHIP LOT
valid_0061,STRIP RESIST|CLEAN AFTER VIA ETCH|MEASURE VIA CD|DEPOSIT BARRIER METAL|DEPOSIT METAL SEED|FILL VIA METAL|CMP VIA FILL|MEASURE CONTACT RESISTANCE|DEPOSIT TOP METAL|ANNEAL METAL|SPIN COAT PHOTORESIST|SOFT BAKE|ALIGN MASK LEVEL 2|EXPOSE LITHO LEVEL 2|DEVELOP PHOTORESIST|PATTERN INSPECTION LEVEL 2|POLYSILICON ETCH DRY|STRIP RESIST LEVEL 2|CLEAN AFTER POLY ETCH|MEASURE CD LEVEL 2|IMPLANT N-TYPE|PRE ANNEAL CHECK|RAPID THERMAL ANNEAL|MEASURE SHEET RESISTANCE|DEPOSIT GATE OXIDE OR DIELECTRIC|ANNEAL DIELECTRIC|MEASURE OXIDE QUALITY|DEPOSIT POLYSILICON|POLYSILICON ANNEAL|MEASURE POLY THICKNESS|SPIN COAT PHOTORESIST|SOFT BAKE
valid_0062,PASSIVATION ETCH|STRIP PHOTORESIST|CLEAN PAD OPENING|MEASURE PAD OPENING|BACKSIDE GRIND|MEASURE THICKNESS|BACKSIDE ETCH CLEAN|BACKSIDE RINSE|BACKSIDE DRY|BACKSIDE METALLIZATION PREP|DEPOSIT BACKSIDE METAL|BACKSIDE ANNEAL|MEASURE BACKSIDE CONTACT|FINAL CLEAN|FINAL THICKNESS MEASURE|FINAL GEOMETRY CHECK|FINAL CD INSPECTION|FINAL PARTICLE INSPECTION|PARAMETRIC TEST|LEAKAGE TEST|BREAKDOWN VOLTAGE TEST|SWITCHING TEST|YIELD ANALYSIS|WAFER SORT TEST|FINAL LOT RELEASE|SHIP LOT
valid_0063,CLEAN AFTER VIA ETCH|MEASURE VIA CD|DEPOSIT BARRIER METAL|DEPOSIT METAL SEED|FILL VIA METAL|CMP VIA FILL|MEASURE CONTACT RESISTANCE|DEPOSIT TOP METAL|ANNEAL METAL|SPIN COAT PHOTORESIST|SOFT BAKE|ALIGN MASK LEVEL 2|EXPOSE LITHO LEVEL 2|DEVELOP PHOTORESIST|PATTERN INSPECTION LEVEL 2|POLYSILICON ETCH DRY|STRIP RESIST LEVEL 2|CLEAN AFTER POLY ETCH|MEASURE CD LEVEL 2|IMPLANT N-TYPE|PRE ANNEAL CHECK|RAPID THERMAL ANNEAL|MEASURE SHEET RESISTANCE|DEPOSIT GATE OXIDE OR DIELECTRIC|ANNEAL DIELECTRIC|MEASURE OXIDE QUALITY|DEPOSIT POLYSILICON|POLYSILICON ANNEAL|MEASURE POLY THICKNESS|SPIN COAT PHOTORESIST|SOFT BAKE
valid_0064,STRIP PHOTORESIST|CLEAN PAD OPENING|MEASURE PAD OPENING|BACKSIDE GRIND|MEASURE THICKNESS|BACKSIDE ETCH CLEAN|BACKSIDE RINSE|BACKSIDE DRY|BACKSIDE METALLIZATION PREP|DEPOSIT BACKSIDE METAL|BACKSIDE ANNEAL|MEASURE BACKSIDE CONTACT|FINAL CLEAN|FINAL THICKNESS MEASURE|FINAL GEOMETRY CHECK|FINAL CD INSPECTION|FINAL PARTICLE INSPECTION|PARAMETRIC TEST|LEAKAGE TEST|BREAKDOWN VOLTAGE TEST|SWITCHING TEST|YIELD ANALYSIS|WAFER SORT TEST|FINAL LOT RELEASE|SHIP LOT
valid_0065,CLEAN AFTER VIA ETCH|MEASURE VIA CD|DEPOSIT BARRIER METAL|DEPOSIT METAL SEED|FILL VIA METAL|CMP VIA FILL|MEASURE CONTACT RESISTANCE|DEPOSIT TOP METAL|ANNEAL METAL|SPIN COAT PHOTORESIST|SOFT BAKE|ALIGN MASK LEVEL 2|EXPOSE LITHO LEVEL 2|DEVELOP PHOTORESIST|PATTERN INSPECTION LEVEL 2|POLYSILICON ETCH DRY|STRIP RESIST LEVEL 2|CLEAN AFTER POLY ETCH|MEASURE CD LEVEL 2|IMPLANT N-TYPE|PRE ANNEAL CHECK|RAPID THERMAL ANNEAL|MEASURE SHEET RESISTANCE|DEPOSIT GATE OXIDE OR DIELECTRIC|ANNEAL DIELECTRIC|MEASURE OXIDE QUALITY|DEPOSIT POLYSILICON|POLYSILICON ANNEAL|MEASURE POLY THICKNESS|SPIN COAT PHOTORESIST|SOFT BAKE
valid_0066,PASSIVATION ETCH|STRIP PHOTORESIST|CLEAN PAD OPENING|MEASURE PAD OPENING|BACKSIDE GRIND|MEASURE THICKNESS|BACKSIDE ETCH CLEAN|BACKSIDE RINSE|BACKSIDE DRY|BACKSIDE METALLIZATION PREP|DEPOSIT BACKSIDE METAL|BACKSIDE ANNEAL|MEASURE BACKSIDE CONTACT|FINAL CLEAN|FINAL THICKNESS MEASURE|FINAL GEOMETRY CHECK|FINAL CD INSPECTION|FINAL PARTICLE INSPECTION|PARAMETRIC TEST|LEAKAGE TEST|BREAKDOWN VOLTAGE TEST|SWITCHING TEST|YIELD ANALYSIS|WAFER SORT TEST|FINAL LOT RELEASE|SHIP LOT
valid_0067,MEASURE VIA CD|DEPOSIT BARRIER METAL|DEPOSIT METAL SEED|FILL VIA METAL|CMP VIA FILL|MEASURE CONTACT RESISTANCE|DEPOSIT TOP METAL|ANNEAL METAL|SPIN COAT PHOTORESIST|SOFT BAKE|ALIGN MASK LEVEL 2|EXPOSE LITHO LEVEL 2|DEVELOP PHOTORESIST|PATTERN INSPECTION LEVEL 2|POLYSILICON ETCH DRY|STRIP RESIST LEVEL 2|CLEAN AFTER POLY ETCH|MEASURE CD LEVEL 2|IMPLANT N-TYPE|PRE ANNEAL CHECK|RAPID THERMAL ANNEAL|MEASURE SHEET RESISTANCE|DEPOSIT GATE OXIDE OR DIELECTRIC|ANNEAL DIELECTRIC|MEASURE OXIDE QUALITY|DEPOSIT POLYSILICON|POLYSILICON ANNEAL|MEASURE POLY THICKNESS|SPIN COAT PHOTORESIST|SOFT BAKE
valid_0068,DEVELOP PHOTORESIST|PASSIVATION ETCH|STRIP RESIST|CLEAN PAD OPENING|MEASURE PAD OPENING|BACKSIDE GRIND|MEASURE THICKNESS|BACKSIDE ETCH CLEAN|BACKSIDE RINSE|BACKSIDE DRY|BACKSIDE METALLIZATION PREP|DEPOSIT BACKSIDE METAL|BACKSIDE ANNEAL|MEASURE BACKSIDE CONTACT|FINAL CLEAN|FINAL THICKNESS MEASURE|FINAL GEOMETRY CHECK|FINAL CD INSPECTION|FINAL PARTICLE INSPECTION|PARAMETRIC TEST|LEAKAGE TEST|BREAKDOWN VOLTAGE TEST|SWITCHING TEST|YIELD ANALYSIS|WAFER SORT TEST|FINAL LOT RELEASE|SHIP LOT
valid_0069,DEPOSIT BARRIER METAL|DEPOSIT METAL SEED|FILL VIA METAL|CMP VIA FILL|MEASURE CONTACT RESISTANCE|DEPOSIT TOP METAL|ANNEAL METAL|SPIN COAT PHOTORESIST|SOFT BAKE|ALIGN MASK LEVEL 2|EXPOSE LITHO LEVEL 2|DEVELOP PHOTORESIST|PATTERN INSPECTION LEVEL 2|POLYSILICON ETCH DRY|STRIP RESIST LEVEL 2|CLEAN AFTER POLY ETCH|MEASURE CD LEVEL 2|IMPLANT N-TYPE|PRE ANNEAL CHECK|RAPID THERMAL ANNEAL|MEASURE SHEET RESISTANCE|DEPOSIT GATE OXIDE OR DIELECTRIC|ANNEAL DIELECTRIC|MEASURE OXIDE QUALITY|DEPOSIT POLYSILICON|POLYSILICON ANNEAL|MEASURE POLY THICKNESS|SPIN COAT PHOTORESIST|SOFT BAKE
valid_0070,CLEAN PAD OPENING|MEASURE PAD OPENING|BACKSIDE GRIND|MEASURE THICKNESS|BACKSIDE ETCH CLEAN|BACKSIDE RINSE|BACKSIDE DRY|BACKSIDE METALLIZATION PREP|DEPOSIT BACKSIDE METAL|BACKSIDE ANNEAL|MEASURE BACKSIDE CONTACT|FINAL CLEAN|FINAL THICKNESS MEASURE|FINAL GEOMETRY CHECK|FINAL CD INSPECTION|FINAL PARTICLE INSPECTION|PARAMETRIC TEST|LEAKAGE TEST|BREAKDOWN VOLTAGE TEST|SWITCHING TEST|YIELD ANALYSIS|WAFER SORT TEST|FINAL LOT RELEASE|SHIP LOT
valid_0071,MEASURE VIA CD|DEPOSIT BARRIER METAL|DEPOSIT METAL SEED|FILL VIA METAL|CMP VIA FILL|MEASURE CONTACT RESISTANCE|DEPOSIT TOP METAL|ANNEAL METAL|SPIN COAT PHOTORESIST|SOFT BAKE|ALIGN MASK LEVEL 2|EXPOSE LITHO LEVEL 2|DEVELOP PHOTORESIST|PATTERN INSPECTION LEVEL 2|POLYSILICON ETCH DRY|STRIP RESIST LEVEL 2|CLEAN AFTER POLY ETCH|MEASURE CD LEVEL 2|IMPLANT N-TYPE|PRE ANNEAL CHECK|RAPID THERMAL ANNEAL|MEASURE SHEET RESISTANCE|DEPOSIT GATE OXIDE OR DIELECTRIC|ANNEAL DIELECTRIC|MEASURE OXIDE QUALITY|DEPOSIT POLYSILICON|POLYSILICON ANNEAL|MEASURE POLY THICKNESS|SPIN COAT PHOTORESIST|SOFT BAKE
valid_0072,PASSIVATION ETCH PAD OPENING|STRIP PHOTORESIST|CLEAN PAD OPENING|MEASURE PAD OPENING|BACKSIDE GRIND|MEASURE THICKNESS|BACKSIDE ETCH CLEAN|BACKSIDE RINSE|BACKSIDE DRY|BACKSIDE METALLIZATION PREP|DEPOSIT BACKSIDE METAL|BACKSIDE ANNEAL|MEASURE BACKSIDE CONTACT|FINAL CLEAN|FINAL THICKNESS MEASURE|FINAL GEOMETRY CHECK|FINAL CD INSPECTION|FINAL PARTICLE INSPECTION|PARAMETRIC TEST|LEAKAGE TEST|BREAKDOWN VOLTAGE TEST|SWITCHING TEST|YIELD ANALYSIS|WAFER SORT TEST|FINAL LOT RELEASE|SHIP LOT
valid_0073,DEPOSIT BARRIER METAL|DEPOSIT METAL SEED|FILL VIA METAL|CMP VIA FILL|MEASURE CONTACT RESISTANCE|DEPOSIT TOP METAL|ANNEAL METAL|SPIN COAT PHOTORESIST|SOFT BAKE|ALIGN MASK LEVEL 2|EXPOSE LITHO LEVEL 2|DEVELOP PHOTORESIST|PATTERN INSPECTION LEVEL 2|POLYSILICON ETCH DRY|STRIP RESIST LEVEL 2|CLEAN AFTER POLY ETCH|MEASURE CD LEVEL 2|IMPLANT N-TYPE|PRE ANNEAL CHECK|RAPID THERMAL ANNEAL|MEASURE SHEET RESISTANCE|DEPOSIT GATE OXIDE OR DIELECTRIC|ANNEAL DIELECTRIC|MEASURE OXIDE QUALITY|DEPOSIT POLYSILICON|POLYSILICON ANNEAL|MEASURE POLY THICKNESS|SPIN COAT PHOTORESIST|SOFT BAKE
valid_0074,PASSIVATION ETCH|STRIP PHOTORESIST|CLEAN PAD OPENING|MEASURE PAD OPENING|BACKSIDE GRIND|MEASURE THICKNESS|BACKSIDE ETCH CLEAN|BACKSIDE RINSE|BACKSIDE DRY|BACKSIDE METALLIZATION PREP|DEPOSIT BACKSIDE METAL|BACKSIDE ANNEAL|MEASURE BACKSIDE CONTACT|FINAL CLEAN|FINAL THICKNESS MEASURE|FINAL GEOMETRY CHECK|FINAL CD INSPECTION|FINAL PARTICLE INSPECTION|PARAMETRIC TEST|LEAKAGE TEST|BREAKDOWN VOLTAGE TEST|SWITCHING TEST|YIELD ANALYSIS|WAFER SORT TEST|FINAL LOT RELEASE|SHIP LOT
valid_0075,STRIP RESIST|CLEAN AFTER VIA ETCH|MEASURE VIA CD|DEPOSIT BARRIER METAL|DEPOSIT METAL SEED|FILL VIA METAL|CMP VIA FILL|MEASURE CONTACT RESISTANCE|DEPOSIT TOP METAL|ANNEAL METAL|SPIN COAT PHOTORESIST|SOFT BAKE|ALIGN MASK LEVEL 2|EXPOSE LITHO LEVEL 2|DEVELOP PHOTORESIST|PATTERN INSPECTION LEVEL 2|POLYSILICON ETCH DRY|STRIP RESIST LEVEL 2|CLEAN AFTER POLY ETCH|MEASURE CD LEVEL 2|IMPLANT N-TYPE|PRE ANNEAL CHECK|RAPID THERMAL ANNEAL|MEASURE SHEET RESISTANCE|DEPOSIT GATE OXIDE OR DIELECTRIC|ANNEAL DIELECTRIC|MEASURE OXIDE QUALITY|DEPOSIT POLYSILICON|POLYSILICON ANNEAL|MEASURE POLY THICKNESS|SPIN COAT PHOTORESIST|SOFT BAKE
valid_0076,DEVELOP PHOTORESIST|PASSIVATION ETCH|STRIP RESIST|CLEAN PAD OPENING|MEASURE PAD OPENING|BACKSIDE GRIND|MEASURE THICKNESS|BACKSIDE ETCH CLEAN|BACKSIDE RINSE|BACKSIDE DRY|BACKSIDE METALLIZATION PREP|DEPOSIT BACKSIDE METAL|BACKSIDE ANNEAL|MEASURE BACKSIDE CONTACT|FINAL CLEAN|FINAL THICKNESS MEASURE|FINAL GEOMETRY CHECK|FINAL CD INSPECTION|FINAL PARTICLE INSPECTION|PARAMETRIC TEST|LEAKAGE TEST|BREAKDOWN VOLTAGE TEST|SWITCHING TEST|YIELD ANALYSIS|WAFER SORT TEST|FINAL LOT RELEASE|SHIP LOT
valid_0077,MEASURE VIA CD|DEPOSIT BARRIER METAL|DEPOSIT METAL SEED|FILL VIA METAL|CMP VIA FILL|MEASURE CONTACT RESISTANCE|DEPOSIT TOP METAL|ANNEAL METAL|SPIN COAT PHOTORESIST|SOFT BAKE|ALIGN MASK LEVEL 2|EXPOSE LITHO LEVEL 2|DEVELOP PHOTORESIST|PATTERN INSPECTION LEVEL 2|POLYSILICON ETCH DRY|STRIP RESIST LEVEL 2|CLEAN AFTER POLY ETCH|MEASURE CD LEVEL 2|IMPLANT N-TYPE|PRE ANNEAL CHECK|RAPID THERMAL ANNEAL|MEASURE SHEET RESISTANCE|DEPOSIT GATE OXIDE OR DIELECTRIC|ANNEAL DIELECTRIC|MEASURE OXIDE QUALITY|DEPOSIT POLYSILICON|POLYSILICON ANNEAL|MEASURE POLY THICKNESS|SPIN COAT PHOTORESIST|SOFT BAKE
valid_0078,DEVELOP PHOTORESIST|PASSIVATION ETCH|STRIP RESIST|CLEAN PAD OPENING|MEASURE PAD OPENING|BACKSIDE GRIND|MEASURE THICKNESS|BACKSIDE ETCH CLEAN|BACKSIDE RINSE|BACKSIDE DRY|BACKSIDE METALLIZATION PREP|DEPOSIT BACKSIDE METAL|BACKSIDE ANNEAL|MEASURE BACKSIDE CONTACT|FINAL CLEAN|FINAL THICKNESS MEASURE|FINAL GEOMETRY CHECK|FINAL CD INSPECTION|FINAL PARTICLE INSPECTION|PARAMETRIC TEST|LEAKAGE TEST|BREAKDOWN VOLTAGE TEST|SWITCHING TEST|YIELD ANALYSIS|WAFER SORT TEST|FINAL LOT RELEASE|SHIP LOT
valid_0079,CLEAN AFTER VIA ETCH|MEASURE VIA CD|DEPOSIT BARRIER METAL|DEPOSIT METAL SEED|FILL VIA METAL|CMP VIA FILL|MEASURE CONTACT RESISTANCE|DEPOSIT TOP METAL|ANNEAL METAL|SPIN COAT PHOTORESIST|SOFT BAKE|ALIGN MASK LEVEL 2|EXPOSE LITHO LEVEL 2|DEVELOP PHOTORESIST|PATTERN INSPECTION LEVEL 2|POLYSILICON ETCH DRY|STRIP RESIST LEVEL 2|CLEAN AFTER POLY ETCH|MEASURE CD LEVEL 2|IMPLANT N-TYPE|PRE ANNEAL CHECK|RAPID THERMAL ANNEAL|MEASURE SHEET RESISTANCE|DEPOSIT GATE OXIDE OR DIELECTRIC|ANNEAL DIELECTRIC|MEASURE OXIDE QUALITY|DEPOSIT POLYSILICON|POLYSILICON ANNEAL|MEASURE POLY THICKNESS|SPIN COAT PHOTORESIST|SOFT BAKE
valid_0080,STRIP RESIST|CLEAN PAD OPENING|MEASURE PAD OPENING|BACKSIDE GRIND|MEASURE THICKNESS|BACKSIDE ETCH CLEAN|BACKSIDE RINSE|BACKSIDE DRY|BACKSIDE METALLIZATION PREP|DEPOSIT BACKSIDE METAL|BACKSIDE ANNEAL|MEASURE BACKSIDE CONTACT|FINAL CLEAN|FINAL THICKNESS MEASURE|FINAL GEOMETRY CHECK|FINAL CD INSPECTION|FINAL PARTICLE INSPECTION|PARAMETRIC TEST|LEAKAGE TEST|BREAKDOWN VOLTAGE TEST|SWITCHING TEST|YIELD ANALYSIS|WAFER SORT TEST|FINAL LOT RELEASE|SHIP LOT
valid_0081,DEPOSIT BARRIER METAL|DEPOSIT METAL SEED|FILL VIA METAL|CMP VIA FILL|MEASURE CONTACT RESISTANCE|DEPOSIT TOP METAL|ANNEAL METAL|SPIN COAT PHOTORESIST|SOFT BAKE|ALIGN MASK LEVEL 2|EXPOSE LITHO LEVEL 2|DEVELOP PHOTORESIST|PATTERN INSPECTION LEVEL 2|POLYSILICON ETCH DRY|STRIP RESIST LEVEL 2|CLEAN AFTER POLY ETCH|MEASURE CD LEVEL 2|IMPLANT N-TYPE|PRE ANNEAL CHECK|RAPID THERMAL ANNEAL|MEASURE SHEET RESISTANCE|DEPOSIT GATE OXIDE OR DIELECTRIC|ANNEAL DIELECTRIC|MEASURE OXIDE QUALITY|DEPOSIT POLYSILICON|POLYSILICON ANNEAL|MEASURE POLY THICKNESS|SPIN COAT PHOTORESIST|SOFT BAKE
valid_0082,STRIP RESIST|CLEAN PAD OPENING|MEASURE PAD OPENING|BACKSIDE GRIND|MEASURE THICKNESS|BACKSIDE ETCH CLEAN|BACKSIDE RINSE|BACKSIDE DRY|BACKSIDE METALLIZATION PREP|DEPOSIT BACKSIDE METAL|BACKSIDE ANNEAL|MEASURE BACKSIDE CONTACT|FINAL CLEAN|FINAL THICKNESS MEASURE|FINAL GEOMETRY CHECK|FINAL CD INSPECTION|FINAL PARTICLE INSPECTION|PARAMETRIC TEST|LEAKAGE TEST|BREAKDOWN VOLTAGE TEST|SWITCHING TEST|YIELD ANALYSIS|WAFER SORT TEST|FINAL LOT RELEASE|SHIP LOT
valid_0083,MEASURE VIA CD|DEPOSIT BARRIER METAL|DEPOSIT METAL SEED|FILL VIA METAL|CMP VIA FILL|MEASURE CONTACT RESISTANCE|DEPOSIT TOP METAL|ANNEAL METAL|SPIN COAT PHOTORESIST|SOFT BAKE|ALIGN MASK LEVEL 2|EXPOSE LITHO LEVEL 2|DEVELOP PHOTORESIST|PATTERN INSPECTION LEVEL 2|POLYSILICON ETCH DRY|STRIP RESIST LEVEL 2|CLEAN AFTER POLY ETCH|MEASURE CD LEVEL 2|IMPLANT N-TYPE|PRE ANNEAL CHECK|RAPID THERMAL ANNEAL|MEASURE SHEET RESISTANCE|DEPOSIT GATE OXIDE OR DIELECTRIC|ANNEAL DIELECTRIC|MEASURE OXIDE QUALITY|DEPOSIT POLYSILICON|POLYSILICON ANNEAL|MEASURE POLY THICKNESS|SPIN COAT PHOTORESIST|SOFT BAKE
valid_0084,STRIP PHOTORESIST|CLEAN PAD OPENING|MEASURE PAD OPENING|BACKSIDE GRIND|MEASURE THICKNESS|BACKSIDE ETCH CLEAN|BACKSIDE RINSE|BACKSIDE DRY|BACKSIDE METALLIZATION PREP|DEPOSIT BACKSIDE METAL|BACKSIDE ANNEAL|MEASURE BACKSIDE CONTACT|FINAL CLEAN|FINAL THICKNESS MEASURE|FINAL GEOMETRY CHECK|FINAL CD INSPECTION|FINAL PARTICLE INSPECTION|PARAMETRIC TEST|LEAKAGE TEST|BREAKDOWN VOLTAGE TEST|SWITCHING TEST|YIELD ANALYSIS|WAFER SORT TEST|FINAL LOT RELEASE|SHIP LOT
valid_0085,CLEAN AFTER VIA ETCH|MEASURE VIA CD|DEPOSIT BARRIER METAL|DEPOSIT METAL SEED|FILL VIA METAL|CMP VIA FILL|MEASURE CONTACT RESISTANCE|DEPOSIT TOP METAL|ANNEAL METAL|SPIN COAT PHOTORESIST|SOFT BAKE|ALIGN MASK LEVEL 2|EXPOSE LITHO LEVEL 2|DEVELOP PHOTORESIST|PATTERN INSPECTION LEVEL 2|POLYSILICON ETCH DRY|STRIP RESIST LEVEL 2|CLEAN AFTER POLY ETCH|MEASURE CD LEVEL 2|IMPLANT N-TYPE|PRE ANNEAL CHECK|RAPID THERMAL ANNEAL|MEASURE SHEET RESISTANCE|DEPOSIT GATE OXIDE OR DIELECTRIC|ANNEAL DIELECTRIC|MEASURE OXIDE QUALITY|DEPOSIT POLYSILICON|POLYSILICON ANNEAL|MEASURE POLY THICKNESS|SPIN COAT PHOTORESIST|SOFT BAKE
valid_0086,PASSIVATION ETCH|STRIP RESIST|CLEAN PAD OPENING|MEASURE PAD OPENING|BACKSIDE GRIND|MEASURE THICKNESS|BACKSIDE ETCH CLEAN|BACKSIDE RINSE|BACKSIDE DRY|BACKSIDE METALLIZATION PREP|DEPOSIT BACKSIDE METAL|BACKSIDE ANNEAL|MEASURE BACKSIDE CONTACT|FINAL CLEAN|FINAL THICKNESS MEASURE|FINAL GEOMETRY CHECK|FINAL CD INSPECTION|FINAL PARTICLE INSPECTION|PARAMETRIC TEST|LEAKAGE TEST|BREAKDOWN VOLTAGE TEST|SWITCHING TEST|YIELD ANALYSIS|WAFER SORT TEST|FINAL LOT RELEASE|SHIP LOT
valid_0087,MEASURE VIA CD|DEPOSIT BARRIER METAL|DEPOSIT METAL SEED|FILL VIA METAL|CMP VIA FILL|MEASURE CONTACT RESISTANCE|DEPOSIT TOP METAL|ANNEAL METAL|SPIN COAT PHOTORESIST|SOFT BAKE|ALIGN MASK LEVEL 2|EXPOSE LITHO LEVEL 2|DEVELOP PHOTORESIST|PATTERN INSPECTION LEVEL 2|POLYSILICON ETCH DRY|STRIP RESIST LEVEL 2|CLEAN AFTER POLY ETCH|MEASURE CD LEVEL 2|IMPLANT N-TYPE|PRE ANNEAL CHECK|RAPID THERMAL ANNEAL|MEASURE SHEET RESISTANCE|DEPOSIT GATE OXIDE OR DIELECTRIC|ANNEAL DIELECTRIC|MEASURE OXIDE QUALITY|DEPOSIT POLYSILICON|POLYSILICON ANNEAL|MEASURE POLY THICKNESS|SPIN COAT PHOTORESIST|SOFT BAKE
valid_0088,PASSIVATION ETCH PAD OPENING|STRIP PHOTORESIST|CLEAN PAD OPENING|MEASURE PAD OPENING|BACKSIDE GRIND|MEASURE THICKNESS|BACKSIDE ETCH CLEAN|BACKSIDE RINSE|BACKSIDE DRY|BACKSIDE METALLIZATION PREP|DEPOSIT BACKSIDE METAL|BACKSIDE ANNEAL|MEASURE BACKSIDE CONTACT|FINAL CLEAN|FINAL THICKNESS MEASURE|FINAL GEOMETRY CHECK|FINAL CD INSPECTION|FINAL PARTICLE INSPECTION|PARAMETRIC TEST|LEAKAGE TEST|BREAKDOWN VOLTAGE TEST|SWITCHING TEST|YIELD ANALYSIS|WAFER SORT TEST|FINAL LOT RELEASE|SHIP LOT
valid_0089,CLEAN AFTER VIA ETCH|MEASURE VIA CD|DEPOSIT BARRIER METAL|DEPOSIT METAL SEED|FILL VIA METAL|CMP VIA FILL|MEASURE CONTACT RESISTANCE|DEPOSIT TOP METAL|ANNEAL METAL|SPIN COAT PHOTORESIST|SOFT BAKE|ALIGN MASK LEVEL 2|EXPOSE LITHO LEVEL 2|DEVELOP PHOTORESIST|PATTERN INSPECTION LEVEL 2|POLYSILICON ETCH DRY|STRIP RESIST LEVEL 2|CLEAN AFTER POLY ETCH|MEASURE CD LEVEL 2|IMPLANT N-TYPE|PRE ANNEAL CHECK|RAPID THERMAL ANNEAL|MEASURE SHEET RESISTANCE|DEPOSIT GATE OXIDE OR DIELECTRIC|ANNEAL DIELECTRIC|MEASURE OXIDE QUALITY|DEPOSIT POLYSILICON|POLYSILICON ANNEAL|MEASURE POLY THICKNESS|SPIN COAT PHOTORESIST|SOFT BAKE
valid_0090,PASSIVATION ETCH PAD OPENING|STRIP RESIST|CLEAN PAD OPENING|MEASURE PAD OPENING|BACKSIDE GRIND|MEASURE THICKNESS|BACKSIDE ETCH CLEAN|BACKSIDE RINSE|BACKSIDE DRY|BACKSIDE METALLIZATION PREP|DEPOSIT BACKSIDE METAL|BACKSIDE ANNEAL|MEASURE BACKSIDE CONTACT|FINAL CLEAN|FINAL THICKNESS MEASURE|FINAL GEOMETRY CHECK|FINAL CD INSPECTION|FINAL PARTICLE INSPECTION|PARAMETRIC TEST|LEAKAGE TEST|BREAKDOWN VOLTAGE TEST|SWITCHING TEST|YIELD ANALYSIS|WAFER SORT TEST|FINAL LOT RELEASE|SHIP LOT
valid_0091,VIA ETCH THROUGH DIELECTRIC|STRIP RESIST|CLEAN AFTER VIA ETCH|MEASURE VIA CD|DEPOSIT BARRIER METAL|DEPOSIT METAL SEED|FILL VIA METAL|CMP VIA FILL|MEASURE CONTACT RESISTANCE|DEPOSIT TOP METAL|ANNEAL METAL|SPIN COAT PHOTORESIST|SOFT BAKE|ALIGN MASK LEVEL 2|EXPOSE LITHO LEVEL 2|DEVELOP PHOTORESIST|PATTERN INSPECTION LEVEL 2|POLYSILICON ETCH DRY|STRIP RESIST LEVEL 2|CLEAN AFTER POLY ETCH|MEASURE CD LEVEL 2|IMPLANT N-TYPE|PRE ANNEAL CHECK|RAPID THERMAL ANNEAL|MEASURE SHEET RESISTANCE|DEPOSIT GATE OXIDE OR DIELECTRIC|ANNEAL DIELECTRIC|MEASURE OXIDE QUALITY|DEPOSIT POLYSILICON|POLYSILICON ANNEAL|MEASURE POLY THICKNESS|SPIN COAT PHOTORESIST|SOFT BAKE
valid_0092,DEVELOP PHOTORESIST|PASSIVATION ETCH|STRIP RESIST|CLEAN PAD OPENING|MEASURE PAD OPENING|BACKSIDE GRIND|MEASURE THICKNESS|BACKSIDE ETCH CLEAN|BACKSIDE RINSE|BACKSIDE DRY|BACKSIDE METALLIZATION PREP|DEPOSIT BACKSIDE METAL|BACKSIDE ANNEAL|MEASURE BACKSIDE CONTACT|FINAL CLEAN|FINAL THICKNESS MEASURE|FINAL GEOMETRY CHECK|FINAL CD INSPECTION|FINAL PARTICLE INSPECTION|PARAMETRIC TEST|LEAKAGE TEST|BREAKDOWN VOLTAGE TEST|SWITCHING TEST|YIELD ANALYSIS|WAFER SORT TEST|FINAL LOT RELEASE|SHIP LOT
valid_0093,CLEAN AFTER VIA ETCH|MEASURE VIA CD|DEPOSIT BARRIER METAL|DEPOSIT METAL SEED|FILL VIA METAL|CMP VIA FILL|MEASURE CONTACT RESISTANCE|DEPOSIT TOP METAL|ANNEAL METAL|SPIN COAT PHOTORESIST|SOFT BAKE|ALIGN MASK LEVEL 2|EXPOSE LITHO LEVEL 2|DEVELOP PHOTORESIST|PATTERN INSPECTION LEVEL 2|POLYSILICON ETCH DRY|STRIP RESIST LEVEL 2|CLEAN AFTER POLY ETCH|MEASURE CD LEVEL 2|IMPLANT N-TYPE|PRE ANNEAL CHECK|RAPID THERMAL ANNEAL|MEASURE SHEET RESISTANCE|DEPOSIT GATE OXIDE OR DIELECTRIC|ANNEAL DIELECTRIC|MEASURE OXIDE QUALITY|DEPOSIT POLYSILICON|POLYSILICON ANNEAL|MEASURE POLY THICKNESS|SPIN COAT PHOTORESIST|SOFT BAKE
valid_0094,STRIP RESIST|CLEAN PAD OPENING|MEASURE PAD OPENING|BACKSIDE GRIND|MEASURE THICKNESS|BACKSIDE ETCH CLEAN|BACKSIDE RINSE|BACKSIDE DRY|BACKSIDE METALLIZATION PREP|DEPOSIT BACKSIDE METAL|BACKSIDE ANNEAL|MEASURE BACKSIDE CONTACT|FINAL CLEAN|FINAL THICKNESS MEASURE|FINAL GEOMETRY CHECK|FINAL CD INSPECTION|FINAL PARTICLE INSPECTION|PARAMETRIC TEST|LEAKAGE TEST|BREAKDOWN VOLTAGE TEST|SWITCHING TEST|YIELD ANALYSIS|WAFER SORT TEST|FINAL LOT RELEASE|SHIP LOT
valid_0095,CLEAN AFTER VIA ETCH|MEASURE VIA CD|DEPOSIT BARRIER METAL|DEPOSIT METAL SEED|FILL VIA METAL|CMP VIA FILL|MEASURE CONTACT RESISTANCE|DEPOSIT TOP METAL|ANNEAL METAL|SPIN COAT PHOTORESIST|SOFT BAKE|ALIGN MASK LEVEL 2|EXPOSE LITHO LEVEL 2|DEVELOP PHOTORESIST|PATTERN INSPECTION LEVEL 2|POLYSILICON ETCH DRY|STRIP RESIST LEVEL 2|CLEAN AFTER POLY ETCH|MEASURE CD LEVEL 2|IMPLANT N-TYPE|PRE ANNEAL CHECK|RAPID THERMAL ANNEAL|MEASURE SHEET RESISTANCE|DEPOSIT GATE OXIDE OR DIELECTRIC|ANNEAL DIELECTRIC|MEASURE OXIDE QUALITY|DEPOSIT POLYSILICON|POLYSILICON ANNEAL|MEASURE POLY THICKNESS|SPIN COAT PHOTORESIST|SOFT BAKE
valid_0096,STRIP PHOTORESIST|CLEAN PAD OPENING|MEASURE PAD OPENING|BACKSIDE GRIND|MEASURE THICKNESS|BACKSIDE ETCH CLEAN|BACKSIDE RINSE|BACKSIDE DRY|BACKSIDE METALLIZATION PREP|DEPOSIT BACKSIDE METAL|BACKSIDE ANNEAL|MEASURE BACKSIDE CONTACT|FINAL CLEAN|FINAL THICKNESS MEASURE|FINAL GEOMETRY CHECK|FINAL CD INSPECTION|FINAL PARTICLE INSPECTION|PARAMETRIC TEST|LEAKAGE TEST|BREAKDOWN VOLTAGE TEST|SWITCHING TEST|YIELD ANALYSIS|WAFER SORT TEST|FINAL LOT RELEASE|SHIP LOT
valid_0097,MEASURE VIA CD|DEPOSIT BARRIER METAL|DEPOSIT METAL SEED|FILL VIA METAL|CMP VIA FILL|MEASURE CONTACT RESISTANCE|DEPOSIT TOP METAL|ANNEAL METAL|SPIN COAT PHOTORESIST|SOFT BAKE|ALIGN MASK LEVEL 2|EXPOSE LITHO LEVEL 2|DEVELOP PHOTORESIST|PATTERN INSPECTION LEVEL 2|POLYSILICON ETCH DRY|STRIP RESIST LEVEL 2|CLEAN AFTER POLY ETCH|MEASURE CD LEVEL 2|IMPLANT N-TYPE|PRE ANNEAL CHECK|RAPID THERMAL ANNEAL|MEASURE SHEET RESISTANCE|DEPOSIT GATE OXIDE OR DIELECTRIC|ANNEAL DIELECTRIC|MEASURE OXIDE QUALITY|DEPOSIT POLYSILICON|POLYSILICON ANNEAL|MEASURE POLY THICKNESS|SPIN COAT PHOTORESIST|SOFT BAKE
valid_0098,STRIP RESIST|CLEAN PAD OPENING|MEASURE PAD OPENING|BACKSIDE GRIND|MEASURE THICKNESS|BACKSIDE ETCH CLEAN|BACKSIDE RINSE|BACKSIDE DRY|BACKSIDE METALLIZATION PREP|DEPOSIT BACKSIDE METAL|BACKSIDE ANNEAL|MEASURE BACKSIDE CONTACT|FINAL CLEAN|FINAL THICKNESS MEASURE|FINAL GEOMETRY CHECK|FINAL CD INSPECTION|FINAL PARTICLE INSPECTION|PARAMETRIC TEST|LEAKAGE TEST|BREAKDOWN VOLTAGE TEST|SWITCHING TEST|YIELD ANALYSIS|WAFER SORT TEST|FINAL LOT RELEASE|SHIP LOT
valid_0099,MEASURE VIA CD|DEPOSIT BARRIER METAL|DEPOSIT METAL SEED|FILL VIA METAL|CMP VIA FILL|MEASURE CONTACT RESISTANCE|DEPOSIT TOP METAL|ANNEAL METAL|SPIN COAT PHOTORESIST|SOFT BAKE|ALIGN MASK LEVEL 2|EXPOSE LITHO LEVEL 2|DEVELOP PHOTORESIST|PATTERN INSPECTION LEVEL 2|POLYSILICON ETCH DRY|STRIP RESIST LEVEL 2|CLEAN AFTER POLY ETCH|MEASURE CD LEVEL 2|IMPLANT N-TYPE|PRE ANNEAL CHECK|RAPID THERMAL ANNEAL|MEASURE SHEET RESISTANCE|DEPOSIT GATE OXIDE OR DIELECTRIC|ANNEAL DIELECTRIC|MEASURE OXIDE QUALITY|DEPOSIT POLYSILICON|POLYSILICON ANNEAL|MEASURE POLY THICKNESS|SPIN COAT PHOTORESIST|SOFT BAKE
valid_0100,PASSIVATION ETCH|STRIP PHOTORESIST|CLEAN PAD OPENING|MEASURE PAD OPENING|BACKSIDE GRIND|MEASURE THICKNESS|BACKSIDE ETCH CLEAN|BACKSIDE RINSE|BACKSIDE DRY|BACKSIDE METALLIZATION PREP|DEPOSIT BACKSIDE METAL|BACKSIDE ANNEAL|MEASURE BACKSIDE CONTACT|FINAL CLEAN|FINAL THICKNESS MEASURE|FINAL GEOMETRY CHECK|FINAL CD INSPECTION|FINAL PARTICLE INSPECTION|PARAMETRIC TEST|LEAKAGE TEST|BREAKDOWN VOLTAGE TEST|SWITCHING TEST|YIELD ANALYSIS|WAFER SORT TEST|FINAL LOT RELEASE|SHIP LOT
valid_0101,CLEAN AFTER VIA ETCH|MEASURE VIA CD|DEPOSIT BARRIER METAL|DEPOSIT METAL SEED|FILL VIA METAL|CMP VIA FILL|MEASURE CONTACT RESISTANCE|DEPOSIT TOP METAL|ANNEAL METAL|SPIN COAT PHOTORESIST|SOFT BAKE|ALIGN MASK LEVEL 2|EXPOSE LITHO LEVEL 2|DEVELOP PHOTORESIST|PATTERN INSPECTION LEVEL 2|POLYSILICON ETCH DRY|STRIP RESIST LEVEL 2|CLEAN AFTER POLY ETCH|MEASURE CD LEVEL 2|IMPLANT N-TYPE|PRE ANNEAL CHECK|RAPID THERMAL ANNEAL|MEASURE SHEET RESISTANCE|DEPOSIT GATE OXIDE OR DIELECTRIC|ANNEAL DIELECTRIC|MEASURE OXIDE QUALITY|DEPOSIT POLYSILICON|POLYSILICON ANNEAL|MEASURE POLY THICKNESS|SPIN COAT PHOTORESIST|SOFT BAKE
valid_0102,DEVELOP PHOTORESIST|PASSIVATION ETCH|STRIP RESIST|CLEAN PAD OPENING|MEASURE PAD OPENING|BACKSIDE GRIND|MEASURE THICKNESS|BACKSIDE ETCH CLEAN|BACKSIDE RINSE|BACKSIDE DRY|BACKSIDE METALLIZATION PREP|DEPOSIT BACKSIDE METAL|BACKSIDE ANNEAL|MEASURE BACKSIDE CONTACT|FINAL CLEAN|FINAL THICKNESS MEASURE|FINAL GEOMETRY CHECK|FINAL CD INSPECTION|FINAL PARTICLE INSPECTION|PARAMETRIC TEST|LEAKAGE TEST|BREAKDOWN VOLTAGE TEST|SWITCHING TEST|YIELD ANALYSIS|WAFER SORT TEST|FINAL LOT RELEASE|SHIP LOT
valid_0103,DEPOSIT BARRIER METAL|DEPOSIT METAL SEED|FILL VIA METAL|CMP VIA FILL|MEASURE CONTACT RESISTANCE|DEPOSIT TOP METAL|ANNEAL METAL|SPIN COAT PHOTORESIST|SOFT BAKE|ALIGN MASK LEVEL 2|EXPOSE LITHO LEVEL 2|DEVELOP PHOTORESIST|PATTERN INSPECTION LEVEL 2|POLYSILICON ETCH DRY|STRIP RESIST LEVEL 2|CLEAN AFTER POLY ETCH|MEASURE CD LEVEL 2|IMPLANT N-TYPE|PRE ANNEAL CHECK|RAPID THERMAL ANNEAL|MEASURE SHEET RESISTANCE|DEPOSIT GATE OXIDE OR DIELECTRIC|ANNEAL DIELECTRIC|MEASURE OXIDE QUALITY|DEPOSIT POLYSILICON|POLYSILICON ANNEAL|MEASURE POLY THICKNESS|SPIN COAT PHOTORESIST|SOFT BAKE
valid_0104,STRIP RESIST|CLEAN PAD OPENING|MEASURE PAD OPENING|BACKSIDE GRIND|MEASURE THICKNESS|BACKSIDE ETCH CLEAN|BACKSIDE RINSE|BACKSIDE DRY|BACKSIDE METALLIZATION PREP|DEPOSIT BACKSIDE METAL|BACKSIDE ANNEAL|MEASURE BACKSIDE CONTACT|FINAL CLEAN|FINAL THICKNESS MEASURE|FINAL GEOMETRY CHECK|FINAL CD INSPECTION|FINAL PARTICLE INSPECTION|PARAMETRIC TEST|LEAKAGE TEST|BREAKDOWN VOLTAGE TEST|SWITCHING TEST|YIELD ANALYSIS|WAFER SORT TEST|FINAL LOT RELEASE|SHIP LOT
valid_0105,DEPOSIT BARRIER METAL|DEPOSIT METAL SEED|FILL VIA METAL|CMP VIA FILL|MEASURE CONTACT RESISTANCE|DEPOSIT TOP METAL|ANNEAL METAL|SPIN COAT PHOTORESIST|SOFT BAKE|ALIGN MASK LEVEL 2|EXPOSE LITHO LEVEL 2|DEVELOP PHOTORESIST|PATTERN INSPECTION LEVEL 2|POLYSILICON ETCH DRY|STRIP RESIST LEVEL 2|CLEAN AFTER POLY ETCH|MEASURE CD LEVEL 2|IMPLANT N-TYPE|PRE ANNEAL CHECK|RAPID THERMAL ANNEAL|MEASURE SHEET RESISTANCE|DEPOSIT GATE OXIDE OR DIELECTRIC|ANNEAL DIELECTRIC|MEASURE OXIDE QUALITY|DEPOSIT POLYSILICON|POLYSILICON ANNEAL|MEASURE POLY THICKNESS|SPIN COAT PHOTORESIST|SOFT BAKE
valid_0106,STRIP PHOTORESIST|CLEAN PAD OPENING|MEASURE PAD OPENING|BACKSIDE GRIND|MEASURE THICKNESS|BACKSIDE ETCH CLEAN|BACKSIDE RINSE|BACKSIDE DRY|BACKSIDE METALLIZATION PREP|DEPOSIT BACKSIDE METAL|BACKSIDE ANNEAL|MEASURE BACKSIDE CONTACT|FINAL CLEAN|FINAL THICKNESS MEASURE|FINAL GEOMETRY CHECK|FINAL CD INSPECTION|FINAL PARTICLE INSPECTION|PARAMETRIC TEST|LEAKAGE TEST|BREAKDOWN VOLTAGE TEST|SWITCHING TEST|YIELD ANALYSIS|WAFER SORT TEST|FINAL LOT RELEASE|SHIP LOT
valid_0107,MEASURE VIA CD|DEPOSIT BARRIER METAL|DEPOSIT METAL SEED|FILL VIA METAL|CMP VIA FILL|MEASURE CONTACT RESISTANCE|DEPOSIT TOP METAL|ANNEAL METAL|SPIN COAT PHOTORESIST|SOFT BAKE|ALIGN MASK LEVEL 2|EXPOSE LITHO LEVEL 2|DEVELOP PHOTORESIST|PATTERN INSPECTION LEVEL 2|POLYSILICON ETCH DRY|STRIP RESIST LEVEL 2|CLEAN AFTER POLY ETCH|MEASURE CD LEVEL 2|IMPLANT N-TYPE|PRE ANNEAL CHECK|RAPID THERMAL ANNEAL|MEASURE SHEET RESISTANCE|DEPOSIT GATE OXIDE OR DIELECTRIC|ANNEAL DIELECTRIC|MEASURE OXIDE QUALITY|DEPOSIT POLYSILICON|POLYSILICON ANNEAL|MEASURE POLY THICKNESS|SPIN COAT PHOTORESIST|SOFT BAKE
valid_0108,STRIP RESIST|CLEAN PAD OPENING|MEASURE PAD OPENING|BACKSIDE GRIND|MEASURE THICKNESS|BACKSIDE ETCH CLEAN|BACKSIDE RINSE|BACKSIDE DRY|BACKSIDE METALLIZATION PREP|DEPOSIT BACKSIDE METAL|BACKSIDE ANNEAL|MEASURE BACKSIDE CONTACT|FINAL CLEAN|FINAL THICKNESS MEASURE|FINAL GEOMETRY CHECK|FINAL CD INSPECTION|FINAL PARTICLE INSPECTION|PARAMETRIC TEST|LEAKAGE TEST|BREAKDOWN VOLTAGE TEST|SWITCHING TEST|YIELD ANALYSIS|WAFER SORT TEST|FINAL LOT RELEASE|SHIP LOT
valid_0109,MEASURE VIA CD|DEPOSIT BARRIER METAL|DEPOSIT METAL SEED|FILL VIA METAL|CMP VIA FILL|MEASURE CONTACT RESISTANCE|DEPOSIT TOP METAL|ANNEAL METAL|SPIN COAT PHOTORESIST|SOFT BAKE|ALIGN MASK LEVEL 2|EXPOSE LITHO LEVEL 2|DEVELOP PHOTORESIST|PATTERN INSPECTION LEVEL 2|POLYSILICON ETCH DRY|STRIP RESIST LEVEL 2|CLEAN AFTER POLY ETCH|MEASURE CD LEVEL 2|IMPLANT N-TYPE|PRE ANNEAL CHECK|RAPID THERMAL ANNEAL|MEASURE SHEET RESISTANCE|DEPOSIT GATE OXIDE OR DIELECTRIC|ANNEAL DIELECTRIC|MEASURE OXIDE QUALITY|DEPOSIT POLYSILICON|POLYSILICON ANNEAL|MEASURE POLY THICKNESS|SPIN COAT PHOTORESIST|SOFT BAKE
valid_0110,CLEAN PAD OPENING|MEASURE PAD OPENING|BACKSIDE GRIND|MEASURE THICKNESS|BACKSIDE ETCH CLEAN|BACKSIDE RINSE|BACKSIDE DRY|BACKSIDE METALLIZATION PREP|DEPOSIT BACKSIDE METAL|BACKSIDE ANNEAL|MEASURE BACKSIDE CONTACT|FINAL CLEAN|FINAL THICKNESS MEASURE|FINAL GEOMETRY CHECK|FINAL CD INSPECTION|FINAL PARTICLE INSPECTION|PARAMETRIC TEST|LEAKAGE TEST|BREAKDOWN VOLTAGE TEST|SWITCHING TEST|YIELD ANALYSIS|WAFER SORT TEST|FINAL LOT RELEASE|SHIP LOT
valid_0111,CLEAN AFTER VIA ETCH|MEASURE VIA CD|DEPOSIT BARRIER METAL|DEPOSIT METAL SEED|FILL VIA METAL|CMP VIA FILL|MEASURE CONTACT RESISTANCE|DEPOSIT TOP METAL|ANNEAL METAL|SPIN COAT PHOTORESIST|SOFT BAKE|ALIGN MASK LEVEL 2|EXPOSE LITHO LEVEL 2|DEVELOP PHOTORESIST|PATTERN INSPECTION LEVEL 2|POLYSILICON ETCH DRY|STRIP RESIST LEVEL 2|CLEAN AFTER POLY ETCH|MEASURE CD LEVEL 2|IMPLANT N-TYPE|PRE ANNEAL CHECK|RAPID THERMAL ANNEAL|MEASURE SHEET RESISTANCE|DEPOSIT GATE OXIDE OR DIELECTRIC|ANNEAL DIELECTRIC|MEASURE OXIDE QUALITY|DEPOSIT POLYSILICON|POLYSILICON ANNEAL|MEASURE POLY THICKNESS|SPIN COAT PHOTORESIST|SOFT BAKE
valid_0112,PASSIVATION ETCH|STRIP RESIST|CLEAN PAD OPENING|MEASURE PAD OPENING|BACKSIDE GRIND|MEASURE THICKNESS|BACKSIDE ETCH CLEAN|BACKSIDE RINSE|BACKSIDE DRY|BACKSIDE METALLIZATION PREP|DEPOSIT BACKSIDE METAL|BACKSIDE ANNEAL|MEASURE BACKSIDE CONTACT|FINAL CLEAN|FINAL THICKNESS MEASURE|FINAL GEOMETRY CHECK|FINAL CD INSPECTION|FINAL PARTICLE INSPECTION|PARAMETRIC TEST|LEAKAGE TEST|BREAKDOWN VOLTAGE TEST|SWITCHING TEST|YIELD ANALYSIS|WAFER SORT TEST|FINAL LOT RELEASE|SHIP LOT
valid_0113,MEASURE VIA CD|DEPOSIT BARRIER METAL|DEPOSIT METAL SEED|FILL VIA METAL|CMP VIA FILL|MEASURE CONTACT RESISTANCE|DEPOSIT TOP METAL|ANNEAL METAL|SPIN COAT PHOTORESIST|SOFT BAKE|ALIGN MASK LEVEL 2|EXPOSE LITHO LEVEL 2|DEVELOP PHOTORESIST|PATTERN INSPECTION LEVEL 2|POLYSILICON ETCH DRY|STRIP RESIST LEVEL 2|CLEAN AFTER POLY ETCH|MEASURE CD LEVEL 2|IMPLANT N-TYPE|PRE ANNEAL CHECK|RAPID THERMAL ANNEAL|MEASURE SHEET RESISTANCE|DEPOSIT GATE OXIDE OR DIELECTRIC|ANNEAL DIELECTRIC|MEASURE OXIDE QUALITY|DEPOSIT POLYSILICON|POLYSILICON ANNEAL|MEASURE POLY THICKNESS|SPIN COAT PHOTORESIST|SOFT BAKE
valid_0114,STRIP PHOTORESIST|CLEAN PAD OPENING|MEASURE PAD OPENING|BACKSIDE GRIND|MEASURE THICKNESS|BACKSIDE ETCH CLEAN|BACKSIDE RINSE|BACKSIDE DRY|BACKSIDE METALLIZATION PREP|DEPOSIT BACKSIDE METAL|BACKSIDE ANNEAL|MEASURE BACKSIDE CONTACT|FINAL CLEAN|FINAL THICKNESS MEASURE|FINAL GEOMETRY CHECK|FINAL CD INSPECTION|FINAL PARTICLE INSPECTION|PARAMETRIC TEST|LEAKAGE TEST|BREAKDOWN VOLTAGE TEST|SWITCHING TEST|YIELD ANALYSIS|WAFER SORT TEST|FINAL LOT RELEASE|SHIP LOT
valid_0115,CLEAN AFTER VIA ETCH|MEASURE VIA CD|DEPOSIT BARRIER METAL|DEPOSIT METAL SEED|FILL VIA METAL|CMP VIA FILL|MEASURE CONTACT RESISTANCE|DEPOSIT TOP METAL|ANNEAL METAL|SPIN COAT PHOTORESIST|SOFT BAKE|ALIGN MASK LEVEL 2|EXPOSE LITHO LEVEL 2|DEVELOP PHOTORESIST|PATTERN INSPECTION LEVEL 2|POLYSILICON ETCH DRY|STRIP RESIST LEVEL 2|CLEAN AFTER POLY ETCH|MEASURE CD LEVEL 2|IMPLANT N-TYPE|PRE ANNEAL CHECK|RAPID THERMAL ANNEAL|MEASURE SHEET RESISTANCE|DEPOSIT GATE OXIDE OR DIELECTRIC|ANNEAL DIELECTRIC|MEASURE OXIDE QUALITY|DEPOSIT POLYSILICON|POLYSILICON ANNEAL|MEASURE POLY THICKNESS|SPIN COAT PHOTORESIST|SOFT BAKE
valid_0116,DEVELOP PHOTORESIST|PASSIVATION ETCH PAD OPENING|STRIP RESIST|CLEAN PAD OPENING|MEASURE PAD OPENING|BACKSIDE GRIND|MEASURE THICKNESS|BACKSIDE ETCH CLEAN|BACKSIDE RINSE|BACKSIDE DRY|BACKSIDE METALLIZATION PREP|DEPOSIT BACKSIDE METAL|BACKSIDE ANNEAL|MEASURE BACKSIDE CONTACT|FINAL CLEAN|FINAL THICKNESS MEASURE|FINAL GEOMETRY CHECK|FINAL CD INSPECTION|FINAL PARTICLE INSPECTION|PARAMETRIC TEST|LEAKAGE TEST|BREAKDOWN VOLTAGE TEST|SWITCHING TEST|YIELD ANALYSIS|WAFER SORT TEST|FINAL LOT RELEASE|SHIP LOT
valid_0117,MEASURE VIA CD|DEPOSIT BARRIER METAL|DEPOSIT METAL SEED|FILL VIA METAL|CMP VIA FILL|MEASURE CONTACT RESISTANCE|DEPOSIT TOP METAL|ANNEAL METAL|SPIN COAT PHOTORESIST|SOFT BAKE|ALIGN MASK LEVEL 2|EXPOSE LITHO LEVEL 2|DEVELOP PHOTORESIST|PATTERN INSPECTION LEVEL 2|POLYSILICON ETCH DRY|STRIP RESIST LEVEL 2|CLEAN AFTER POLY ETCH|MEASURE CD LEVEL 2|IMPLANT N-TYPE|PRE ANNEAL CHECK|RAPID THERMAL ANNEAL|MEASURE SHEET RESISTANCE|DEPOSIT GATE OXIDE OR DIELECTRIC|ANNEAL DIELECTRIC|MEASURE OXIDE QUALITY|DEPOSIT POLYSILICON|POLYSILICON ANNEAL|MEASURE POLY THICKNESS|SPIN COAT PHOTORESIST|SOFT BAKE
valid_0118,PASSIVATION ETCH|STRIP RESIST|CLEAN PAD OPENING|MEASURE PAD OPENING|BACKSIDE GRIND|MEASURE THICKNESS|BACKSIDE ETCH CLEAN|BACKSIDE RINSE|BACKSIDE DRY|BACKSIDE METALLIZATION PREP|DEPOSIT BACKSIDE METAL|BACKSIDE ANNEAL|MEASURE BACKSIDE CONTACT|FINAL CLEAN|FINAL THICKNESS MEASURE|FINAL GEOMETRY CHECK|FINAL CD INSPECTION|FINAL PARTICLE INSPECTION|PARAMETRIC TEST|LEAKAGE TEST|BREAKDOWN VOLTAGE TEST|SWITCHING TEST|YIELD ANALYSIS|WAFER SORT TEST|FINAL LOT RELEASE|SHIP LOT
valid_0119,DEPOSIT BARRIER METAL|DEPOSIT METAL SEED|FILL VIA METAL|CMP VIA FILL|MEASURE CONTACT RESISTANCE|DEPOSIT TOP METAL|ANNEAL METAL|SPIN COAT PHOTORESIST|SOFT BAKE|ALIGN MASK LEVEL 2|EXPOSE LITHO LEVEL 2|DEVELOP PHOTORESIST|PATTERN INSPECTION LEVEL 2|POLYSILICON ETCH DRY|STRIP RESIST LEVEL 2|CLEAN AFTER POLY ETCH|MEASURE CD LEVEL 2|IMPLANT N-TYPE|PRE ANNEAL CHECK|RAPID THERMAL ANNEAL|MEASURE SHEET RESISTANCE|DEPOSIT GATE OXIDE OR DIELECTRIC|ANNEAL DIELECTRIC|MEASURE OXIDE QUALITY|DEPOSIT POLYSILICON|POLYSILICON ANNEAL|MEASURE POLY THICKNESS|SPIN COAT PHOTORESIST|SOFT BAKE
valid_0120,STRIP RESIST|CLEAN PAD OPENING|MEASURE PAD OPENING|BACKSIDE GRIND|MEASURE THICKNESS|BACKSIDE ETCH CLEAN|BACKSIDE RINSE|BACKSIDE DRY|BACKSIDE METALLIZATION PREP|DEPOSIT BACKSIDE METAL|BACKSIDE ANNEAL|MEASURE BACKSIDE CONTACT|FINAL CLEAN|FINAL THICKNESS MEASURE|FINAL GEOMETRY CHECK|FINAL CD INSPECTION|FINAL PARTICLE INSPECTION|PARAMETRIC TEST|LEAKAGE TEST|BREAKDOWN VOLTAGE TEST|SWITCHING TEST|YIELD ANALYSIS|WAFER SORT TEST|FINAL LOT RELEASE|SHIP LOT
valid_0121,CLEAN AFTER VIA ETCH|MEASURE VIA CD|DEPOSIT BARRIER METAL|DEPOSIT METAL SEED|FILL VIA METAL|CMP VIA FILL|MEASURE CONTACT RESISTANCE|DEPOSIT TOP METAL|ANNEAL METAL|SPIN COAT PHOTORESIST|SOFT BAKE|ALIGN MASK LEVEL 2|EXPOSE LITHO LEVEL 2|DEVELOP PHOTORESIST|PATTERN INSPECTION LEVEL 2|POLYSILICON ETCH DRY|STRIP RESIST LEVEL 2|CLEAN AFTER POLY ETCH|MEASURE CD LEVEL 2|IMPLANT N-TYPE|PRE ANNEAL CHECK|RAPID THERMAL ANNEAL|MEASURE SHEET RESISTANCE|DEPOSIT GATE OXIDE OR DIELECTRIC|ANNEAL DIELECTRIC|MEASURE OXIDE QUALITY|DEPOSIT POLYSILICON|POLYSILICON ANNEAL|MEASURE POLY THICKNESS|SPIN COAT PHOTORESIST|SOFT BAKE
valid_0122,PASSIVATION ETCH PAD OPENING|STRIP RESIST|CLEAN PAD OPENING|MEASURE PAD OPENING|BACKSIDE GRIND|MEASURE THICKNESS|BACKSIDE ETCH CLEAN|BACKSIDE RINSE|BACKSIDE DRY|BACKSIDE METALLIZATION PREP|DEPOSIT BACKSIDE METAL|BACKSIDE ANNEAL|MEASURE BACKSIDE CONTACT|FINAL CLEAN|FINAL THICKNESS MEASURE|FINAL GEOMETRY CHECK|FINAL CD INSPECTION|FINAL PARTICLE INSPECTION|PARAMETRIC TEST|LEAKAGE TEST|BREAKDOWN VOLTAGE TEST|SWITCHING TEST|YIELD ANALYSIS|WAFER SORT TEST|FINAL LOT RELEASE|SHIP LOT
valid_0123,CLEAN AFTER VIA ETCH|MEASURE VIA CD|DEPOSIT BARRIER METAL|DEPOSIT METAL SEED|FILL VIA METAL|CMP VIA FILL|MEASURE CONTACT RESISTANCE|DEPOSIT TOP METAL|ANNEAL METAL|SPIN COAT PHOTORESIST|SOFT BAKE|ALIGN MASK LEVEL 2|EXPOSE LITHO LEVEL 2|DEVELOP PHOTORESIST|PATTERN INSPECTION LEVEL 2|POLYSILICON ETCH DRY|STRIP RESIST LEVEL 2|CLEAN AFTER POLY ETCH|MEASURE CD LEVEL 2|IMPLANT N-TYPE|PRE ANNEAL CHECK|RAPID THERMAL ANNEAL|MEASURE SHEET RESISTANCE|DEPOSIT GATE OXIDE OR DIELECTRIC|ANNEAL DIELECTRIC|MEASURE OXIDE QUALITY|DEPOSIT POLYSILICON|POLYSILICON ANNEAL|MEASURE POLY THICKNESS|SPIN COAT PHOTORESIST|SOFT BAKE
valid_0124,PASSIVATION ETCH|STRIP PHOTORESIST|CLEAN PAD OPENING|MEASURE PAD OPENING|BACKSIDE GRIND|MEASURE THICKNESS|BACKSIDE ETCH CLEAN|BACKSIDE RINSE|BACKSIDE DRY|BACKSIDE METALLIZATION PREP|DEPOSIT BACKSIDE METAL|BACKSIDE ANNEAL|MEASURE BACKSIDE CONTACT|FINAL CLEAN|FINAL THICKNESS MEASURE|FINAL GEOMETRY CHECK|FINAL CD INSPECTION|FINAL PARTICLE INSPECTION|PARAMETRIC TEST|LEAKAGE TEST|BREAKDOWN VOLTAGE TEST|SWITCHING TEST|YIELD ANALYSIS|WAFER SORT TEST|FINAL LOT RELEASE|SHIP LOT
valid_0125,DEPOSIT BARRIER METAL|DEPOSIT METAL SEED|FILL VIA METAL|CMP VIA FILL|MEASURE CONTACT RESISTANCE|DEPOSIT TOP METAL|ANNEAL METAL|SPIN COAT PHOTORESIST|SOFT BAKE|ALIGN MASK LEVEL 2|EXPOSE LITHO LEVEL 2|DEVELOP PHOTORESIST|PATTERN INSPECTION LEVEL 2|POLYSILICON ETCH DRY|STRIP RESIST LEVEL 2|CLEAN AFTER POLY ETCH|MEASURE CD LEVEL 2|IMPLANT N-TYPE|PRE ANNEAL CHECK|RAPID THERMAL ANNEAL|MEASURE SHEET RESISTANCE|DEPOSIT GATE OXIDE OR DIELECTRIC|ANNEAL DIELECTRIC|MEASURE OXIDE QUALITY|DEPOSIT POLYSILICON|POLYSILICON ANNEAL|MEASURE POLY THICKNESS|SPIN COAT PHOTORESIST|SOFT BAKE
valid_0126,STRIP RESIST|CLEAN PAD OPENING|MEASURE PAD OPENING|BACKSIDE GRIND|MEASURE THICKNESS|BACKSIDE ETCH CLEAN|BACKSIDE RINSE|BACKSIDE DRY|BACKSIDE METALLIZATION PREP|DEPOSIT BACKSIDE METAL|BACKSIDE ANNEAL|MEASURE BACKSIDE CONTACT|FINAL CLEAN|FINAL THICKNESS MEASURE|FINAL GEOMETRY CHECK|FINAL CD INSPECTION|FINAL PARTICLE INSPECTION|PARAMETRIC TEST|LEAKAGE TEST|BREAKDOWN VOLTAGE TEST|SWITCHING TEST|YIELD ANALYSIS|WAFER SORT TEST|FINAL LOT RELEASE|SHIP LOT
valid_0127,MEASURE VIA CD|DEPOSIT BARRIER METAL|DEPOSIT METAL SEED|FILL VIA METAL|CMP VIA FILL|MEASURE CONTACT RESISTANCE|DEPOSIT TOP METAL|ANNEAL METAL|SPIN COAT PHOTORESIST|SOFT BAKE|ALIGN MASK LEVEL 2|EXPOSE LITHO LEVEL 2|DEVELOP PHOTORESIST|PATTERN INSPECTION LEVEL 2|POLYSILICON ETCH DRY|STRIP RESIST LEVEL 2|CLEAN AFTER POLY ETCH|MEASURE CD LEVEL 2|IMPLANT N-TYPE|PRE ANNEAL CHECK|RAPID THERMAL ANNEAL|MEASURE SHEET RESISTANCE|DEPOSIT GATE OXIDE OR DIELECTRIC|ANNEAL DIELECTRIC|MEASURE OXIDE QUALITY|DEPOSIT POLYSILICON|POLYSILICON ANNEAL|MEASURE POLY THICKNESS|SPIN COAT PHOTORESIST|SOFT BAKE
valid_0128,STRIP RESIST|CLEAN PAD OPENING|MEASURE PAD OPENING|BACKSIDE GRIND|MEASURE THICKNESS|BACKSIDE ETCH CLEAN|BACKSIDE RINSE|BACKSIDE DRY|BACKSIDE METALLIZATION PREP|DEPOSIT BACKSIDE METAL|BACKSIDE ANNEAL|MEASURE BACKSIDE CONTACT|FINAL CLEAN|FINAL THICKNESS MEASURE|FINAL GEOMETRY CHECK|FINAL CD INSPECTION|FINAL PARTICLE INSPECTION|PARAMETRIC TEST|LEAKAGE TEST|BREAKDOWN VOLTAGE TEST|SWITCHING TEST|YIELD ANALYSIS|WAFER SORT TEST|FINAL LOT RELEASE|SHIP LOT
valid_0129,CLEAN AFTER VIA ETCH|MEASURE VIA CD|DEPOSIT BARRIER METAL|DEPOSIT METAL SEED|FILL VIA METAL|CMP VIA FILL|MEASURE CONTACT RESISTANCE|DEPOSIT TOP METAL|ANNEAL METAL|SPIN COAT PHOTORESIST|SOFT BAKE|ALIGN MASK LEVEL 2|EXPOSE LITHO LEVEL 2|DEVELOP PHOTORESIST|PATTERN INSPECTION LEVEL 2|POLYSILICON ETCH DRY|STRIP RESIST LEVEL 2|CLEAN AFTER POLY ETCH|MEASURE CD LEVEL 2|IMPLANT N-TYPE|PRE ANNEAL CHECK|RAPID THERMAL ANNEAL|MEASURE SHEET RESISTANCE|DEPOSIT GATE OXIDE OR DIELECTRIC|ANNEAL DIELECTRIC|MEASURE OXIDE QUALITY|DEPOSIT POLYSILICON|POLYSILICON ANNEAL|MEASURE POLY THICKNESS|SPIN COAT PHOTORESIST|SOFT BAKE
valid_0130,PASSIVATION ETCH PAD OPENING|STRIP RESIST|CLEAN PAD OPENING|MEASURE PAD OPENING|BACKSIDE GRIND|MEASURE THICKNESS|BACKSIDE ETCH CLEAN|BACKSIDE RINSE|BACKSIDE DRY|BACKSIDE METALLIZATION PREP|DEPOSIT BACKSIDE METAL|BACKSIDE ANNEAL|MEASURE BACKSIDE CONTACT|FINAL CLEAN|FINAL THICKNESS MEASURE|FINAL GEOMETRY CHECK|FINAL CD INSPECTION|FINAL PARTICLE INSPECTION|PARAMETRIC TEST|LEAKAGE TEST|BREAKDOWN VOLTAGE TEST|SWITCHING TEST|YIELD ANALYSIS|WAFER SORT TEST|FINAL LOT RELEASE|SHIP LOT
valid_0131,CLEAN AFTER VIA ETCH|MEASURE VIA CD|DEPOSIT BARRIER METAL|DEPOSIT METAL SEED|FILL VIA METAL|CMP VIA FILL|MEASURE CONTACT RESISTANCE|DEPOSIT TOP METAL|ANNEAL METAL|SPIN COAT PHOTORESIST|SOFT BAKE|ALIGN MASK LEVEL 2|EXPOSE LITHO LEVEL 2|DEVELOP PHOTORESIST|PATTERN INSPECTION LEVEL 2|POLYSILICON ETCH DRY|STRIP RESIST LEVEL 2|CLEAN AFTER POLY ETCH|MEASURE CD LEVEL 2|IMPLANT N-TYPE|PRE ANNEAL CHECK|RAPID THERMAL ANNEAL|MEASURE SHEET RESISTANCE|DEPOSIT GATE OXIDE OR DIELECTRIC|ANNEAL DIELECTRIC|MEASURE OXIDE QUALITY|DEPOSIT POLYSILICON|POLYSILICON ANNEAL|MEASURE POLY THICKNESS|SPIN COAT PHOTORESIST|SOFT BAKE
valid_0132,PASSIVATION ETCH|STRIP RESIST|CLEAN PAD OPENING|MEASURE PAD OPENING|BACKSIDE GRIND|MEASURE THICKNESS|BACKSIDE ETCH CLEAN|BACKSIDE RINSE|BACKSIDE DRY|BACKSIDE METALLIZATION PREP|DEPOSIT BACKSIDE METAL|BACKSIDE ANNEAL|MEASURE BACKSIDE CONTACT|FINAL CLEAN|FINAL THICKNESS MEASURE|FINAL GEOMETRY CHECK|FINAL CD INSPECTION|FINAL PARTICLE INSPECTION|PARAMETRIC TEST|LEAKAGE TEST|BREAKDOWN VOLTAGE TEST|SWITCHING TEST|YIELD ANALYSIS|WAFER SORT TEST|FINAL LOT RELEASE|SHIP LOT
valid_0133,DEPOSIT BARRIER METAL|DEPOSIT METAL SEED|FILL VIA METAL|CMP VIA FILL|MEASURE CONTACT RESISTANCE|DEPOSIT TOP METAL|ANNEAL METAL|SPIN COAT PHOTORESIST|SOFT BAKE|ALIGN MASK LEVEL 2|EXPOSE LITHO LEVEL 2|DEVELOP PHOTORESIST|PATTERN INSPECTION LEVEL 2|POLYSILICON ETCH DRY|STRIP RESIST LEVEL 2|CLEAN AFTER POLY ETCH|MEASURE CD LEVEL 2|IMPLANT N-TYPE|PRE ANNEAL CHECK|RAPID THERMAL ANNEAL|MEASURE SHEET RESISTANCE|DEPOSIT GATE OXIDE OR DIELECTRIC|ANNEAL DIELECTRIC|MEASURE OXIDE QUALITY|DEPOSIT POLYSILICON|POLYSILICON ANNEAL|MEASURE POLY THICKNESS|SPIN COAT PHOTORESIST|SOFT BAKE
valid_0134,PASSIVATION ETCH|STRIP PHOTORESIST|CLEAN PAD OPENING|MEASURE PAD OPENING|BACKSIDE GRIND|MEASURE THICKNESS|BACKSIDE ETCH CLEAN|BACKSIDE RINSE|BACKSIDE DRY|BACKSIDE METALLIZATION PREP|DEPOSIT BACKSIDE METAL|BACKSIDE ANNEAL|MEASURE BACKSIDE CONTACT|FINAL CLEAN|FINAL THICKNESS MEASURE|FINAL GEOMETRY CHECK|FINAL CD INSPECTION|FINAL PARTICLE INSPECTION|PARAMETRIC TEST|LEAKAGE TEST|BREAKDOWN VOLTAGE TEST|SWITCHING TEST|YIELD ANALYSIS|WAFER SORT TEST|FINAL LOT RELEASE|SHIP LOT
valid_0135,CLEAN AFTER VIA ETCH|MEASURE VIA CD|DEPOSIT BARRIER METAL|DEPOSIT METAL SEED|FILL VIA METAL|CMP VIA FILL|MEASURE CONTACT RESISTANCE|DEPOSIT TOP METAL|ANNEAL METAL|SPIN COAT PHOTORESIST|SOFT BAKE|ALIGN MASK LEVEL 2|EXPOSE LITHO LEVEL 2|DEVELOP PHOTORESIST|PATTERN INSPECTION LEVEL 2|POLYSILICON ETCH DRY|STRIP RESIST LEVEL 2|CLEAN AFTER POLY ETCH|MEASURE CD LEVEL 2|IMPLANT N-TYPE|PRE ANNEAL CHECK|RAPID THERMAL ANNEAL|MEASURE SHEET RESISTANCE|DEPOSIT GATE OXIDE OR DIELECTRIC|ANNEAL DIELECTRIC|MEASURE OXIDE QUALITY|DEPOSIT POLYSILICON|POLYSILICON ANNEAL|MEASURE POLY THICKNESS|SPIN COAT PHOTORESIST|SOFT BAKE
valid_0136,PASSIVATION ETCH|STRIP RESIST|CLEAN PAD OPENING|MEASURE PAD OPENING|BACKSIDE GRIND|MEASURE THICKNESS|BACKSIDE ETCH CLEAN|BACKSIDE RINSE|BACKSIDE DRY|BACKSIDE METALLIZATION PREP|DEPOSIT BACKSIDE METAL|BACKSIDE ANNEAL|MEASURE BACKSIDE CONTACT|FINAL CLEAN|FINAL THICKNESS MEASURE|FINAL GEOMETRY CHECK|FINAL CD INSPECTION|FINAL PARTICLE INSPECTION|PARAMETRIC TEST|LEAKAGE TEST|BREAKDOWN VOLTAGE TEST|SWITCHING TEST|YIELD ANALYSIS|WAFER SORT TEST|FINAL LOT RELEASE|SHIP LOT
valid_0137,STRIP PHOTORESIST|CLEAN AFTER VIA ETCH|MEASURE VIA CD|DEPOSIT BARRIER METAL|DEPOSIT METAL SEED|FILL VIA METAL|CMP VIA FILL|MEASURE CONTACT RESISTANCE|DEPOSIT TOP METAL|ANNEAL METAL|SPIN COAT PHOTORESIST|SOFT BAKE|ALIGN MASK LEVEL 2|EXPOSE LITHO LEVEL 2|DEVELOP PHOTORESIST|PATTERN INSPECTION LEVEL 2|POLYSILICON ETCH DRY|STRIP RESIST LEVEL 2|CLEAN AFTER POLY ETCH|MEASURE CD LEVEL 2|IMPLANT N-TYPE|PRE ANNEAL CHECK|RAPID THERMAL ANNEAL|MEASURE SHEET RESISTANCE|DEPOSIT GATE OXIDE OR DIELECTRIC|ANNEAL DIELECTRIC|MEASURE OXIDE QUALITY|DEPOSIT POLYSILICON|POLYSILICON ANNEAL|MEASURE POLY THICKNESS|SPIN COAT PHOTORESIST|SOFT BAKE
valid_0138,DEVELOP PHOTORESIST|PASSIVATION ETCH|STRIP RESIST|CLEAN PAD OPENING|MEASURE PAD OPENING|BACKSIDE GRIND|MEASURE THICKNESS|BACKSIDE ETCH CLEAN|BACKSIDE RINSE|BACKSIDE DRY|BACKSIDE METALLIZATION PREP|DEPOSIT BACKSIDE METAL|BACKSIDE ANNEAL|MEASURE BACKSIDE CONTACT|FINAL CLEAN|FINAL THICKNESS MEASURE|FINAL GEOMETRY CHECK|FINAL CD INSPECTION|FINAL PARTICLE INSPECTION|PARAMETRIC TEST|LEAKAGE TEST|BREAKDOWN VOLTAGE TEST|SWITCHING TEST|YIELD ANALYSIS|WAFER SORT TEST|FINAL LOT RELEASE|SHIP LOT
valid_0139,DEPOSIT BARRIER METAL|DEPOSIT METAL SEED|FILL VIA METAL|CMP VIA FILL|MEASURE CONTACT RESISTANCE|DEPOSIT TOP METAL|ANNEAL METAL|SPIN COAT PHOTORESIST|SOFT BAKE|ALIGN MASK LEVEL 2|EXPOSE LITHO LEVEL 2|DEVELOP PHOTORESIST|PATTERN INSPECTION LEVEL 2|POLYSILICON ETCH DRY|STRIP RESIST LEVEL 2|CLEAN AFTER POLY ETCH|MEASURE CD LEVEL 2|IMPLANT N-TYPE|PRE ANNEAL CHECK|RAPID THERMAL ANNEAL|MEASURE SHEET RESISTANCE|DEPOSIT GATE OXIDE OR DIELECTRIC|ANNEAL DIELECTRIC|MEASURE OXIDE QUALITY|DEPOSIT POLYSILICON|POLYSILICON ANNEAL|MEASURE POLY THICKNESS|SPIN COAT PHOTORESIST|SOFT BAKE
valid_0140,PASSIVATION ETCH PAD OPENING|STRIP RESIST|CLEAN PAD OPENING|MEASURE PAD OPENING|BACKSIDE GRIND|MEASURE THICKNESS|BACKSIDE ETCH CLEAN|BACKSIDE RINSE|BACKSIDE DRY|BACKSIDE METALLIZATION PREP|DEPOSIT BACKSIDE METAL|BACKSIDE ANNEAL|MEASURE BACKSIDE CONTACT|FINAL CLEAN|FINAL THICKNESS MEASURE|FINAL GEOMETRY CHECK|FINAL CD INSPECTION|FINAL PARTICLE INSPECTION|PARAMETRIC TEST|LEAKAGE TEST|BREAKDOWN VOLTAGE TEST|SWITCHING TEST|YIELD ANALYSIS|WAFER SORT TEST|FINAL LOT RELEASE|SHIP LOT
valid_0141,DEPOSIT METAL SEED|FILL VIA METAL|CMP VIA FILL|MEASURE CONTACT RESISTANCE|DEPOSIT TOP METAL|ANNEAL METAL|SPIN COAT PHOTORESIST|SOFT BAKE|ALIGN MASK LEVEL 2|EXPOSE LITHO LEVEL 2|DEVELOP PHOTORESIST|PATTERN INSPECTION LEVEL 2|POLYSILICON ETCH DRY|STRIP RESIST LEVEL 2|CLEAN AFTER POLY ETCH|MEASURE CD LEVEL 2|IMPLANT N-TYPE|PRE ANNEAL CHECK|RAPID THERMAL ANNEAL|MEASURE SHEET RESISTANCE|DEPOSIT GATE OXIDE OR DIELECTRIC|ANNEAL DIELECTRIC|MEASURE OXIDE QUALITY|DEPOSIT POLYSILICON|POLYSILICON ANNEAL|MEASURE POLY THICKNESS|SPIN COAT PHOTORESIST|SOFT BAKE
valid_0142,PASSIVATION ETCH PAD OPENING|STRIP RESIST|CLEAN PAD OPENING|MEASURE PAD OPENING|BACKSIDE GRIND|MEASURE THICKNESS|BACKSIDE ETCH CLEAN|BACKSIDE RINSE|BACKSIDE DRY|BACKSIDE METALLIZATION PREP|DEPOSIT BACKSIDE METAL|BACKSIDE ANNEAL|MEASURE BACKSIDE CONTACT|FINAL CLEAN|FINAL THICKNESS MEASURE|FINAL GEOMETRY CHECK|FINAL CD INSPECTION|FINAL PARTICLE INSPECTION|PARAMETRIC TEST|LEAKAGE TEST|BREAKDOWN VOLTAGE TEST|SWITCHING TEST|YIELD ANALYSIS|WAFER SORT TEST|FINAL LOT RELEASE|SHIP LOT
valid_0143,CLEAN AFTER VIA ETCH|MEASURE VIA CD|DEPOSIT BARRIER METAL|DEPOSIT METAL SEED|FILL VIA METAL|CMP VIA FILL|MEASURE CONTACT RESISTANCE|DEPOSIT TOP METAL|ANNEAL METAL|SPIN COAT PHOTORESIST|SOFT BAKE|ALIGN MASK LEVEL 2|EXPOSE LITHO LEVEL 2|DEVELOP PHOTORESIST|PATTERN INSPECTION LEVEL 2|POLYSILICON ETCH DRY|STRIP RESIST LEVEL 2|CLEAN AFTER POLY ETCH|MEASURE CD LEVEL 2|IMPLANT N-TYPE|PRE ANNEAL CHECK|RAPID THERMAL ANNEAL|MEASURE SHEET RESISTANCE|DEPOSIT GATE OXIDE OR DIELECTRIC|ANNEAL DIELECTRIC|MEASURE OXIDE QUALITY|DEPOSIT POLYSILICON|POLYSILICON ANNEAL|MEASURE POLY THICKNESS|SPIN COAT PHOTORESIST|SOFT BAKE
valid_0144,CLEAN PAD OPENING|MEASURE PAD OPENING|BACKSIDE GRIND|MEASURE THICKNESS|BACKSIDE ETCH CLEAN|BACKSIDE RINSE|BACKSIDE DRY|BACKSIDE METALLIZATION PREP|DEPOSIT BACKSIDE METAL|BACKSIDE ANNEAL|MEASURE BACKSIDE CONTACT|FINAL CLEAN|FINAL THICKNESS MEASURE|FINAL GEOMETRY CHECK|FINAL CD INSPECTION|FINAL PARTICLE INSPECTION|PARAMETRIC TEST|LEAKAGE TEST|BREAKDOWN VOLTAGE TEST|SWITCHING TEST|YIELD ANALYSIS|WAFER SORT TEST|FINAL LOT RELEASE|SHIP LOT
valid_0145,STRIP PHOTORESIST|CLEAN AFTER VIA ETCH|MEASURE VIA CD|DEPOSIT BARRIER METAL|DEPOSIT METAL SEED|FILL VIA METAL|CMP VIA FILL|MEASURE CONTACT RESISTANCE|DEPOSIT TOP METAL|ANNEAL METAL|SPIN COAT PHOTORESIST|SOFT BAKE|ALIGN MASK LEVEL 2|EXPOSE LITHO LEVEL 2|DEVELOP PHOTORESIST|PATTERN INSPECTION LEVEL 2|POLYSILICON ETCH DRY|STRIP RESIST LEVEL 2|CLEAN AFTER POLY ETCH|MEASURE CD LEVEL 2|IMPLANT N-TYPE|PRE ANNEAL CHECK|RAPID THERMAL ANNEAL|MEASURE SHEET RESISTANCE|DEPOSIT GATE OXIDE OR DIELECTRIC|ANNEAL DIELECTRIC|MEASURE OXIDE QUALITY|DEPOSIT POLYSILICON|POLYSILICON ANNEAL|MEASURE POLY THICKNESS|SPIN COAT PHOTORESIST|SOFT BAKE
valid_0146,PASSIVATION ETCH PAD OPENING|STRIP RESIST|CLEAN PAD OPENING|MEASURE PAD OPENING|BACKSIDE GRIND|MEASURE THICKNESS|BACKSIDE ETCH CLEAN|BACKSIDE RINSE|BACKSIDE DRY|BACKSIDE METALLIZATION PREP|DEPOSIT BACKSIDE METAL|BACKSIDE ANNEAL|MEASURE BACKSIDE CONTACT|FINAL CLEAN|FINAL THICKNESS MEASURE|FINAL GEOMETRY CHECK|FINAL CD INSPECTION|FINAL PARTICLE INSPECTION|PARAMETRIC TEST|LEAKAGE TEST|BREAKDOWN VOLTAGE TEST|SWITCHING TEST|YIELD ANALYSIS|WAFER SORT TEST|FINAL LOT RELEASE|SHIP LOT
valid_0147,CLEAN AFTER VIA ETCH|MEASURE VIA CD|DEPOSIT BARRIER METAL|DEPOSIT METAL SEED|FILL VIA METAL|CMP VIA FILL|MEASURE CONTACT RESISTANCE|DEPOSIT TOP METAL|ANNEAL METAL|SPIN COAT PHOTORESIST|SOFT BAKE|ALIGN MASK LEVEL 2|EXPOSE LITHO LEVEL 2|DEVELOP PHOTORESIST|PATTERN INSPECTION LEVEL 2|POLYSILICON ETCH DRY|STRIP RESIST LEVEL 2|CLEAN AFTER POLY ETCH|MEASURE CD LEVEL 2|IMPLANT N-TYPE|PRE ANNEAL CHECK|RAPID THERMAL ANNEAL|MEASURE SHEET RESISTANCE|DEPOSIT GATE OXIDE OR DIELECTRIC|ANNEAL DIELECTRIC|MEASURE OXIDE QUALITY|DEPOSIT POLYSILICON|POLYSILICON ANNEAL|MEASURE POLY THICKNESS|SPIN COAT PHOTORESIST|SOFT BAKE
valid_0148,STRIP PHOTORESIST|CLEAN PAD OPENING|MEASURE PAD OPENING|BACKSIDE GRIND|MEASURE THICKNESS|BACKSIDE ETCH CLEAN|BACKSIDE RINSE|BACKSIDE DRY|BACKSIDE METALLIZATION PREP|DEPOSIT BACKSIDE METAL|BACKSIDE ANNEAL|MEASURE BACKSIDE CONTACT|FINAL CLEAN|FINAL THICKNESS MEASURE|FINAL GEOMETRY CHECK|FINAL CD INSPECTION|FINAL PARTICLE INSPECTION|PARAMETRIC TEST|LEAKAGE TEST|BREAKDOWN VOLTAGE TEST|SWITCHING TEST|YIELD ANALYSIS|WAFER SORT TEST|FINAL LOT RELEASE|SHIP LOT
valid_0149,CLEAN AFTER VIA ETCH|MEASURE VIA CD|DEPOSIT BARRIER METAL|DEPOSIT METAL SEED|FILL VIA METAL|CMP VIA FILL|MEASURE CONTACT RESISTANCE|DEPOSIT TOP METAL|ANNEAL METAL|SPIN COAT PHOTORESIST|SOFT BAKE|ALIGN MASK LEVEL 2|EXPOSE LITHO LEVEL 2|DEVELOP PHOTORESIST|PATTERN INSPECTION LEVEL 2|POLYSILICON ETCH DRY|STRIP RESIST LEVEL 2|CLEAN AFTER POLY ETCH|MEASURE CD LEVEL 2|IMPLANT N-TYPE|PRE ANNEAL CHECK|RAPID THERMAL ANNEAL|MEASURE SHEET RESISTANCE|DEPOSIT GATE OXIDE OR DIELECTRIC|ANNEAL DIELECTRIC|MEASURE OXIDE QUALITY|DEPOSIT POLYSILICON|POLYSILICON ANNEAL|MEASURE POLY THICKNESS|SPIN COAT PHOTORESIST|SOFT BAKE
valid_0150,PASSIVATION ETCH PAD OPENING|STRIP PHOTORESIST|CLEAN PAD OPENING|MEASURE PAD OPENING|BACKSIDE GRIND|MEASURE THICKNESS|BACKSIDE ETCH CLEAN|BACKSIDE RINSE|BACKSIDE DRY|BACKSIDE METALLIZATION PREP|DEPOSIT BACKSIDE METAL|BACKSIDE ANNEAL|MEASURE BACKSIDE CONTACT|FINAL CLEAN|FINAL THICKNESS MEASURE|FINAL GEOMETRY CHECK|FINAL CD INSPECTION|FINAL PARTICLE INSPECTION|PARAMETRIC TEST|LEAKAGE TEST|BREAKDOWN VOLTAGE TEST|SWITCHING TEST|YIELD ANALYSIS|WAFER SORT TEST|FINAL LOT RELEASE|SHIP LOT
valid_0151,DEPOSIT BARRIER METAL|DEPOSIT METAL SEED|FILL VIA METAL|CMP VIA FILL|MEASURE CONTACT RESISTANCE|DEPOSIT TOP METAL|ANNEAL METAL|SPIN COAT PHOTORESIST|SOFT BAKE|ALIGN MASK LEVEL 2|EXPOSE LITHO LEVEL 2|DEVELOP PHOTORESIST|PATTERN INSPECTION LEVEL 2|POLYSILICON ETCH DRY|STRIP RESIST LEVEL 2|CLEAN AFTER POLY ETCH|MEASURE CD LEVEL 2|IMPLANT N-TYPE|PRE ANNEAL CHECK|RAPID THERMAL ANNEAL|MEASURE SHEET RESISTANCE|DEPOSIT GATE OXIDE OR DIELECTRIC|ANNEAL DIELECTRIC|MEASURE OXIDE QUALITY|DEPOSIT POLYSILICON|POLYSILICON ANNEAL|MEASURE POLY THICKNESS|SPIN COAT PHOTORESIST|SOFT BAKE
valid_0152,PASSIVATION ETCH PAD OPENING|STRIP RESIST|CLEAN PAD OPENING|MEASURE PAD OPENING|BACKSIDE GRIND|MEASURE THICKNESS|BACKSIDE ETCH CLEAN|BACKSIDE RINSE|BACKSIDE DRY|BACKSIDE METALLIZATION PREP|DEPOSIT BACKSIDE METAL|BACKSIDE ANNEAL|MEASURE BACKSIDE CONTACT|FINAL CLEAN|FINAL THICKNESS MEASURE|FINAL GEOMETRY CHECK|FINAL CD INSPECTION|FINAL PARTICLE INSPECTION|PARAMETRIC TEST|LEAKAGE TEST|BREAKDOWN VOLTAGE TEST|SWITCHING TEST|YIELD ANALYSIS|WAFER SORT TEST|FINAL LOT RELEASE|SHIP LOT
valid_0153,MEASURE VIA CD|DEPOSIT BARRIER METAL|DEPOSIT METAL SEED|FILL VIA METAL|CMP VIA FILL|MEASURE CONTACT RESISTANCE|DEPOSIT TOP METAL|ANNEAL METAL|SPIN COAT PHOTORESIST|SOFT BAKE|ALIGN MASK LEVEL 2|EXPOSE LITHO LEVEL 2|DEVELOP PHOTORESIST|PATTERN INSPECTION LEVEL 2|POLYSILICON ETCH DRY|STRIP RESIST LEVEL 2|CLEAN AFTER POLY ETCH|MEASURE CD LEVEL 2|IMPLANT N-TYPE|PRE ANNEAL CHECK|RAPID THERMAL ANNEAL|MEASURE SHEET RESISTANCE|DEPOSIT GATE OXIDE OR DIELECTRIC|ANNEAL DIELECTRIC|MEASURE OXIDE QUALITY|DEPOSIT POLYSILICON|POLYSILICON ANNEAL|MEASURE POLY THICKNESS|SPIN COAT PHOTORESIST|SOFT BAKE
valid_0154,DEVELOP PHOTORESIST|PASSIVATION ETCH PAD OPENING|STRIP RESIST|CLEAN PAD OPENING|MEASURE PAD OPENING|BACKSIDE GRIND|MEASURE THICKNESS|BACKSIDE ETCH CLEAN|BACKSIDE RINSE|BACKSIDE DRY|BACKSIDE METALLIZATION PREP|DEPOSIT BACKSIDE METAL|BACKSIDE ANNEAL|MEASURE BACKSIDE CONTACT|FINAL CLEAN|FINAL THICKNESS MEASURE|FINAL GEOMETRY CHECK|FINAL CD INSPECTION|FINAL PARTICLE INSPECTION|PARAMETRIC TEST|LEAKAGE TEST|BREAKDOWN VOLTAGE TEST|SWITCHING TEST|YIELD ANALYSIS|WAFER SORT TEST|FINAL LOT RELEASE|SHIP LOT
valid_0155,DEPOSIT BARRIER METAL|DEPOSIT METAL SEED|FILL VIA METAL|CMP VIA FILL|MEASURE CONTACT RESISTANCE|DEPOSIT TOP METAL|ANNEAL METAL|SPIN COAT PHOTORESIST|SOFT BAKE|ALIGN MASK LEVEL 2|EXPOSE LITHO LEVEL 2|DEVELOP PHOTORESIST|PATTERN INSPECTION LEVEL 2|POLYSILICON ETCH DRY|STRIP RESIST LEVEL 2|CLEAN AFTER POLY ETCH|MEASURE CD LEVEL 2|IMPLANT N-TYPE|PRE ANNEAL CHECK|RAPID THERMAL ANNEAL|MEASURE SHEET RESISTANCE|DEPOSIT GATE OXIDE OR DIELECTRIC|ANNEAL DIELECTRIC|MEASURE OXIDE QUALITY|DEPOSIT POLYSILICON|POLYSILICON ANNEAL|MEASURE POLY THICKNESS|SPIN COAT PHOTORESIST|SOFT BAKE
valid_0156,STRIP RESIST|CLEAN PAD OPENING|MEASURE PAD OPENING|BACKSIDE GRIND|MEASURE THICKNESS|BACKSIDE ETCH CLEAN|BACKSIDE RINSE|BACKSIDE DRY|BACKSIDE METALLIZATION PREP|DEPOSIT BACKSIDE METAL|BACKSIDE ANNEAL|MEASURE BACKSIDE CONTACT|FINAL CLEAN|FINAL THICKNESS MEASURE|FINAL GEOMETRY CHECK|FINAL CD INSPECTION|FINAL PARTICLE INSPECTION|PARAMETRIC TEST|LEAKAGE TEST|BREAKDOWN VOLTAGE TEST|SWITCHING TEST|YIELD ANALYSIS|WAFER SORT TEST|FINAL LOT RELEASE|SHIP LOT
valid_0157,CLEAN AFTER VIA ETCH|MEASURE VIA CD|DEPOSIT BARRIER METAL|DEPOSIT METAL SEED|FILL VIA METAL|CMP VIA FILL|MEASURE CONTACT RESISTANCE|DEPOSIT TOP METAL|ANNEAL METAL|SPIN COAT PHOTORESIST|SOFT BAKE|ALIGN MASK LEVEL 2|EXPOSE LITHO LEVEL 2|DEVELOP PHOTORESIST|PATTERN INSPECTION LEVEL 2|POLYSILICON ETCH DRY|STRIP RESIST LEVEL 2|CLEAN AFTER POLY ETCH|MEASURE CD LEVEL 2|IMPLANT N-TYPE|PRE ANNEAL CHECK|RAPID THERMAL ANNEAL|MEASURE SHEET RESISTANCE|DEPOSIT GATE OXIDE OR DIELECTRIC|ANNEAL DIELECTRIC|MEASURE OXIDE QUALITY|DEPOSIT POLYSILICON|POLYSILICON ANNEAL|MEASURE POLY THICKNESS|SPIN COAT PHOTORESIST|SOFT BAKE
valid_0158,STRIP RESIST|CLEAN PAD OPENING|MEASURE PAD OPENING|BACKSIDE GRIND|MEASURE THICKNESS|BACKSIDE ETCH CLEAN|BACKSIDE RINSE|BACKSIDE DRY|BACKSIDE METALLIZATION PREP|DEPOSIT BACKSIDE METAL|BACKSIDE ANNEAL|MEASURE BACKSIDE CONTACT|FINAL CLEAN|FINAL THICKNESS MEASURE|FINAL GEOMETRY CHECK|FINAL CD INSPECTION|FINAL PARTICLE INSPECTION|PARAMETRIC TEST|LEAKAGE TEST|BREAKDOWN VOLTAGE TEST|SWITCHING TEST|YIELD ANALYSIS|WAFER SORT TEST|FINAL LOT RELEASE|SHIP LOT
valid_0159,CLEAN AFTER VIA ETCH|MEASURE VIA CD|DEPOSIT BARRIER METAL|DEPOSIT METAL SEED|FILL VIA METAL|CMP VIA FILL|MEASURE CONTACT RESISTANCE|DEPOSIT TOP METAL|ANNEAL METAL|SPIN COAT PHOTORESIST|SOFT BAKE|ALIGN MASK LEVEL 2|EXPOSE LITHO LEVEL 2|DEVELOP PHOTORESIST|PATTERN INSPECTION LEVEL 2|POLYSILICON ETCH DRY|STRIP RESIST LEVEL 2|CLEAN AFTER POLY ETCH|MEASURE CD LEVEL 2|IMPLANT N-TYPE|PRE ANNEAL CHECK|RAPID THERMAL ANNEAL|MEASURE SHEET RESISTANCE|DEPOSIT GATE OXIDE OR DIELECTRIC|ANNEAL DIELECTRIC|MEASURE OXIDE QUALITY|DEPOSIT POLYSILICON|POLYSILICON ANNEAL|MEASURE POLY THICKNESS|SPIN COAT PHOTORESIST|SOFT BAKE
valid_0160,STRIP PHOTORESIST|CLEAN PAD OPENING|MEASURE PAD OPENING|BACKSIDE GRIND|MEASURE THICKNESS|BACKSIDE ETCH CLEAN|BACKSIDE RINSE|BACKSIDE DRY|BACKSIDE METALLIZATION PREP|DEPOSIT BACKSIDE METAL|BACKSIDE ANNEAL|MEASURE BACKSIDE CONTACT|FINAL CLEAN|FINAL THICKNESS MEASURE|FINAL GEOMETRY CHECK|FINAL CD INSPECTION|FINAL PARTICLE INSPECTION|PARAMETRIC TEST|LEAKAGE TEST|BREAKDOWN VOLTAGE TEST|SWITCHING TEST|YIELD ANALYSIS|WAFER SORT TEST|FINAL LOT RELEASE|SHIP LOT
valid_0161,STRIP RESIST|CLEAN AFTER VIA ETCH|MEASURE VIA CD|DEPOSIT BARRIER METAL|DEPOSIT METAL SEED|FILL VIA METAL|CMP VIA FILL|MEASURE CONTACT RESISTANCE|DEPOSIT TOP METAL|ANNEAL METAL|SPIN COAT PHOTORESIST|SOFT BAKE|ALIGN MASK LEVEL 2|EXPOSE LITHO LEVEL 2|DEVELOP PHOTORESIST|PATTERN INSPECTION LEVEL 2|POLYSILICON ETCH DRY|STRIP RESIST LEVEL 2|CLEAN AFTER POLY ETCH|MEASURE CD LEVEL 2|IMPLANT N-TYPE|PRE ANNEAL CHECK|RAPID THERMAL ANNEAL|MEASURE SHEET RESISTANCE|DEPOSIT GATE OXIDE OR DIELECTRIC|ANNEAL DIELECTRIC|MEASURE OXIDE QUALITY|DEPOSIT POLYSILICON|POLYSILICON ANNEAL|MEASURE POLY THICKNESS|SPIN COAT PHOTORESIST|SOFT BAKE
valid_0162,PASSIVATION ETCH|STRIP RESIST|CLEAN PAD OPENING|MEASURE PAD OPENING|BACKSIDE GRIND|MEASURE THICKNESS|BACKSIDE ETCH CLEAN|BACKSIDE RINSE|BACKSIDE DRY|BACKSIDE METALLIZATION PREP|DEPOSIT BACKSIDE METAL|BACKSIDE ANNEAL|MEASURE BACKSIDE CONTACT|FINAL CLEAN|FINAL THICKNESS MEASURE|FINAL GEOMETRY CHECK|FINAL CD INSPECTION|FINAL PARTICLE INSPECTION|PARAMETRIC TEST|LEAKAGE TEST|BREAKDOWN VOLTAGE TEST|SWITCHING TEST|YIELD ANALYSIS|WAFER SORT TEST|FINAL LOT RELEASE|SHIP LOT
valid_0163,CLEAN AFTER VIA ETCH|MEASURE VIA CD|DEPOSIT BARRIER METAL|DEPOSIT METAL SEED|FILL VIA METAL|CMP VIA FILL|MEASURE CONTACT RESISTANCE|DEPOSIT TOP METAL|ANNEAL METAL|SPIN COAT PHOTORESIST|SOFT BAKE|ALIGN MASK LEVEL 2|EXPOSE LITHO LEVEL 2|DEVELOP PHOTORESIST|PATTERN INSPECTION LEVEL 2|POLYSILICON ETCH DRY|STRIP RESIST LEVEL 2|CLEAN AFTER POLY ETCH|MEASURE CD LEVEL 2|IMPLANT N-TYPE|PRE ANNEAL CHECK|RAPID THERMAL ANNEAL|MEASURE SHEET RESISTANCE|DEPOSIT GATE OXIDE OR DIELECTRIC|ANNEAL DIELECTRIC|MEASURE OXIDE QUALITY|DEPOSIT POLYSILICON|POLYSILICON ANNEAL|MEASURE POLY THICKNESS|SPIN COAT PHOTORESIST|SOFT BAKE
valid_0164,DEVELOP PHOTORESIST|PASSIVATION ETCH|STRIP RESIST|CLEAN PAD OPENING|MEASURE PAD OPENING|BACKSIDE GRIND|MEASURE THICKNESS|BACKSIDE ETCH CLEAN|BACKSIDE RINSE|BACKSIDE DRY|BACKSIDE METALLIZATION PREP|DEPOSIT BACKSIDE METAL|BACKSIDE ANNEAL|MEASURE BACKSIDE CONTACT|FINAL CLEAN|FINAL THICKNESS MEASURE|FINAL GEOMETRY CHECK|FINAL CD INSPECTION|FINAL PARTICLE INSPECTION|PARAMETRIC TEST|LEAKAGE TEST|BREAKDOWN VOLTAGE TEST|SWITCHING TEST|YIELD ANALYSIS|WAFER SORT TEST|FINAL LOT RELEASE|SHIP LOT
valid_0165,MEASURE VIA CD|DEPOSIT BARRIER METAL|DEPOSIT METAL SEED|FILL VIA METAL|CMP VIA FILL|MEASURE CONTACT RESISTANCE|DEPOSIT TOP METAL|ANNEAL METAL|SPIN COAT PHOTORESIST|SOFT BAKE|ALIGN MASK LEVEL 2|EXPOSE LITHO LEVEL 2|DEVELOP PHOTORESIST|PATTERN INSPECTION LEVEL 2|POLYSILICON ETCH DRY|STRIP RESIST LEVEL 2|CLEAN AFTER POLY ETCH|MEASURE CD LEVEL 2|IMPLANT N-TYPE|PRE ANNEAL CHECK|RAPID THERMAL ANNEAL|MEASURE SHEET RESISTANCE|DEPOSIT GATE OXIDE OR DIELECTRIC|ANNEAL DIELECTRIC|MEASURE OXIDE QUALITY|DEPOSIT POLYSILICON|POLYSILICON ANNEAL|MEASURE POLY THICKNESS|SPIN COAT PHOTORESIST|SOFT BAKE
valid_0166,STRIP PHOTORESIST|CLEAN PAD OPENING|MEASURE PAD OPENING|BACKSIDE GRIND|MEASURE THICKNESS|BACKSIDE ETCH CLEAN|BACKSIDE RINSE|BACKSIDE DRY|BACKSIDE METALLIZATION PREP|DEPOSIT BACKSIDE METAL|BACKSIDE ANNEAL|MEASURE BACKSIDE CONTACT|FINAL CLEAN|FINAL THICKNESS MEASURE|FINAL GEOMETRY CHECK|FINAL CD INSPECTION|FINAL PARTICLE INSPECTION|PARAMETRIC TEST|LEAKAGE TEST|BREAKDOWN VOLTAGE TEST|SWITCHING TEST|YIELD ANALYSIS|WAFER SORT TEST|FINAL LOT RELEASE|SHIP LOT
valid_0167,MEASURE VIA CD|DEPOSIT BARRIER METAL|DEPOSIT METAL SEED|FILL VIA METAL|CMP VIA FILL|MEASURE CONTACT RESISTANCE|DEPOSIT TOP METAL|ANNEAL METAL|SPIN COAT PHOTORESIST|SOFT BAKE|ALIGN MASK LEVEL 2|EXPOSE LITHO LEVEL 2|DEVELOP PHOTORESIST|PATTERN INSPECTION LEVEL 2|POLYSILICON ETCH DRY|STRIP RESIST LEVEL 2|CLEAN AFTER POLY ETCH|MEASURE CD LEVEL 2|IMPLANT N-TYPE|PRE ANNEAL CHECK|RAPID THERMAL ANNEAL|MEASURE SHEET RESISTANCE|DEPOSIT GATE OXIDE OR DIELECTRIC|ANNEAL DIELECTRIC|MEASURE OXIDE QUALITY|DEPOSIT POLYSILICON|POLYSILICON ANNEAL|MEASURE POLY THICKNESS|SPIN COAT PHOTORESIST|SOFT BAKE
valid_0168,STRIP PHOTORESIST|CLEAN PAD OPENING|MEASURE PAD OPENING|BACKSIDE GRIND|MEASURE THICKNESS|BACKSIDE ETCH CLEAN|BACKSIDE RINSE|BACKSIDE DRY|BACKSIDE METALLIZATION PREP|DEPOSIT BACKSIDE METAL|BACKSIDE ANNEAL|MEASURE BACKSIDE CONTACT|FINAL CLEAN|FINAL THICKNESS MEASURE|FINAL GEOMETRY CHECK|FINAL CD INSPECTION|FINAL PARTICLE INSPECTION|PARAMETRIC TEST|LEAKAGE TEST|BREAKDOWN VOLTAGE TEST|SWITCHING TEST|YIELD ANALYSIS|WAFER SORT TEST|FINAL LOT RELEASE|SHIP LOT
valid_0169,DEPOSIT BARRIER METAL|DEPOSIT METAL SEED|FILL VIA METAL|CMP VIA FILL|MEASURE CONTACT RESISTANCE|DEPOSIT TOP METAL|ANNEAL METAL|SPIN COAT PHOTORESIST|SOFT BAKE|ALIGN MASK LEVEL 2|EXPOSE LITHO LEVEL 2|DEVELOP PHOTORESIST|PATTERN INSPECTION LEVEL 2|POLYSILICON ETCH DRY|STRIP RESIST LEVEL 2|CLEAN AFTER POLY ETCH|MEASURE CD LEVEL 2|IMPLANT N-TYPE|PRE ANNEAL CHECK|RAPID THERMAL ANNEAL|MEASURE SHEET RESISTANCE|DEPOSIT GATE OXIDE OR DIELECTRIC|ANNEAL DIELECTRIC|MEASURE OXIDE QUALITY|DEPOSIT POLYSILICON|POLYSILICON ANNEAL|MEASURE POLY THICKNESS|SPIN COAT PHOTORESIST|SOFT BAKE
valid_0170,STRIP RESIST|CLEAN PAD OPENING|MEASURE PAD OPENING|BACKSIDE GRIND|MEASURE THICKNESS|BACKSIDE ETCH CLEAN|BACKSIDE RINSE|BACKSIDE DRY|BACKSIDE METALLIZATION PREP|DEPOSIT BACKSIDE METAL|BACKSIDE ANNEAL|MEASURE BACKSIDE CONTACT|FINAL CLEAN|FINAL THICKNESS MEASURE|FINAL GEOMETRY CHECK|FINAL CD INSPECTION|FINAL PARTICLE INSPECTION|PARAMETRIC TEST|LEAKAGE TEST|BREAKDOWN VOLTAGE TEST|SWITCHING TEST|YIELD ANALYSIS|WAFER SORT TEST|FINAL LOT RELEASE|SHIP LOT
valid_0171,DEPOSIT BARRIER METAL|DEPOSIT METAL SEED|FILL VIA METAL|CMP VIA FILL|MEASURE CONTACT RESISTANCE|DEPOSIT TOP METAL|ANNEAL METAL|SPIN COAT PHOTORESIST|SOFT BAKE|ALIGN MASK LEVEL 2|EXPOSE LITHO LEVEL 2|DEVELOP PHOTORESIST|PATTERN INSPECTION LEVEL 2|POLYSILICON ETCH DRY|STRIP RESIST LEVEL 2|CLEAN AFTER POLY ETCH|MEASURE CD LEVEL 2|IMPLANT N-TYPE|PRE ANNEAL CHECK|RAPID THERMAL ANNEAL|MEASURE SHEET RESISTANCE|DEPOSIT GATE OXIDE OR DIELECTRIC|ANNEAL DIELECTRIC|MEASURE OXIDE QUALITY|DEPOSIT POLYSILICON|POLYSILICON ANNEAL|MEASURE POLY THICKNESS|SPIN COAT PHOTORESIST|SOFT BAKE
valid_0172,PASSIVATION ETCH|STRIP PHOTORESIST|CLEAN PAD OPENING|MEASURE PAD OPENING|BACKSIDE GRIND|MEASURE THICKNESS|BACKSIDE ETCH CLEAN|BACKSIDE RINSE|BACKSIDE DRY|BACKSIDE METALLIZATION PREP|DEPOSIT BACKSIDE METAL|BACKSIDE ANNEAL|MEASURE BACKSIDE CONTACT|FINAL CLEAN|FINAL THICKNESS MEASURE|FINAL GEOMETRY CHECK|FINAL CD INSPECTION|FINAL PARTICLE INSPECTION|PARAMETRIC TEST|LEAKAGE TEST|BREAKDOWN VOLTAGE TEST|SWITCHING TEST|YIELD ANALYSIS|WAFER SORT TEST|FINAL LOT RELEASE|SHIP LOT
valid_0173,CLEAN AFTER VIA ETCH|MEASURE VIA CD|DEPOSIT BARRIER METAL|DEPOSIT METAL SEED|FILL VIA METAL|CMP VIA FILL|MEASURE CONTACT RESISTANCE|DEPOSIT TOP METAL|ANNEAL METAL|SPIN COAT PHOTORESIST|SOFT BAKE|ALIGN MASK LEVEL 2|EXPOSE LITHO LEVEL 2|DEVELOP PHOTORESIST|PATTERN INSPECTION LEVEL 2|POLYSILICON ETCH DRY|STRIP RESIST LEVEL 2|CLEAN AFTER POLY ETCH|MEASURE CD LEVEL 2|IMPLANT N-TYPE|PRE ANNEAL CHECK|RAPID THERMAL ANNEAL|MEASURE SHEET RESISTANCE|DEPOSIT GATE OXIDE OR DIELECTRIC|ANNEAL DIELECTRIC|MEASURE OXIDE QUALITY|DEPOSIT POLYSILICON|POLYSILICON ANNEAL|MEASURE POLY THICKNESS|SPIN COAT PHOTORESIST|SOFT BAKE
valid_0174,STRIP RESIST|CLEAN PAD OPENING|MEASURE PAD OPENING|BACKSIDE GRIND|MEASURE THICKNESS|BACKSIDE ETCH CLEAN|BACKSIDE RINSE|BACKSIDE DRY|BACKSIDE METALLIZATION PREP|DEPOSIT BACKSIDE METAL|BACKSIDE ANNEAL|MEASURE BACKSIDE CONTACT|FINAL CLEAN|FINAL THICKNESS MEASURE|FINAL GEOMETRY CHECK|FINAL CD INSPECTION|FINAL PARTICLE INSPECTION|PARAMETRIC TEST|LEAKAGE TEST|BREAKDOWN VOLTAGE TEST|SWITCHING TEST|YIELD ANALYSIS|WAFER SORT TEST|FINAL LOT RELEASE|SHIP LOT
valid_0175,DEPOSIT METAL SEED|FILL VIA METAL|CMP VIA FILL|MEASURE CONTACT RESISTANCE|DEPOSIT TOP METAL|ANNEAL METAL|SPIN COAT PHOTORESIST|SOFT BAKE|ALIGN MASK LEVEL 2|EXPOSE LITHO LEVEL 2|DEVELOP PHOTORESIST|PATTERN INSPECTION LEVEL 2|POLYSILICON ETCH DRY|STRIP RESIST LEVEL 2|CLEAN AFTER POLY ETCH|MEASURE CD LEVEL 2|IMPLANT N-TYPE|PRE ANNEAL CHECK|RAPID THERMAL ANNEAL|MEASURE SHEET RESISTANCE|DEPOSIT GATE OXIDE OR DIELECTRIC|ANNEAL DIELECTRIC|MEASURE OXIDE QUALITY|DEPOSIT POLYSILICON|POLYSILICON ANNEAL|MEASURE POLY THICKNESS|SPIN COAT PHOTORESIST|SOFT BAKE
valid_0176,CLEAN PAD OPENING|MEASURE PAD OPENING|BACKSIDE GRIND|MEASURE THICKNESS|BACKSIDE ETCH CLEAN|BACKSIDE RINSE|BACKSIDE DRY|BACKSIDE METALLIZATION PREP|DEPOSIT BACKSIDE METAL|BACKSIDE ANNEAL|MEASURE BACKSIDE CONTACT|FINAL CLEAN|FINAL THICKNESS MEASURE|FINAL GEOMETRY CHECK|FINAL CD INSPECTION|FINAL PARTICLE INSPECTION|PARAMETRIC TEST|LEAKAGE TEST|BREAKDOWN VOLTAGE TEST|SWITCHING TEST|YIELD ANALYSIS|WAFER SORT TEST|FINAL LOT RELEASE|SHIP LOT
valid_0177,DEPOSIT BARRIER METAL|DEPOSIT METAL SEED|FILL VIA METAL|CMP VIA FILL|MEASURE CONTACT RESISTANCE|DEPOSIT TOP METAL|ANNEAL METAL|SPIN COAT PHOTORESIST|SOFT BAKE|ALIGN MASK LEVEL 2|EXPOSE LITHO LEVEL 2|DEVELOP PHOTORESIST|PATTERN INSPECTION LEVEL 2|POLYSILICON ETCH DRY|STRIP RESIST LEVEL 2|CLEAN AFTER POLY ETCH|MEASURE CD LEVEL 2|IMPLANT N-TYPE|PRE ANNEAL CHECK|RAPID THERMAL ANNEAL|MEASURE SHEET RESISTANCE|DEPOSIT GATE OXIDE OR DIELECTRIC|ANNEAL DIELECTRIC|MEASURE OXIDE QUALITY|DEPOSIT POLYSILICON|POLYSILICON ANNEAL|MEASURE POLY THICKNESS|SPIN COAT PHOTORESIST|SOFT BAKE
valid_0178,STRIP PHOTORESIST|CLEAN PAD OPENING|MEASURE PAD OPENING|BACKSIDE GRIND|MEASURE THICKNESS|BACKSIDE ETCH CLEAN|BACKSIDE RINSE|BACKSIDE DRY|BACKSIDE METALLIZATION PREP|DEPOSIT BACKSIDE METAL|BACKSIDE ANNEAL|MEASURE BACKSIDE CONTACT|FINAL CLEAN|FINAL THICKNESS MEASURE|FINAL GEOMETRY CHECK|FINAL CD INSPECTION|FINAL PARTICLE INSPECTION|PARAMETRIC TEST|LEAKAGE TEST|BREAKDOWN VOLTAGE TEST|SWITCHING TEST|YIELD ANALYSIS|WAFER SORT TEST|FINAL LOT RELEASE|SHIP LOT
valid_0179,CLEAN AFTER VIA ETCH|MEASURE VIA CD|DEPOSIT BARRIER METAL|DEPOSIT METAL SEED|FILL VIA METAL|CMP VIA FILL|MEASURE CONTACT RESISTANCE|DEPOSIT TOP METAL|ANNEAL METAL|SPIN COAT PHOTORESIST|SOFT BAKE|ALIGN MASK LEVEL 2|EXPOSE LITHO LEVEL 2|DEVELOP PHOTORESIST|PATTERN INSPECTION LEVEL 2|POLYSILICON ETCH DRY|STRIP RESIST LEVEL 2|CLEAN AFTER POLY ETCH|MEASURE CD LEVEL 2|IMPLANT N-TYPE|PRE ANNEAL CHECK|RAPID THERMAL ANNEAL|MEASURE SHEET RESISTANCE|DEPOSIT GATE OXIDE OR DIELECTRIC|ANNEAL DIELECTRIC|MEASURE OXIDE QUALITY|DEPOSIT POLYSILICON|POLYSILICON ANNEAL|MEASURE POLY THICKNESS|SPIN COAT PHOTORESIST|SOFT BAKE
valid_0180,CLEAN PAD OPENING|MEASURE PAD OPENING|BACKSIDE GRIND|MEASURE THICKNESS|BACKSIDE ETCH CLEAN|BACKSIDE RINSE|BACKSIDE DRY|BACKSIDE METALLIZATION PREP|DEPOSIT BACKSIDE METAL|BACKSIDE ANNEAL|MEASURE BACKSIDE CONTACT|FINAL CLEAN|FINAL THICKNESS MEASURE|FINAL GEOMETRY CHECK|FINAL CD INSPECTION|FINAL PARTICLE INSPECTION|PARAMETRIC TEST|LEAKAGE TEST|BREAKDOWN VOLTAGE TEST|SWITCHING TEST|YIELD ANALYSIS|WAFER SORT TEST|FINAL LOT RELEASE|SHIP LOT
valid_0181,CLEAN AFTER VIA ETCH|MEASURE VIA CD|DEPOSIT BARRIER METAL|DEPOSIT METAL SEED|FILL VIA METAL|CMP VIA FILL|MEASURE CONTACT RESISTANCE|DEPOSIT TOP METAL|ANNEAL METAL|SPIN COAT PHOTORESIST|SOFT BAKE|ALIGN MASK LEVEL 2|EXPOSE LITHO LEVEL 2|DEVELOP PHOTORESIST|PATTERN INSPECTION LEVEL 2|POLYSILICON ETCH DRY|STRIP RESIST LEVEL 2|CLEAN AFTER POLY ETCH|MEASURE CD LEVEL 2|IMPLANT N-TYPE|PRE ANNEAL CHECK|RAPID THERMAL ANNEAL|MEASURE SHEET RESISTANCE|DEPOSIT GATE OXIDE OR DIELECTRIC|ANNEAL DIELECTRIC|MEASURE OXIDE QUALITY|DEPOSIT POLYSILICON|POLYSILICON ANNEAL|MEASURE POLY THICKNESS|SPIN COAT PHOTORESIST|SOFT BAKE
valid_0182,PASSIVATION ETCH|STRIP RESIST|CLEAN PAD OPENING|MEASURE PAD OPENING|BACKSIDE GRIND|MEASURE THICKNESS|BACKSIDE ETCH CLEAN|BACKSIDE RINSE|BACKSIDE DRY|BACKSIDE METALLIZATION PREP|DEPOSIT BACKSIDE METAL|BACKSIDE ANNEAL|MEASURE BACKSIDE CONTACT|FINAL CLEAN|FINAL THICKNESS MEASURE|FINAL GEOMETRY CHECK|FINAL CD INSPECTION|FINAL PARTICLE INSPECTION|PARAMETRIC TEST|LEAKAGE TEST|BREAKDOWN VOLTAGE TEST|SWITCHING TEST|YIELD ANALYSIS|WAFER SORT TEST|FINAL LOT RELEASE|SHIP LOT
valid_0183,CLEAN AFTER VIA ETCH|MEASURE VIA CD|DEPOSIT BARRIER METAL|DEPOSIT METAL SEED|FILL VIA METAL|CMP VIA FILL|MEASURE CONTACT RESISTANCE|DEPOSIT TOP METAL|ANNEAL METAL|SPIN COAT PHOTORESIST|SOFT BAKE|ALIGN MASK LEVEL 2|EXPOSE LITHO LEVEL 2|DEVELOP PHOTORESIST|PATTERN INSPECTION LEVEL 2|POLYSILICON ETCH DRY|STRIP RESIST LEVEL 2|CLEAN AFTER POLY ETCH|MEASURE CD LEVEL 2|IMPLANT N-TYPE|PRE ANNEAL CHECK|RAPID THERMAL ANNEAL|MEASURE SHEET RESISTANCE|DEPOSIT GATE OXIDE OR DIELECTRIC|ANNEAL DIELECTRIC|MEASURE OXIDE QUALITY|DEPOSIT POLYSILICON|POLYSILICON ANNEAL|MEASURE POLY THICKNESS|SPIN COAT PHOTORESIST|SOFT BAKE
valid_0184,CLEAN PAD OPENING|MEASURE PAD OPENING|BACKSIDE GRIND|MEASURE THICKNESS|BACKSIDE ETCH CLEAN|BACKSIDE RINSE|BACKSIDE DRY|BACKSIDE METALLIZATION PREP|DEPOSIT BACKSIDE METAL|BACKSIDE ANNEAL|MEASURE BACKSIDE CONTACT|FINAL CLEAN|FINAL THICKNESS MEASURE|FINAL GEOMETRY CHECK|FINAL CD INSPECTION|FINAL PARTICLE INSPECTION|PARAMETRIC TEST|LEAKAGE TEST|BREAKDOWN VOLTAGE TEST|SWITCHING TEST|YIELD ANALYSIS|WAFER SORT TEST|FINAL LOT RELEASE|SHIP LOT
valid_0185,MEASURE VIA CD|DEPOSIT BARRIER METAL|DEPOSIT METAL SEED|FILL VIA METAL|CMP VIA FILL|MEASURE CONTACT RESISTANCE|DEPOSIT TOP METAL|ANNEAL METAL|SPIN COAT PHOTORESIST|SOFT BAKE|ALIGN MASK LEVEL 2|EXPOSE LITHO LEVEL 2|DEVELOP PHOTORESIST|PATTERN INSPECTION LEVEL 2|POLYSILICON ETCH DRY|STRIP RESIST LEVEL 2|CLEAN AFTER POLY ETCH|MEASURE CD LEVEL 2|IMPLANT N-TYPE|PRE ANNEAL CHECK|RAPID THERMAL ANNEAL|MEASURE SHEET RESISTANCE|DEPOSIT GATE OXIDE OR DIELECTRIC|ANNEAL DIELECTRIC|MEASURE OXIDE QUALITY|DEPOSIT POLYSILICON|POLYSILICON ANNEAL|MEASURE POLY THICKNESS|SPIN COAT PHOTORESIST|SOFT BAKE
valid_0186,PASSIVATION ETCH|STRIP PHOTORESIST|CLEAN PAD OPENING|MEASURE PAD OPENING|BACKSIDE GRIND|MEASURE THICKNESS|BACKSIDE ETCH CLEAN|BACKSIDE RINSE|BACKSIDE DRY|BACKSIDE METALLIZATION PREP|DEPOSIT BACKSIDE METAL|BACKSIDE ANNEAL|MEASURE BACKSIDE CONTACT|FINAL CLEAN|FINAL THICKNESS MEASURE|FINAL GEOMETRY CHECK|FINAL CD INSPECTION|FINAL PARTICLE INSPECTION|PARAMETRIC TEST|LEAKAGE TEST|BREAKDOWN VOLTAGE TEST|SWITCHING TEST|YIELD ANALYSIS|WAFER SORT TEST|FINAL LOT RELEASE|SHIP LOT
valid_0187,STRIP PHOTORESIST|CLEAN AFTER VIA ETCH|MEASURE VIA CD|DEPOSIT BARRIER METAL|DEPOSIT METAL SEED|FILL VIA METAL|CMP VIA FILL|MEASURE CONTACT RESISTANCE|DEPOSIT TOP METAL|ANNEAL METAL|SPIN COAT PHOTORESIST|SOFT BAKE|ALIGN MASK LEVEL 2|EXPOSE LITHO LEVEL 2|DEVELOP PHOTORESIST|PATTERN INSPECTION LEVEL 2|POLYSILICON ETCH DRY|STRIP RESIST LEVEL 2|CLEAN AFTER POLY ETCH|MEASURE CD LEVEL 2|IMPLANT N-TYPE|PRE ANNEAL CHECK|RAPID THERMAL ANNEAL|MEASURE SHEET RESISTANCE|DEPOSIT GATE OXIDE OR DIELECTRIC|ANNEAL DIELECTRIC|MEASURE OXIDE QUALITY|DEPOSIT POLYSILICON|POLYSILICON ANNEAL|MEASURE POLY THICKNESS|SPIN COAT PHOTORESIST|SOFT BAKE
valid_0188,PASSIVATION ETCH|STRIP PHOTORESIST|CLEAN PAD OPENING|MEASURE PAD OPENING|BACKSIDE GRIND|MEASURE THICKNESS|BACKSIDE ETCH CLEAN|BACKSIDE RINSE|BACKSIDE DRY|BACKSIDE METALLIZATION PREP|DEPOSIT BACKSIDE METAL|BACKSIDE ANNEAL|MEASURE BACKSIDE CONTACT|FINAL CLEAN|FINAL THICKNESS MEASURE|FINAL GEOMETRY CHECK|FINAL CD INSPECTION|FINAL PARTICLE INSPECTION|PARAMETRIC TEST|LEAKAGE TEST|BREAKDOWN VOLTAGE TEST|SWITCHING TEST|YIELD ANALYSIS|WAFER SORT TEST|FINAL LOT RELEASE|SHIP LOT
valid_0189,STRIP PHOTORESIST|CLEAN AFTER VIA ETCH|MEASURE VIA CD|DEPOSIT BARRIER METAL|DEPOSIT METAL SEED|FILL VIA METAL|CMP VIA FILL|MEASURE CONTACT RESISTANCE|DEPOSIT TOP METAL|ANNEAL METAL|SPIN COAT PHOTORESIST|SOFT BAKE|ALIGN MASK LEVEL 2|EXPOSE LITHO LEVEL 2|DEVELOP PHOTORESIST|PATTERN INSPECTION LEVEL 2|POLYSILICON ETCH DRY|STRIP RESIST LEVEL 2|CLEAN AFTER POLY ETCH|MEASURE CD LEVEL 2|IMPLANT N-TYPE|PRE ANNEAL CHECK|RAPID THERMAL ANNEAL|MEASURE SHEET RESISTANCE|DEPOSIT GATE OXIDE OR DIELECTRIC|ANNEAL DIELECTRIC|MEASURE OXIDE QUALITY|DEPOSIT POLYSILICON|POLYSILICON ANNEAL|MEASURE POLY THICKNESS|SPIN COAT PHOTORESIST|SOFT BAKE
valid_0190,STRIP PHOTORESIST|CLEAN PAD OPENING|MEASURE PAD OPENING|BACKSIDE GRIND|MEASURE THICKNESS|BACKSIDE ETCH CLEAN|BACKSIDE RINSE|BACKSIDE DRY|BACKSIDE METALLIZATION PREP|DEPOSIT BACKSIDE METAL|BACKSIDE ANNEAL|MEASURE BACKSIDE CONTACT|FINAL CLEAN|FINAL THICKNESS MEASURE|FINAL GEOMETRY CHECK|FINAL CD INSPECTION|FINAL PARTICLE INSPECTION|PARAMETRIC TEST|LEAKAGE TEST|BREAKDOWN VOLTAGE TEST|SWITCHING TEST|YIELD ANALYSIS|WAFER SORT TEST|FINAL LOT RELEASE|SHIP LOT
valid_0191,DEPOSIT METAL SEED|FILL VIA METAL|CMP VIA FILL|MEASURE CONTACT RESISTANCE|DEPOSIT TOP METAL|ANNEAL METAL|SPIN COAT PHOTORESIST|SOFT BAKE|ALIGN MASK LEVEL 2|EXPOSE LITHO LEVEL 2|DEVELOP PHOTORESIST|PATTERN INSPECTION LEVEL 2|POLYSILICON ETCH DRY|STRIP RESIST LEVEL 2|CLEAN AFTER POLY ETCH|MEASURE CD LEVEL 2|IMPLANT N-TYPE|PRE ANNEAL CHECK|RAPID THERMAL ANNEAL|MEASURE SHEET RESISTANCE|DEPOSIT GATE OXIDE OR DIELECTRIC|ANNEAL DIELECTRIC|MEASURE OXIDE QUALITY|DEPOSIT POLYSILICON|POLYSILICON ANNEAL|MEASURE POLY THICKNESS|SPIN COAT PHOTORESIST|SOFT BAKE
valid_0192,STRIP RESIST|CLEAN PAD OPENING|MEASURE PAD OPENING|BACKSIDE GRIND|MEASURE THICKNESS|BACKSIDE ETCH CLEAN|BACKSIDE RINSE|BACKSIDE DRY|BACKSIDE METALLIZATION PREP|DEPOSIT BACKSIDE METAL|BACKSIDE ANNEAL|MEASURE BACKSIDE CONTACT|FINAL CLEAN|FINAL THICKNESS MEASURE|FINAL GEOMETRY CHECK|FINAL CD INSPECTION|FINAL PARTICLE INSPECTION|PARAMETRIC TEST|LEAKAGE TEST|BREAKDOWN VOLTAGE TEST|SWITCHING TEST|YIELD ANALYSIS|WAFER SORT TEST|FINAL LOT RELEASE|SHIP LOT
valid_0193,MEASURE VIA CD|DEPOSIT BARRIER METAL|DEPOSIT METAL SEED|FILL VIA METAL|CMP VIA FILL|MEASURE CONTACT RESISTANCE|DEPOSIT TOP METAL|ANNEAL METAL|SPIN COAT PHOTORESIST|SOFT BAKE|ALIGN MASK LEVEL 2|EXPOSE LITHO LEVEL 2|DEVELOP PHOTORESIST|PATTERN INSPECTION LEVEL 2|POLYSILICON ETCH DRY|STRIP RESIST LEVEL 2|CLEAN AFTER POLY ETCH|MEASURE CD LEVEL 2|IMPLANT N-TYPE|PRE ANNEAL CHECK|RAPID THERMAL ANNEAL|MEASURE SHEET RESISTANCE|DEPOSIT GATE OXIDE OR DIELECTRIC|ANNEAL DIELECTRIC|MEASURE OXIDE QUALITY|DEPOSIT POLYSILICON|POLYSILICON ANNEAL|MEASURE POLY THICKNESS|SPIN COAT PHOTORESIST|SOFT BAKE
valid_0194,STRIP RESIST|CLEAN PAD OPENING|MEASURE PAD OPENING|BACKSIDE GRIND|MEASURE THICKNESS|BACKSIDE ETCH CLEAN|BACKSIDE RINSE|BACKSIDE DRY|BACKSIDE METALLIZATION PREP|DEPOSIT BACKSIDE METAL|BACKSIDE ANNEAL|MEASURE BACKSIDE CONTACT|FINAL CLEAN|FINAL THICKNESS MEASURE|FINAL GEOMETRY CHECK|FINAL CD INSPECTION|FINAL PARTICLE INSPECTION|PARAMETRIC TEST|LEAKAGE TEST|BREAKDOWN VOLTAGE TEST|SWITCHING TEST|YIELD ANALYSIS|WAFER SORT TEST|FINAL LOT RELEASE|SHIP LOT
valid_0195,DEPOSIT BARRIER METAL|DEPOSIT METAL SEED|FILL VIA METAL|CMP VIA FILL|MEASURE CONTACT RESISTANCE|DEPOSIT TOP METAL|ANNEAL METAL|SPIN COAT PHOTORESIST|SOFT BAKE|ALIGN MASK LEVEL 2|EXPOSE LITHO LEVEL 2|DEVELOP PHOTORESIST|PATTERN INSPECTION LEVEL 2|POLYSILICON ETCH DRY|STRIP RESIST LEVEL 2|CLEAN AFTER POLY ETCH|MEASURE CD LEVEL 2|IMPLANT N-TYPE|PRE ANNEAL CHECK|RAPID THERMAL ANNEAL|MEASURE SHEET RESISTANCE|DEPOSIT GATE OXIDE OR DIELECTRIC|ANNEAL DIELECTRIC|MEASURE OXIDE QUALITY|DEPOSIT POLYSILICON|POLYSILICON ANNEAL|MEASURE POLY THICKNESS|SPIN COAT PHOTORESIST|SOFT BAKE
valid_0196,PASSIVATION ETCH|STRIP RESIST|CLEAN PAD OPENING|MEASURE PAD OPENING|BACKSIDE GRIND|MEASURE THICKNESS|BACKSIDE ETCH CLEAN|BACKSIDE RINSE|BACKSIDE DRY|BACKSIDE METALLIZATION PREP|DEPOSIT BACKSIDE METAL|BACKSIDE ANNEAL|MEASURE BACKSIDE CONTACT|FINAL CLEAN|FINAL THICKNESS MEASURE|FINAL GEOMETRY CHECK|FINAL CD INSPECTION|FINAL PARTICLE INSPECTION|PARAMETRIC TEST|LEAKAGE TEST|BREAKDOWN VOLTAGE TEST|SWITCHING TEST|YIELD ANALYSIS|WAFER SORT TEST|FINAL LOT RELEASE|SHIP LOT
valid_0197,STRIP RESIST|CLEAN AFTER VIA ETCH|MEASURE VIA CD|DEPOSIT BARRIER METAL|DEPOSIT METAL SEED|FILL VIA METAL|CMP VIA FILL|MEASURE CONTACT RESISTANCE|DEPOSIT TOP METAL|ANNEAL METAL|SPIN COAT PHOTORESIST|SOFT BAKE|ALIGN MASK LEVEL 2|EXPOSE LITHO LEVEL 2|DEVELOP PHOTORESIST|PATTERN INSPECTION LEVEL 2|POLYSILICON ETCH DRY|STRIP RESIST LEVEL 2|CLEAN AFTER POLY ETCH|MEASURE CD LEVEL 2|IMPLANT N-TYPE|PRE ANNEAL CHECK|RAPID THERMAL ANNEAL|MEASURE SHEET RESISTANCE|DEPOSIT GATE OXIDE OR DIELECTRIC|ANNEAL DIELECTRIC|MEASURE OXIDE QUALITY|DEPOSIT POLYSILICON|POLYSILICON ANNEAL|MEASURE POLY THICKNESS|SPIN COAT PHOTORESIST|SOFT BAKE
valid_0198,DEVELOP PHOTORESIST|PASSIVATION ETCH PAD OPENING|STRIP RESIST|CLEAN PAD OPENING|MEASURE PAD OPENING|BACKSIDE GRIND|MEASURE THICKNESS|BACKSIDE ETCH CLEAN|BACKSIDE RINSE|BACKSIDE DRY|BACKSIDE METALLIZATION PREP|DEPOSIT BACKSIDE METAL|BACKSIDE ANNEAL|MEASURE BACKSIDE CONTACT|FINAL CLEAN|FINAL THICKNESS MEASURE|FINAL GEOMETRY CHECK|FINAL CD INSPECTION|FINAL PARTICLE INSPECTION|PARAMETRIC TEST|LEAKAGE TEST|BREAKDOWN VOLTAGE TEST|SWITCHING TEST|YIELD ANALYSIS|WAFER SORT TEST|FINAL LOT RELEASE|SHIP LOT
valid_0199,CLEAN AFTER VIA ETCH|MEASURE VIA CD|DEPOSIT BARRIER METAL|DEPOSIT METAL SEED|FILL VIA METAL|CMP VIA FILL|MEASURE CONTACT RESISTANCE|DEPOSIT TOP METAL|ANNEAL METAL|SPIN COAT PHOTORESIST|SOFT BAKE|ALIGN MASK LEVEL 2|EXPOSE LITHO LEVEL 2|DEVELOP PHOTORESIST|PATTERN INSPECTION LEVEL 2|POLYSILICON ETCH DRY|STRIP RESIST LEVEL 2|CLEAN AFTER POLY ETCH|MEASURE CD LEVEL 2|IMPLANT N-TYPE|PRE ANNEAL CHECK|RAPID THERMAL ANNEAL|MEASURE SHEET RESISTANCE|DEPOSIT GATE OXIDE OR DIELECTRIC|ANNEAL DIELECTRIC|MEASURE OXIDE QUALITY|DEPOSIT POLYSILICON|POLYSILICON ANNEAL|MEASURE POLY THICKNESS|SPIN COAT PHOTORESIST|SOFT BAKE
valid_0200,PASSIVATION ETCH PAD OPENING|STRIP PHOTORESIST|CLEAN PAD OPENING|MEASURE PAD OPENING|BACKSIDE GRIND|MEASURE THICKNESS|BACKSIDE ETCH CLEAN|BACKSIDE RINSE|BACKSIDE DRY|BACKSIDE METALLIZATION PREP|DEPOSIT BACKSIDE METAL|BACKSIDE ANNEAL|MEASURE BACKSIDE CONTACT|FINAL CLEAN|FINAL THICKNESS MEASURE|FINAL GEOMETRY CHECK|FINAL CD INSPECTION|FINAL PARTICLE INSPECTION|PARAMETRIC TEST|LEAKAGE TEST|BREAKDOWN VOLTAGE TEST|SWITCHING TEST|YIELD ANALYSIS|WAFER SORT TEST|FINAL LOT RELEASE|SHIP LOT
valid_0201,MEASURE PLANARITY|SPIN COAT PHOTORESIST|SOFT BAKE|ALIGN MASK LEVEL 2|EXPOSE LITHO LEVEL 2|DEVELOP PHOTORESIST|PATTERN INSPECTION LEVEL 2|POLYSILICON ETCH DRY|STRIP RESIST LEVEL 2|CLEAN AFTER POLY ETCH|MEASURE CD LEVEL 2|IMPLANT N-TYPE|PRE ANNEAL CHECK|RAPID THERMAL ANNEAL|MEASURE SHEET RESISTANCE|DEPOSIT GATE OXIDE OR DIELECTRIC|ANNEAL DIELECTRIC|MEASURE OXIDE QUALITY|DEPOSIT POLYSILICON|POLYSILICON ANNEAL|MEASURE POLY THICKNESS|SPIN COAT PHOTORESIST|SOFT BAKE
valid_0202,DEPOSIT PASSIVATION LAYER|CURE PASSIVATION|MEASURE PASSIVATION QUALITY|OPEN PAD WINDOW|PAD WINDOW LITHO|DEVELOP PHOTORESIST|PASSIVATION ETCH PAD OPENING|STRIP RESIST|CLEAN PAD OPENING|MEASURE PAD OPENING|BACKSIDE GRIND|MEASURE THICKNESS|BACKSIDE ETCH CLEAN|BACKSIDE RINSE|BACKSIDE DRY|BACKSIDE METALLIZATION PREP|DEPOSIT BACKSIDE METAL|BACKSIDE ANNEAL|MEASURE BACKSIDE CONTACT|FINAL CLEAN|FINAL THICKNESS MEASURE|FINAL GEOMETRY CHECK|FINAL CD INSPECTION|FINAL PARTICLE INSPECTION|PARAMETRIC TEST|LEAKAGE TEST|BREAKDOWN VOLTAGE TEST|SWITCHING TEST|YIELD ANALYSIS|WAFER SORT TEST|FINAL LOT RELEASE|SHIP LOT
valid_0203,CMP DIELECTRIC|MEASURE SURFACE PLANARITY|SPIN COAT PHOTORESIST|SOFT BAKE|ALIGN MASK LEVEL 2|EXPOSE LITHO LEVEL 2|DEVELOP PHOTORESIST|PATTERN INSPECTION LEVEL 2|POLYSILICON ETCH DRY|STRIP RESIST LEVEL 2|CLEAN AFTER POLY ETCH|MEASURE CD LEVEL 2|IMPLANT N-TYPE|PRE ANNEAL CHECK|RAPID THERMAL ANNEAL|MEASURE SHEET RESISTANCE|DEPOSIT GATE OXIDE OR DIELECTRIC|ANNEAL DIELECTRIC|MEASURE OXIDE QUALITY|DEPOSIT POLYSILICON|POLYSILICON ANNEAL|MEASURE POLY THICKNESS|SPIN COAT PHOTORESIST|SOFT BAKE
valid_0204,MEASURE LINE WIDTH|DEPOSIT PASSIVATION LAYER|CURE PASSIVATION|MEASURE PASSIVATION QUALITY|OPEN PAD WINDOW|PAD WINDOW LITHO|DEVELOP PHOTORESIST|PASSIVATION ETCH PAD OPENING|STRIP RESIST|CLEAN PAD OPENING|MEASURE PAD OPENING|BACKSIDE GRIND|MEASURE THICKNESS|BACKSIDE ETCH CLEAN|BACKSIDE RINSE|BACKSIDE DRY|BACKSIDE METALLIZATION PREP|DEPOSIT BACKSIDE METAL|BACKSIDE ANNEAL|MEASURE BACKSIDE CONTACT|FINAL CLEAN|FINAL THICKNESS MEASURE|FINAL GEOMETRY CHECK|FINAL CD INSPECTION|FINAL PARTICLE INSPECTION|PARAMETRIC TEST|LEAKAGE TEST|BREAKDOWN VOLTAGE TEST|SWITCHING TEST|YIELD ANALYSIS|WAFER SORT TEST|FINAL LOT RELEASE|SHIP LOT
valid_0205,SPIN COAT PHOTORESIST|SOFT BAKE|ALIGN MASK LEVEL 2|EXPOSE LITHO LEVEL 2|DEVELOP PHOTORESIST|PATTERN INSPECTION LEVEL 2|POLYSILICON ETCH DRY|STRIP RESIST LEVEL 2|CLEAN AFTER POLY ETCH|MEASURE CD LEVEL 2|IMPLANT N-TYPE|PRE ANNEAL CHECK|RAPID THERMAL ANNEAL|MEASURE SHEET RESISTANCE|DEPOSIT GATE OXIDE OR DIELECTRIC|ANNEAL DIELECTRIC|MEASURE OXIDE QUALITY|DEPOSIT POLYSILICON|POLYSILICON ANNEAL|MEASURE POLY THICKNESS|SPIN COAT PHOTORESIST|SOFT BAKE
valid_0206,MEASURE PASSIVATION QUALITY|OPEN PAD WINDOW|PAD WINDOW LITHO|DEVELOP PHOTORESIST|PASSIVATION ETCH PAD OPENING|STRIP RESIST|CLEAN PAD OPENING|MEASURE PAD OPENING|BACKSIDE GRIND|MEASURE THICKNESS|BACKSIDE ETCH CLEAN|BACKSIDE RINSE|BACKSIDE DRY|BACKSIDE METALLIZATION PREP|DEPOSIT BACKSIDE METAL|BACKSIDE ANNEAL|MEASURE BACKSIDE CONTACT|FINAL CLEAN|FINAL THICKNESS MEASURE|FINAL GEOMETRY CHECK|FINAL CD INSPECTION|FINAL PARTICLE INSPECTION|PARAMETRIC TEST|LEAKAGE TEST|BREAKDOWN VOLTAGE TEST|SWITCHING TEST|YIELD ANALYSIS|WAFER SORT TEST|FINAL LOT RELEASE|SHIP LOT
valid_0207,MEASURE FILM THICKNESS|SPIN COAT PHOTORESIST|SOFT BAKE|ALIGN MASK LEVEL 2|EXPOSE LITHO LEVEL 2|DEVELOP PHOTORESIST|PATTERN INSPECTION LEVEL 2|POLYSILICON ETCH DRY|STRIP RESIST LEVEL 2|CLEAN AFTER POLY ETCH|MEASURE CD LEVEL 2|IMPLANT N-TYPE|PRE ANNEAL CHECK|RAPID THERMAL ANNEAL|MEASURE SHEET RESISTANCE|DEPOSIT GATE OXIDE OR DIELECTRIC|ANNEAL DIELECTRIC|MEASURE OXIDE QUALITY|DEPOSIT POLYSILICON|POLYSILICON ANNEAL|MEASURE POLY THICKNESS|SPIN COAT PHOTORESIST|SOFT BAKE
valid_0208,MEASURE LINE WIDTH|DEPOSIT PASSIVATION LAYER|CURE PASSIVATION|MEASURE PASSIVATION QUALITY|OPEN PAD WINDOW|PAD WINDOW LITHO|DEVELOP PHOTORESIST|PASSIVATION ETCH PAD OPENING|STRIP RESIST|CLEAN PAD OPENING|MEASURE PAD OPENING|BACKSIDE GRIND|MEASURE THICKNESS|BACKSIDE ETCH CLEAN|BACKSIDE RINSE|BACKSIDE DRY|BACKSIDE METALLIZATION PREP|DEPOSIT BACKSIDE METAL|BACKSIDE ANNEAL|MEASURE BACKSIDE CONTACT|FINAL CLEAN|FINAL THICKNESS MEASURE|FINAL GEOMETRY CHECK|FINAL CD INSPECTION|FINAL PARTICLE INSPECTION|PARAMETRIC TEST|LEAKAGE TEST|BREAKDOWN VOLTAGE TEST|SWITCHING TEST|YIELD ANALYSIS|WAFER SORT TEST|FINAL LOT RELEASE|SHIP LOT
valid_0209,MEASURE DIELECTRIC THICKNESS|CMP DIELECTRIC|MEASURE SURFACE PLANARITY|SPIN COAT PHOTORESIST|SOFT BAKE|ALIGN MASK LEVEL 2|EXPOSE LITHO LEVEL 2|DEVELOP PHOTORESIST|PATTERN INSPECTION LEVEL 2|POLYSILICON ETCH DRY|STRIP RESIST LEVEL 2|CLEAN AFTER POLY ETCH|MEASURE CD LEVEL 2|IMPLANT N-TYPE|PRE ANNEAL CHECK|RAPID THERMAL ANNEAL|MEASURE SHEET RESISTANCE|DEPOSIT GATE OXIDE OR DIELECTRIC|ANNEAL DIELECTRIC|MEASURE OXIDE QUALITY|DEPOSIT POLYSILICON|POLYSILICON ANNEAL|MEASURE POLY THICKNESS|SPIN COAT PHOTORESIST|SOFT BAKE
valid_0210,MEASURE LINE WIDTH|DEPOSIT PASSIVATION LAYER|CURE PASSIVATION|MEASURE PASSIVATION QUALITY|OPEN PAD WINDOW|PAD WINDOW LITHO|DEVELOP PHOTORESIST|PASSIVATION ETCH PAD OPENING|STRIP RESIST|CLEAN PAD OPENING|MEASURE PAD OPENING|BACKSIDE GRIND|MEASURE THICKNESS|BACKSIDE ETCH CLEAN|BACKSIDE RINSE|BACKSIDE DRY|BACKSIDE METALLIZATION PREP|DEPOSIT BACKSIDE METAL|BACKSIDE ANNEAL|MEASURE BACKSIDE CONTACT|FINAL CLEAN|FINAL THICKNESS MEASURE|FINAL GEOMETRY CHECK|FINAL CD INSPECTION|FINAL PARTICLE INSPECTION|PARAMETRIC TEST|LEAKAGE TEST|BREAKDOWN VOLTAGE TEST|SWITCHING TEST|YIELD ANALYSIS|WAFER SORT TEST|FINAL LOT RELEASE|SHIP LOT
valid_0211,MEASURE FILM THICKNESS|CMP INTERLAYER DIELECTRIC|MEASURE SURFACE PLANARITY|SPIN COAT PHOTORESIST|SOFT BAKE|ALIGN MASK LEVEL 2|EXPOSE LITHO LEVEL 2|DEVELOP PHOTORESIST|PATTERN INSPECTION LEVEL 2|POLYSILICON ETCH DRY|STRIP RESIST LEVEL 2|CLEAN AFTER POLY ETCH|MEASURE CD LEVEL 2|IMPLANT N-TYPE|PRE ANNEAL CHECK|RAPID THERMAL ANNEAL|MEASURE SHEET RESISTANCE|DEPOSIT GATE OXIDE OR DIELECTRIC|ANNEAL DIELECTRIC|MEASURE OXIDE QUALITY|DEPOSIT POLYSILICON|POLYSILICON ANNEAL|MEASURE POLY THICKNESS|SPIN COAT PHOTORESIST|SOFT BAKE
valid_0212,MEASURE PASSIVATION THICKNESS|OPEN PAD WINDOW|OPEN PAD WINDOW LITHO|DEVELOP PHOTORESIST|PASSIVATION ETCH|STRIP RESIST|CLEAN PAD OPENING|MEASURE PAD OPENING|BACKSIDE GRIND|MEASURE THICKNESS|BACKSIDE ETCH CLEAN|BACKSIDE RINSE|BACKSIDE DRY|BACKSIDE METALLIZATION PREP|DEPOSIT BACKSIDE METAL|BACKSIDE ANNEAL|MEASURE BACKSIDE CONTACT|FINAL CLEAN|FINAL THICKNESS MEASURE|FINAL GEOMETRY CHECK|FINAL CD INSPECTION|FINAL PARTICLE INSPECTION|PARAMETRIC TEST|LEAKAGE TEST|BREAKDOWN VOLTAGE TEST|SWITCHING TEST|YIELD ANALYSIS|WAFER SORT TEST|FINAL LOT RELEASE|SHIP LOT
valid_0213,SPIN COAT PHOTORESIST|SOFT BAKE|ALIGN MASK LEVEL 2|EXPOSE LITHO LEVEL 2|DEVELOP PHOTORESIST|PATTERN INSPECTION LEVEL 2|POLYSILICON ETCH DRY|STRIP RESIST LEVEL 2|CLEAN AFTER POLY ETCH|MEASURE CD LEVEL 2|IMPLANT N-TYPE|PRE ANNEAL CHECK|RAPID THERMAL ANNEAL|MEASURE SHEET RESISTANCE|DEPOSIT GATE OXIDE OR DIELECTRIC|ANNEAL DIELECTRIC|MEASURE OXIDE QUALITY|DEPOSIT POLYSILICON|POLYSILICON ANNEAL|MEASURE POLY THICKNESS|SPIN COAT PHOTORESIST|SOFT BAKE
valid_0214,DEPOSIT PASSIVATION LAYER|CURE PASSIVATION|MEASURE PASSIVATION QUALITY|OPEN PAD WINDOW|PAD WINDOW LITHO|DEVELOP PHOTORESIST|PASSIVATION ETCH PAD OPENING|STRIP RESIST|CLEAN PAD OPENING|MEASURE PAD OPENING|BACKSIDE GRIND|MEASURE THICKNESS|BACKSIDE ETCH CLEAN|BACKSIDE RINSE|BACKSIDE DRY|BACKSIDE METALLIZATION PREP|DEPOSIT BACKSIDE METAL|BACKSIDE ANNEAL|MEASURE BACKSIDE CONTACT|FINAL CLEAN|FINAL THICKNESS MEASURE|FINAL GEOMETRY CHECK|FINAL CD INSPECTION|FINAL PARTICLE INSPECTION|PARAMETRIC TEST|LEAKAGE TEST|BREAKDOWN VOLTAGE TEST|SWITCHING TEST|YIELD ANALYSIS|WAFER SORT TEST|FINAL LOT RELEASE|SHIP LOT
valid_0215,SOFT BAKE|ALIGN MASK LEVEL 2|EXPOSE LITHO LEVEL 2|DEVELOP PHOTORESIST|PATTERN INSPECTION LEVEL 2|POLYSILICON ETCH DRY|STRIP RESIST LEVEL 2|CLEAN AFTER POLY ETCH|MEASURE CD LEVEL 2|IMPLANT N-TYPE|PRE ANNEAL CHECK|RAPID THERMAL ANNEAL|MEASURE SHEET RESISTANCE|DEPOSIT GATE OXIDE OR DIELECTRIC|ANNEAL DIELECTRIC|MEASURE OXIDE QUALITY|DEPOSIT POLYSILICON|POLYSILICON ANNEAL|MEASURE POLY THICKNESS|SPIN COAT PHOTORESIST|SOFT BAKE
valid_0216,DEPOSIT PASSIVATION LAYER|CURE PASSIVATION|MEASURE PASSIVATION QUALITY|OPEN PAD WINDOW|PAD WINDOW LITHO|DEVELOP PHOTORESIST|PASSIVATION ETCH PAD OPENING|STRIP RESIST|CLEAN PAD OPENING|MEASURE PAD OPENING|BACKSIDE GRIND|MEASURE THICKNESS|BACKSIDE ETCH CLEAN|BACKSIDE RINSE|BACKSIDE DRY|BACKSIDE METALLIZATION PREP|DEPOSIT BACKSIDE METAL|BACKSIDE ANNEAL|MEASURE BACKSIDE CONTACT|FINAL CLEAN|FINAL THICKNESS MEASURE|FINAL GEOMETRY CHECK|FINAL CD INSPECTION|FINAL PARTICLE INSPECTION|PARAMETRIC TEST|LEAKAGE TEST|BREAKDOWN VOLTAGE TEST|SWITCHING TEST|YIELD ANALYSIS|WAFER SORT TEST|FINAL LOT RELEASE|SHIP LOT
valid_0217,SOFT BAKE|ALIGN MASK LEVEL 2|EXPOSE LITHO LEVEL 2|DEVELOP PHOTORESIST|PATTERN INSPECTION LEVEL 2|POLYSILICON ETCH DRY|STRIP RESIST LEVEL 2|CLEAN AFTER POLY ETCH|MEASURE CD LEVEL 2|IMPLANT N-TYPE|PRE ANNEAL CHECK|RAPID THERMAL ANNEAL|MEASURE SHEET RESISTANCE|DEPOSIT GATE OXIDE OR DIELECTRIC|ANNEAL DIELECTRIC|MEASURE OXIDE QUALITY|DEPOSIT POLYSILICON|POLYSILICON ANNEAL|MEASURE POLY THICKNESS|SPIN COAT PHOTORESIST|SOFT BAKE
valid_0218,MEASURE PASSIVATION QUALITY|OPEN PAD WINDOW|PAD WINDOW LITHO|DEVELOP PHOTORESIST|PASSIVATION ETCH PAD OPENING|STRIP RESIST|CLEAN PAD OPENING|MEASURE PAD OPENING|BACKSIDE GRIND|MEASURE THICKNESS|BACKSIDE ETCH CLEAN|BACKSIDE RINSE|BACKSIDE DRY|BACKSIDE METALLIZATION PREP|DEPOSIT BACKSIDE METAL|BACKSIDE ANNEAL|MEASURE BACKSIDE CONTACT|FINAL CLEAN|FINAL THICKNESS MEASURE|FINAL GEOMETRY CHECK|FINAL CD INSPECTION|FINAL PARTICLE INSPECTION|PARAMETRIC TEST|LEAKAGE TEST|BREAKDOWN VOLTAGE TEST|SWITCHING TEST|YIELD ANALYSIS|WAFER SORT TEST|FINAL LOT RELEASE|SHIP LOT
valid_0219,MEASURE PLANARITY|SPIN COAT PHOTORESIST|SOFT BAKE|ALIGN MASK LEVEL 2|EXPOSE LITHO LEVEL 2|DEVELOP PHOTORESIST|PATTERN INSPECTION LEVEL 2|POLYSILICON ETCH DRY|STRIP RESIST LEVEL 2|CLEAN AFTER POLY ETCH|MEASURE CD LEVEL 2|IMPLANT N-TYPE|PRE ANNEAL CHECK|RAPID THERMAL ANNEAL|MEASURE SHEET RESISTANCE|DEPOSIT GATE OXIDE OR DIELECTRIC|ANNEAL DIELECTRIC|MEASURE OXIDE QUALITY|DEPOSIT POLYSILICON|POLYSILICON ANNEAL|MEASURE POLY THICKNESS|SPIN COAT PHOTORESIST|SOFT BAKE
valid_0220,MEASURE PASSIVATION QUALITY|OPEN PAD WINDOW|PAD WINDOW LITHO|DEVELOP PHOTORESIST|PASSIVATION ETCH PAD OPENING|STRIP RESIST|CLEAN PAD OPENING|MEASURE PAD OPENING|BACKSIDE GRIND|MEASURE THICKNESS|BACKSIDE ETCH CLEAN|BACKSIDE RINSE|BACKSIDE DRY|BACKSIDE METALLIZATION PREP|DEPOSIT BACKSIDE METAL|BACKSIDE ANNEAL|MEASURE BACKSIDE CONTACT|FINAL CLEAN|FINAL THICKNESS MEASURE|FINAL GEOMETRY CHECK|FINAL CD INSPECTION|FINAL PARTICLE INSPECTION|PARAMETRIC TEST|LEAKAGE TEST|BREAKDOWN VOLTAGE TEST|SWITCHING TEST|YIELD ANALYSIS|WAFER SORT TEST|FINAL LOT RELEASE|SHIP LOT
valid_0221,SPIN COAT PHOTORESIST|SOFT BAKE|ALIGN MASK LEVEL 2|EXPOSE LITHO LEVEL 2|DEVELOP PHOTORESIST|PATTERN INSPECTION LEVEL 2|POLYSILICON ETCH DRY|STRIP RESIST LEVEL 2|CLEAN AFTER POLY ETCH|MEASURE CD LEVEL 2|IMPLANT N-TYPE|PRE ANNEAL CHECK|RAPID THERMAL ANNEAL|MEASURE SHEET RESISTANCE|DEPOSIT GATE OXIDE OR DIELECTRIC|ANNEAL DIELECTRIC|MEASURE OXIDE QUALITY|DEPOSIT POLYSILICON|POLYSILICON ANNEAL|MEASURE POLY THICKNESS|SPIN COAT PHOTORESIST|SOFT BAKE
valid_0222,MEASURE PASSIVATION THICKNESS|OPEN PAD WINDOW|OPEN PAD WINDOW LITHO|DEVELOP PHOTORESIST|PASSIVATION ETCH|STRIP RESIST|CLEAN PAD OPENING|MEASURE PAD OPENING|BACKSIDE GRIND|MEASURE THICKNESS|BACKSIDE ETCH CLEAN|BACKSIDE RINSE|BACKSIDE DRY|BACKSIDE METALLIZATION PREP|DEPOSIT BACKSIDE METAL|BACKSIDE ANNEAL|MEASURE BACKSIDE CONTACT|FINAL CLEAN|FINAL THICKNESS MEASURE|FINAL GEOMETRY CHECK|FINAL CD INSPECTION|FINAL PARTICLE INSPECTION|PARAMETRIC TEST|LEAKAGE TEST|BREAKDOWN VOLTAGE TEST|SWITCHING TEST|YIELD ANALYSIS|WAFER SORT TEST|FINAL LOT RELEASE|SHIP LOT
valid_0223,SOFT BAKE|ALIGN MASK LEVEL 2|EXPOSE LITHO LEVEL 2|DEVELOP PHOTORESIST|PATTERN INSPECTION LEVEL 2|POLYSILICON ETCH DRY|STRIP RESIST LEVEL 2|CLEAN AFTER POLY ETCH|MEASURE CD LEVEL 2|IMPLANT N-TYPE|PRE ANNEAL CHECK|RAPID THERMAL ANNEAL|MEASURE SHEET RESISTANCE|DEPOSIT GATE OXIDE OR DIELECTRIC|ANNEAL DIELECTRIC|MEASURE OXIDE QUALITY|DEPOSIT POLYSILICON|POLYSILICON ANNEAL|MEASURE POLY THICKNESS|SPIN COAT PHOTORESIST|SOFT BAKE
valid_0224,CURE PASSIVATION|MEASURE PASSIVATION QUALITY|OPEN PAD WINDOW|PAD WINDOW LITHO|DEVELOP PHOTORESIST|PASSIVATION ETCH PAD OPENING|STRIP RESIST|CLEAN PAD OPENING|MEASURE PAD OPENING|BACKSIDE GRIND|MEASURE THICKNESS|BACKSIDE ETCH CLEAN|BACKSIDE RINSE|BACKSIDE DRY|BACKSIDE METALLIZATION PREP|DEPOSIT BACKSIDE METAL|BACKSIDE ANNEAL|MEASURE BACKSIDE CONTACT|FINAL CLEAN|FINAL THICKNESS MEASURE|FINAL GEOMETRY CHECK|FINAL CD INSPECTION|FINAL PARTICLE INSPECTION|PARAMETRIC TEST|LEAKAGE TEST|BREAKDOWN VOLTAGE TEST|SWITCHING TEST|YIELD ANALYSIS|WAFER SORT TEST|FINAL LOT RELEASE|SHIP LOT
valid_0225,SPIN COAT PHOTORESIST|SOFT BAKE|ALIGN MASK LEVEL 2|EXPOSE LITHO LEVEL 2|DEVELOP PHOTORESIST|PATTERN INSPECTION LEVEL 2|POLYSILICON ETCH DRY|STRIP RESIST LEVEL 2|CLEAN AFTER POLY ETCH|MEASURE CD LEVEL 2|IMPLANT N-TYPE|PRE ANNEAL CHECK|RAPID THERMAL ANNEAL|MEASURE SHEET RESISTANCE|DEPOSIT GATE OXIDE OR DIELECTRIC|ANNEAL DIELECTRIC|MEASURE OXIDE QUALITY|DEPOSIT POLYSILICON|POLYSILICON ANNEAL|MEASURE POLY THICKNESS|SPIN COAT PHOTORESIST|SOFT BAKE
valid_0226,DEPOSIT PASSIVATION LAYER|CURE PASSIVATION|MEASURE PASSIVATION QUALITY|OPEN PAD WINDOW|PAD WINDOW LITHO|DEVELOP PHOTORESIST|PASSIVATION ETCH PAD OPENING|STRIP RESIST|CLEAN PAD OPENING|MEASURE PAD OPENING|BACKSIDE GRIND|MEASURE THICKNESS|BACKSIDE ETCH CLEAN|BACKSIDE RINSE|BACKSIDE DRY|BACKSIDE METALLIZATION PREP|DEPOSIT BACKSIDE METAL|BACKSIDE ANNEAL|MEASURE BACKSIDE CONTACT|FINAL CLEAN|FINAL THICKNESS MEASURE|FINAL GEOMETRY CHECK|FINAL CD INSPECTION|FINAL PARTICLE INSPECTION|PARAMETRIC TEST|LEAKAGE TEST|BREAKDOWN VOLTAGE TEST|SWITCHING TEST|YIELD ANALYSIS|WAFER SORT TEST|FINAL LOT RELEASE|SHIP LOT
valid_0227,MEASURE SURFACE PLANARITY|SPIN COAT PHOTORESIST|SOFT BAKE|ALIGN MASK LEVEL 2|EXPOSE LITHO LEVEL 2|DEVELOP PHOTORESIST|PATTERN INSPECTION LEVEL 2|POLYSILICON ETCH DRY|STRIP RESIST LEVEL 2|CLEAN AFTER POLY ETCH|MEASURE CD LEVEL 2|IMPLANT N-TYPE|PRE ANNEAL CHECK|RAPID THERMAL ANNEAL|MEASURE SHEET RESISTANCE|DEPOSIT GATE OXIDE OR DIELECTRIC|ANNEAL DIELECTRIC|MEASURE OXIDE QUALITY|DEPOSIT POLYSILICON|POLYSILICON ANNEAL|MEASURE POLY THICKNESS|SPIN COAT PHOTORESIST|SOFT BAKE
valid_0228,CURE PASSIVATION|MEASURE PASSIVATION QUALITY|OPEN PAD WINDOW|PAD WINDOW LITHO|DEVELOP PHOTORESIST|PASSIVATION ETCH PAD OPENING|STRIP RESIST|CLEAN PAD OPENING|MEASURE PAD OPENING|BACKSIDE GRIND|MEASURE THICKNESS|BACKSIDE ETCH CLEAN|BACKSIDE RINSE|BACKSIDE DRY|BACKSIDE METALLIZATION PREP|DEPOSIT BACKSIDE METAL|BACKSIDE ANNEAL|MEASURE BACKSIDE CONTACT|FINAL CLEAN|FINAL THICKNESS MEASURE|FINAL GEOMETRY CHECK|FINAL CD INSPECTION|FINAL PARTICLE INSPECTION|PARAMETRIC TEST|LEAKAGE TEST|BREAKDOWN VOLTAGE TEST|SWITCHING TEST|YIELD ANALYSIS|WAFER SORT TEST|FINAL LOT RELEASE|SHIP LOT
valid_0229,CMP INTERLAYER DIELECTRIC|MEASURE PLANARITY|SPIN COAT PHOTORESIST|SOFT BAKE|ALIGN MASK LEVEL 2|EXPOSE LITHO LEVEL 2|DEVELOP PHOTORESIST|PATTERN INSPECTION LEVEL 2|POLYSILICON ETCH DRY|STRIP RESIST LEVEL 2|CLEAN AFTER POLY ETCH|MEASURE CD LEVEL 2|IMPLANT N-TYPE|PRE ANNEAL CHECK|RAPID THERMAL ANNEAL|MEASURE SHEET RESISTANCE|DEPOSIT GATE OXIDE OR DIELECTRIC|ANNEAL DIELECTRIC|MEASURE OXIDE QUALITY|DEPOSIT POLYSILICON|POLYSILICON ANNEAL|MEASURE POLY THICKNESS|SPIN COAT PHOTORESIST|SOFT BAKE
valid_0230,CURE PASSIVATION|MEASURE PASSIVATION QUALITY|OPEN PAD WINDOW|PAD WINDOW LITHO|DEVELOP PHOTORESIST|PASSIVATION ETCH PAD OPENING|STRIP RESIST|CLEAN PAD OPENING|MEASURE PAD OPENING|BACKSIDE GRIND|MEASURE THICKNESS|BACKSIDE ETCH CLEAN|BACKSIDE RINSE|BACKSIDE DRY|BACKSIDE METALLIZATION PREP|DEPOSIT BACKSIDE METAL|BACKSIDE ANNEAL|MEASURE BACKSIDE CONTACT|FINAL CLEAN|FINAL THICKNESS MEASURE|FINAL GEOMETRY CHECK|FINAL CD INSPECTION|FINAL PARTICLE INSPECTION|PARAMETRIC TEST|LEAKAGE TEST|BREAKDOWN VOLTAGE TEST|SWITCHING TEST|YIELD ANALYSIS|WAFER SORT TEST|FINAL LOT RELEASE|SHIP LOT
valid_0231,SOFT BAKE|ALIGN MASK LEVEL 2|EXPOSE LITHO LEVEL 2|DEVELOP PHOTORESIST|PATTERN INSPECTION LEVEL 2|POLYSILICON ETCH DRY|STRIP RESIST LEVEL 2|CLEAN AFTER POLY ETCH|MEASURE CD LEVEL 2|IMPLANT N-TYPE|PRE ANNEAL CHECK|RAPID THERMAL ANNEAL|MEASURE SHEET RESISTANCE|DEPOSIT GATE OXIDE OR DIELECTRIC|ANNEAL DIELECTRIC|MEASURE OXIDE QUALITY|DEPOSIT POLYSILICON|POLYSILICON ANNEAL|MEASURE POLY THICKNESS|SPIN COAT PHOTORESIST|SOFT BAKE
valid_0232,CURE PASSIVATION|MEASURE PASSIVATION THICKNESS|OPEN PAD WINDOW|OPEN PAD WINDOW LITHO|DEVELOP PHOTORESIST|PASSIVATION ETCH|STRIP RESIST|CLEAN PAD OPENING|MEASURE PAD OPENING|BACKSIDE GRIND|MEASURE THICKNESS|BACKSIDE ETCH CLEAN|BACKSIDE RINSE|BACKSIDE DRY|BACKSIDE METALLIZATION PREP|DEPOSIT BACKSIDE METAL|BACKSIDE ANNEAL|MEASURE BACKSIDE CONTACT|FINAL CLEAN|FINAL THICKNESS MEASURE|FINAL GEOMETRY CHECK|FINAL CD INSPECTION|FINAL PARTICLE INSPECTION|PARAMETRIC TEST|LEAKAGE TEST|BREAKDOWN VOLTAGE TEST|SWITCHING TEST|YIELD ANALYSIS|WAFER SORT TEST|FINAL LOT RELEASE|SHIP LOT
valid_0233,SOFT BAKE|ALIGN MASK LEVEL 2|EXPOSE LITHO LEVEL 2|DEVELOP PHOTORESIST|PATTERN INSPECTION LEVEL 2|POLYSILICON ETCH DRY|STRIP RESIST LEVEL 2|CLEAN AFTER POLY ETCH|MEASURE CD LEVEL 2|IMPLANT N-TYPE|PRE ANNEAL CHECK|RAPID THERMAL ANNEAL|MEASURE SHEET RESISTANCE|DEPOSIT GATE OXIDE OR DIELECTRIC|ANNEAL DIELECTRIC|MEASURE OXIDE QUALITY|DEPOSIT POLYSILICON|POLYSILICON ANNEAL|MEASURE POLY THICKNESS|SPIN COAT PHOTORESIST|SOFT BAKE
valid_0234,CURE PASSIVATION|MEASURE PASSIVATION THICKNESS|OPEN PAD WINDOW|OPEN PAD WINDOW LITHO|DEVELOP PHOTORESIST|PASSIVATION ETCH|STRIP RESIST|CLEAN PAD OPENING|MEASURE PAD OPENING|BACKSIDE GRIND|MEASURE THICKNESS|BACKSIDE ETCH CLEAN|BACKSIDE RINSE|BACKSIDE DRY|BACKSIDE METALLIZATION PREP|DEPOSIT BACKSIDE METAL|BACKSIDE ANNEAL|MEASURE BACKSIDE CONTACT|FINAL CLEAN|FINAL THICKNESS MEASURE|FINAL GEOMETRY CHECK|FINAL CD INSPECTION|FINAL PARTICLE INSPECTION|PARAMETRIC TEST|LEAKAGE TEST|BREAKDOWN VOLTAGE TEST|SWITCHING TEST|YIELD ANALYSIS|WAFER SORT TEST|FINAL LOT RELEASE|SHIP LOT
valid_0235,CMP INTERLAYER DIELECTRIC|MEASURE SURFACE PLANARITY|SPIN COAT PHOTORESIST|SOFT BAKE|ALIGN MASK LEVEL 2|EXPOSE LITHO LEVEL 2|DEVELOP PHOTORESIST|PATTERN INSPECTION LEVEL 2|POLYSILICON ETCH DRY|STRIP RESIST LEVEL 2|CLEAN AFTER POLY ETCH|MEASURE CD LEVEL 2|IMPLANT N-TYPE|PRE ANNEAL CHECK|RAPID THERMAL ANNEAL|MEASURE SHEET RESISTANCE|DEPOSIT GATE OXIDE OR DIELECTRIC|ANNEAL DIELECTRIC|MEASURE OXIDE QUALITY|DEPOSIT POLYSILICON|POLYSILICON ANNEAL|MEASURE POLY THICKNESS|SPIN COAT PHOTORESIST|SOFT BAKE
valid_0236,CURE PASSIVATION|MEASURE PASSIVATION THICKNESS|OPEN PAD WINDOW|OPEN PAD WINDOW LITHO|DEVELOP PHOTORESIST|PASSIVATION ETCH|STRIP RESIST|CLEAN PAD OPENING|MEASURE PAD OPENING|BACKSIDE GRIND|MEASURE THICKNESS|BACKSIDE ETCH CLEAN|BACKSIDE RINSE|BACKSIDE DRY|BACKSIDE METALLIZATION PREP|DEPOSIT BACKSIDE METAL|BACKSIDE ANNEAL|MEASURE BACKSIDE CONTACT|FINAL CLEAN|FINAL THICKNESS MEASURE|FINAL GEOMETRY CHECK|FINAL CD INSPECTION|FINAL PARTICLE INSPECTION|PARAMETRIC TEST|LEAKAGE TEST|BREAKDOWN VOLTAGE TEST|SWITCHING TEST|YIELD ANALYSIS|WAFER SORT TEST|FINAL LOT RELEASE|SHIP LOT
valid_0237,SPIN COAT PHOTORESIST|SOFT BAKE|ALIGN MASK LEVEL 2|EXPOSE LITHO LEVEL 2|DEVELOP PHOTORESIST|PATTERN INSPECTION LEVEL 2|POLYSILICON ETCH DRY|STRIP RESIST LEVEL 2|CLEAN AFTER POLY ETCH|MEASURE CD LEVEL 2|IMPLANT N-TYPE|PRE ANNEAL CHECK|RAPID THERMAL ANNEAL|MEASURE SHEET RESISTANCE|DEPOSIT GATE OXIDE OR DIELECTRIC|ANNEAL DIELECTRIC|MEASURE OXIDE QUALITY|DEPOSIT POLYSILICON|POLYSILICON ANNEAL|MEASURE POLY THICKNESS|SPIN COAT PHOTORESIST|SOFT BAKE
valid_0238,MEASURE LINE WIDTH|DEPOSIT PASSIVATION LAYER|CURE PASSIVATION|MEASURE PASSIVATION QUALITY|OPEN PAD WINDOW|PAD WINDOW LITHO|DEVELOP PHOTORESIST|PASSIVATION ETCH PAD OPENING|STRIP RESIST|CLEAN PAD OPENING|MEASURE PAD OPENING|BACKSIDE GRIND|MEASURE THICKNESS|BACKSIDE ETCH CLEAN|BACKSIDE RINSE|BACKSIDE DRY|BACKSIDE METALLIZATION PREP|DEPOSIT BACKSIDE METAL|BACKSIDE ANNEAL|MEASURE BACKSIDE CONTACT|FINAL CLEAN|FINAL THICKNESS MEASURE|FINAL GEOMETRY CHECK|FINAL CD INSPECTION|FINAL PARTICLE INSPECTION|PARAMETRIC TEST|LEAKAGE TEST|BREAKDOWN VOLTAGE TEST|SWITCHING TEST|YIELD ANALYSIS|WAFER SORT TEST|FINAL LOT RELEASE|SHIP LOT
valid_0239,CMP INTERLAYER DIELECTRIC|MEASURE SURFACE PLANARITY|SPIN COAT PHOTORESIST|SOFT BAKE|ALIGN MASK LEVEL 2|EXPOSE LITHO LEVEL 2|DEVELOP PHOTORESIST|PATTERN INSPECTION LEVEL 2|POLYSILICON ETCH DRY|STRIP RESIST LEVEL 2|CLEAN AFTER POLY ETCH|MEASURE CD LEVEL 2|IMPLANT N-TYPE|PRE ANNEAL CHECK|RAPID THERMAL ANNEAL|MEASURE SHEET RESISTANCE|DEPOSIT GATE OXIDE OR DIELECTRIC|ANNEAL DIELECTRIC|MEASURE OXIDE QUALITY|DEPOSIT POLYSILICON|POLYSILICON ANNEAL|MEASURE POLY THICKNESS|SPIN COAT PHOTORESIST|SOFT BAKE
valid_0240,CURE PASSIVATION|MEASURE PASSIVATION THICKNESS|OPEN PAD WINDOW|OPEN PAD WINDOW LITHO|DEVELOP PHOTORESIST|PASSIVATION ETCH|STRIP RESIST|CLEAN PAD OPENING|MEASURE PAD OPENING|BACKSIDE GRIND|MEASURE THICKNESS|BACKSIDE ETCH CLEAN|BACKSIDE RINSE|BACKSIDE DRY|BACKSIDE METALLIZATION PREP|DEPOSIT BACKSIDE METAL|BACKSIDE ANNEAL|MEASURE BACKSIDE CONTACT|FINAL CLEAN|FINAL THICKNESS MEASURE|FINAL GEOMETRY CHECK|FINAL CD INSPECTION|FINAL PARTICLE INSPECTION|PARAMETRIC TEST|LEAKAGE TEST|BREAKDOWN VOLTAGE TEST|SWITCHING TEST|YIELD ANALYSIS|WAFER SORT TEST|FINAL LOT RELEASE|SHIP LOT
valid_0241,SPIN COAT PHOTORESIST|SOFT BAKE|ALIGN MASK LEVEL 2|EXPOSE LITHO LEVEL 2|DEVELOP PHOTORESIST|PATTERN INSPECTION LEVEL 2|POLYSILICON ETCH DRY|STRIP RESIST LEVEL 2|CLEAN AFTER POLY ETCH|MEASURE CD LEVEL 2|IMPLANT N-TYPE|PRE ANNEAL CHECK|RAPID THERMAL ANNEAL|MEASURE SHEET RESISTANCE|DEPOSIT GATE OXIDE OR DIELECTRIC|ANNEAL DIELECTRIC|MEASURE OXIDE QUALITY|DEPOSIT POLYSILICON|POLYSILICON ANNEAL|MEASURE POLY THICKNESS|SPIN COAT PHOTORESIST|SOFT BAKE
valid_0242,MEASURE PASSIVATION THICKNESS|OPEN PAD WINDOW|OPEN PAD WINDOW LITHO|DEVELOP PHOTORESIST|PASSIVATION ETCH|STRIP RESIST|CLEAN PAD OPENING|MEASURE PAD OPENING|BACKSIDE GRIND|MEASURE THICKNESS|BACKSIDE ETCH CLEAN|BACKSIDE RINSE|BACKSIDE DRY|BACKSIDE METALLIZATION PREP|DEPOSIT BACKSIDE METAL|BACKSIDE ANNEAL|MEASURE BACKSIDE CONTACT|FINAL CLEAN|FINAL THICKNESS MEASURE|FINAL GEOMETRY CHECK|FINAL CD INSPECTION|FINAL PARTICLE INSPECTION|PARAMETRIC TEST|LEAKAGE TEST|BREAKDOWN VOLTAGE TEST|SWITCHING TEST|YIELD ANALYSIS|WAFER SORT TEST|FINAL LOT RELEASE|SHIP LOT
valid_0243,SOFT BAKE|ALIGN MASK LEVEL 2|EXPOSE LITHO LEVEL 2|DEVELOP PHOTORESIST|PATTERN INSPECTION LEVEL 2|POLYSILICON ETCH DRY|STRIP RESIST LEVEL 2|CLEAN AFTER POLY ETCH|MEASURE CD LEVEL 2|IMPLANT N-TYPE|PRE ANNEAL CHECK|RAPID THERMAL ANNEAL|MEASURE SHEET RESISTANCE|DEPOSIT GATE OXIDE OR DIELECTRIC|ANNEAL DIELECTRIC|MEASURE OXIDE QUALITY|DEPOSIT POLYSILICON|POLYSILICON ANNEAL|MEASURE POLY THICKNESS|SPIN COAT PHOTORESIST|SOFT BAKE
valid_0244,MEASURE PASSIVATION THICKNESS|OPEN PAD WINDOW|OPEN PAD WINDOW LITHO|DEVELOP PHOTORESIST|PASSIVATION ETCH|STRIP RESIST|CLEAN PAD OPENING|MEASURE PAD OPENING|BACKSIDE GRIND|MEASURE THICKNESS|BACKSIDE ETCH CLEAN|BACKSIDE RINSE|BACKSIDE DRY|BACKSIDE METALLIZATION PREP|DEPOSIT BACKSIDE METAL|BACKSIDE ANNEAL|MEASURE BACKSIDE CONTACT|FINAL CLEAN|FINAL THICKNESS MEASURE|FINAL GEOMETRY CHECK|FINAL CD INSPECTION|FINAL PARTICLE INSPECTION|PARAMETRIC TEST|LEAKAGE TEST|BREAKDOWN VOLTAGE TEST|SWITCHING TEST|YIELD ANALYSIS|WAFER SORT TEST|FINAL LOT RELEASE|SHIP LOT
valid_0245,CMP INTERLAYER DIELECTRIC|MEASURE PLANARITY|SPIN COAT PHOTORESIST|SOFT BAKE|ALIGN MASK LEVEL 2|EXPOSE LITHO LEVEL 2|DEVELOP PHOTORESIST|PATTERN INSPECTION LEVEL 2|POLYSILICON ETCH DRY|STRIP RESIST LEVEL 2|CLEAN AFTER POLY ETCH|MEASURE CD LEVEL 2|IMPLANT N-TYPE|PRE ANNEAL CHECK|RAPID THERMAL ANNEAL|MEASURE SHEET RESISTANCE|DEPOSIT GATE OXIDE OR DIELECTRIC|ANNEAL DIELECTRIC|MEASURE OXIDE QUALITY|DEPOSIT POLYSILICON|POLYSILICON ANNEAL|MEASURE POLY THICKNESS|SPIN COAT PHOTORESIST|SOFT BAKE
valid_0246,MEASURE PASSIVATION QUALITY|OPEN PAD WINDOW|PAD WINDOW LITHO|DEVELOP PHOTORESIST|PASSIVATION ETCH PAD OPENING|STRIP RESIST|CLEAN PAD OPENING|MEASURE PAD OPENING|BACKSIDE GRIND|MEASURE THICKNESS|BACKSIDE ETCH CLEAN|BACKSIDE RINSE|BACKSIDE DRY|BACKSIDE METALLIZATION PREP|DEPOSIT BACKSIDE METAL|BACKSIDE ANNEAL|MEASURE BACKSIDE CONTACT|FINAL CLEAN|FINAL THICKNESS MEASURE|FINAL GEOMETRY CHECK|FINAL CD INSPECTION|FINAL PARTICLE INSPECTION|PARAMETRIC TEST|LEAKAGE TEST|BREAKDOWN VOLTAGE TEST|SWITCHING TEST|YIELD ANALYSIS|WAFER SORT TEST|FINAL LOT RELEASE|SHIP LOT
valid_0247,MEASURE FILM THICKNESS|SPIN COAT PHOTORESIST|SOFT BAKE|ALIGN MASK LEVEL 2|EXPOSE LITHO LEVEL 2|DEVELOP PHOTORESIST|PATTERN INSPECTION LEVEL 2|POLYSILICON ETCH DRY|STRIP RESIST LEVEL 2|CLEAN AFTER POLY ETCH|MEASURE CD LEVEL 2|IMPLANT N-TYPE|PRE ANNEAL CHECK|RAPID THERMAL ANNEAL|MEASURE SHEET RESISTANCE|DEPOSIT GATE OXIDE OR DIELECTRIC|ANNEAL DIELECTRIC|MEASURE OXIDE QUALITY|DEPOSIT POLYSILICON|POLYSILICON ANNEAL|MEASURE POLY THICKNESS|SPIN COAT PHOTORESIST|SOFT BAKE
valid_0248,CURE PASSIVATION|MEASURE PASSIVATION THICKNESS|OPEN PAD WINDOW|OPEN PAD WINDOW LITHO|DEVELOP PHOTORESIST|PASSIVATION ETCH|STRIP RESIST|CLEAN PAD OPENING|MEASURE PAD OPENING|BACKSIDE GRIND|MEASURE THICKNESS|BACKSIDE ETCH CLEAN|BACKSIDE RINSE|BACKSIDE DRY|BACKSIDE METALLIZATION PREP|DEPOSIT BACKSIDE METAL|BACKSIDE ANNEAL|MEASURE BACKSIDE CONTACT|FINAL CLEAN|FINAL THICKNESS MEASURE|FINAL GEOMETRY CHECK|FINAL CD INSPECTION|FINAL PARTICLE INSPECTION|PARAMETRIC TEST|LEAKAGE TEST|BREAKDOWN VOLTAGE TEST|SWITCHING TEST|YIELD ANALYSIS|WAFER SORT TEST|FINAL LOT RELEASE|SHIP LOT
valid_0249,SPIN COAT PHOTORESIST|SOFT BAKE|ALIGN MASK LEVEL 2|EXPOSE LITHO LEVEL 2|DEVELOP PHOTORESIST|PATTERN INSPECTION LEVEL 2|POLYSILICON ETCH DRY|STRIP RESIST LEVEL 2|CLEAN AFTER POLY ETCH|MEASURE CD LEVEL 2|IMPLANT N-TYPE|PRE ANNEAL CHECK|RAPID THERMAL ANNEAL|MEASURE SHEET RESISTANCE|DEPOSIT GATE OXIDE OR DIELECTRIC|ANNEAL DIELECTRIC|MEASURE OXIDE QUALITY|DEPOSIT POLYSILICON|POLYSILICON ANNEAL|MEASURE POLY THICKNESS|SPIN COAT PHOTORESIST|SOFT BAKE
valid_0250,MEASURE PASSIVATION THICKNESS|OPEN PAD WINDOW|OPEN PAD WINDOW LITHO|DEVELOP PHOTORESIST|PASSIVATION ETCH|STRIP RESIST|CLEAN PAD OPENING|MEASURE PAD OPENING|BACKSIDE GRIND|MEASURE THICKNESS|BACKSIDE ETCH CLEAN|BACKSIDE RINSE|BACKSIDE DRY|BACKSIDE METALLIZATION PREP|DEPOSIT BACKSIDE METAL|BACKSIDE ANNEAL|MEASURE BACKSIDE CONTACT|FINAL CLEAN|FINAL THICKNESS MEASURE|FINAL GEOMETRY CHECK|FINAL CD INSPECTION|FINAL PARTICLE INSPECTION|PARAMETRIC TEST|LEAKAGE TEST|BREAKDOWN VOLTAGE TEST|SWITCHING TEST|YIELD ANALYSIS|WAFER SORT TEST|FINAL LOT RELEASE|SHIP LOT
valid_0251,SPIN COAT PHOTORESIST|SOFT BAKE|ALIGN MASK LEVEL 2|EXPOSE LITHO LEVEL 2|DEVELOP PHOTORESIST|PATTERN INSPECTION LEVEL 2|POLYSILICON ETCH DRY|STRIP RESIST LEVEL 2|CLEAN AFTER POLY ETCH|MEASURE CD LEVEL 2|IMPLANT N-TYPE|PRE ANNEAL CHECK|RAPID THERMAL ANNEAL|MEASURE SHEET RESISTANCE|DEPOSIT GATE OXIDE OR DIELECTRIC|ANNEAL DIELECTRIC|MEASURE OXIDE QUALITY|DEPOSIT POLYSILICON|POLYSILICON ANNEAL|MEASURE POLY THICKNESS|SPIN COAT PHOTORESIST|SOFT BAKE
valid_0252,MEASURE PASSIVATION QUALITY|OPEN PAD WINDOW|PAD WINDOW LITHO|DEVELOP PHOTORESIST|PASSIVATION ETCH PAD OPENING|STRIP RESIST|CLEAN PAD OPENING|MEASURE PAD OPENING|BACKSIDE GRIND|MEASURE THICKNESS|BACKSIDE ETCH CLEAN|BACKSIDE RINSE|BACKSIDE DRY|BACKSIDE METALLIZATION PREP|DEPOSIT BACKSIDE METAL|BACKSIDE ANNEAL|MEASURE BACKSIDE CONTACT|FINAL CLEAN|FINAL THICKNESS MEASURE|FINAL GEOMETRY CHECK|FINAL CD INSPECTION|FINAL PARTICLE INSPECTION|PARAMETRIC TEST|LEAKAGE TEST|BREAKDOWN VOLTAGE TEST|SWITCHING TEST|YIELD ANALYSIS|WAFER SORT TEST|FINAL LOT RELEASE|SHIP LOT
valid_0253,SPIN COAT PHOTORESIST|SOFT BAKE|ALIGN MASK LEVEL 2|EXPOSE LITHO LEVEL 2|DEVELOP PHOTORESIST|PATTERN INSPECTION LEVEL 2|POLYSILICON ETCH DRY|STRIP RESIST LEVEL 2|CLEAN AFTER POLY ETCH|MEASURE CD LEVEL 2|IMPLANT N-TYPE|PRE ANNEAL CHECK|RAPID THERMAL ANNEAL|MEASURE SHEET RESISTANCE|DEPOSIT GATE OXIDE OR DIELECTRIC|ANNEAL DIELECTRIC|MEASURE OXIDE QUALITY|DEPOSIT POLYSILICON|POLYSILICON ANNEAL|MEASURE POLY THICKNESS|SPIN COAT PHOTORESIST|SOFT BAKE
valid_0254,MEASURE PASSIVATION THICKNESS|OPEN PAD WINDOW|OPEN PAD WINDOW LITHO|DEVELOP PHOTORESIST|PASSIVATION ETCH|STRIP RESIST|CLEAN PAD OPENING|MEASURE PAD OPENING|BACKSIDE GRIND|MEASURE THICKNESS|BACKSIDE ETCH CLEAN|BACKSIDE RINSE|BACKSIDE DRY|BACKSIDE METALLIZATION PREP|DEPOSIT BACKSIDE METAL|BACKSIDE ANNEAL|MEASURE BACKSIDE CONTACT|FINAL CLEAN|FINAL THICKNESS MEASURE|FINAL GEOMETRY CHECK|FINAL CD INSPECTION|FINAL PARTICLE INSPECTION|PARAMETRIC TEST|LEAKAGE TEST|BREAKDOWN VOLTAGE TEST|SWITCHING TEST|YIELD ANALYSIS|WAFER SORT TEST|FINAL LOT RELEASE|SHIP LOT
valid_0255,SPIN COAT PHOTORESIST|SOFT BAKE|ALIGN MASK LEVEL 2|EXPOSE LITHO LEVEL 2|DEVELOP PHOTORESIST|PATTERN INSPECTION LEVEL 2|POLYSILICON ETCH DRY|STRIP RESIST LEVEL 2|CLEAN AFTER POLY ETCH|MEASURE CD LEVEL 2|IMPLANT N-TYPE|PRE ANNEAL CHECK|RAPID THERMAL ANNEAL|MEASURE SHEET RESISTANCE|DEPOSIT GATE OXIDE OR DIELECTRIC|ANNEAL DIELECTRIC|MEASURE OXIDE QUALITY|DEPOSIT POLYSILICON|POLYSILICON ANNEAL|MEASURE POLY THICKNESS|SPIN COAT PHOTORESIST|SOFT BAKE
valid_0256,CURE PASSIVATION|MEASURE PASSIVATION QUALITY|OPEN PAD WINDOW|PAD WINDOW LITHO|DEVELOP PHOTORESIST|PASSIVATION ETCH PAD OPENING|STRIP RESIST|CLEAN PAD OPENING|MEASURE PAD OPENING|BACKSIDE GRIND|MEASURE THICKNESS|BACKSIDE ETCH CLEAN|BACKSIDE RINSE|BACKSIDE DRY|BACKSIDE METALLIZATION PREP|DEPOSIT BACKSIDE METAL|BACKSIDE ANNEAL|MEASURE BACKSIDE CONTACT|FINAL CLEAN|FINAL THICKNESS MEASURE|FINAL GEOMETRY CHECK|FINAL CD INSPECTION|FINAL PARTICLE INSPECTION|PARAMETRIC TEST|LEAKAGE TEST|BREAKDOWN VOLTAGE TEST|SWITCHING TEST|YIELD ANALYSIS|WAFER SORT TEST|FINAL LOT RELEASE|SHIP LOT
valid_0257,MEASURE SURFACE PLANARITY|SPIN COAT PHOTORESIST|SOFT BAKE|ALIGN MASK LEVEL 2|EXPOSE LITHO LEVEL 2|DEVELOP PHOTORESIST|PATTERN INSPECTION LEVEL 2|POLYSILICON ETCH DRY|STRIP RESIST LEVEL 2|CLEAN AFTER POLY ETCH|MEASURE CD LEVEL 2|IMPLANT N-TYPE|PRE ANNEAL CHECK|RAPID THERMAL ANNEAL|MEASURE SHEET RESISTANCE|DEPOSIT GATE OXIDE OR DIELECTRIC|ANNEAL DIELECTRIC|MEASURE OXIDE QUALITY|DEPOSIT POLYSILICON|POLYSILICON ANNEAL|MEASURE POLY THICKNESS|SPIN COAT PHOTORESIST|SOFT BAKE
valid_0258,MEASURE PASSIVATION THICKNESS|OPEN PAD WINDOW|OPEN PAD WINDOW LITHO|DEVELOP PHOTORESIST|PASSIVATION ETCH|STRIP RESIST|CLEAN PAD OPENING|MEASURE PAD OPENING|BACKSIDE GRIND|MEASURE THICKNESS|BACKSIDE ETCH CLEAN|BACKSIDE RINSE|BACKSIDE DRY|BACKSIDE METALLIZATION PREP|DEPOSIT BACKSIDE METAL|BACKSIDE ANNEAL|MEASURE BACKSIDE CONTACT|FINAL CLEAN|FINAL THICKNESS MEASURE|FINAL GEOMETRY CHECK|FINAL CD INSPECTION|FINAL PARTICLE INSPECTION|PARAMETRIC TEST|LEAKAGE TEST|BREAKDOWN VOLTAGE TEST|SWITCHING TEST|YIELD ANALYSIS|WAFER SORT TEST|FINAL LOT RELEASE|SHIP LOT
valid_0259,SPIN COAT PHOTORESIST|SOFT BAKE|ALIGN MASK LEVEL 2|EXPOSE LITHO LEVEL 2|DEVELOP PHOTORESIST|PATTERN INSPECTION LEVEL 2|POLYSILICON ETCH DRY|STRIP RESIST LEVEL 2|CLEAN AFTER POLY ETCH|MEASURE CD LEVEL 2|IMPLANT N-TYPE|PRE ANNEAL CHECK|RAPID THERMAL ANNEAL|MEASURE SHEET RESISTANCE|DEPOSIT GATE OXIDE OR DIELECTRIC|ANNEAL DIELECTRIC|MEASURE OXIDE QUALITY|DEPOSIT POLYSILICON|POLYSILICON ANNEAL|MEASURE POLY THICKNESS|SPIN COAT PHOTORESIST|SOFT BAKE
valid_0260,MEASURE PASSIVATION QUALITY|OPEN PAD WINDOW|PAD WINDOW LITHO|DEVELOP PHOTORESIST|PASSIVATION ETCH PAD OPENING|STRIP RESIST|CLEAN PAD OPENING|MEASURE PAD OPENING|BACKSIDE GRIND|MEASURE THICKNESS|BACKSIDE ETCH CLEAN|BACKSIDE RINSE|BACKSIDE DRY|BACKSIDE METALLIZATION PREP|DEPOSIT BACKSIDE METAL|BACKSIDE ANNEAL|MEASURE BACKSIDE CONTACT|FINAL CLEAN|FINAL THICKNESS MEASURE|FINAL GEOMETRY CHECK|FINAL CD INSPECTION|FINAL PARTICLE INSPECTION|PARAMETRIC TEST|LEAKAGE TEST|BREAKDOWN VOLTAGE TEST|SWITCHING TEST|YIELD ANALYSIS|WAFER SORT TEST|FINAL LOT RELEASE|SHIP LOT
valid_0261,SPIN COAT PHOTORESIST|SOFT BAKE|ALIGN MASK LEVEL 2|EXPOSE LITHO LEVEL 2|DEVELOP PHOTORESIST|PATTERN INSPECTION LEVEL 2|POLYSILICON ETCH DRY|STRIP RESIST LEVEL 2|CLEAN AFTER POLY ETCH|MEASURE CD LEVEL 2|IMPLANT N-TYPE|PRE ANNEAL CHECK|RAPID THERMAL ANNEAL|MEASURE SHEET RESISTANCE|DEPOSIT GATE OXIDE OR DIELECTRIC|ANNEAL DIELECTRIC|MEASURE OXIDE QUALITY|DEPOSIT POLYSILICON|POLYSILICON ANNEAL|MEASURE POLY THICKNESS|SPIN COAT PHOTORESIST|SOFT BAKE
valid_0262,MEASURE PASSIVATION THICKNESS|OPEN PAD WINDOW|OPEN PAD WINDOW LITHO|DEVELOP PHOTORESIST|PASSIVATION ETCH|STRIP RESIST|CLEAN PAD OPENING|MEASURE PAD OPENING|BACKSIDE GRIND|MEASURE THICKNESS|BACKSIDE ETCH CLEAN|BACKSIDE RINSE|BACKSIDE DRY|BACKSIDE METALLIZATION PREP|DEPOSIT BACKSIDE METAL|BACKSIDE ANNEAL|MEASURE BACKSIDE CONTACT|FINAL CLEAN|FINAL THICKNESS MEASURE|FINAL GEOMETRY CHECK|FINAL CD INSPECTION|FINAL PARTICLE INSPECTION|PARAMETRIC TEST|LEAKAGE TEST|BREAKDOWN VOLTAGE TEST|SWITCHING TEST|YIELD ANALYSIS|WAFER SORT TEST|FINAL LOT RELEASE|SHIP LOT
valid_0263,MEASURE SURFACE PLANARITY|SPIN COAT PHOTORESIST|SOFT BAKE|ALIGN MASK LEVEL 2|EXPOSE LITHO LEVEL 2|DEVELOP PHOTORESIST|PATTERN INSPECTION LEVEL 2|POLYSILICON ETCH DRY|STRIP RESIST LEVEL 2|CLEAN AFTER POLY ETCH|MEASURE CD LEVEL 2|IMPLANT N-TYPE|PRE ANNEAL CHECK|RAPID THERMAL ANNEAL|MEASURE SHEET RESISTANCE|DEPOSIT GATE OXIDE OR DIELECTRIC|ANNEAL DIELECTRIC|MEASURE OXIDE QUALITY|DEPOSIT POLYSILICON|POLYSILICON ANNEAL|MEASURE POLY THICKNESS|SPIN COAT PHOTORESIST|SOFT BAKE
valid_0264,MEASURE PASSIVATION QUALITY|OPEN PAD WINDOW|PAD WINDOW LITHO|DEVELOP PHOTORESIST|PASSIVATION ETCH PAD OPENING|STRIP RESIST|CLEAN PAD OPENING|MEASURE PAD OPENING|BACKSIDE GRIND|MEASURE THICKNESS|BACKSIDE ETCH CLEAN|BACKSIDE RINSE|BACKSIDE DRY|BACKSIDE METALLIZATION PREP|DEPOSIT BACKSIDE METAL|BACKSIDE ANNEAL|MEASURE BACKSIDE CONTACT|FINAL CLEAN|FINAL THICKNESS MEASURE|FINAL GEOMETRY CHECK|FINAL CD INSPECTION|FINAL PARTICLE INSPECTION|PARAMETRIC TEST|LEAKAGE TEST|BREAKDOWN VOLTAGE TEST|SWITCHING TEST|YIELD ANALYSIS|WAFER SORT TEST|FINAL LOT RELEASE|SHIP LOT
valid_0265,ALIGN MASK LEVEL 2|EXPOSE LITHO LEVEL 2|DEVELOP PHOTORESIST|PATTERN INSPECTION LEVEL 2|POLYSILICON ETCH DRY|STRIP RESIST LEVEL 2|CLEAN AFTER POLY ETCH|MEASURE CD LEVEL 2|IMPLANT N-TYPE|PRE ANNEAL CHECK|RAPID THERMAL ANNEAL|MEASURE SHEET RESISTANCE|DEPOSIT GATE OXIDE OR DIELECTRIC|ANNEAL DIELECTRIC|MEASURE OXIDE QUALITY|DEPOSIT POLYSILICON|POLYSILICON ANNEAL|MEASURE POLY THICKNESS|SPIN COAT PHOTORESIST|SOFT BAKE
valid_0266,CURE PASSIVATION|MEASURE PASSIVATION QUALITY|OPEN PAD WINDOW|PAD WINDOW LITHO|DEVELOP PHOTORESIST|PASSIVATION ETCH PAD OPENING|STRIP RESIST|CLEAN PAD OPENING|MEASURE PAD OPENING|BACKSIDE GRIND|MEASURE THICKNESS|BACKSIDE ETCH CLEAN|BACKSIDE RINSE|BACKSIDE DRY|BACKSIDE METALLIZATION PREP|DEPOSIT BACKSIDE METAL|BACKSIDE ANNEAL|MEASURE BACKSIDE CONTACT|FINAL CLEAN|FINAL THICKNESS MEASURE|FINAL GEOMETRY CHECK|FINAL CD INSPECTION|FINAL PARTICLE INSPECTION|PARAMETRIC TEST|LEAKAGE TEST|BREAKDOWN VOLTAGE TEST|SWITCHING TEST|YIELD ANALYSIS|WAFER SORT TEST|FINAL LOT RELEASE|SHIP LOT
valid_0267,SOFT BAKE|ALIGN MASK LEVEL 2|EXPOSE LITHO LEVEL 2|DEVELOP PHOTORESIST|PATTERN INSPECTION LEVEL 2|POLYSILICON ETCH DRY|STRIP RESIST LEVEL 2|CLEAN AFTER POLY ETCH|MEASURE CD LEVEL 2|IMPLANT N-TYPE|PRE ANNEAL CHECK|RAPID THERMAL ANNEAL|MEASURE SHEET RESISTANCE|DEPOSIT GATE OXIDE OR DIELECTRIC|ANNEAL DIELECTRIC|MEASURE OXIDE QUALITY|DEPOSIT POLYSILICON|POLYSILICON ANNEAL|MEASURE POLY THICKNESS|SPIN COAT PHOTORESIST|SOFT BAKE
valid_0268,CURE PASSIVATION|MEASURE PASSIVATION QUALITY|OPEN PAD WINDOW|PAD WINDOW LITHO|DEVELOP PHOTORESIST|PASSIVATION ETCH PAD OPENING|STRIP RESIST|CLEAN PAD OPENING|MEASURE PAD OPENING|BACKSIDE GRIND|MEASURE THICKNESS|BACKSIDE ETCH CLEAN|BACKSIDE RINSE|BACKSIDE DRY|BACKSIDE METALLIZATION PREP|DEPOSIT BACKSIDE METAL|BACKSIDE ANNEAL|MEASURE BACKSIDE CONTACT|FINAL CLEAN|FINAL THICKNESS MEASURE|FINAL GEOMETRY CHECK|FINAL CD INSPECTION|FINAL PARTICLE INSPECTION|PARAMETRIC TEST|LEAKAGE TEST|BREAKDOWN VOLTAGE TEST|SWITCHING TEST|YIELD ANALYSIS|WAFER SORT TEST|FINAL LOT RELEASE|SHIP LOT
valid_0269,MEASURE FILM THICKNESS|CMP INTERLAYER DIELECTRIC|MEASURE SURFACE PLANARITY|SPIN COAT PHOTORESIST|SOFT BAKE|ALIGN MASK LEVEL 2|EXPOSE LITHO LEVEL 2|DEVELOP PHOTORESIST|PATTERN INSPECTION LEVEL 2|POLYSILICON ETCH DRY|STRIP RESIST LEVEL 2|CLEAN AFTER POLY ETCH|MEASURE CD LEVEL 2|IMPLANT N-TYPE|PRE ANNEAL CHECK|RAPID THERMAL ANNEAL|MEASURE SHEET RESISTANCE|DEPOSIT GATE OXIDE OR DIELECTRIC|ANNEAL DIELECTRIC|MEASURE OXIDE QUALITY|DEPOSIT POLYSILICON|POLYSILICON ANNEAL|MEASURE POLY THICKNESS|SPIN COAT PHOTORESIST|SOFT BAKE
valid_0270,DEPOSIT PASSIVATION LAYER|CURE PASSIVATION|MEASURE PASSIVATION QUALITY|OPEN PAD WINDOW|PAD WINDOW LITHO|DEVELOP PHOTORESIST|PASSIVATION ETCH PAD OPENING|STRIP RESIST|CLEAN PAD OPENING|MEASURE PAD OPENING|BACKSIDE GRIND|MEASURE THICKNESS|BACKSIDE ETCH CLEAN|BACKSIDE RINSE|BACKSIDE DRY|BACKSIDE METALLIZATION PREP|DEPOSIT BACKSIDE METAL|BACKSIDE ANNEAL|MEASURE BACKSIDE CONTACT|FINAL CLEAN|FINAL THICKNESS MEASURE|FINAL GEOMETRY CHECK|FINAL CD INSPECTION|FINAL PARTICLE INSPECTION|PARAMETRIC TEST|LEAKAGE TEST|BREAKDOWN VOLTAGE TEST|SWITCHING TEST|YIELD ANALYSIS|WAFER SORT TEST|FINAL LOT RELEASE|SHIP LOT
valid_0271,MEASURE SURFACE PLANARITY|SPIN COAT PHOTORESIST|SOFT BAKE|ALIGN MASK LEVEL 2|EXPOSE LITHO LEVEL 2|DEVELOP PHOTORESIST|PATTERN INSPECTION LEVEL 2|POLYSILICON ETCH DRY|STRIP RESIST LEVEL 2|CLEAN AFTER POLY ETCH|MEASURE CD LEVEL 2|IMPLANT N-TYPE|PRE ANNEAL CHECK|RAPID THERMAL ANNEAL|MEASURE SHEET RESISTANCE|DEPOSIT GATE OXIDE OR DIELECTRIC|ANNEAL DIELECTRIC|MEASURE OXIDE QUALITY|DEPOSIT POLYSILICON|POLYSILICON ANNEAL|MEASURE POLY THICKNESS|SPIN COAT PHOTORESIST|SOFT BAKE
valid_0272,MEASURE PASSIVATION QUALITY|OPEN PAD WINDOW|PAD WINDOW LITHO|DEVELOP PHOTORESIST|PASSIVATION ETCH PAD OPENING|STRIP RESIST|CLEAN PAD OPENING|MEASURE PAD OPENING|BACKSIDE GRIND|MEASURE THICKNESS|BACKSIDE ETCH CLEAN|BACKSIDE RINSE|BACKSIDE DRY|BACKSIDE METALLIZATION PREP|DEPOSIT BACKSIDE METAL|BACKSIDE ANNEAL|MEASURE BACKSIDE CONTACT|FINAL CLEAN|FINAL THICKNESS MEASURE|FINAL GEOMETRY CHECK|FINAL CD INSPECTION|FINAL PARTICLE INSPECTION|PARAMETRIC TEST|LEAKAGE TEST|BREAKDOWN VOLTAGE TEST|SWITCHING TEST|YIELD ANALYSIS|WAFER SORT TEST|FINAL LOT RELEASE|SHIP LOT
valid_0273,MEASURE SURFACE PLANARITY|SPIN COAT PHOTORESIST|SOFT BAKE|ALIGN MASK LEVEL 2|EXPOSE LITHO LEVEL 2|DEVELOP PHOTORESIST|PATTERN INSPECTION LEVEL 2|POLYSILICON ETCH DRY|STRIP RESIST LEVEL 2|CLEAN AFTER POLY ETCH|MEASURE CD LEVEL 2|IMPLANT N-TYPE|PRE ANNEAL CHECK|RAPID THERMAL ANNEAL|MEASURE SHEET RESISTANCE|DEPOSIT GATE OXIDE OR DIELECTRIC|ANNEAL DIELECTRIC|MEASURE OXIDE QUALITY|DEPOSIT POLYSILICON|POLYSILICON ANNEAL|MEASURE POLY THICKNESS|SPIN COAT PHOTORESIST|SOFT BAKE
valid_0274,DEPOSIT PASSIVATION LAYER|CURE PASSIVATION|MEASURE PASSIVATION QUALITY|OPEN PAD WINDOW|PAD WINDOW LITHO|DEVELOP PHOTORESIST|PASSIVATION ETCH PAD OPENING|STRIP RESIST|CLEAN PAD OPENING|MEASURE PAD OPENING|BACKSIDE GRIND|MEASURE THICKNESS|BACKSIDE ETCH CLEAN|BACKSIDE RINSE|BACKSIDE DRY|BACKSIDE METALLIZATION PREP|DEPOSIT BACKSIDE METAL|BACKSIDE ANNEAL|MEASURE BACKSIDE CONTACT|FINAL CLEAN|FINAL THICKNESS MEASURE|FINAL GEOMETRY CHECK|FINAL CD INSPECTION|FINAL PARTICLE INSPECTION|PARAMETRIC TEST|LEAKAGE TEST|BREAKDOWN VOLTAGE TEST|SWITCHING TEST|YIELD ANALYSIS|WAFER SORT TEST|FINAL LOT RELEASE|SHIP LOT
valid_0275,CMP INTERLAYER DIELECTRIC|MEASURE PLANARITY|SPIN COAT PHOTORESIST|SOFT BAKE|ALIGN MASK LEVEL 2|EXPOSE LITHO LEVEL 2|DEVELOP PHOTORESIST|PATTERN INSPECTION LEVEL 2|POLYSILICON ETCH DRY|STRIP RESIST LEVEL 2|CLEAN AFTER POLY ETCH|MEASURE CD LEVEL 2|IMPLANT N-TYPE|PRE ANNEAL CHECK|RAPID THERMAL ANNEAL|MEASURE SHEET RESISTANCE|DEPOSIT GATE OXIDE OR DIELECTRIC|ANNEAL DIELECTRIC|MEASURE OXIDE QUALITY|DEPOSIT POLYSILICON|POLYSILICON ANNEAL|MEASURE POLY THICKNESS|SPIN COAT PHOTORESIST|SOFT BAKE
valid_0276,MEASURE LINE WIDTH|DEPOSIT PASSIVATION LAYER|CURE PASSIVATION|MEASURE PASSIVATION QUALITY|OPEN PAD WINDOW|PAD WINDOW LITHO|DEVELOP PHOTORESIST|PASSIVATION ETCH PAD OPENING|STRIP RESIST|CLEAN PAD OPENING|MEASURE PAD OPENING|BACKSIDE GRIND|MEASURE THICKNESS|BACKSIDE ETCH CLEAN|BACKSIDE RINSE|BACKSIDE DRY|BACKSIDE METALLIZATION PREP|DEPOSIT BACKSIDE METAL|BACKSIDE ANNEAL|MEASURE BACKSIDE CONTACT|FINAL CLEAN|FINAL THICKNESS MEASURE|FINAL GEOMETRY CHECK|FINAL CD INSPECTION|FINAL PARTICLE INSPECTION|PARAMETRIC TEST|LEAKAGE TEST|BREAKDOWN VOLTAGE TEST|SWITCHING TEST|YIELD ANALYSIS|WAFER SORT TEST|FINAL LOT RELEASE|SHIP LOT
valid_0277,MEASURE SURFACE PLANARITY|SPIN COAT PHOTORESIST|SOFT BAKE|ALIGN MASK LEVEL 2|EXPOSE LITHO LEVEL 2|DEVELOP PHOTORESIST|PATTERN INSPECTION LEVEL 2|POLYSILICON ETCH DRY|STRIP RESIST LEVEL 2|CLEAN AFTER POLY ETCH|MEASURE CD LEVEL 2|IMPLANT N-TYPE|PRE ANNEAL CHECK|RAPID THERMAL ANNEAL|MEASURE SHEET RESISTANCE|DEPOSIT GATE OXIDE OR DIELECTRIC|ANNEAL DIELECTRIC|MEASURE OXIDE QUALITY|DEPOSIT POLYSILICON|POLYSILICON ANNEAL|MEASURE POLY THICKNESS|SPIN COAT PHOTORESIST|SOFT BAKE
valid_0278,DEPOSIT PASSIVATION LAYER|CURE PASSIVATION|MEASURE PASSIVATION QUALITY|OPEN PAD WINDOW|PAD WINDOW LITHO|DEVELOP PHOTORESIST|PASSIVATION ETCH PAD OPENING|STRIP RESIST|CLEAN PAD OPENING|MEASURE PAD OPENING|BACKSIDE GRIND|MEASURE THICKNESS|BACKSIDE ETCH CLEAN|BACKSIDE RINSE|BACKSIDE DRY|BACKSIDE METALLIZATION PREP|DEPOSIT BACKSIDE METAL|BACKSIDE ANNEAL|MEASURE BACKSIDE CONTACT|FINAL CLEAN|FINAL THICKNESS MEASURE|FINAL GEOMETRY CHECK|FINAL CD INSPECTION|FINAL PARTICLE INSPECTION|PARAMETRIC TEST|LEAKAGE TEST|BREAKDOWN VOLTAGE TEST|SWITCHING TEST|YIELD ANALYSIS|WAFER SORT TEST|FINAL LOT RELEASE|SHIP LOT
valid_0279,CMP INTERLAYER DIELECTRIC|MEASURE PLANARITY|SPIN COAT PHOTORESIST|SOFT BAKE|ALIGN MASK LEVEL 2|EXPOSE LITHO LEVEL 2|DEVELOP PHOTORESIST|PATTERN INSPECTION LEVEL 2|POLYSILICON ETCH DRY|STRIP RESIST LEVEL 2|CLEAN AFTER POLY ETCH|MEASURE CD LEVEL 2|IMPLANT N-TYPE|PRE ANNEAL CHECK|RAPID THERMAL ANNEAL|MEASURE SHEET RESISTANCE|DEPOSIT GATE OXIDE OR DIELECTRIC|ANNEAL DIELECTRIC|MEASURE OXIDE QUALITY|DEPOSIT POLYSILICON|POLYSILICON ANNEAL|MEASURE POLY THICKNESS|SPIN COAT PHOTORESIST|SOFT BAKE
valid_0280,CURE PASSIVATION|MEASURE PASSIVATION THICKNESS|OPEN PAD WINDOW|OPEN PAD WINDOW LITHO|DEVELOP PHOTORESIST|PASSIVATION ETCH|STRIP RESIST|CLEAN PAD OPENING|MEASURE PAD OPENING|BACKSIDE GRIND|MEASURE THICKNESS|BACKSIDE ETCH CLEAN|BACKSIDE RINSE|BACKSIDE DRY|BACKSIDE METALLIZATION PREP|DEPOSIT BACKSIDE METAL|BACKSIDE ANNEAL|MEASURE BACKSIDE CONTACT|FINAL CLEAN|FINAL THICKNESS MEASURE|FINAL GEOMETRY CHECK|FINAL CD INSPECTION|FINAL PARTICLE INSPECTION|PARAMETRIC TEST|LEAKAGE TEST|BREAKDOWN VOLTAGE TEST|SWITCHING TEST|YIELD ANALYSIS|WAFER SORT TEST|FINAL LOT RELEASE|SHIP LOT
valid_0281,CMP INTERLAYER DIELECTRIC|MEASURE PLANARITY|SPIN COAT PHOTORESIST|SOFT BAKE|ALIGN MASK LEVEL 2|EXPOSE LITHO LEVEL 2|DEVELOP PHOTORESIST|PATTERN INSPECTION LEVEL 2|POLYSILICON ETCH DRY|STRIP RESIST LEVEL 2|CLEAN AFTER POLY ETCH|MEASURE CD LEVEL 2|IMPLANT N-TYPE|PRE ANNEAL CHECK|RAPID THERMAL ANNEAL|MEASURE SHEET RESISTANCE|DEPOSIT GATE OXIDE OR DIELECTRIC|ANNEAL DIELECTRIC|MEASURE OXIDE QUALITY|DEPOSIT POLYSILICON|POLYSILICON ANNEAL|MEASURE POLY THICKNESS|SPIN COAT PHOTORESIST|SOFT BAKE
valid_0282,CURE PASSIVATION|MEASURE PASSIVATION QUALITY|OPEN PAD WINDOW|PAD WINDOW LITHO|DEVELOP PHOTORESIST|PASSIVATION ETCH PAD OPENING|STRIP RESIST|CLEAN PAD OPENING|MEASURE PAD OPENING|BACKSIDE GRIND|MEASURE THICKNESS|BACKSIDE ETCH CLEAN|BACKSIDE RINSE|BACKSIDE DRY|BACKSIDE METALLIZATION PREP|DEPOSIT BACKSIDE METAL|BACKSIDE ANNEAL|MEASURE BACKSIDE CONTACT|FINAL CLEAN|FINAL THICKNESS MEASURE|FINAL GEOMETRY CHECK|FINAL CD INSPECTION|FINAL PARTICLE INSPECTION|PARAMETRIC TEST|LEAKAGE TEST|BREAKDOWN VOLTAGE TEST|SWITCHING TEST|YIELD ANALYSIS|WAFER SORT TEST|FINAL LOT RELEASE|SHIP LOT
valid_0283,SPIN COAT PHOTORESIST|SOFT BAKE|ALIGN MASK LEVEL 2|EXPOSE LITHO LEVEL 2|DEVELOP PHOTORESIST|PATTERN INSPECTION LEVEL 2|POLYSILICON ETCH DRY|STRIP RESIST LEVEL 2|CLEAN AFTER POLY ETCH|MEASURE CD LEVEL 2|IMPLANT N-TYPE|PRE ANNEAL CHECK|RAPID THERMAL ANNEAL|MEASURE SHEET RESISTANCE|DEPOSIT GATE OXIDE OR DIELECTRIC|ANNEAL DIELECTRIC|MEASURE OXIDE QUALITY|DEPOSIT POLYSILICON|POLYSILICON ANNEAL|MEASURE POLY THICKNESS|SPIN COAT PHOTORESIST|SOFT BAKE
valid_0284,CURE PASSIVATION|MEASURE PASSIVATION QUALITY|OPEN PAD WINDOW|PAD WINDOW LITHO|DEVELOP PHOTORESIST|PASSIVATION ETCH PAD OPENING|STRIP RESIST|CLEAN PAD OPENING|MEASURE PAD OPENING|BACKSIDE GRIND|MEASURE THICKNESS|BACKSIDE ETCH CLEAN|BACKSIDE RINSE|BACKSIDE DRY|BACKSIDE METALLIZATION PREP|DEPOSIT BACKSIDE METAL|BACKSIDE ANNEAL|MEASURE BACKSIDE CONTACT|FINAL CLEAN|FINAL THICKNESS MEASURE|FINAL GEOMETRY CHECK|FINAL CD INSPECTION|FINAL PARTICLE INSPECTION|PARAMETRIC TEST|LEAKAGE TEST|BREAKDOWN VOLTAGE TEST|SWITCHING TEST|YIELD ANALYSIS|WAFER SORT TEST|FINAL LOT RELEASE|SHIP LOT
valid_0285,CMP INTERLAYER DIELECTRIC|MEASURE SURFACE PLANARITY|SPIN COAT PHOTORESIST|SOFT BAKE|ALIGN MASK LEVEL 2|EXPOSE LITHO LEVEL 2|DEVELOP PHOTORESIST|PATTERN INSPECTION LEVEL 2|POLYSILICON ETCH DRY|STRIP RESIST LEVEL 2|CLEAN AFTER POLY ETCH|MEASURE CD LEVEL 2|IMPLANT N-TYPE|PRE ANNEAL CHECK|RAPID THERMAL ANNEAL|MEASURE SHEET RESISTANCE|DEPOSIT GATE OXIDE OR DIELECTRIC|ANNEAL DIELECTRIC|MEASURE OXIDE QUALITY|DEPOSIT POLYSILICON|POLYSILICON ANNEAL|MEASURE POLY THICKNESS|SPIN COAT PHOTORESIST|SOFT BAKE
valid_0286,CURE PASSIVATION|MEASURE PASSIVATION QUALITY|OPEN PAD WINDOW|PAD WINDOW LITHO|DEVELOP PHOTORESIST|PASSIVATION ETCH PAD OPENING|STRIP RESIST|CLEAN PAD OPENING|MEASURE PAD OPENING|BACKSIDE GRIND|MEASURE THICKNESS|BACKSIDE ETCH CLEAN|BACKSIDE RINSE|BACKSIDE DRY|BACKSIDE METALLIZATION PREP|DEPOSIT BACKSIDE METAL|BACKSIDE ANNEAL|MEASURE BACKSIDE CONTACT|FINAL CLEAN|FINAL THICKNESS MEASURE|FINAL GEOMETRY CHECK|FINAL CD INSPECTION|FINAL PARTICLE INSPECTION|PARAMETRIC TEST|LEAKAGE TEST|BREAKDOWN VOLTAGE TEST|SWITCHING TEST|YIELD ANALYSIS|WAFER SORT TEST|FINAL LOT RELEASE|SHIP LOT
valid_0287,SPIN COAT PHOTORESIST|SOFT BAKE|ALIGN MASK LEVEL 2|EXPOSE LITHO LEVEL 2|DEVELOP PHOTORESIST|PATTERN INSPECTION LEVEL 2|POLYSILICON ETCH DRY|STRIP RESIST LEVEL 2|CLEAN AFTER POLY ETCH|MEASURE CD LEVEL 2|IMPLANT N-TYPE|PRE ANNEAL CHECK|RAPID THERMAL ANNEAL|MEASURE SHEET RESISTANCE|DEPOSIT GATE OXIDE OR DIELECTRIC|ANNEAL DIELECTRIC|MEASURE OXIDE QUALITY|DEPOSIT POLYSILICON|POLYSILICON ANNEAL|MEASURE POLY THICKNESS|SPIN COAT PHOTORESIST|SOFT BAKE
valid_0288,CURE PASSIVATION|MEASURE PASSIVATION THICKNESS|OPEN PAD WINDOW|OPEN PAD WINDOW LITHO|DEVELOP PHOTORESIST|PASSIVATION ETCH|STRIP RESIST|CLEAN PAD OPENING|MEASURE PAD OPENING|BACKSIDE GRIND|MEASURE THICKNESS|BACKSIDE ETCH CLEAN|BACKSIDE RINSE|BACKSIDE DRY|BACKSIDE METALLIZATION PREP|DEPOSIT BACKSIDE METAL|BACKSIDE ANNEAL|MEASURE BACKSIDE CONTACT|FINAL CLEAN|FINAL THICKNESS MEASURE|FINAL GEOMETRY CHECK|FINAL CD INSPECTION|FINAL PARTICLE INSPECTION|PARAMETRIC TEST|LEAKAGE TEST|BREAKDOWN VOLTAGE TEST|SWITCHING TEST|YIELD ANALYSIS|WAFER SORT TEST|FINAL LOT RELEASE|SHIP LOT
valid_0289,SPIN COAT PHOTORESIST|SOFT BAKE|ALIGN MASK LEVEL 2|EXPOSE LITHO LEVEL 2|DEVELOP PHOTORESIST|PATTERN INSPECTION LEVEL 2|POLYSILICON ETCH DRY|STRIP RESIST LEVEL 2|CLEAN AFTER POLY ETCH|MEASURE CD LEVEL 2|IMPLANT N-TYPE|PRE ANNEAL CHECK|RAPID THERMAL ANNEAL|MEASURE SHEET RESISTANCE|DEPOSIT GATE OXIDE OR DIELECTRIC|ANNEAL DIELECTRIC|MEASURE OXIDE QUALITY|DEPOSIT POLYSILICON|POLYSILICON ANNEAL|MEASURE POLY THICKNESS|SPIN COAT PHOTORESIST|SOFT BAKE
valid_0290,CURE PASSIVATION|MEASURE PASSIVATION QUALITY|OPEN PAD WINDOW|PAD WINDOW LITHO|DEVELOP PHOTORESIST|PASSIVATION ETCH PAD OPENING|STRIP RESIST|CLEAN PAD OPENING|MEASURE PAD OPENING|BACKSIDE GRIND|MEASURE THICKNESS|BACKSIDE ETCH CLEAN|BACKSIDE RINSE|BACKSIDE DRY|BACKSIDE METALLIZATION PREP|DEPOSIT BACKSIDE METAL|BACKSIDE ANNEAL|MEASURE BACKSIDE CONTACT|FINAL CLEAN|FINAL THICKNESS MEASURE|FINAL GEOMETRY CHECK|FINAL CD INSPECTION|FINAL PARTICLE INSPECTION|PARAMETRIC TEST|LEAKAGE TEST|BREAKDOWN VOLTAGE TEST|SWITCHING TEST|YIELD ANALYSIS|WAFER SORT TEST|FINAL LOT RELEASE|SHIP LOT
valid_0291,MEASURE DIELECTRIC THICKNESS|CMP DIELECTRIC|MEASURE SURFACE PLANARITY|SPIN COAT PHOTORESIST|SOFT BAKE|ALIGN MASK LEVEL 2|EXPOSE LITHO LEVEL 2|DEVELOP PHOTORESIST|PATTERN INSPECTION LEVEL 2|POLYSILICON ETCH DRY|STRIP RESIST LEVEL 2|CLEAN AFTER POLY ETCH|MEASURE CD LEVEL 2|IMPLANT N-TYPE|PRE ANNEAL CHECK|RAPID THERMAL ANNEAL|MEASURE SHEET RESISTANCE|DEPOSIT GATE OXIDE OR DIELECTRIC|ANNEAL DIELECTRIC|MEASURE OXIDE QUALITY|DEPOSIT POLYSILICON|POLYSILICON ANNEAL|MEASURE POLY THICKNESS|SPIN COAT PHOTORESIST|SOFT BAKE
valid_0292,MEASURE LINE WIDTH|DEPOSIT PASSIVATION LAYER|CURE PASSIVATION|MEASURE PASSIVATION QUALITY|OPEN PAD WINDOW|PAD WINDOW LITHO|DEVELOP PHOTORESIST|PASSIVATION ETCH PAD OPENING|STRIP RESIST|CLEAN PAD OPENING|MEASURE PAD OPENING|BACKSIDE GRIND|MEASURE THICKNESS|BACKSIDE ETCH CLEAN|BACKSIDE RINSE|BACKSIDE DRY|BACKSIDE METALLIZATION PREP|DEPOSIT BACKSIDE METAL|BACKSIDE ANNEAL|MEASURE BACKSIDE CONTACT|FINAL CLEAN|FINAL THICKNESS MEASURE|FINAL GEOMETRY CHECK|FINAL CD INSPECTION|FINAL PARTICLE INSPECTION|PARAMETRIC TEST|LEAKAGE TEST|BREAKDOWN VOLTAGE TEST|SWITCHING TEST|YIELD ANALYSIS|WAFER SORT TEST|FINAL LOT RELEASE|SHIP LOT
valid_0293,SPIN COAT PHOTORESIST|SOFT BAKE|ALIGN MASK LEVEL 2|EXPOSE LITHO LEVEL 2|DEVELOP PHOTORESIST|PATTERN INSPECTION LEVEL 2|POLYSILICON ETCH DRY|STRIP RESIST LEVEL 2|CLEAN AFTER POLY ETCH|MEASURE CD LEVEL 2|IMPLANT N-TYPE|PRE ANNEAL CHECK|RAPID THERMAL ANNEAL|MEASURE SHEET RESISTANCE|DEPOSIT GATE OXIDE OR DIELECTRIC|ANNEAL DIELECTRIC|MEASURE OXIDE QUALITY|DEPOSIT POLYSILICON|POLYSILICON ANNEAL|MEASURE POLY THICKNESS|SPIN COAT PHOTORESIST|SOFT BAKE
valid_0294,CURE PASSIVATION|MEASURE PASSIVATION QUALITY|OPEN PAD WINDOW|PAD WINDOW LITHO|DEVELOP PHOTORESIST|PASSIVATION ETCH PAD OPENING|STRIP RESIST|CLEAN PAD OPENING|MEASURE PAD OPENING|BACKSIDE GRIND|MEASURE THICKNESS|BACKSIDE ETCH CLEAN|BACKSIDE RINSE|BACKSIDE DRY|BACKSIDE METALLIZATION PREP|DEPOSIT BACKSIDE METAL|BACKSIDE ANNEAL|MEASURE BACKSIDE CONTACT|FINAL CLEAN|FINAL THICKNESS MEASURE|FINAL GEOMETRY CHECK|FINAL CD INSPECTION|FINAL PARTICLE INSPECTION|PARAMETRIC TEST|LEAKAGE TEST|BREAKDOWN VOLTAGE TEST|SWITCHING TEST|YIELD ANALYSIS|WAFER SORT TEST|FINAL LOT RELEASE|SHIP LOT
valid_0295,ALIGN MASK LEVEL 2|EXPOSE LITHO LEVEL 2|DEVELOP PHOTORESIST|PATTERN INSPECTION LEVEL 2|POLYSILICON ETCH DRY|STRIP RESIST LEVEL 2|CLEAN AFTER POLY ETCH|MEASURE CD LEVEL 2|IMPLANT N-TYPE|PRE ANNEAL CHECK|RAPID THERMAL ANNEAL|MEASURE SHEET RESISTANCE|DEPOSIT GATE OXIDE OR DIELECTRIC|ANNEAL DIELECTRIC|MEASURE OXIDE QUALITY|DEPOSIT POLYSILICON|POLYSILICON ANNEAL|MEASURE POLY THICKNESS|SPIN COAT PHOTORESIST|SOFT BAKE
valid_0296,CURE PASSIVATION|MEASURE PASSIVATION THICKNESS|OPEN PAD WINDOW|OPEN PAD WINDOW LITHO|DEVELOP PHOTORESIST|PASSIVATION ETCH|STRIP RESIST|CLEAN PAD OPENING|MEASURE PAD OPENING|BACKSIDE GRIND|MEASURE THICKNESS|BACKSIDE ETCH CLEAN|BACKSIDE RINSE|BACKSIDE DRY|BACKSIDE METALLIZATION PREP|DEPOSIT BACKSIDE METAL|BACKSIDE ANNEAL|MEASURE BACKSIDE CONTACT|FINAL CLEAN|FINAL THICKNESS MEASURE|FINAL GEOMETRY CHECK|FINAL CD INSPECTION|FINAL PARTICLE INSPECTION|PARAMETRIC TEST|LEAKAGE TEST|BREAKDOWN VOLTAGE TEST|SWITCHING TEST|YIELD ANALYSIS|WAFER SORT TEST|FINAL LOT RELEASE|SHIP LOT
valid_0297,CMP INTERLAYER DIELECTRIC|MEASURE PLANARITY|SPIN COAT PHOTORESIST|SOFT BAKE|ALIGN MASK LEVEL 2|EXPOSE LITHO LEVEL 2|DEVELOP PHOTORESIST|PATTERN INSPECTION LEVEL 2|POLYSILICON ETCH DRY|STRIP RESIST LEVEL 2|CLEAN AFTER POLY ETCH|MEASURE CD LEVEL 2|IMPLANT N-TYPE|PRE ANNEAL CHECK|RAPID THERMAL ANNEAL|MEASURE SHEET RESISTANCE|DEPOSIT GATE OXIDE OR DIELECTRIC|ANNEAL DIELECTRIC|MEASURE OXIDE QUALITY|DEPOSIT POLYSILICON|POLYSILICON ANNEAL|MEASURE POLY THICKNESS|SPIN COAT PHOTORESIST|SOFT BAKE
valid_0298,CURE PASSIVATION|MEASURE PASSIVATION QUALITY|OPEN PAD WINDOW|PAD WINDOW LITHO|DEVELOP PHOTORESIST|PASSIVATION ETCH PAD OPENING|STRIP RESIST|CLEAN PAD OPENING|MEASURE PAD OPENING|BACKSIDE GRIND|MEASURE THICKNESS|BACKSIDE ETCH CLEAN|BACKSIDE RINSE|BACKSIDE DRY|BACKSIDE METALLIZATION PREP|DEPOSIT BACKSIDE METAL|BACKSIDE ANNEAL|MEASURE BACKSIDE CONTACT|FINAL CLEAN|FINAL THICKNESS MEASURE|FINAL GEOMETRY CHECK|FINAL CD INSPECTION|FINAL PARTICLE INSPECTION|PARAMETRIC TEST|LEAKAGE TEST|BREAKDOWN VOLTAGE TEST|SWITCHING TEST|YIELD ANALYSIS|WAFER SORT TEST|FINAL LOT RELEASE|SHIP LOT
valid_0299,DENSIFY OXIDE|MEASURE FILM THICKNESS|SPIN COAT PHOTORESIST|SOFT BAKE|ALIGN MASK LEVEL 2|EXPOSE LITHO LEVEL 2|DEVELOP PHOTORESIST|PATTERN INSPECTION LEVEL 2|POLYSILICON ETCH DRY|STRIP RESIST LEVEL 2|CLEAN AFTER POLY ETCH|MEASURE CD LEVEL 2|IMPLANT N-TYPE|PRE ANNEAL CHECK|RAPID THERMAL ANNEAL|MEASURE SHEET RESISTANCE|DEPOSIT GATE OXIDE OR DIELECTRIC|ANNEAL DIELECTRIC|MEASURE OXIDE QUALITY|DEPOSIT POLYSILICON|POLYSILICON ANNEAL|MEASURE POLY THICKNESS|SPIN COAT PHOTORESIST|SOFT BAKE
valid_0300,MEASURE LINE WIDTH|DEPOSIT PASSIVATION LAYER|CURE PASSIVATION|MEASURE PASSIVATION QUALITY|OPEN PAD WINDOW|PAD WINDOW LITHO|DEVELOP PHOTORESIST|PASSIVATION ETCH PAD OPENING|STRIP RESIST|CLEAN PAD OPENING|MEASURE PAD OPENING|BACKSIDE GRIND|MEASURE THICKNESS|BACKSIDE ETCH CLEAN|BACKSIDE RINSE|BACKSIDE DRY|BACKSIDE METALLIZATION PREP|DEPOSIT BACKSIDE METAL|BACKSIDE ANNEAL|MEASURE BACKSIDE CONTACT|FINAL CLEAN|FINAL THICKNESS MEASURE|FINAL GEOMETRY CHECK|FINAL CD INSPECTION|FINAL PARTICLE INSPECTION|PARAMETRIC TEST|LEAKAGE TEST|BREAKDOWN VOLTAGE TEST|SWITCHING TEST|YIELD ANALYSIS|WAFER SORT TEST|FINAL LOT RELEASE|SHIP LOT
valid_0301,SPIN COAT PHOTORESIST|SOFT BAKE|ALIGN MASK LEVEL 2|EXPOSE LITHO LEVEL 2|DEVELOP PHOTORESIST|PATTERN INSPECTION LEVEL 2|POLYSILICON ETCH DRY|STRIP RESIST LEVEL 2|CLEAN AFTER POLY ETCH|MEASURE CD LEVEL 2|IMPLANT N-TYPE|PRE ANNEAL CHECK|RAPID THERMAL ANNEAL|MEASURE SHEET RESISTANCE|DEPOSIT GATE OXIDE OR DIELECTRIC|ANNEAL DIELECTRIC|MEASURE OXIDE QUALITY|DEPOSIT POLYSILICON|POLYSILICON ANNEAL|MEASURE POLY THICKNESS|SPIN COAT PHOTORESIST|SOFT BAKE
valid_0302,MEASURE LINE WIDTH|DEPOSIT PASSIVATION LAYER|CURE PASSIVATION|MEASURE PASSIVATION QUALITY|OPEN PAD WINDOW|PAD WINDOW LITHO|DEVELOP PHOTORESIST|PASSIVATION ETCH PAD OPENING|STRIP RESIST|CLEAN PAD OPENING|MEASURE PAD OPENING|BACKSIDE GRIND|MEASURE THICKNESS|BACKSIDE ETCH CLEAN|BACKSIDE RINSE|BACKSIDE DRY|BACKSIDE METALLIZATION PREP|DEPOSIT BACKSIDE METAL|BACKSIDE ANNEAL|MEASURE BACKSIDE CONTACT|FINAL CLEAN|FINAL THICKNESS MEASURE|FINAL GEOMETRY CHECK|FINAL CD INSPECTION|FINAL PARTICLE INSPECTION|PARAMETRIC TEST|LEAKAGE TEST|BREAKDOWN VOLTAGE TEST|SWITCHING TEST|YIELD ANALYSIS|WAFER SORT TEST|FINAL LOT RELEASE|SHIP LOT
valid_0303,SOFT BAKE|ALIGN MASK LEVEL 2|EXPOSE LITHO LEVEL 2|DEVELOP PHOTORESIST|PATTERN INSPECTION LEVEL 2|POLYSILICON ETCH DRY|STRIP RESIST LEVEL 2|CLEAN AFTER POLY ETCH|MEASURE CD LEVEL 2|IMPLANT N-TYPE|PRE ANNEAL CHECK|RAPID THERMAL ANNEAL|MEASURE SHEET RESISTANCE|DEPOSIT GATE OXIDE OR DIELECTRIC|ANNEAL DIELECTRIC|MEASURE OXIDE QUALITY|DEPOSIT POLYSILICON|POLYSILICON ANNEAL|MEASURE POLY THICKNESS|SPIN COAT PHOTORESIST|SOFT BAKE
valid_0304,CURE PASSIVATION|MEASURE PASSIVATION THICKNESS|OPEN PAD WINDOW|OPEN PAD WINDOW LITHO|DEVELOP PHOTORESIST|PASSIVATION ETCH|STRIP RESIST|CLEAN PAD OPENING|MEASURE PAD OPENING|BACKSIDE GRIND|MEASURE THICKNESS|BACKSIDE ETCH CLEAN|BACKSIDE RINSE|BACKSIDE DRY|BACKSIDE METALLIZATION PREP|DEPOSIT BACKSIDE METAL|BACKSIDE ANNEAL|MEASURE BACKSIDE CONTACT|FINAL CLEAN|FINAL THICKNESS MEASURE|FINAL GEOMETRY CHECK|FINAL CD INSPECTION|FINAL PARTICLE INSPECTION|PARAMETRIC TEST|LEAKAGE TEST|BREAKDOWN VOLTAGE TEST|SWITCHING TEST|YIELD ANALYSIS|WAFER SORT TEST|FINAL LOT RELEASE|SHIP LOT
valid_0305,MEASURE SURFACE PLANARITY|SPIN COAT PHOTORESIST|SOFT BAKE|ALIGN MASK LEVEL 2|EXPOSE LITHO LEVEL 2|DEVELOP PHOTORESIST|PATTERN INSPECTION LEVEL 2|POLYSILICON ETCH DRY|STRIP RESIST LEVEL 2|CLEAN AFTER POLY ETCH|MEASURE CD LEVEL 2|IMPLANT N-TYPE|PRE ANNEAL CHECK|RAPID THERMAL ANNEAL|MEASURE SHEET RESISTANCE|DEPOSIT GATE OXIDE OR DIELECTRIC|ANNEAL DIELECTRIC|MEASURE OXIDE QUALITY|DEPOSIT POLYSILICON|POLYSILICON ANNEAL|MEASURE POLY THICKNESS|SPIN COAT PHOTORESIST|SOFT BAKE
valid_0306,CURE PASSIVATION|MEASURE PASSIVATION THICKNESS|OPEN PAD WINDOW|OPEN PAD WINDOW LITHO|DEVELOP PHOTORESIST|PASSIVATION ETCH|STRIP RESIST|CLEAN PAD OPENING|MEASURE PAD OPENING|BACKSIDE GRIND|MEASURE THICKNESS|BACKSIDE ETCH CLEAN|BACKSIDE RINSE|BACKSIDE DRY|BACKSIDE METALLIZATION PREP|DEPOSIT BACKSIDE METAL|BACKSIDE ANNEAL|MEASURE BACKSIDE CONTACT|FINAL CLEAN|FINAL THICKNESS MEASURE|FINAL GEOMETRY CHECK|FINAL CD INSPECTION|FINAL PARTICLE INSPECTION|PARAMETRIC TEST|LEAKAGE TEST|BREAKDOWN VOLTAGE TEST|SWITCHING TEST|YIELD ANALYSIS|WAFER SORT TEST|FINAL LOT RELEASE|SHIP LOT
valid_0307,SPIN COAT PHOTORESIST|SOFT BAKE|ALIGN MASK LEVEL 2|EXPOSE LITHO LEVEL 2|DEVELOP PHOTORESIST|PATTERN INSPECTION LEVEL 2|POLYSILICON ETCH DRY|STRIP RESIST LEVEL 2|CLEAN AFTER POLY ETCH|MEASURE CD LEVEL 2|IMPLANT N-TYPE|PRE ANNEAL CHECK|RAPID THERMAL ANNEAL|MEASURE SHEET RESISTANCE|DEPOSIT GATE OXIDE OR DIELECTRIC|ANNEAL DIELECTRIC|MEASURE OXIDE QUALITY|DEPOSIT POLYSILICON|POLYSILICON ANNEAL|MEASURE POLY THICKNESS|SPIN COAT PHOTORESIST|SOFT BAKE
valid_0308,MEASURE PASSIVATION THICKNESS|OPEN PAD WINDOW|OPEN PAD WINDOW LITHO|DEVELOP PHOTORESIST|PASSIVATION ETCH|STRIP RESIST|CLEAN PAD OPENING|MEASURE PAD OPENING|BACKSIDE GRIND|MEASURE THICKNESS|BACKSIDE ETCH CLEAN|BACKSIDE RINSE|BACKSIDE DRY|BACKSIDE METALLIZATION PREP|DEPOSIT BACKSIDE METAL|BACKSIDE ANNEAL|MEASURE BACKSIDE CONTACT|FINAL CLEAN|FINAL THICKNESS MEASURE|FINAL GEOMETRY CHECK|FINAL CD INSPECTION|FINAL PARTICLE INSPECTION|PARAMETRIC TEST|LEAKAGE TEST|BREAKDOWN VOLTAGE TEST|SWITCHING TEST|YIELD ANALYSIS|WAFER SORT TEST|FINAL LOT RELEASE|SHIP LOT
valid_0309,SPIN COAT PHOTORESIST|SOFT BAKE|ALIGN MASK LEVEL 2|EXPOSE LITHO LEVEL 2|DEVELOP PHOTORESIST|PATTERN INSPECTION LEVEL 2|POLYSILICON ETCH DRY|STRIP RESIST LEVEL 2|CLEAN AFTER POLY ETCH|MEASURE CD LEVEL 2|IMPLANT N-TYPE|PRE ANNEAL CHECK|RAPID THERMAL ANNEAL|MEASURE SHEET RESISTANCE|DEPOSIT GATE OXIDE OR DIELECTRIC|ANNEAL DIELECTRIC|MEASURE OXIDE QUALITY|DEPOSIT POLYSILICON|POLYSILICON ANNEAL|MEASURE POLY THICKNESS|SPIN COAT PHOTORESIST|SOFT BAKE
valid_0310,MEASURE PASSIVATION QUALITY|OPEN PAD WINDOW|PAD WINDOW LITHO|DEVELOP PHOTORESIST|PASSIVATION ETCH PAD OPENING|STRIP RESIST|CLEAN PAD OPENING|MEASURE PAD OPENING|BACKSIDE GRIND|MEASURE THICKNESS|BACKSIDE ETCH CLEAN|BACKSIDE RINSE|BACKSIDE DRY|BACKSIDE METALLIZATION PREP|DEPOSIT BACKSIDE METAL|BACKSIDE ANNEAL|MEASURE BACKSIDE CONTACT|FINAL CLEAN|FINAL THICKNESS MEASURE|FINAL GEOMETRY CHECK|FINAL CD INSPECTION|FINAL PARTICLE INSPECTION|PARAMETRIC TEST|LEAKAGE TEST|BREAKDOWN VOLTAGE TEST|SWITCHING TEST|YIELD ANALYSIS|WAFER SORT TEST|FINAL LOT RELEASE|SHIP LOT
valid_0311,CMP INTERLAYER DIELECTRIC|MEASURE SURFACE PLANARITY|SPIN COAT PHOTORESIST|SOFT BAKE|ALIGN MASK LEVEL 2|EXPOSE LITHO LEVEL 2|DEVELOP PHOTORESIST|PATTERN INSPECTION LEVEL 2|POLYSILICON ETCH DRY|STRIP RESIST LEVEL 2|CLEAN AFTER POLY ETCH|MEASURE CD LEVEL 2|IMPLANT N-TYPE|PRE ANNEAL CHECK|RAPID THERMAL ANNEAL|MEASURE SHEET RESISTANCE|DEPOSIT GATE OXIDE OR DIELECTRIC|ANNEAL DIELECTRIC|MEASURE OXIDE QUALITY|DEPOSIT POLYSILICON|POLYSILICON ANNEAL|MEASURE POLY THICKNESS|SPIN COAT PHOTORESIST|SOFT BAKE
valid_0312,MEASURE PASSIVATION THICKNESS|OPEN PAD WINDOW|OPEN PAD WINDOW LITHO|DEVELOP PHOTORESIST|PASSIVATION ETCH|STRIP RESIST|CLEAN PAD OPENING|MEASURE PAD OPENING|BACKSIDE GRIND|MEASURE THICKNESS|BACKSIDE ETCH CLEAN|BACKSIDE RINSE|BACKSIDE DRY|BACKSIDE METALLIZATION PREP|DEPOSIT BACKSIDE METAL|BACKSIDE ANNEAL|MEASURE BACKSIDE CONTACT|FINAL CLEAN|FINAL THICKNESS MEASURE|FINAL GEOMETRY CHECK|FINAL CD INSPECTION|FINAL PARTICLE INSPECTION|PARAMETRIC TEST|LEAKAGE TEST|BREAKDOWN VOLTAGE TEST|SWITCHING TEST|YIELD ANALYSIS|WAFER SORT TEST|FINAL LOT RELEASE|SHIP LOT
valid_0313,SOFT BAKE|ALIGN MASK LEVEL 2|EXPOSE LITHO LEVEL 2|DEVELOP PHOTORESIST|PATTERN INSPECTION LEVEL 2|POLYSILICON ETCH DRY|STRIP RESIST LEVEL 2|CLEAN AFTER POLY ETCH|MEASURE CD LEVEL 2|IMPLANT N-TYPE|PRE ANNEAL CHECK|RAPID THERMAL ANNEAL|MEASURE SHEET RESISTANCE|DEPOSIT GATE OXIDE OR DIELECTRIC|ANNEAL DIELECTRIC|MEASURE OXIDE QUALITY|DEPOSIT POLYSILICON|POLYSILICON ANNEAL|MEASURE POLY THICKNESS|SPIN COAT PHOTORESIST|SOFT BAKE
valid_0314,CURE PASSIVATION|MEASURE PASSIVATION QUALITY|OPEN PAD WINDOW|PAD WINDOW LITHO|DEVELOP PHOTORESIST|PASSIVATION ETCH PAD OPENING|STRIP RESIST|CLEAN PAD OPENING|MEASURE PAD OPENING|BACKSIDE GRIND|MEASURE THICKNESS|BACKSIDE ETCH CLEAN|BACKSIDE RINSE|BACKSIDE DRY|BACKSIDE METALLIZATION PREP|DEPOSIT BACKSIDE METAL|BACKSIDE ANNEAL|MEASURE BACKSIDE CONTACT|FINAL CLEAN|FINAL THICKNESS MEASURE|FINAL GEOMETRY CHECK|FINAL CD INSPECTION|FINAL PARTICLE INSPECTION|PARAMETRIC TEST|LEAKAGE TEST|BREAKDOWN VOLTAGE TEST|SWITCHING TEST|YIELD ANALYSIS|WAFER SORT TEST|FINAL LOT RELEASE|SHIP LOT
valid_0315,MEASURE PLANARITY|SPIN COAT PHOTORESIST|SOFT BAKE|ALIGN MASK LEVEL 2|EXPOSE LITHO LEVEL 2|DEVELOP PHOTORESIST|PATTERN INSPECTION LEVEL 2|POLYSILICON ETCH DRY|STRIP RESIST LEVEL 2|CLEAN AFTER POLY ETCH|MEASURE CD LEVEL 2|IMPLANT N-TYPE|PRE ANNEAL CHECK|RAPID THERMAL ANNEAL|MEASURE SHEET RESISTANCE|DEPOSIT GATE OXIDE OR DIELECTRIC|ANNEAL DIELECTRIC|MEASURE OXIDE QUALITY|DEPOSIT POLYSILICON|POLYSILICON ANNEAL|MEASURE POLY THICKNESS|SPIN COAT PHOTORESIST|SOFT BAKE
valid_0316,DEPOSIT PASSIVATION LAYER|CURE PASSIVATION|MEASURE PASSIVATION QUALITY|OPEN PAD WINDOW|PAD WINDOW LITHO|DEVELOP PHOTORESIST|PASSIVATION ETCH PAD OPENING|STRIP RESIST|CLEAN PAD OPENING|MEASURE PAD OPENING|BACKSIDE GRIND|MEASURE THICKNESS|BACKSIDE ETCH CLEAN|BACKSIDE RINSE|BACKSIDE DRY|BACKSIDE METALLIZATION PREP|DEPOSIT BACKSIDE METAL|BACKSIDE ANNEAL|MEASURE BACKSIDE CONTACT|FINAL CLEAN|FINAL THICKNESS MEASURE|FINAL GEOMETRY CHECK|FINAL CD INSPECTION|FINAL PARTICLE INSPECTION|PARAMETRIC TEST|LEAKAGE TEST|BREAKDOWN VOLTAGE TEST|SWITCHING TEST|YIELD ANALYSIS|WAFER SORT TEST|FINAL LOT RELEASE|SHIP LOT
valid_0317,CMP INTERLAYER DIELECTRIC|MEASURE SURFACE PLANARITY|SPIN COAT PHOTORESIST|SOFT BAKE|ALIGN MASK LEVEL 2|EXPOSE LITHO LEVEL 2|DEVELOP PHOTORESIST|PATTERN INSPECTION LEVEL 2|POLYSILICON ETCH DRY|STRIP RESIST LEVEL 2|CLEAN AFTER POLY ETCH|MEASURE CD LEVEL 2|IMPLANT N-TYPE|PRE ANNEAL CHECK|RAPID THERMAL ANNEAL|MEASURE SHEET RESISTANCE|DEPOSIT GATE OXIDE OR DIELECTRIC|ANNEAL DIELECTRIC|MEASURE OXIDE QUALITY|DEPOSIT POLYSILICON|POLYSILICON ANNEAL|MEASURE POLY THICKNESS|SPIN COAT PHOTORESIST|SOFT BAKE
valid_0318,CURE PASSIVATION|MEASURE PASSIVATION QUALITY|OPEN PAD WINDOW|PAD WINDOW LITHO|DEVELOP PHOTORESIST|PASSIVATION ETCH PAD OPENING|STRIP RESIST|CLEAN PAD OPENING|MEASURE PAD OPENING|BACKSIDE GRIND|MEASURE THICKNESS|BACKSIDE ETCH CLEAN|BACKSIDE RINSE|BACKSIDE DRY|BACKSIDE METALLIZATION PREP|DEPOSIT BACKSIDE METAL|BACKSIDE ANNEAL|MEASURE BACKSIDE CONTACT|FINAL CLEAN|FINAL THICKNESS MEASURE|FINAL GEOMETRY CHECK|FINAL CD INSPECTION|FINAL PARTICLE INSPECTION|PARAMETRIC TEST|LEAKAGE TEST|BREAKDOWN VOLTAGE TEST|SWITCHING TEST|YIELD ANALYSIS|WAFER SORT TEST|FINAL LOT RELEASE|SHIP LOT
valid_0319,SPIN COAT PHOTORESIST|SOFT BAKE|ALIGN MASK LEVEL 2|EXPOSE LITHO LEVEL 2|DEVELOP PHOTORESIST|PATTERN INSPECTION LEVEL 2|POLYSILICON ETCH DRY|STRIP RESIST LEVEL 2|CLEAN AFTER POLY ETCH|MEASURE CD LEVEL 2|IMPLANT N-TYPE|PRE ANNEAL CHECK|RAPID THERMAL ANNEAL|MEASURE SHEET RESISTANCE|DEPOSIT GATE OXIDE OR DIELECTRIC|ANNEAL DIELECTRIC|MEASURE OXIDE QUALITY|DEPOSIT POLYSILICON|POLYSILICON ANNEAL|MEASURE POLY THICKNESS|SPIN COAT PHOTORESIST|SOFT BAKE
valid_0320,MEASURE PASSIVATION QUALITY|OPEN PAD WINDOW|PAD WINDOW LITHO|DEVELOP PHOTORESIST|PASSIVATION ETCH PAD OPENING|STRIP RESIST|CLEAN PAD OPENING|MEASURE PAD OPENING|BACKSIDE GRIND|MEASURE THICKNESS|BACKSIDE ETCH CLEAN|BACKSIDE RINSE|BACKSIDE DRY|BACKSIDE METALLIZATION PREP|DEPOSIT BACKSIDE METAL|BACKSIDE ANNEAL|MEASURE BACKSIDE CONTACT|FINAL CLEAN|FINAL THICKNESS MEASURE|FINAL GEOMETRY CHECK|FINAL CD INSPECTION|FINAL PARTICLE INSPECTION|PARAMETRIC TEST|LEAKAGE TEST|BREAKDOWN VOLTAGE TEST|SWITCHING TEST|YIELD ANALYSIS|WAFER SORT TEST|FINAL LOT RELEASE|SHIP LOT
valid_0321,MEASURE PLANARITY|SPIN COAT PHOTORESIST|SOFT BAKE|ALIGN MASK LEVEL 2|EXPOSE LITHO LEVEL 2|DEVELOP PHOTORESIST|PATTERN INSPECTION LEVEL 2|POLYSILICON ETCH DRY|STRIP RESIST LEVEL 2|CLEAN AFTER POLY ETCH|MEASURE CD LEVEL 2|IMPLANT N-TYPE|PRE ANNEAL CHECK|RAPID THERMAL ANNEAL|MEASURE SHEET RESISTANCE|DEPOSIT GATE OXIDE OR DIELECTRIC|ANNEAL DIELECTRIC|MEASURE OXIDE QUALITY|DEPOSIT POLYSILICON|POLYSILICON ANNEAL|MEASURE POLY THICKNESS|SPIN COAT PHOTORESIST|SOFT BAKE
valid_0322,DEPOSIT PASSIVATION LAYER|CURE PASSIVATION|MEASURE PASSIVATION QUALITY|OPEN PAD WINDOW|PAD WINDOW LITHO|DEVELOP PHOTORESIST|PASSIVATION ETCH PAD OPENING|STRIP RESIST|CLEAN PAD OPENING|MEASURE PAD OPENING|BACKSIDE GRIND|MEASURE THICKNESS|BACKSIDE ETCH CLEAN|BACKSIDE RINSE|BACKSIDE DRY|BACKSIDE METALLIZATION PREP|DEPOSIT BACKSIDE METAL|BACKSIDE ANNEAL|MEASURE BACKSIDE CONTACT|FINAL CLEAN|FINAL THICKNESS MEASURE|FINAL GEOMETRY CHECK|FINAL CD INSPECTION|FINAL PARTICLE INSPECTION|PARAMETRIC TEST|LEAKAGE TEST|BREAKDOWN VOLTAGE TEST|SWITCHING TEST|YIELD ANALYSIS|WAFER SORT TEST|FINAL LOT RELEASE|SHIP LOT
valid_0323,CMP DIELECTRIC|MEASURE SURFACE PLANARITY|SPIN COAT PHOTORESIST|SOFT BAKE|ALIGN MASK LEVEL 2|EXPOSE LITHO LEVEL 2|DEVELOP PHOTORESIST|PATTERN INSPECTION LEVEL 2|POLYSILICON ETCH DRY|STRIP RESIST LEVEL 2|CLEAN AFTER POLY ETCH|MEASURE CD LEVEL 2|IMPLANT N-TYPE|PRE ANNEAL CHECK|RAPID THERMAL ANNEAL|MEASURE SHEET RESISTANCE|DEPOSIT GATE OXIDE OR DIELECTRIC|ANNEAL DIELECTRIC|MEASURE OXIDE QUALITY|DEPOSIT POLYSILICON|POLYSILICON ANNEAL|MEASURE POLY THICKNESS|SPIN COAT PHOTORESIST|SOFT BAKE
valid_0324,MEASURE LINE WIDTH|DEPOSIT PASSIVATION LAYER|CURE PASSIVATION|MEASURE PASSIVATION QUALITY|OPEN PAD WINDOW|PAD WINDOW LITHO|DEVELOP PHOTORESIST|PASSIVATION ETCH PAD OPENING|STRIP RESIST|CLEAN PAD OPENING|MEASURE PAD OPENING|BACKSIDE GRIND|MEASURE THICKNESS|BACKSIDE ETCH CLEAN|BACKSIDE RINSE|BACKSIDE DRY|BACKSIDE METALLIZATION PREP|DEPOSIT BACKSIDE METAL|BACKSIDE ANNEAL|MEASURE BACKSIDE CONTACT|FINAL CLEAN|FINAL THICKNESS MEASURE|FINAL GEOMETRY CHECK|FINAL CD INSPECTION|FINAL PARTICLE INSPECTION|PARAMETRIC TEST|LEAKAGE TEST|BREAKDOWN VOLTAGE TEST|SWITCHING TEST|YIELD ANALYSIS|WAFER SORT TEST|FINAL LOT RELEASE|SHIP LOT
valid_0325,SPIN COAT PHOTORESIST|SOFT BAKE|ALIGN MASK LEVEL 2|EXPOSE LITHO LEVEL 2|DEVELOP PHOTORESIST|PATTERN INSPECTION LEVEL 2|POLYSILICON ETCH DRY|STRIP RESIST LEVEL 2|CLEAN AFTER POLY ETCH|MEASURE CD LEVEL 2|IMPLANT N-TYPE|PRE ANNEAL CHECK|RAPID THERMAL ANNEAL|MEASURE SHEET RESISTANCE|DEPOSIT GATE OXIDE OR DIELECTRIC|ANNEAL DIELECTRIC|MEASURE OXIDE QUALITY|DEPOSIT POLYSILICON|POLYSILICON ANNEAL|MEASURE POLY THICKNESS|SPIN COAT PHOTORESIST|SOFT BAKE
valid_0326,MEASURE PASSIVATION THICKNESS|OPEN PAD WINDOW|OPEN PAD WINDOW LITHO|DEVELOP PHOTORESIST|PASSIVATION ETCH|STRIP RESIST|CLEAN PAD OPENING|MEASURE PAD OPENING|BACKSIDE GRIND|MEASURE THICKNESS|BACKSIDE ETCH CLEAN|BACKSIDE RINSE|BACKSIDE DRY|BACKSIDE METALLIZATION PREP|DEPOSIT BACKSIDE METAL|BACKSIDE ANNEAL|MEASURE BACKSIDE CONTACT|FINAL CLEAN|FINAL THICKNESS MEASURE|FINAL GEOMETRY CHECK|FINAL CD INSPECTION|FINAL PARTICLE INSPECTION|PARAMETRIC TEST|LEAKAGE TEST|BREAKDOWN VOLTAGE TEST|SWITCHING TEST|YIELD ANALYSIS|WAFER SORT TEST|FINAL LOT RELEASE|SHIP LOT
valid_0327,CMP INTERLAYER DIELECTRIC|MEASURE PLANARITY|SPIN COAT PHOTORESIST|SOFT BAKE|ALIGN MASK LEVEL 2|EXPOSE LITHO LEVEL 2|DEVELOP PHOTORESIST|PATTERN INSPECTION LEVEL 2|POLYSILICON ETCH DRY|STRIP RESIST LEVEL 2|CLEAN AFTER POLY ETCH|MEASURE CD LEVEL 2|IMPLANT N-TYPE|PRE ANNEAL CHECK|RAPID THERMAL ANNEAL|MEASURE SHEET RESISTANCE|DEPOSIT GATE OXIDE OR DIELECTRIC|ANNEAL DIELECTRIC|MEASURE OXIDE QUALITY|DEPOSIT POLYSILICON|POLYSILICON ANNEAL|MEASURE POLY THICKNESS|SPIN COAT PHOTORESIST|SOFT BAKE
valid_0328,MEASURE PASSIVATION THICKNESS|OPEN PAD WINDOW|OPEN PAD WINDOW LITHO|DEVELOP PHOTORESIST|PASSIVATION ETCH|STRIP RESIST|CLEAN PAD OPENING|MEASURE PAD OPENING|BACKSIDE GRIND|MEASURE THICKNESS|BACKSIDE ETCH CLEAN|BACKSIDE RINSE|BACKSIDE DRY|BACKSIDE METALLIZATION PREP|DEPOSIT BACKSIDE METAL|BACKSIDE ANNEAL|MEASURE BACKSIDE CONTACT|FINAL CLEAN|FINAL THICKNESS MEASURE|FINAL GEOMETRY CHECK|FINAL CD INSPECTION|FINAL PARTICLE INSPECTION|PARAMETRIC TEST|LEAKAGE TEST|BREAKDOWN VOLTAGE TEST|SWITCHING TEST|YIELD ANALYSIS|WAFER SORT TEST|FINAL LOT RELEASE|SHIP LOT
valid_0329,EXPOSE LITHO LEVEL 5|DEVELOP PHOTORESIST|VIA INSPECTION|HARD BAKE|DIELECTRIC ETCH VIA|STRIP PHOTORESIST|CLEAN AFTER VIA ETCH|MEASURE VIA CD|DEPOSIT BARRIER METAL|DEPOSIT METAL SEED|FILL VIA METAL|CMP VIA FILL|MEASURE CONTACT RESISTANCE|DEPOSIT TOP METAL|ANNEAL METAL|SPIN COAT PHOTORESIST|SOFT BAKE|ALIGN MASK LEVEL 2|EXPOSE LITHO LEVEL 2|DEVELOP PHOTORESIST|PATTERN INSPECTION LEVEL 2|POLYSILICON ETCH DRY|STRIP RESIST LEVEL 2|CLEAN AFTER POLY ETCH|MEASURE CD LEVEL 2|IMPLANT N-TYPE|PRE ANNEAL CHECK|RAPID THERMAL ANNEAL|MEASURE SHEET RESISTANCE|DEPOSIT GATE OXIDE OR DIELECTRIC|ANNEAL DIELECTRIC|MEASURE OXIDE QUALITY|DEPOSIT POLYSILICON|POLYSILICON ANNEAL|MEASURE POLY THICKNESS|SPIN COAT PHOTORESIST|SOFT BAKE
valid_0330,OPEN PAD WINDOW|OPEN PAD WINDOW LITHO|DEVELOP PHOTORESIST|PASSIVATION ETCH|STRIP RESIST|CLEAN PAD OPENING|MEASURE PAD OPENING|BACKSIDE GRIND|MEASURE THICKNESS|BACKSIDE ETCH CLEAN|BACKSIDE RINSE|BACKSIDE DRY|BACKSIDE METALLIZATION PREP|DEPOSIT BACKSIDE METAL|BACKSIDE ANNEAL|MEASURE BACKSIDE CONTACT|FINAL CLEAN|FINAL THICKNESS MEASURE|FINAL GEOMETRY CHECK|FINAL CD INSPECTION|FINAL PARTICLE INSPECTION|PARAMETRIC TEST|LEAKAGE TEST|BREAKDOWN VOLTAGE TEST|SWITCHING TEST|YIELD ANALYSIS|WAFER SORT TEST|FINAL LOT RELEASE|SHIP LOT
valid_0331,SOFT BAKE|ALIGN MASK LEVEL 2|EXPOSE LITHO LEVEL 2|DEVELOP PHOTORESIST|PATTERN INSPECTION LEVEL 2|POLYSILICON ETCH DRY|STRIP RESIST LEVEL 2|CLEAN AFTER POLY ETCH|MEASURE CD LEVEL 2|IMPLANT N-TYPE|PRE ANNEAL CHECK|RAPID THERMAL ANNEAL|MEASURE SHEET RESISTANCE|DEPOSIT GATE OXIDE OR DIELECTRIC|ANNEAL DIELECTRIC|MEASURE OXIDE QUALITY|DEPOSIT POLYSILICON|POLYSILICON ANNEAL|MEASURE POLY THICKNESS|SPIN COAT PHOTORESIST|SOFT BAKE
valid_0332,CURE PASSIVATION|MEASURE PASSIVATION THICKNESS|OPEN PAD WINDOW|OPEN PAD WINDOW LITHO|DEVELOP PHOTORESIST|PASSIVATION ETCH|STRIP RESIST|CLEAN PAD OPENING|MEASURE PAD OPENING|BACKSIDE GRIND|MEASURE THICKNESS|BACKSIDE ETCH CLEAN|BACKSIDE RINSE|BACKSIDE DRY|BACKSIDE METALLIZATION PREP|DEPOSIT BACKSIDE METAL|BACKSIDE ANNEAL|MEASURE BACKSIDE CONTACT|FINAL CLEAN|FINAL THICKNESS MEASURE|FINAL GEOMETRY CHECK|FINAL CD INSPECTION|FINAL PARTICLE INSPECTION|PARAMETRIC TEST|LEAKAGE TEST|BREAKDOWN VOLTAGE TEST|SWITCHING TEST|YIELD ANALYSIS|WAFER SORT TEST|FINAL LOT RELEASE|SHIP LOT
valid_0333,CMP INTERLAYER DIELECTRIC|MEASURE PLANARITY|SPIN COAT PHOTORESIST|SOFT BAKE|ALIGN MASK LEVEL 2|EXPOSE LITHO LEVEL 2|DEVELOP PHOTORESIST|PATTERN INSPECTION LEVEL 2|POLYSILICON ETCH DRY|STRIP RESIST LEVEL 2|CLEAN AFTER POLY ETCH|MEASURE CD LEVEL 2|IMPLANT N-TYPE|PRE ANNEAL CHECK|RAPID THERMAL ANNEAL|MEASURE SHEET RESISTANCE|DEPOSIT GATE OXIDE OR DIELECTRIC|ANNEAL DIELECTRIC|MEASURE OXIDE QUALITY|DEPOSIT POLYSILICON|POLYSILICON ANNEAL|MEASURE POLY THICKNESS|SPIN COAT PHOTORESIST|SOFT BAKE
valid_0334,DEPOSIT PASSIVATION LAYER|CURE PASSIVATION|MEASURE PASSIVATION QUALITY|OPEN PAD WINDOW|PAD WINDOW LITHO|DEVELOP PHOTORESIST|PASSIVATION ETCH PAD OPENING|STRIP RESIST|CLEAN PAD OPENING|MEASURE PAD OPENING|BACKSIDE GRIND|MEASURE THICKNESS|BACKSIDE ETCH CLEAN|BACKSIDE RINSE|BACKSIDE DRY|BACKSIDE METALLIZATION PREP|DEPOSIT BACKSIDE METAL|BACKSIDE ANNEAL|MEASURE BACKSIDE CONTACT|FINAL CLEAN|FINAL THICKNESS MEASURE|FINAL GEOMETRY CHECK|FINAL CD INSPECTION|FINAL PARTICLE INSPECTION|PARAMETRIC TEST|LEAKAGE TEST|BREAKDOWN VOLTAGE TEST|SWITCHING TEST|YIELD ANALYSIS|WAFER SORT TEST|FINAL LOT RELEASE|SHIP LOT
valid_0335,MEASURE PLANARITY|SPIN COAT PHOTORESIST|SOFT BAKE|ALIGN MASK LEVEL 2|EXPOSE LITHO LEVEL 2|DEVELOP PHOTORESIST|PATTERN INSPECTION LEVEL 2|POLYSILICON ETCH DRY|STRIP RESIST LEVEL 2|CLEAN AFTER POLY ETCH|MEASURE CD LEVEL 2|IMPLANT N-TYPE|PRE ANNEAL CHECK|RAPID THERMAL ANNEAL|MEASURE SHEET RESISTANCE|DEPOSIT GATE OXIDE OR DIELECTRIC|ANNEAL DIELECTRIC|MEASURE OXIDE QUALITY|DEPOSIT POLYSILICON|POLYSILICON ANNEAL|MEASURE POLY THICKNESS|SPIN COAT PHOTORESIST|SOFT BAKE
valid_0336,CURE PASSIVATION|MEASURE PASSIVATION QUALITY|OPEN PAD WINDOW|PAD WINDOW LITHO|DEVELOP PHOTORESIST|PASSIVATION ETCH PAD OPENING|STRIP RESIST|CLEAN PAD OPENING|MEASURE PAD OPENING|BACKSIDE GRIND|MEASURE THICKNESS|BACKSIDE ETCH CLEAN|BACKSIDE RINSE|BACKSIDE DRY|BACKSIDE METALLIZATION PREP|DEPOSIT BACKSIDE METAL|BACKSIDE ANNEAL|MEASURE BACKSIDE CONTACT|FINAL CLEAN|FINAL THICKNESS MEASURE|FINAL GEOMETRY CHECK|FINAL CD INSPECTION|FINAL PARTICLE INSPECTION|PARAMETRIC TEST|LEAKAGE TEST|BREAKDOWN VOLTAGE TEST|SWITCHING TEST|YIELD ANALYSIS|WAFER SORT TEST|FINAL LOT RELEASE|SHIP LOT
valid_0337,MEASURE PLANARITY|SPIN COAT PHOTORESIST|SOFT BAKE|ALIGN MASK LEVEL 2|EXPOSE LITHO LEVEL 2|DEVELOP PHOTORESIST|PATTERN INSPECTION LEVEL 2|POLYSILICON ETCH DRY|STRIP RESIST LEVEL 2|CLEAN AFTER POLY ETCH|MEASURE CD LEVEL 2|IMPLANT N-TYPE|PRE ANNEAL CHECK|RAPID THERMAL ANNEAL|MEASURE SHEET RESISTANCE|DEPOSIT GATE OXIDE OR DIELECTRIC|ANNEAL DIELECTRIC|MEASURE OXIDE QUALITY|DEPOSIT POLYSILICON|POLYSILICON ANNEAL|MEASURE POLY THICKNESS|SPIN COAT PHOTORESIST|SOFT BAKE
valid_0338,DEPOSIT PASSIVATION LAYER|CURE PASSIVATION|MEASURE PASSIVATION QUALITY|OPEN PAD WINDOW|PAD WINDOW LITHO|DEVELOP PHOTORESIST|PASSIVATION ETCH PAD OPENING|STRIP RESIST|CLEAN PAD OPENING|MEASURE PAD OPENING|BACKSIDE GRIND|MEASURE THICKNESS|BACKSIDE ETCH CLEAN|BACKSIDE RINSE|BACKSIDE DRY|BACKSIDE METALLIZATION PREP|DEPOSIT BACKSIDE METAL|BACKSIDE ANNEAL|MEASURE BACKSIDE CONTACT|FINAL CLEAN|FINAL THICKNESS MEASURE|FINAL GEOMETRY CHECK|FINAL CD INSPECTION|FINAL PARTICLE INSPECTION|PARAMETRIC TEST|LEAKAGE TEST|BREAKDOWN VOLTAGE TEST|SWITCHING TEST|YIELD ANALYSIS|WAFER SORT TEST|FINAL LOT RELEASE|SHIP LOT
valid_0339,SPIN COAT PHOTORESIST|SOFT BAKE|ALIGN MASK LEVEL 2|EXPOSE LITHO LEVEL 2|DEVELOP PHOTORESIST|PATTERN INSPECTION LEVEL 2|POLYSILICON ETCH DRY|STRIP RESIST LEVEL 2|CLEAN AFTER POLY ETCH|MEASURE CD LEVEL 2|IMPLANT N-TYPE|PRE ANNEAL CHECK|RAPID THERMAL ANNEAL|MEASURE SHEET RESISTANCE|DEPOSIT GATE OXIDE OR DIELECTRIC|ANNEAL DIELECTRIC|MEASURE OXIDE QUALITY|DEPOSIT POLYSILICON|POLYSILICON ANNEAL|MEASURE POLY THICKNESS|SPIN COAT PHOTORESIST|SOFT BAKE
valid_0340,MEASURE PASSIVATION THICKNESS|OPEN PAD WINDOW|OPEN PAD WINDOW LITHO|DEVELOP PHOTORESIST|PASSIVATION ETCH|STRIP RESIST|CLEAN PAD OPENING|MEASURE PAD OPENING|BACKSIDE GRIND|MEASURE THICKNESS|BACKSIDE ETCH CLEAN|BACKSIDE RINSE|BACKSIDE DRY|BACKSIDE METALLIZATION PREP|DEPOSIT BACKSIDE METAL|BACKSIDE ANNEAL|MEASURE BACKSIDE CONTACT|FINAL CLEAN|FINAL THICKNESS MEASURE|FINAL GEOMETRY CHECK|FINAL CD INSPECTION|FINAL PARTICLE INSPECTION|PARAMETRIC TEST|LEAKAGE TEST|BREAKDOWN VOLTAGE TEST|SWITCHING TEST|YIELD ANALYSIS|WAFER SORT TEST|FINAL LOT RELEASE|SHIP LOT
valid_0341,CMP INTERLAYER DIELECTRIC|MEASURE SURFACE PLANARITY|SPIN COAT PHOTORESIST|SOFT BAKE|ALIGN MASK LEVEL 2|EXPOSE LITHO LEVEL 2|DEVELOP PHOTORESIST|PATTERN INSPECTION LEVEL 2|POLYSILICON ETCH DRY|STRIP RESIST LEVEL 2|CLEAN AFTER POLY ETCH|MEASURE CD LEVEL 2|IMPLANT N-TYPE|PRE ANNEAL CHECK|RAPID THERMAL ANNEAL|MEASURE SHEET RESISTANCE|DEPOSIT GATE OXIDE OR DIELECTRIC|ANNEAL DIELECTRIC|MEASURE OXIDE QUALITY|DEPOSIT POLYSILICON|POLYSILICON ANNEAL|MEASURE POLY THICKNESS|SPIN COAT PHOTORESIST|SOFT BAKE
valid_0342,DEPOSIT PASSIVATION LAYER|CURE PASSIVATION|MEASURE PASSIVATION QUALITY|OPEN PAD WINDOW|PAD WINDOW LITHO|DEVELOP PHOTORESIST|PASSIVATION ETCH PAD OPENING|STRIP RESIST|CLEAN PAD OPENING|MEASURE PAD OPENING|BACKSIDE GRIND|MEASURE THICKNESS|BACKSIDE ETCH CLEAN|BACKSIDE RINSE|BACKSIDE DRY|BACKSIDE METALLIZATION PREP|DEPOSIT BACKSIDE METAL|BACKSIDE ANNEAL|MEASURE BACKSIDE CONTACT|FINAL CLEAN|FINAL THICKNESS MEASURE|FINAL GEOMETRY CHECK|FINAL CD INSPECTION|FINAL PARTICLE INSPECTION|PARAMETRIC TEST|LEAKAGE TEST|BREAKDOWN VOLTAGE TEST|SWITCHING TEST|YIELD ANALYSIS|WAFER SORT TEST|FINAL LOT RELEASE|SHIP LOT
valid_0343,MEASURE SURFACE PLANARITY|SPIN COAT PHOTORESIST|SOFT BAKE|ALIGN MASK LEVEL 2|EXPOSE LITHO LEVEL 2|DEVELOP PHOTORESIST|PATTERN INSPECTION LEVEL 2|POLYSILICON ETCH DRY|STRIP RESIST LEVEL 2|CLEAN AFTER POLY ETCH|MEASURE CD LEVEL 2|IMPLANT N-TYPE|PRE ANNEAL CHECK|RAPID THERMAL ANNEAL|MEASURE SHEET RESISTANCE|DEPOSIT GATE OXIDE OR DIELECTRIC|ANNEAL DIELECTRIC|MEASURE OXIDE QUALITY|DEPOSIT POLYSILICON|POLYSILICON ANNEAL|MEASURE POLY THICKNESS|SPIN COAT PHOTORESIST|SOFT BAKE
valid_0344,CURE PASSIVATION|MEASURE PASSIVATION THICKNESS|OPEN PAD WINDOW|OPEN PAD WINDOW LITHO|DEVELOP PHOTORESIST|PASSIVATION ETCH|STRIP RESIST|CLEAN PAD OPENING|MEASURE PAD OPENING|BACKSIDE GRIND|MEASURE THICKNESS|BACKSIDE ETCH CLEAN|BACKSIDE RINSE|BACKSIDE DRY|BACKSIDE METALLIZATION PREP|DEPOSIT BACKSIDE METAL|BACKSIDE ANNEAL|MEASURE BACKSIDE CONTACT|FINAL CLEAN|FINAL THICKNESS MEASURE|FINAL GEOMETRY CHECK|FINAL CD INSPECTION|FINAL PARTICLE INSPECTION|PARAMETRIC TEST|LEAKAGE TEST|BREAKDOWN VOLTAGE TEST|SWITCHING TEST|YIELD ANALYSIS|WAFER SORT TEST|FINAL LOT RELEASE|SHIP LOT
valid_0345,ALIGN MASK LEVEL 2|EXPOSE LITHO LEVEL 2|DEVELOP PHOTORESIST|PATTERN INSPECTION LEVEL 2|POLYSILICON ETCH DRY|STRIP RESIST LEVEL 2|CLEAN AFTER POLY ETCH|MEASURE CD LEVEL 2|IMPLANT N-TYPE|PRE ANNEAL CHECK|RAPID THERMAL ANNEAL|MEASURE SHEET RESISTANCE|DEPOSIT GATE OXIDE OR DIELECTRIC|ANNEAL DIELECTRIC|MEASURE OXIDE QUALITY|DEPOSIT POLYSILICON|POLYSILICON ANNEAL|MEASURE POLY THICKNESS|SPIN COAT PHOTORESIST|SOFT BAKE
valid_0346,OPEN PAD WINDOW|PAD WINDOW LITHO|DEVELOP PHOTORESIST|PASSIVATION ETCH PAD OPENING|STRIP RESIST|CLEAN PAD OPENING|MEASURE PAD OPENING|BACKSIDE GRIND|MEASURE THICKNESS|BACKSIDE ETCH CLEAN|BACKSIDE RINSE|BACKSIDE DRY|BACKSIDE METALLIZATION PREP|DEPOSIT BACKSIDE METAL|BACKSIDE ANNEAL|MEASURE BACKSIDE CONTACT|FINAL CLEAN|FINAL THICKNESS MEASURE|FINAL GEOMETRY CHECK|FINAL CD INSPECTION|FINAL PARTICLE INSPECTION|PARAMETRIC TEST|LEAKAGE TEST|BREAKDOWN VOLTAGE TEST|SWITCHING TEST|YIELD ANALYSIS|WAFER SORT TEST|FINAL LOT RELEASE|SHIP LOT
valid_0347,SPIN COAT PHOTORESIST|SOFT BAKE|ALIGN MASK LEVEL 2|EXPOSE LITHO LEVEL 2|DEVELOP PHOTORESIST|PATTERN INSPECTION LEVEL 2|POLYSILICON ETCH DRY|STRIP RESIST LEVEL 2|CLEAN AFTER POLY ETCH|MEASURE CD LEVEL 2|IMPLANT N-TYPE|PRE ANNEAL CHECK|RAPID THERMAL ANNEAL|MEASURE SHEET RESISTANCE|DEPOSIT GATE OXIDE OR DIELECTRIC|ANNEAL DIELECTRIC|MEASURE OXIDE QUALITY|DEPOSIT POLYSILICON|POLYSILICON ANNEAL|MEASURE POLY THICKNESS|SPIN COAT PHOTORESIST|SOFT BAKE
valid_0348,MEASURE PASSIVATION QUALITY|OPEN PAD WINDOW|PAD WINDOW LITHO|DEVELOP PHOTORESIST|PASSIVATION ETCH PAD OPENING|STRIP RESIST|CLEAN PAD OPENING|MEASURE PAD OPENING|BACKSIDE GRIND|MEASURE THICKNESS|BACKSIDE ETCH CLEAN|BACKSIDE RINSE|BACKSIDE DRY|BACKSIDE METALLIZATION PREP|DEPOSIT BACKSIDE METAL|BACKSIDE ANNEAL|MEASURE BACKSIDE CONTACT|FINAL CLEAN|FINAL THICKNESS MEASURE|FINAL GEOMETRY CHECK|FINAL CD INSPECTION|FINAL PARTICLE INSPECTION|PARAMETRIC TEST|LEAKAGE TEST|BREAKDOWN VOLTAGE TEST|SWITCHING TEST|YIELD ANALYSIS|WAFER SORT TEST|FINAL LOT RELEASE|SHIP LOT
valid_0349,SPIN COAT PHOTORESIST|SOFT BAKE|ALIGN MASK LEVEL 2|EXPOSE LITHO LEVEL 2|DEVELOP PHOTORESIST|PATTERN INSPECTION LEVEL 2|POLYSILICON ETCH DRY|STRIP RESIST LEVEL 2|CLEAN AFTER POLY ETCH|MEASURE CD LEVEL 2|IMPLANT N-TYPE|PRE ANNEAL CHECK|RAPID THERMAL ANNEAL|MEASURE SHEET RESISTANCE|DEPOSIT GATE OXIDE OR DIELECTRIC|ANNEAL DIELECTRIC|MEASURE OXIDE QUALITY|DEPOSIT POLYSILICON|POLYSILICON ANNEAL|MEASURE POLY THICKNESS|SPIN COAT PHOTORESIST|SOFT BAKE
valid_0350,CURE PASSIVATION|MEASURE PASSIVATION QUALITY|OPEN PAD WINDOW|PAD WINDOW LITHO|DEVELOP PHOTORESIST|PASSIVATION ETCH PAD OPENING|STRIP RESIST|CLEAN PAD OPENING|MEASURE PAD OPENING|BACKSIDE GRIND|MEASURE THICKNESS|BACKSIDE ETCH CLEAN|BACKSIDE RINSE|BACKSIDE DRY|BACKSIDE METALLIZATION PREP|DEPOSIT BACKSIDE METAL|BACKSIDE ANNEAL|MEASURE BACKSIDE CONTACT|FINAL CLEAN|FINAL THICKNESS MEASURE|FINAL GEOMETRY CHECK|FINAL CD INSPECTION|FINAL PARTICLE INSPECTION|PARAMETRIC TEST|LEAKAGE TEST|BREAKDOWN VOLTAGE TEST|SWITCHING TEST|YIELD ANALYSIS|WAFER SORT TEST|FINAL LOT RELEASE|SHIP LOT
valid_0351,SOFT BAKE|ALIGN MASK LEVEL 2|EXPOSE LITHO LEVEL 2|DEVELOP PHOTORESIST|PATTERN INSPECTION LEVEL 2|POLYSILICON ETCH DRY|STRIP RESIST LEVEL 2|CLEAN AFTER POLY ETCH|MEASURE CD LEVEL 2|IMPLANT N-TYPE|PRE ANNEAL CHECK|RAPID THERMAL ANNEAL|MEASURE SHEET RESISTANCE|DEPOSIT GATE OXIDE OR DIELECTRIC|ANNEAL DIELECTRIC|MEASURE OXIDE QUALITY|DEPOSIT POLYSILICON|POLYSILICON ANNEAL|MEASURE POLY THICKNESS|SPIN COAT PHOTORESIST|SOFT BAKE
valid_0352,MEASURE PASSIVATION THICKNESS|OPEN PAD WINDOW|OPEN PAD WINDOW LITHO|DEVELOP PHOTORESIST|PASSIVATION ETCH|STRIP RESIST|CLEAN PAD OPENING|MEASURE PAD OPENING|BACKSIDE GRIND|MEASURE THICKNESS|BACKSIDE ETCH CLEAN|BACKSIDE RINSE|BACKSIDE DRY|BACKSIDE METALLIZATION PREP|DEPOSIT BACKSIDE METAL|BACKSIDE ANNEAL|MEASURE BACKSIDE CONTACT|FINAL CLEAN|FINAL THICKNESS MEASURE|FINAL GEOMETRY CHECK|FINAL CD INSPECTION|FINAL PARTICLE INSPECTION|PARAMETRIC TEST|LEAKAGE TEST|BREAKDOWN VOLTAGE TEST|SWITCHING TEST|YIELD ANALYSIS|WAFER SORT TEST|FINAL LOT RELEASE|SHIP LOT
valid_0353,MEASURE PLANARITY|SPIN COAT PHOTORESIST|SOFT BAKE|ALIGN MASK LEVEL 2|EXPOSE LITHO LEVEL 2|DEVELOP PHOTORESIST|PATTERN INSPECTION LEVEL 2|POLYSILICON ETCH DRY|STRIP RESIST LEVEL 2|CLEAN AFTER POLY ETCH|MEASURE CD LEVEL 2|IMPLANT N-TYPE|PRE ANNEAL CHECK|RAPID THERMAL ANNEAL|MEASURE SHEET RESISTANCE|DEPOSIT GATE OXIDE OR DIELECTRIC|ANNEAL DIELECTRIC|MEASURE OXIDE QUALITY|DEPOSIT POLYSILICON|POLYSILICON ANNEAL|MEASURE POLY THICKNESS|SPIN COAT PHOTORESIST|SOFT BAKE
valid_0354,DEPOSIT PASSIVATION LAYER|CURE PASSIVATION|MEASURE PASSIVATION QUALITY|OPEN PAD WINDOW|PAD WINDOW LITHO|DEVELOP PHOTORESIST|PASSIVATION ETCH PAD OPENING|STRIP RESIST|CLEAN PAD OPENING|MEASURE PAD OPENING|BACKSIDE GRIND|MEASURE THICKNESS|BACKSIDE ETCH CLEAN|BACKSIDE RINSE|BACKSIDE DRY|BACKSIDE METALLIZATION PREP|DEPOSIT BACKSIDE METAL|BACKSIDE ANNEAL|MEASURE BACKSIDE CONTACT|FINAL CLEAN|FINAL THICKNESS MEASURE|FINAL GEOMETRY CHECK|FINAL CD INSPECTION|FINAL PARTICLE INSPECTION|PARAMETRIC TEST|LEAKAGE TEST|BREAKDOWN VOLTAGE TEST|SWITCHING TEST|YIELD ANALYSIS|WAFER SORT TEST|FINAL LOT RELEASE|SHIP LOT
valid_0355,MEASURE PLANARITY|SPIN COAT PHOTORESIST|SOFT BAKE|ALIGN MASK LEVEL 2|EXPOSE LITHO LEVEL 2|DEVELOP PHOTORESIST|PATTERN INSPECTION LEVEL 2|POLYSILICON ETCH DRY|STRIP RESIST LEVEL 2|CLEAN AFTER POLY ETCH|MEASURE CD LEVEL 2|IMPLANT N-TYPE|PRE ANNEAL CHECK|RAPID THERMAL ANNEAL|MEASURE SHEET RESISTANCE|DEPOSIT GATE OXIDE OR DIELECTRIC|ANNEAL DIELECTRIC|MEASURE OXIDE QUALITY|DEPOSIT POLYSILICON|POLYSILICON ANNEAL|MEASURE POLY THICKNESS|SPIN COAT PHOTORESIST|SOFT BAKE
valid_0356,MEASURE LINE WIDTH|DEPOSIT PASSIVATION LAYER|CURE PASSIVATION|MEASURE PASSIVATION QUALITY|OPEN PAD WINDOW|PAD WINDOW LITHO|DEVELOP PHOTORESIST|PASSIVATION ETCH PAD OPENING|STRIP RESIST|CLEAN PAD OPENING|MEASURE PAD OPENING|BACKSIDE GRIND|MEASURE THICKNESS|BACKSIDE ETCH CLEAN|BACKSIDE RINSE|BACKSIDE DRY|BACKSIDE METALLIZATION PREP|DEPOSIT BACKSIDE METAL|BACKSIDE ANNEAL|MEASURE BACKSIDE CONTACT|FINAL CLEAN|FINAL THICKNESS MEASURE|FINAL GEOMETRY CHECK|FINAL CD INSPECTION|FINAL PARTICLE INSPECTION|PARAMETRIC TEST|LEAKAGE TEST|BREAKDOWN VOLTAGE TEST|SWITCHING TEST|YIELD ANALYSIS|WAFER SORT TEST|FINAL LOT RELEASE|SHIP LOT
valid_0357,CMP INTERLAYER DIELECTRIC|MEASURE SURFACE PLANARITY|SPIN COAT PHOTORESIST|SOFT BAKE|ALIGN MASK LEVEL 2|EXPOSE LITHO LEVEL 2|DEVELOP PHOTORESIST|PATTERN INSPECTION LEVEL 2|POLYSILICON ETCH DRY|STRIP RESIST LEVEL 2|CLEAN AFTER POLY ETCH|MEASURE CD LEVEL 2|IMPLANT N-TYPE|PRE ANNEAL CHECK|RAPID THERMAL ANNEAL|MEASURE SHEET RESISTANCE|DEPOSIT GATE OXIDE OR DIELECTRIC|ANNEAL DIELECTRIC|MEASURE OXIDE QUALITY|DEPOSIT POLYSILICON|POLYSILICON ANNEAL|MEASURE POLY THICKNESS|SPIN COAT PHOTORESIST|SOFT BAKE
valid_0358,CURE PASSIVATION|MEASURE PASSIVATION QUALITY|OPEN PAD WINDOW|PAD WINDOW LITHO|DEVELOP PHOTORESIST|PASSIVATION ETCH PAD OPENING|STRIP RESIST|CLEAN PAD OPENING|MEASURE PAD OPENING|BACKSIDE GRIND|MEASURE THICKNESS|BACKSIDE ETCH CLEAN|BACKSIDE RINSE|BACKSIDE DRY|BACKSIDE METALLIZATION PREP|DEPOSIT BACKSIDE METAL|BACKSIDE ANNEAL|MEASURE BACKSIDE CONTACT|FINAL CLEAN|FINAL THICKNESS MEASURE|FINAL GEOMETRY CHECK|FINAL CD INSPECTION|FINAL PARTICLE INSPECTION|PARAMETRIC TEST|LEAKAGE TEST|BREAKDOWN VOLTAGE TEST|SWITCHING TEST|YIELD ANALYSIS|WAFER SORT TEST|FINAL LOT RELEASE|SHIP LOT
valid_0359,MEASURE PLANARITY|SPIN COAT PHOTORESIST|SOFT BAKE|ALIGN MASK LEVEL 2|EXPOSE LITHO LEVEL 2|DEVELOP PHOTORESIST|PATTERN INSPECTION LEVEL 2|POLYSILICON ETCH DRY|STRIP RESIST LEVEL 2|CLEAN AFTER POLY ETCH|MEASURE CD LEVEL 2|IMPLANT N-TYPE|PRE ANNEAL CHECK|RAPID THERMAL ANNEAL|MEASURE SHEET RESISTANCE|DEPOSIT GATE OXIDE OR DIELECTRIC|ANNEAL DIELECTRIC|MEASURE OXIDE QUALITY|DEPOSIT POLYSILICON|POLYSILICON ANNEAL|MEASURE POLY THICKNESS|SPIN COAT PHOTORESIST|SOFT BAKE
valid_0360,MEASURE LINE WIDTH|DEPOSIT PASSIVATION LAYER|CURE PASSIVATION|MEASURE PASSIVATION QUALITY|OPEN PAD WINDOW|PAD WINDOW LITHO|DEVELOP PHOTORESIST|PASSIVATION ETCH PAD OPENING|STRIP RESIST|CLEAN PAD OPENING|MEASURE PAD OPENING|BACKSIDE GRIND|MEASURE THICKNESS|BACKSIDE ETCH CLEAN|BACKSIDE RINSE|BACKSIDE DRY|BACKSIDE METALLIZATION PREP|DEPOSIT BACKSIDE METAL|BACKSIDE ANNEAL|MEASURE BACKSIDE CONTACT|FINAL CLEAN|FINAL THICKNESS MEASURE|FINAL GEOMETRY CHECK|FINAL CD INSPECTION|FINAL PARTICLE INSPECTION|PARAMETRIC TEST|LEAKAGE TEST|BREAKDOWN VOLTAGE TEST|SWITCHING TEST|YIELD ANALYSIS|WAFER SORT TEST|FINAL LOT RELEASE|SHIP LOT
valid_0361,MEASURE FILM THICKNESS|SPIN COAT PHOTORESIST|SOFT BAKE|ALIGN MASK LEVEL 2|EXPOSE LITHO LEVEL 2|DEVELOP PHOTORESIST|PATTERN INSPECTION LEVEL 2|POLYSILICON ETCH DRY|STRIP RESIST LEVEL 2|CLEAN AFTER POLY ETCH|MEASURE CD LEVEL 2|IMPLANT N-TYPE|PRE ANNEAL CHECK|RAPID THERMAL ANNEAL|MEASURE SHEET RESISTANCE|DEPOSIT GATE OXIDE OR DIELECTRIC|ANNEAL DIELECTRIC|MEASURE OXIDE QUALITY|DEPOSIT POLYSILICON|POLYSILICON ANNEAL|MEASURE POLY THICKNESS|SPIN COAT PHOTORESIST|SOFT BAKE
valid_0362,MEASURE LINE WIDTH|DEPOSIT PASSIVATION LAYER|CURE PASSIVATION|MEASURE PASSIVATION QUALITY|OPEN PAD WINDOW|PAD WINDOW LITHO|DEVELOP PHOTORESIST|PASSIVATION ETCH PAD OPENING|STRIP RESIST|CLEAN PAD OPENING|MEASURE PAD OPENING|BACKSIDE GRIND|MEASURE THICKNESS|BACKSIDE ETCH CLEAN|BACKSIDE RINSE|BACKSIDE DRY|BACKSIDE METALLIZATION PREP|DEPOSIT BACKSIDE METAL|BACKSIDE ANNEAL|MEASURE BACKSIDE CONTACT|FINAL CLEAN|FINAL THICKNESS MEASURE|FINAL GEOMETRY CHECK|FINAL CD INSPECTION|FINAL PARTICLE INSPECTION|PARAMETRIC TEST|LEAKAGE TEST|BREAKDOWN VOLTAGE TEST|SWITCHING TEST|YIELD ANALYSIS|WAFER SORT TEST|FINAL LOT RELEASE|SHIP LOT
valid_0363,CMP DIELECTRIC|MEASURE SURFACE PLANARITY|SPIN COAT PHOTORESIST|SOFT BAKE|ALIGN MASK LEVEL 2|EXPOSE LITHO LEVEL 2|DEVELOP PHOTORESIST|PATTERN INSPECTION LEVEL 2|POLYSILICON ETCH DRY|STRIP RESIST LEVEL 2|CLEAN AFTER POLY ETCH|MEASURE CD LEVEL 2|IMPLANT N-TYPE|PRE ANNEAL CHECK|RAPID THERMAL ANNEAL|MEASURE SHEET RESISTANCE|DEPOSIT GATE OXIDE OR DIELECTRIC|ANNEAL DIELECTRIC|MEASURE OXIDE QUALITY|DEPOSIT POLYSILICON|POLYSILICON ANNEAL|MEASURE POLY THICKNESS|SPIN COAT PHOTORESIST|SOFT BAKE
valid_0364,CURE PASSIVATION|MEASURE PASSIVATION QUALITY|OPEN PAD WINDOW|PAD WINDOW LITHO|DEVELOP PHOTORESIST|PASSIVATION ETCH PAD OPENING|STRIP RESIST|CLEAN PAD OPENING|MEASURE PAD OPENING|BACKSIDE GRIND|MEASURE THICKNESS|BACKSIDE ETCH CLEAN|BACKSIDE RINSE|BACKSIDE DRY|BACKSIDE METALLIZATION PREP|DEPOSIT BACKSIDE METAL|BACKSIDE ANNEAL|MEASURE BACKSIDE CONTACT|FINAL CLEAN|FINAL THICKNESS MEASURE|FINAL GEOMETRY CHECK|FINAL CD INSPECTION|FINAL PARTICLE INSPECTION|PARAMETRIC TEST|LEAKAGE TEST|BREAKDOWN VOLTAGE TEST|SWITCHING TEST|YIELD ANALYSIS|WAFER SORT TEST|FINAL LOT RELEASE|SHIP LOT
valid_0365,DENSIFY OXIDE|MEASURE DIELECTRIC THICKNESS|CMP DIELECTRIC|MEASURE SURFACE PLANARITY|SPIN COAT PHOTORESIST|SOFT BAKE|ALIGN MASK LEVEL 2|EXPOSE LITHO LEVEL 2|DEVELOP PHOTORESIST|PATTERN INSPECTION LEVEL 2|POLYSILICON ETCH DRY|STRIP RESIST LEVEL 2|CLEAN AFTER POLY ETCH|MEASURE CD LEVEL 2|IMPLANT N-TYPE|PRE ANNEAL CHECK|RAPID THERMAL ANNEAL|MEASURE SHEET RESISTANCE|DEPOSIT GATE OXIDE OR DIELECTRIC|ANNEAL DIELECTRIC|MEASURE OXIDE QUALITY|DEPOSIT POLYSILICON|POLYSILICON ANNEAL|MEASURE POLY THICKNESS|SPIN COAT PHOTORESIST|SOFT BAKE
valid_0366,MEASURE LINE WIDTH|DEPOSIT PASSIVATION LAYER|CURE PASSIVATION|MEASURE PASSIVATION QUALITY|OPEN PAD WINDOW|PAD WINDOW LITHO|DEVELOP PHOTORESIST|PASSIVATION ETCH PAD OPENING|STRIP RESIST|CLEAN PAD OPENING|MEASURE PAD OPENING|BACKSIDE GRIND|MEASURE THICKNESS|BACKSIDE ETCH CLEAN|BACKSIDE RINSE|BACKSIDE DRY|BACKSIDE METALLIZATION PREP|DEPOSIT BACKSIDE METAL|BACKSIDE ANNEAL|MEASURE BACKSIDE CONTACT|FINAL CLEAN|FINAL THICKNESS MEASURE|FINAL GEOMETRY CHECK|FINAL CD INSPECTION|FINAL PARTICLE INSPECTION|PARAMETRIC TEST|LEAKAGE TEST|BREAKDOWN VOLTAGE TEST|SWITCHING TEST|YIELD ANALYSIS|WAFER SORT TEST|FINAL LOT RELEASE|SHIP LOT
valid_0367,SOFT BAKE|ALIGN MASK LEVEL 2|EXPOSE LITHO LEVEL 2|DEVELOP PHOTORESIST|PATTERN INSPECTION LEVEL 2|POLYSILICON ETCH DRY|STRIP RESIST LEVEL 2|CLEAN AFTER POLY ETCH|MEASURE CD LEVEL 2|IMPLANT N-TYPE|PRE ANNEAL CHECK|RAPID THERMAL ANNEAL|MEASURE SHEET RESISTANCE|DEPOSIT GATE OXIDE OR DIELECTRIC|ANNEAL DIELECTRIC|MEASURE OXIDE QUALITY|DEPOSIT POLYSILICON|POLYSILICON ANNEAL|MEASURE POLY THICKNESS|SPIN COAT PHOTORESIST|SOFT BAKE
valid_0368,CURE PASSIVATION|MEASURE PASSIVATION QUALITY|OPEN PAD WINDOW|PAD WINDOW LITHO|DEVELOP PHOTORESIST|PASSIVATION ETCH PAD OPENING|STRIP RESIST|CLEAN PAD OPENING|MEASURE PAD OPENING|BACKSIDE GRIND|MEASURE THICKNESS|BACKSIDE ETCH CLEAN|BACKSIDE RINSE|BACKSIDE DRY|BACKSIDE METALLIZATION PREP|DEPOSIT BACKSIDE METAL|BACKSIDE ANNEAL|MEASURE BACKSIDE CONTACT|FINAL CLEAN|FINAL THICKNESS MEASURE|FINAL GEOMETRY CHECK|FINAL CD INSPECTION|FINAL PARTICLE INSPECTION|PARAMETRIC TEST|LEAKAGE TEST|BREAKDOWN VOLTAGE TEST|SWITCHING TEST|YIELD ANALYSIS|WAFER SORT TEST|FINAL LOT RELEASE|SHIP LOT
valid_0369,CMP DIELECTRIC|MEASURE SURFACE PLANARITY|SPIN COAT PHOTORESIST|SOFT BAKE|ALIGN MASK LEVEL 2|EXPOSE LITHO LEVEL 2|DEVELOP PHOTORESIST|PATTERN INSPECTION LEVEL 2|POLYSILICON ETCH DRY|STRIP RESIST LEVEL 2|CLEAN AFTER POLY ETCH|MEASURE CD LEVEL 2|IMPLANT N-TYPE|PRE ANNEAL CHECK|RAPID THERMAL ANNEAL|MEASURE SHEET RESISTANCE|DEPOSIT GATE OXIDE OR DIELECTRIC|ANNEAL DIELECTRIC|MEASURE OXIDE QUALITY|DEPOSIT POLYSILICON|POLYSILICON ANNEAL|MEASURE POLY THICKNESS|SPIN COAT PHOTORESIST|SOFT BAKE
valid_0370,MEASURE PASSIVATION THICKNESS|OPEN PAD WINDOW|OPEN PAD WINDOW LITHO|DEVELOP PHOTORESIST|PASSIVATION ETCH|STRIP RESIST|CLEAN PAD OPENING|MEASURE PAD OPENING|BACKSIDE GRIND|MEASURE THICKNESS|BACKSIDE ETCH CLEAN|BACKSIDE RINSE|BACKSIDE DRY|BACKSIDE METALLIZATION PREP|DEPOSIT BACKSIDE METAL|BACKSIDE ANNEAL|MEASURE BACKSIDE CONTACT|FINAL CLEAN|FINAL THICKNESS MEASURE|FINAL GEOMETRY CHECK|FINAL CD INSPECTION|FINAL PARTICLE INSPECTION|PARAMETRIC TEST|LEAKAGE TEST|BREAKDOWN VOLTAGE TEST|SWITCHING TEST|YIELD ANALYSIS|WAFER SORT TEST|FINAL LOT RELEASE|SHIP LOT
valid_0371,MEASURE PLANARITY|SPIN COAT PHOTORESIST|SOFT BAKE|ALIGN MASK LEVEL 2|EXPOSE LITHO LEVEL 2|DEVELOP PHOTORESIST|PATTERN INSPECTION LEVEL 2|POLYSILICON ETCH DRY|STRIP RESIST LEVEL 2|CLEAN AFTER POLY ETCH|MEASURE CD LEVEL 2|IMPLANT N-TYPE|PRE ANNEAL CHECK|RAPID THERMAL ANNEAL|MEASURE SHEET RESISTANCE|DEPOSIT GATE OXIDE OR DIELECTRIC|ANNEAL DIELECTRIC|MEASURE OXIDE QUALITY|DEPOSIT POLYSILICON|POLYSILICON ANNEAL|MEASURE POLY THICKNESS|SPIN COAT PHOTORESIST|SOFT BAKE
valid_0372,CURE PASSIVATION|MEASURE PASSIVATION THICKNESS|OPEN PAD WINDOW|OPEN PAD WINDOW LITHO|DEVELOP PHOTORESIST|PASSIVATION ETCH|STRIP RESIST|CLEAN PAD OPENING|MEASURE PAD OPENING|BACKSIDE GRIND|MEASURE THICKNESS|BACKSIDE ETCH CLEAN|BACKSIDE RINSE|BACKSIDE DRY|BACKSIDE METALLIZATION PREP|DEPOSIT BACKSIDE METAL|BACKSIDE ANNEAL|MEASURE BACKSIDE CONTACT|FINAL CLEAN|FINAL THICKNESS MEASURE|FINAL GEOMETRY CHECK|FINAL CD INSPECTION|FINAL PARTICLE INSPECTION|PARAMETRIC TEST|LEAKAGE TEST|BREAKDOWN VOLTAGE TEST|SWITCHING TEST|YIELD ANALYSIS|WAFER SORT TEST|FINAL LOT RELEASE|SHIP LOT
valid_0373,CMP DIELECTRIC|MEASURE SURFACE PLANARITY|SPIN COAT PHOTORESIST|SOFT BAKE|ALIGN MASK LEVEL 2|EXPOSE LITHO LEVEL 2|DEVELOP PHOTORESIST|PATTERN INSPECTION LEVEL 2|POLYSILICON ETCH DRY|STRIP RESIST LEVEL 2|CLEAN AFTER POLY ETCH|MEASURE CD LEVEL 2|IMPLANT N-TYPE|PRE ANNEAL CHECK|RAPID THERMAL ANNEAL|MEASURE SHEET RESISTANCE|DEPOSIT GATE OXIDE OR DIELECTRIC|ANNEAL DIELECTRIC|MEASURE OXIDE QUALITY|DEPOSIT POLYSILICON|POLYSILICON ANNEAL|MEASURE POLY THICKNESS|SPIN COAT PHOTORESIST|SOFT BAKE
valid_0374,DEPOSIT PASSIVATION LAYER|CURE PASSIVATION|MEASURE PASSIVATION QUALITY|OPEN PAD WINDOW|PAD WINDOW LITHO|DEVELOP PHOTORESIST|PASSIVATION ETCH PAD OPENING|STRIP RESIST|CLEAN PAD OPENING|MEASURE PAD OPENING|BACKSIDE GRIND|MEASURE THICKNESS|BACKSIDE ETCH CLEAN|BACKSIDE RINSE|BACKSIDE DRY|BACKSIDE METALLIZATION PREP|DEPOSIT BACKSIDE METAL|BACKSIDE ANNEAL|MEASURE BACKSIDE CONTACT|FINAL CLEAN|FINAL THICKNESS MEASURE|FINAL GEOMETRY CHECK|FINAL CD INSPECTION|FINAL PARTICLE INSPECTION|PARAMETRIC TEST|LEAKAGE TEST|BREAKDOWN VOLTAGE TEST|SWITCHING TEST|YIELD ANALYSIS|WAFER SORT TEST|FINAL LOT RELEASE|SHIP LOT
valid_0375,SPIN COAT PHOTORESIST|SOFT BAKE|ALIGN MASK LEVEL 2|EXPOSE LITHO LEVEL 2|DEVELOP PHOTORESIST|PATTERN INSPECTION LEVEL 2|POLYSILICON ETCH DRY|STRIP RESIST LEVEL 2|CLEAN AFTER POLY ETCH|MEASURE CD LEVEL 2|IMPLANT N-TYPE|PRE ANNEAL CHECK|RAPID THERMAL ANNEAL|MEASURE SHEET RESISTANCE|DEPOSIT GATE OXIDE OR DIELECTRIC|ANNEAL DIELECTRIC|MEASURE OXIDE QUALITY|DEPOSIT POLYSILICON|POLYSILICON ANNEAL|MEASURE POLY THICKNESS|SPIN COAT PHOTORESIST|SOFT BAKE
valid_0376,MEASURE PASSIVATION QUALITY|OPEN PAD WINDOW|PAD WINDOW LITHO|DEVELOP PHOTORESIST|PASSIVATION ETCH PAD OPENING|STRIP RESIST|CLEAN PAD OPENING|MEASURE PAD OPENING|BACKSIDE GRIND|MEASURE THICKNESS|BACKSIDE ETCH CLEAN|BACKSIDE RINSE|BACKSIDE DRY|BACKSIDE METALLIZATION PREP|DEPOSIT BACKSIDE METAL|BACKSIDE ANNEAL|MEASURE BACKSIDE CONTACT|FINAL CLEAN|FINAL THICKNESS MEASURE|FINAL GEOMETRY CHECK|FINAL CD INSPECTION|FINAL PARTICLE INSPECTION|PARAMETRIC TEST|LEAKAGE TEST|BREAKDOWN VOLTAGE TEST|SWITCHING TEST|YIELD ANALYSIS|WAFER SORT TEST|FINAL LOT RELEASE|SHIP LOT
valid_0377,MEASURE PLANARITY|SPIN COAT PHOTORESIST|SOFT BAKE|ALIGN MASK LEVEL 2|EXPOSE LITHO LEVEL 2|DEVELOP PHOTORESIST|PATTERN INSPECTION LEVEL 2|POLYSILICON ETCH DRY|STRIP RESIST LEVEL 2|CLEAN AFTER POLY ETCH|MEASURE CD LEVEL 2|IMPLANT N-TYPE|PRE ANNEAL CHECK|RAPID THERMAL ANNEAL|MEASURE SHEET RESISTANCE|DEPOSIT GATE OXIDE OR DIELECTRIC|ANNEAL DIELECTRIC|MEASURE OXIDE QUALITY|DEPOSIT POLYSILICON|POLYSILICON ANNEAL|MEASURE POLY THICKNESS|SPIN COAT PHOTORESIST|SOFT BAKE
valid_0378,CLEAN AFTER METAL ETCH|MEASURE LINE WIDTH|DEPOSIT PASSIVATION LAYER|CURE PASSIVATION|MEASURE PASSIVATION QUALITY|OPEN PAD WINDOW|PAD WINDOW LITHO|DEVELOP PHOTORESIST|PASSIVATION ETCH PAD OPENING|STRIP RESIST|CLEAN PAD OPENING|MEASURE PAD OPENING|BACKSIDE GRIND|MEASURE THICKNESS|BACKSIDE ETCH CLEAN|BACKSIDE RINSE|BACKSIDE DRY|BACKSIDE METALLIZATION PREP|DEPOSIT BACKSIDE METAL|BACKSIDE ANNEAL|MEASURE BACKSIDE CONTACT|FINAL CLEAN|FINAL THICKNESS MEASURE|FINAL GEOMETRY CHECK|FINAL CD INSPECTION|FINAL PARTICLE INSPECTION|PARAMETRIC TEST|LEAKAGE TEST|BREAKDOWN VOLTAGE TEST|SWITCHING TEST|YIELD ANALYSIS|WAFER SORT TEST|FINAL LOT RELEASE|SHIP LOT
valid_0379,ALIGN MASK LEVEL 2|EXPOSE LITHO LEVEL 2|DEVELOP PHOTORESIST|PATTERN INSPECTION LEVEL 2|POLYSILICON ETCH DRY|STRIP RESIST LEVEL 2|CLEAN AFTER POLY ETCH|MEASURE CD LEVEL 2|IMPLANT N-TYPE|PRE ANNEAL CHECK|RAPID THERMAL ANNEAL|MEASURE SHEET RESISTANCE|DEPOSIT GATE OXIDE OR DIELECTRIC|ANNEAL DIELECTRIC|MEASURE OXIDE QUALITY|DEPOSIT POLYSILICON|POLYSILICON ANNEAL|MEASURE POLY THICKNESS|SPIN COAT PHOTORESIST|SOFT BAKE
valid_0380,MEASURE PASSIVATION QUALITY|OPEN PAD WINDOW|PAD WINDOW LITHO|DEVELOP PHOTORESIST|PASSIVATION ETCH PAD OPENING|STRIP RESIST|CLEAN PAD OPENING|MEASURE PAD OPENING|BACKSIDE GRIND|MEASURE THICKNESS|BACKSIDE ETCH CLEAN|BACKSIDE RINSE|BACKSIDE DRY|BACKSIDE METALLIZATION PREP|DEPOSIT BACKSIDE METAL|BACKSIDE ANNEAL|MEASURE BACKSIDE CONTACT|FINAL CLEAN|FINAL THICKNESS MEASURE|FINAL GEOMETRY CHECK|FINAL CD INSPECTION|FINAL PARTICLE INSPECTION|PARAMETRIC TEST|LEAKAGE TEST|BREAKDOWN VOLTAGE TEST|SWITCHING TEST|YIELD ANALYSIS|WAFER SORT TEST|FINAL LOT RELEASE|SHIP LOT
valid_0381,SPIN COAT PHOTORESIST|SOFT BAKE|ALIGN MASK LEVEL 2|EXPOSE LITHO LEVEL 2|DEVELOP PHOTORESIST|PATTERN INSPECTION LEVEL 2|POLYSILICON ETCH DRY|STRIP RESIST LEVEL 2|CLEAN AFTER POLY ETCH|MEASURE CD LEVEL 2|IMPLANT N-TYPE|PRE ANNEAL CHECK|RAPID THERMAL ANNEAL|MEASURE SHEET RESISTANCE|DEPOSIT GATE OXIDE OR DIELECTRIC|ANNEAL DIELECTRIC|MEASURE OXIDE QUALITY|DEPOSIT POLYSILICON|POLYSILICON ANNEAL|MEASURE POLY THICKNESS|SPIN COAT PHOTORESIST|SOFT BAKE
valid_0382,MEASURE PASSIVATION THICKNESS|OPEN PAD WINDOW|OPEN PAD WINDOW LITHO|DEVELOP PHOTORESIST|PASSIVATION ETCH|STRIP RESIST|CLEAN PAD OPENING|MEASURE PAD OPENING|BACKSIDE GRIND|MEASURE THICKNESS|BACKSIDE ETCH CLEAN|BACKSIDE RINSE|BACKSIDE DRY|BACKSIDE METALLIZATION PREP|DEPOSIT BACKSIDE METAL|BACKSIDE ANNEAL|MEASURE BACKSIDE CONTACT|FINAL CLEAN|FINAL THICKNESS MEASURE|FINAL GEOMETRY CHECK|FINAL CD INSPECTION|FINAL PARTICLE INSPECTION|PARAMETRIC TEST|LEAKAGE TEST|BREAKDOWN VOLTAGE TEST|SWITCHING TEST|YIELD ANALYSIS|WAFER SORT TEST|FINAL LOT RELEASE|SHIP LOT
valid_0383,ALIGN MASK LEVEL 2|EXPOSE LITHO LEVEL 2|DEVELOP PHOTORESIST|PATTERN INSPECTION LEVEL 2|POLYSILICON ETCH DRY|STRIP RESIST LEVEL 2|CLEAN AFTER POLY ETCH|MEASURE CD LEVEL 2|IMPLANT N-TYPE|PRE ANNEAL CHECK|RAPID THERMAL ANNEAL|MEASURE SHEET RESISTANCE|DEPOSIT GATE OXIDE OR DIELECTRIC|ANNEAL DIELECTRIC|MEASURE OXIDE QUALITY|DEPOSIT POLYSILICON|POLYSILICON ANNEAL|MEASURE POLY THICKNESS|SPIN COAT PHOTORESIST|SOFT BAKE
valid_0384,OPEN PAD WINDOW|PAD WINDOW LITHO|DEVELOP PHOTORESIST|PASSIVATION ETCH PAD OPENING|STRIP RESIST|CLEAN PAD OPENING|MEASURE PAD OPENING|BACKSIDE GRIND|MEASURE THICKNESS|BACKSIDE ETCH CLEAN|BACKSIDE RINSE|BACKSIDE DRY|BACKSIDE METALLIZATION PREP|DEPOSIT BACKSIDE METAL|BACKSIDE ANNEAL|MEASURE BACKSIDE CONTACT|FINAL CLEAN|FINAL THICKNESS MEASURE|FINAL GEOMETRY CHECK|FINAL CD INSPECTION|FINAL PARTICLE INSPECTION|PARAMETRIC TEST|LEAKAGE TEST|BREAKDOWN VOLTAGE TEST|SWITCHING TEST|YIELD ANALYSIS|WAFER SORT TEST|FINAL LOT RELEASE|SHIP LOT
valid_0385,SPIN COAT PHOTORESIST|SOFT BAKE|ALIGN MASK LEVEL 2|EXPOSE LITHO LEVEL 2|DEVELOP PHOTORESIST|PATTERN INSPECTION LEVEL 2|POLYSILICON ETCH DRY|STRIP RESIST LEVEL 2|CLEAN AFTER POLY ETCH|MEASURE CD LEVEL 2|IMPLANT N-TYPE|PRE ANNEAL CHECK|RAPID THERMAL ANNEAL|MEASURE SHEET RESISTANCE|DEPOSIT GATE OXIDE OR DIELECTRIC|ANNEAL DIELECTRIC|MEASURE OXIDE QUALITY|DEPOSIT POLYSILICON|POLYSILICON ANNEAL|MEASURE POLY THICKNESS|SPIN COAT PHOTORESIST|SOFT BAKE
valid_0386,CURE PASSIVATION|MEASURE PASSIVATION QUALITY|OPEN PAD WINDOW|PAD WINDOW LITHO|DEVELOP PHOTORESIST|PASSIVATION ETCH PAD OPENING|STRIP RESIST|CLEAN PAD OPENING|MEASURE PAD OPENING|BACKSIDE GRIND|MEASURE THICKNESS|BACKSIDE ETCH CLEAN|BACKSIDE RINSE|BACKSIDE DRY|BACKSIDE METALLIZATION PREP|DEPOSIT BACKSIDE METAL|BACKSIDE ANNEAL|MEASURE BACKSIDE CONTACT|FINAL CLEAN|FINAL THICKNESS MEASURE|FINAL GEOMETRY CHECK|FINAL CD INSPECTION|FINAL PARTICLE INSPECTION|PARAMETRIC TEST|LEAKAGE TEST|BREAKDOWN VOLTAGE TEST|SWITCHING TEST|YIELD ANALYSIS|WAFER SORT TEST|FINAL LOT RELEASE|SHIP LOT
valid_0387,SPIN COAT PHOTORESIST|SOFT BAKE|ALIGN MASK LEVEL 2|EXPOSE LITHO LEVEL 2|DEVELOP PHOTORESIST|PATTERN INSPECTION LEVEL 2|POLYSILICON ETCH DRY|STRIP RESIST LEVEL 2|CLEAN AFTER POLY ETCH|MEASURE CD LEVEL 2|IMPLANT N-TYPE|PRE ANNEAL CHECK|RAPID THERMAL ANNEAL|MEASURE SHEET RESISTANCE|DEPOSIT GATE OXIDE OR DIELECTRIC|ANNEAL DIELECTRIC|MEASURE OXIDE QUALITY|DEPOSIT POLYSILICON|POLYSILICON ANNEAL|MEASURE POLY THICKNESS|SPIN COAT PHOTORESIST|SOFT BAKE
valid_0388,CURE PASSIVATION|MEASURE PASSIVATION QUALITY|OPEN PAD WINDOW|PAD WINDOW LITHO|DEVELOP PHOTORESIST|PASSIVATION ETCH PAD OPENING|STRIP RESIST|CLEAN PAD OPENING|MEASURE PAD OPENING|BACKSIDE GRIND|MEASURE THICKNESS|BACKSIDE ETCH CLEAN|BACKSIDE RINSE|BACKSIDE DRY|BACKSIDE METALLIZATION PREP|DEPOSIT BACKSIDE METAL|BACKSIDE ANNEAL|MEASURE BACKSIDE CONTACT|FINAL CLEAN|FINAL THICKNESS MEASURE|FINAL GEOMETRY CHECK|FINAL CD INSPECTION|FINAL PARTICLE INSPECTION|PARAMETRIC TEST|LEAKAGE TEST|BREAKDOWN VOLTAGE TEST|SWITCHING TEST|YIELD ANALYSIS|WAFER SORT TEST|FINAL LOT RELEASE|SHIP LOT
valid_0389,MEASURE SURFACE PLANARITY|SPIN COAT PHOTORESIST|SOFT BAKE|ALIGN MASK LEVEL 2|EXPOSE LITHO LEVEL 2|DEVELOP PHOTORESIST|PATTERN INSPECTION LEVEL 2|POLYSILICON ETCH DRY|STRIP RESIST LEVEL 2|CLEAN AFTER POLY ETCH|MEASURE CD LEVEL 2|IMPLANT N-TYPE|PRE ANNEAL CHECK|RAPID THERMAL ANNEAL|MEASURE SHEET RESISTANCE|DEPOSIT GATE OXIDE OR DIELECTRIC|ANNEAL DIELECTRIC|MEASURE OXIDE QUALITY|DEPOSIT POLYSILICON|POLYSILICON ANNEAL|MEASURE POLY THICKNESS|SPIN COAT PHOTORESIST|SOFT BAKE
valid_0390,MEASURE PASSIVATION QUALITY|OPEN PAD WINDOW|PAD WINDOW LITHO|DEVELOP PHOTORESIST|PASSIVATION ETCH PAD OPENING|STRIP RESIST|CLEAN PAD OPENING|MEASURE PAD OPENING|BACKSIDE GRIND|MEASURE THICKNESS|BACKSIDE ETCH CLEAN|BACKSIDE RINSE|BACKSIDE DRY|BACKSIDE METALLIZATION PREP|DEPOSIT BACKSIDE METAL|BACKSIDE ANNEAL|MEASURE BACKSIDE CONTACT|FINAL CLEAN|FINAL THICKNESS MEASURE|FINAL GEOMETRY CHECK|FINAL CD INSPECTION|FINAL PARTICLE INSPECTION|PARAMETRIC TEST|LEAKAGE TEST|BREAKDOWN VOLTAGE TEST|SWITCHING TEST|YIELD ANALYSIS|WAFER SORT TEST|FINAL LOT RELEASE|SHIP LOT
valid_0391,CMP INTERLAYER DIELECTRIC|MEASURE PLANARITY|SPIN COAT PHOTORESIST|SOFT BAKE|ALIGN MASK LEVEL 2|EXPOSE LITHO LEVEL 2|DEVELOP PHOTORESIST|PATTERN INSPECTION LEVEL 2|POLYSILICON ETCH DRY|STRIP RESIST LEVEL 2|CLEAN AFTER POLY ETCH|MEASURE CD LEVEL 2|IMPLANT N-TYPE|PRE ANNEAL CHECK|RAPID THERMAL ANNEAL|MEASURE SHEET RESISTANCE|DEPOSIT GATE OXIDE OR DIELECTRIC|ANNEAL DIELECTRIC|MEASURE OXIDE QUALITY|DEPOSIT POLYSILICON|POLYSILICON ANNEAL|MEASURE POLY THICKNESS|SPIN COAT PHOTORESIST|SOFT BAKE
valid_0392,CURE PASSIVATION|MEASURE PASSIVATION QUALITY|OPEN PAD WINDOW|PAD WINDOW LITHO|DEVELOP PHOTORESIST|PASSIVATION ETCH PAD OPENING|STRIP RESIST|CLEAN PAD OPENING|MEASURE PAD OPENING|BACKSIDE GRIND|MEASURE THICKNESS|BACKSIDE ETCH CLEAN|BACKSIDE RINSE|BACKSIDE DRY|BACKSIDE METALLIZATION PREP|DEPOSIT BACKSIDE METAL|BACKSIDE ANNEAL|MEASURE BACKSIDE CONTACT|FINAL CLEAN|FINAL THICKNESS MEASURE|FINAL GEOMETRY CHECK|FINAL CD INSPECTION|FINAL PARTICLE INSPECTION|PARAMETRIC TEST|LEAKAGE TEST|BREAKDOWN VOLTAGE TEST|SWITCHING TEST|YIELD ANALYSIS|WAFER SORT TEST|FINAL LOT RELEASE|SHIP LOT
valid_0393,SPIN COAT PHOTORESIST|SOFT BAKE|ALIGN MASK LEVEL 2|EXPOSE LITHO LEVEL 2|DEVELOP PHOTORESIST|PATTERN INSPECTION LEVEL 2|POLYSILICON ETCH DRY|STRIP RESIST LEVEL 2|CLEAN AFTER POLY ETCH|MEASURE CD LEVEL 2|IMPLANT N-TYPE|PRE ANNEAL CHECK|RAPID THERMAL ANNEAL|MEASURE SHEET RESISTANCE|DEPOSIT GATE OXIDE OR DIELECTRIC|ANNEAL DIELECTRIC|MEASURE OXIDE QUALITY|DEPOSIT POLYSILICON|POLYSILICON ANNEAL|MEASURE POLY THICKNESS|SPIN COAT PHOTORESIST|SOFT BAKE
valid_0394,MEASURE PASSIVATION THICKNESS|OPEN PAD WINDOW|OPEN PAD WINDOW LITHO|DEVELOP PHOTORESIST|PASSIVATION ETCH|STRIP RESIST|CLEAN PAD OPENING|MEASURE PAD OPENING|BACKSIDE GRIND|MEASURE THICKNESS|BACKSIDE ETCH CLEAN|BACKSIDE RINSE|BACKSIDE DRY|BACKSIDE METALLIZATION PREP|DEPOSIT BACKSIDE METAL|BACKSIDE ANNEAL|MEASURE BACKSIDE CONTACT|FINAL CLEAN|FINAL THICKNESS MEASURE|FINAL GEOMETRY CHECK|FINAL CD INSPECTION|FINAL PARTICLE INSPECTION|PARAMETRIC TEST|LEAKAGE TEST|BREAKDOWN VOLTAGE TEST|SWITCHING TEST|YIELD ANALYSIS|WAFER SORT TEST|FINAL LOT RELEASE|SHIP LOT
valid_0395,MEASURE PLANARITY|SPIN COAT PHOTORESIST|SOFT BAKE|ALIGN MASK LEVEL 2|EXPOSE LITHO LEVEL 2|DEVELOP PHOTORESIST|PATTERN INSPECTION LEVEL 2|POLYSILICON ETCH DRY|STRIP RESIST LEVEL 2|CLEAN AFTER POLY ETCH|MEASURE CD LEVEL 2|IMPLANT N-TYPE|PRE ANNEAL CHECK|RAPID THERMAL ANNEAL|MEASURE SHEET RESISTANCE|DEPOSIT GATE OXIDE OR DIELECTRIC|ANNEAL DIELECTRIC|MEASURE OXIDE QUALITY|DEPOSIT POLYSILICON|POLYSILICON ANNEAL|MEASURE POLY THICKNESS|SPIN COAT PHOTORESIST|SOFT BAKE
valid_0396,MEASURE PASSIVATION THICKNESS|OPEN PAD WINDOW|OPEN PAD WINDOW LITHO|DEVELOP PHOTORESIST|PASSIVATION ETCH|STRIP RESIST|CLEAN PAD OPENING|MEASURE PAD OPENING|BACKSIDE GRIND|MEASURE THICKNESS|BACKSIDE ETCH CLEAN|BACKSIDE RINSE|BACKSIDE DRY|BACKSIDE METALLIZATION PREP|DEPOSIT BACKSIDE METAL|BACKSIDE ANNEAL|MEASURE BACKSIDE CONTACT|FINAL CLEAN|FINAL THICKNESS MEASURE|FINAL GEOMETRY CHECK|FINAL CD INSPECTION|FINAL PARTICLE INSPECTION|PARAMETRIC TEST|LEAKAGE TEST|BREAKDOWN VOLTAGE TEST|SWITCHING TEST|YIELD ANALYSIS|WAFER SORT TEST|FINAL LOT RELEASE|SHIP LOT
valid_0397,MEASURE SURFACE PLANARITY|SPIN COAT PHOTORESIST|SOFT BAKE|ALIGN MASK LEVEL 2|EXPOSE LITHO LEVEL 2|DEVELOP PHOTORESIST|PATTERN INSPECTION LEVEL 2|POLYSILICON ETCH DRY|STRIP RESIST LEVEL 2|CLEAN AFTER POLY ETCH|MEASURE CD LEVEL 2|IMPLANT N-TYPE|PRE ANNEAL CHECK|RAPID THERMAL ANNEAL|MEASURE SHEET RESISTANCE|DEPOSIT GATE OXIDE OR DIELECTRIC|ANNEAL DIELECTRIC|MEASURE OXIDE QUALITY|DEPOSIT POLYSILICON|POLYSILICON ANNEAL|MEASURE POLY THICKNESS|SPIN COAT PHOTORESIST|SOFT BAKE
valid_0398,CURE PASSIVATION|MEASURE PASSIVATION THICKNESS|OPEN PAD WINDOW|OPEN PAD WINDOW LITHO|DEVELOP PHOTORESIST|PASSIVATION ETCH|STRIP RESIST|CLEAN PAD OPENING|MEASURE PAD OPENING|BACKSIDE GRIND|MEASURE THICKNESS|BACKSIDE ETCH CLEAN|BACKSIDE RINSE|BACKSIDE DRY|BACKSIDE METALLIZATION PREP|DEPOSIT BACKSIDE METAL|BACKSIDE ANNEAL|MEASURE BACKSIDE CONTACT|FINAL CLEAN|FINAL THICKNESS MEASURE|FINAL GEOMETRY CHECK|FINAL CD INSPECTION|FINAL PARTICLE INSPECTION|PARAMETRIC TEST|LEAKAGE TEST|BREAKDOWN VOLTAGE TEST|SWITCHING TEST|YIELD ANALYSIS|WAFER SORT TEST|FINAL LOT RELEASE|SHIP LOT
valid_0399,MEASURE DIELECTRIC THICKNESS|CMP INTERLAYER DIELECTRIC|MEASURE PLANARITY|SPIN COAT PHOTORESIST|SOFT BAKE|ALIGN MASK LEVEL 2|EXPOSE LITHO LEVEL 2|DEVELOP PHOTORESIST|PATTERN INSPECTION LEVEL 2|POLYSILICON ETCH DRY|STRIP RESIST LEVEL 2|CLEAN AFTER POLY ETCH|MEASURE CD LEVEL 2|IMPLANT N-TYPE|PRE ANNEAL CHECK|RAPID THERMAL ANNEAL|MEASURE SHEET RESISTANCE|DEPOSIT GATE OXIDE OR DIELECTRIC|ANNEAL DIELECTRIC|MEASURE OXIDE QUALITY|DEPOSIT POLYSILICON|POLYSILICON ANNEAL|MEASURE POLY THICKNESS|SPIN COAT PHOTORESIST|SOFT BAKE
valid_0400,MEASURE LINE WIDTH|DEPOSIT PASSIVATION LAYER|CURE PASSIVATION|MEASURE PASSIVATION QUALITY|OPEN PAD WINDOW|PAD WINDOW LITHO|DEVELOP PHOTORESIST|PASSIVATION ETCH PAD OPENING|STRIP RESIST|CLEAN PAD OPENING|MEASURE PAD OPENING|BACKSIDE GRIND|MEASURE THICKNESS|BACKSIDE ETCH CLEAN|BACKSIDE RINSE|BACKSIDE DRY|BACKSIDE METALLIZATION PREP|DEPOSIT BACKSIDE METAL|BACKSIDE ANNEAL|MEASURE BACKSIDE CONTACT|FINAL CLEAN|FINAL THICKNESS MEASURE|FINAL GEOMETRY CHECK|FINAL CD INSPECTION|FINAL PARTICLE INSPECTION|PARAMETRIC TEST|LEAKAGE TEST|BREAKDOWN VOLTAGE TEST|SWITCHING TEST|YIELD ANALYSIS|WAFER SORT TEST|FINAL LOT RELEASE|SHIP LOT
valid_0401,DEPOSIT BARRIER METAL|DEPOSIT METAL SEED|FILL VIA METAL|CMP VIA FILL|MEASURE CONTACT RESISTANCE|DEPOSIT TOP METAL|ANNEAL METAL|SPIN COAT PHOTORESIST|SOFT BAKE|ALIGN MASK LEVEL 2|EXPOSE LITHO LEVEL 2|DEVELOP PHOTORESIST|PATTERN INSPECTION LEVEL 2|POLYSILICON ETCH DRY|STRIP RESIST LEVEL 2|CLEAN AFTER POLY ETCH|MEASURE CD LEVEL 2|IMPLANT N-TYPE|PRE ANNEAL CHECK|RAPID THERMAL ANNEAL|MEASURE SHEET RESISTANCE|DEPOSIT GATE OXIDE OR DIELECTRIC|ANNEAL DIELECTRIC|MEASURE OXIDE QUALITY|DEPOSIT POLYSILICON|POLYSILICON ANNEAL|MEASURE POLY THICKNESS|SPIN COAT PHOTORESIST|SOFT BAKE
valid_0402,DEVELOP PHOTORESIST|PASSIVATION ETCH|STRIP RESIST|CLEAN PAD OPENING|MEASURE PAD OPENING|BACKSIDE GRIND|MEASURE THICKNESS|BACKSIDE ETCH CLEAN|BACKSIDE RINSE|BACKSIDE DRY|BACKSIDE METALLIZATION PREP|DEPOSIT BACKSIDE METAL|BACKSIDE ANNEAL|MEASURE BACKSIDE CONTACT|FINAL CLEAN|FINAL THICKNESS MEASURE|FINAL GEOMETRY CHECK|FINAL CD INSPECTION|FINAL PARTICLE INSPECTION|PARAMETRIC TEST|LEAKAGE TEST|BREAKDOWN VOLTAGE TEST|SWITCHING TEST|YIELD ANALYSIS|WAFER SORT TEST|FINAL LOT RELEASE|SHIP LOT
valid_0403,MEASURE VIA CD|DEPOSIT BARRIER METAL|DEPOSIT METAL SEED|FILL VIA METAL|CMP VIA FILL|MEASURE CONTACT RESISTANCE|DEPOSIT TOP METAL|ANNEAL METAL|SPIN COAT PHOTORESIST|SOFT BAKE|ALIGN MASK LEVEL 2|EXPOSE LITHO LEVEL 2|DEVELOP PHOTORESIST|PATTERN INSPECTION LEVEL 2|POLYSILICON ETCH DRY|STRIP RESIST LEVEL 2|CLEAN AFTER POLY ETCH|MEASURE CD LEVEL 2|IMPLANT N-TYPE|PRE ANNEAL CHECK|RAPID THERMAL ANNEAL|MEASURE SHEET RESISTANCE|DEPOSIT GATE OXIDE OR DIELECTRIC|ANNEAL DIELECTRIC|MEASURE OXIDE QUALITY|DEPOSIT POLYSILICON|POLYSILICON ANNEAL|MEASURE POLY THICKNESS|SPIN COAT PHOTORESIST|SOFT BAKE
valid_0404,PASSIVATION ETCH|STRIP RESIST|CLEAN PAD OPENING|MEASURE PAD OPENING|BACKSIDE GRIND|MEASURE THICKNESS|BACKSIDE ETCH CLEAN|BACKSIDE RINSE|BACKSIDE DRY|BACKSIDE METALLIZATION PREP|DEPOSIT BACKSIDE METAL|BACKSIDE ANNEAL|MEASURE BACKSIDE CONTACT|FINAL CLEAN|FINAL THICKNESS MEASURE|FINAL GEOMETRY CHECK|FINAL CD INSPECTION|FINAL PARTICLE INSPECTION|PARAMETRIC TEST|LEAKAGE TEST|BREAKDOWN VOLTAGE TEST|SWITCHING TEST|YIELD ANALYSIS|WAFER SORT TEST|FINAL LOT RELEASE|SHIP LOT
valid_0405,HARD BAKE|DIELECTRIC ETCH VIA|STRIP PHOTORESIST|CLEAN AFTER VIA ETCH|MEASURE VIA CD|DEPOSIT BARRIER METAL|DEPOSIT METAL SEED|FILL VIA METAL|CMP VIA FILL|MEASURE CONTACT RESISTANCE|DEPOSIT TOP METAL|ANNEAL METAL|SPIN COAT PHOTORESIST|SOFT BAKE|ALIGN MASK LEVEL 2|EXPOSE LITHO LEVEL 2|DEVELOP PHOTORESIST|PATTERN INSPECTION LEVEL 2|POLYSILICON ETCH DRY|STRIP RESIST LEVEL 2|CLEAN AFTER POLY ETCH|MEASURE CD LEVEL 2|IMPLANT N-TYPE|PRE ANNEAL CHECK|RAPID THERMAL ANNEAL|MEASURE SHEET RESISTANCE|DEPOSIT GATE OXIDE OR DIELECTRIC|ANNEAL DIELECTRIC|MEASURE OXIDE QUALITY|DEPOSIT POLYSILICON|POLYSILICON ANNEAL|MEASURE POLY THICKNESS|SPIN COAT PHOTORESIST|SOFT BAKE
valid_0406,MEASURE PASSIVATION THICKNESS|OPEN PAD WINDOW|OPEN PAD WINDOW LITHO|DEVELOP PHOTORESIST|PASSIVATION ETCH|STRIP RESIST|CLEAN PAD OPENING|MEASURE PAD OPENING|BACKSIDE GRIND|MEASURE THICKNESS|BACKSIDE ETCH CLEAN|BACKSIDE RINSE|BACKSIDE DRY|BACKSIDE METALLIZATION PREP|DEPOSIT BACKSIDE METAL|BACKSIDE ANNEAL|MEASURE BACKSIDE CONTACT|FINAL CLEAN|FINAL THICKNESS MEASURE|FINAL GEOMETRY CHECK|FINAL CD INSPECTION|FINAL PARTICLE INSPECTION|PARAMETRIC TEST|LEAKAGE TEST|BREAKDOWN VOLTAGE TEST|SWITCHING TEST|YIELD ANALYSIS|WAFER SORT TEST|FINAL LOT RELEASE|SHIP LOT
valid_0407,STRIP PHOTORESIST|CLEAN AFTER VIA ETCH|MEASURE VIA CD|DEPOSIT BARRIER METAL|DEPOSIT METAL SEED|FILL VIA METAL|CMP VIA FILL|MEASURE CONTACT RESISTANCE|DEPOSIT TOP METAL|ANNEAL METAL|SPIN COAT PHOTORESIST|SOFT BAKE|ALIGN MASK LEVEL 2|EXPOSE LITHO LEVEL 2|DEVELOP PHOTORESIST|PATTERN INSPECTION LEVEL 2|POLYSILICON ETCH DRY|STRIP RESIST LEVEL 2|CLEAN AFTER POLY ETCH|MEASURE CD LEVEL 2|IMPLANT N-TYPE|PRE ANNEAL CHECK|RAPID THERMAL ANNEAL|MEASURE SHEET RESISTANCE|DEPOSIT GATE OXIDE OR DIELECTRIC|ANNEAL DIELECTRIC|MEASURE OXIDE QUALITY|DEPOSIT POLYSILICON|POLYSILICON ANNEAL|MEASURE POLY THICKNESS|SPIN COAT PHOTORESIST|SOFT BAKE
valid_0408,OPEN PAD WINDOW|PAD WINDOW LITHO|DEVELOP PHOTORESIST|PASSIVATION ETCH PAD OPENING|STRIP RESIST|CLEAN PAD OPENING|MEASURE PAD OPENING|BACKSIDE GRIND|MEASURE THICKNESS|BACKSIDE ETCH CLEAN|BACKSIDE RINSE|BACKSIDE DRY|BACKSIDE METALLIZATION PREP|DEPOSIT BACKSIDE METAL|BACKSIDE ANNEAL|MEASURE BACKSIDE CONTACT|FINAL CLEAN|FINAL THICKNESS MEASURE|FINAL GEOMETRY CHECK|FINAL CD INSPECTION|FINAL PARTICLE INSPECTION|PARAMETRIC TEST|LEAKAGE TEST|BREAKDOWN VOLTAGE TEST|SWITCHING TEST|YIELD ANALYSIS|WAFER SORT TEST|FINAL LOT RELEASE|SHIP LOT
valid_0409,MEASURE VIA CD|DEPOSIT BARRIER METAL|DEPOSIT METAL SEED|FILL VIA METAL|CMP VIA FILL|MEASURE CONTACT RESISTANCE|DEPOSIT TOP METAL|ANNEAL METAL|SPIN COAT PHOTORESIST|SOFT BAKE|ALIGN MASK LEVEL 2|EXPOSE LITHO LEVEL 2|DEVELOP PHOTORESIST|PATTERN INSPECTION LEVEL 2|POLYSILICON ETCH DRY|STRIP RESIST LEVEL 2|CLEAN AFTER POLY ETCH|MEASURE CD LEVEL 2|IMPLANT N-TYPE|PRE ANNEAL CHECK|RAPID THERMAL ANNEAL|MEASURE SHEET RESISTANCE|DEPOSIT GATE OXIDE OR DIELECTRIC|ANNEAL DIELECTRIC|MEASURE OXIDE QUALITY|DEPOSIT POLYSILICON|POLYSILICON ANNEAL|MEASURE POLY THICKNESS|SPIN COAT PHOTORESIST|SOFT BAKE
valid_0410,PASSIVATION ETCH PAD OPENING|STRIP PHOTORESIST|CLEAN PAD OPENING|MEASURE PAD OPENING|BACKSIDE GRIND|MEASURE THICKNESS|BACKSIDE ETCH CLEAN|BACKSIDE RINSE|BACKSIDE DRY|BACKSIDE METALLIZATION PREP|DEPOSIT BACKSIDE METAL|BACKSIDE ANNEAL|MEASURE BACKSIDE CONTACT|FINAL CLEAN|FINAL THICKNESS MEASURE|FINAL GEOMETRY CHECK|FINAL CD INSPECTION|FINAL PARTICLE INSPECTION|PARAMETRIC TEST|LEAKAGE TEST|BREAKDOWN VOLTAGE TEST|SWITCHING TEST|YIELD ANALYSIS|WAFER SORT TEST|FINAL LOT RELEASE|SHIP LOT
valid_0411,CLEAN AFTER VIA ETCH|MEASURE VIA CD|DEPOSIT BARRIER METAL|DEPOSIT METAL SEED|FILL VIA METAL|CMP VIA FILL|MEASURE CONTACT RESISTANCE|DEPOSIT TOP METAL|ANNEAL METAL|SPIN COAT PHOTORESIST|SOFT BAKE|ALIGN MASK LEVEL 2|EXPOSE LITHO LEVEL 2|DEVELOP PHOTORESIST|PATTERN INSPECTION LEVEL 2|POLYSILICON ETCH DRY|STRIP RESIST LEVEL 2|CLEAN AFTER POLY ETCH|MEASURE CD LEVEL 2|IMPLANT N-TYPE|PRE ANNEAL CHECK|RAPID THERMAL ANNEAL|MEASURE SHEET RESISTANCE|DEPOSIT GATE OXIDE OR DIELECTRIC|ANNEAL DIELECTRIC|MEASURE OXIDE QUALITY|DEPOSIT POLYSILICON|POLYSILICON ANNEAL|MEASURE POLY THICKNESS|SPIN COAT PHOTORESIST|SOFT BAKE
valid_0412,DEVELOP PHOTORESIST|PASSIVATION ETCH PAD OPENING|STRIP RESIST|CLEAN PAD OPENING|MEASURE PAD OPENING|BACKSIDE GRIND|MEASURE THICKNESS|BACKSIDE ETCH CLEAN|BACKSIDE RINSE|BACKSIDE DRY|BACKSIDE METALLIZATION PREP|DEPOSIT BACKSIDE METAL|BACKSIDE ANNEAL|MEASURE BACKSIDE CONTACT|FINAL CLEAN|FINAL THICKNESS MEASURE|FINAL GEOMETRY CHECK|FINAL CD INSPECTION|FINAL PARTICLE INSPECTION|PARAMETRIC TEST|LEAKAGE TEST|BREAKDOWN VOLTAGE TEST|SWITCHING TEST|YIELD ANALYSIS|WAFER SORT TEST|FINAL LOT RELEASE|SHIP LOT
valid_0413,CLEAN AFTER VIA ETCH|MEASURE VIA CD|DEPOSIT BARRIER METAL|DEPOSIT METAL SEED|FILL VIA METAL|CMP VIA FILL|MEASURE CONTACT RESISTANCE|DEPOSIT TOP METAL|ANNEAL METAL|SPIN COAT PHOTORESIST|SOFT BAKE|ALIGN MASK LEVEL 2|EXPOSE LITHO LEVEL 2|DEVELOP PHOTORESIST|PATTERN INSPECTION LEVEL 2|POLYSILICON ETCH DRY|STRIP RESIST LEVEL 2|CLEAN AFTER POLY ETCH|MEASURE CD LEVEL 2|IMPLANT N-TYPE|PRE ANNEAL CHECK|RAPID THERMAL ANNEAL|MEASURE SHEET RESISTANCE|DEPOSIT GATE OXIDE OR DIELECTRIC|ANNEAL DIELECTRIC|MEASURE OXIDE QUALITY|DEPOSIT POLYSILICON|POLYSILICON ANNEAL|MEASURE POLY THICKNESS|SPIN COAT PHOTORESIST|SOFT BAKE
valid_0414,OPEN PAD WINDOW|PAD WINDOW LITHO|DEVELOP PHOTORESIST|PASSIVATION ETCH PAD OPENING|STRIP RESIST|CLEAN PAD OPENING|MEASURE PAD OPENING|BACKSIDE GRIND|MEASURE THICKNESS|BACKSIDE ETCH CLEAN|BACKSIDE RINSE|BACKSIDE DRY|BACKSIDE METALLIZATION PREP|DEPOSIT BACKSIDE METAL|BACKSIDE ANNEAL|MEASURE BACKSIDE CONTACT|FINAL CLEAN|FINAL THICKNESS MEASURE|FINAL GEOMETRY CHECK|FINAL CD INSPECTION|FINAL PARTICLE INSPECTION|PARAMETRIC TEST|LEAKAGE TEST|BREAKDOWN VOLTAGE TEST|SWITCHING TEST|YIELD ANALYSIS|WAFER SORT TEST|FINAL LOT RELEASE|SHIP LOT
valid_0415,MEASURE VIA CD|DEPOSIT BARRIER METAL|DEPOSIT METAL SEED|FILL VIA METAL|CMP VIA FILL|MEASURE CONTACT RESISTANCE|DEPOSIT TOP METAL|ANNEAL METAL|SPIN COAT PHOTORESIST|SOFT BAKE|ALIGN MASK LEVEL 2|EXPOSE LITHO LEVEL 2|DEVELOP PHOTORESIST|PATTERN INSPECTION LEVEL 2|POLYSILICON ETCH DRY|STRIP RESIST LEVEL 2|CLEAN AFTER POLY ETCH|MEASURE CD LEVEL 2|IMPLANT N-TYPE|PRE ANNEAL CHECK|RAPID THERMAL ANNEAL|MEASURE SHEET RESISTANCE|DEPOSIT GATE OXIDE OR DIELECTRIC|ANNEAL DIELECTRIC|MEASURE OXIDE QUALITY|DEPOSIT POLYSILICON|POLYSILICON ANNEAL|MEASURE POLY THICKNESS|SPIN COAT PHOTORESIST|SOFT BAKE
valid_0416,PASSIVATION ETCH PAD OPENING|STRIP RESIST|CLEAN PAD OPENING|MEASURE PAD OPENING|BACKSIDE GRIND|MEASURE THICKNESS|BACKSIDE ETCH CLEAN|BACKSIDE RINSE|BACKSIDE DRY|BACKSIDE METALLIZATION PREP|DEPOSIT BACKSIDE METAL|BACKSIDE ANNEAL|MEASURE BACKSIDE CONTACT|FINAL CLEAN|FINAL THICKNESS MEASURE|FINAL GEOMETRY CHECK|FINAL CD INSPECTION|FINAL PARTICLE INSPECTION|PARAMETRIC TEST|LEAKAGE TEST|BREAKDOWN VOLTAGE TEST|SWITCHING TEST|YIELD ANALYSIS|WAFER SORT TEST|FINAL LOT RELEASE|SHIP LOT
valid_0417,MEASURE VIA CD|DEPOSIT BARRIER METAL|DEPOSIT METAL SEED|FILL VIA METAL|CMP VIA FILL|MEASURE CONTACT RESISTANCE|DEPOSIT TOP METAL|ANNEAL METAL|SPIN COAT PHOTORESIST|SOFT BAKE|ALIGN MASK LEVEL 2|EXPOSE LITHO LEVEL 2|DEVELOP PHOTORESIST|PATTERN INSPECTION LEVEL 2|POLYSILICON ETCH DRY|STRIP RESIST LEVEL 2|CLEAN AFTER POLY ETCH|MEASURE CD LEVEL 2|IMPLANT N-TYPE|PRE ANNEAL CHECK|RAPID THERMAL ANNEAL|MEASURE SHEET RESISTANCE|DEPOSIT GATE OXIDE OR DIELECTRIC|ANNEAL DIELECTRIC|MEASURE OXIDE QUALITY|DEPOSIT POLYSILICON|POLYSILICON ANNEAL|MEASURE POLY THICKNESS|SPIN COAT PHOTORESIST|SOFT BAKE
valid_0418,PASSIVATION ETCH|STRIP RESIST|CLEAN PAD OPENING|MEASURE PAD OPENING|BACKSIDE GRIND|MEASURE THICKNESS|BACKSIDE ETCH CLEAN|BACKSIDE RINSE|BACKSIDE DRY|BACKSIDE METALLIZATION PREP|DEPOSIT BACKSIDE METAL|BACKSIDE ANNEAL|MEASURE BACKSIDE CONTACT|FINAL CLEAN|FINAL THICKNESS MEASURE|FINAL GEOMETRY CHECK|FINAL CD INSPECTION|FINAL PARTICLE INSPECTION|PARAMETRIC TEST|LEAKAGE TEST|BREAKDOWN VOLTAGE TEST|SWITCHING TEST|YIELD ANALYSIS|WAFER SORT TEST|FINAL LOT RELEASE|SHIP LOT
valid_0419,CLEAN AFTER VIA ETCH|MEASURE VIA CD|DEPOSIT BARRIER METAL|DEPOSIT METAL SEED|FILL VIA METAL|CMP VIA FILL|MEASURE CONTACT RESISTANCE|DEPOSIT TOP METAL|ANNEAL METAL|SPIN COAT PHOTORESIST|SOFT BAKE|ALIGN MASK LEVEL 2|EXPOSE LITHO LEVEL 2|DEVELOP PHOTORESIST|PATTERN INSPECTION LEVEL 2|POLYSILICON ETCH DRY|STRIP RESIST LEVEL 2|CLEAN AFTER POLY ETCH|MEASURE CD LEVEL 2|IMPLANT N-TYPE|PRE ANNEAL CHECK|RAPID THERMAL ANNEAL|MEASURE SHEET RESISTANCE|DEPOSIT GATE OXIDE OR DIELECTRIC|ANNEAL DIELECTRIC|MEASURE OXIDE QUALITY|DEPOSIT POLYSILICON|POLYSILICON ANNEAL|MEASURE POLY THICKNESS|SPIN COAT PHOTORESIST|SOFT BAKE
valid_0420,OPEN PAD WINDOW LITHO|DEVELOP PHOTORESIST|PASSIVATION ETCH|STRIP RESIST|CLEAN PAD OPENING|MEASURE PAD OPENING|BACKSIDE GRIND|MEASURE THICKNESS|BACKSIDE ETCH CLEAN|BACKSIDE RINSE|BACKSIDE DRY|BACKSIDE METALLIZATION PREP|DEPOSIT BACKSIDE METAL|BACKSIDE ANNEAL|MEASURE BACKSIDE CONTACT|FINAL CLEAN|FINAL THICKNESS MEASURE|FINAL GEOMETRY CHECK|FINAL CD INSPECTION|FINAL PARTICLE INSPECTION|PARAMETRIC TEST|LEAKAGE TEST|BREAKDOWN VOLTAGE TEST|SWITCHING TEST|YIELD ANALYSIS|WAFER SORT TEST|FINAL LOT RELEASE|SHIP LOT
valid_0421,DEPOSIT BARRIER METAL|DEPOSIT METAL SEED|FILL VIA METAL|CMP VIA FILL|MEASURE CONTACT RESISTANCE|DEPOSIT TOP METAL|ANNEAL METAL|SPIN COAT PHOTORESIST|SOFT BAKE|ALIGN MASK LEVEL 2|EXPOSE LITHO LEVEL 2|DEVELOP PHOTORESIST|PATTERN INSPECTION LEVEL 2|POLYSILICON ETCH DRY|STRIP RESIST LEVEL 2|CLEAN AFTER POLY ETCH|MEASURE CD LEVEL 2|IMPLANT N-TYPE|PRE ANNEAL CHECK|RAPID THERMAL ANNEAL|MEASURE SHEET RESISTANCE|DEPOSIT GATE OXIDE OR DIELECTRIC|ANNEAL DIELECTRIC|MEASURE OXIDE QUALITY|DEPOSIT POLYSILICON|POLYSILICON ANNEAL|MEASURE POLY THICKNESS|SPIN COAT PHOTORESIST|SOFT BAKE
valid_0422,DEVELOP PHOTORESIST|PASSIVATION ETCH|STRIP RESIST|CLEAN PAD OPENING|MEASURE PAD OPENING|BACKSIDE GRIND|MEASURE THICKNESS|BACKSIDE ETCH CLEAN|BACKSIDE RINSE|BACKSIDE DRY|BACKSIDE METALLIZATION PREP|DEPOSIT BACKSIDE METAL|BACKSIDE ANNEAL|MEASURE BACKSIDE CONTACT|FINAL CLEAN|FINAL THICKNESS MEASURE|FINAL GEOMETRY CHECK|FINAL CD INSPECTION|FINAL PARTICLE INSPECTION|PARAMETRIC TEST|LEAKAGE TEST|BREAKDOWN VOLTAGE TEST|SWITCHING TEST|YIELD ANALYSIS|WAFER SORT TEST|FINAL LOT RELEASE|SHIP LOT
valid_0423,HARD BAKE|VIA ETCH THROUGH DIELECTRIC|STRIP RESIST|CLEAN AFTER VIA ETCH|MEASURE VIA CD|DEPOSIT BARRIER METAL|DEPOSIT METAL SEED|FILL VIA METAL|CMP VIA FILL|MEASURE CONTACT RESISTANCE|DEPOSIT TOP METAL|ANNEAL METAL|SPIN COAT PHOTORESIST|SOFT BAKE|ALIGN MASK LEVEL 2|EXPOSE LITHO LEVEL 2|DEVELOP PHOTORESIST|PATTERN INSPECTION LEVEL 2|POLYSILICON ETCH DRY|STRIP RESIST LEVEL 2|CLEAN AFTER POLY ETCH|MEASURE CD LEVEL 2|IMPLANT N-TYPE|PRE ANNEAL CHECK|RAPID THERMAL ANNEAL|MEASURE SHEET RESISTANCE|DEPOSIT GATE OXIDE OR DIELECTRIC|ANNEAL DIELECTRIC|MEASURE OXIDE QUALITY|DEPOSIT POLYSILICON|POLYSILICON ANNEAL|MEASURE POLY THICKNESS|SPIN COAT PHOTORESIST|SOFT BAKE
valid_0424,CURE PASSIVATION|MEASURE PASSIVATION THICKNESS|OPEN PAD WINDOW|OPEN PAD WINDOW LITHO|DEVELOP PHOTORESIST|PASSIVATION ETCH|STRIP RESIST|CLEAN PAD OPENING|MEASURE PAD OPENING|BACKSIDE GRIND|MEASURE THICKNESS|BACKSIDE ETCH CLEAN|BACKSIDE RINSE|BACKSIDE DRY|BACKSIDE METALLIZATION PREP|DEPOSIT BACKSIDE METAL|BACKSIDE ANNEAL|MEASURE BACKSIDE CONTACT|FINAL CLEAN|FINAL THICKNESS MEASURE|FINAL GEOMETRY CHECK|FINAL CD INSPECTION|FINAL PARTICLE INSPECTION|PARAMETRIC TEST|LEAKAGE TEST|BREAKDOWN VOLTAGE TEST|SWITCHING TEST|YIELD ANALYSIS|WAFER SORT TEST|FINAL LOT RELEASE|SHIP LOT
valid_0425,DIELECTRIC ETCH VIA|STRIP PHOTORESIST|CLEAN AFTER VIA ETCH|MEASURE VIA CD|DEPOSIT BARRIER METAL|DEPOSIT METAL SEED|FILL VIA METAL|CMP VIA FILL|MEASURE CONTACT RESISTANCE|DEPOSIT TOP METAL|ANNEAL METAL|SPIN COAT PHOTORESIST|SOFT BAKE|ALIGN MASK LEVEL 2|EXPOSE LITHO LEVEL 2|DEVELOP PHOTORESIST|PATTERN INSPECTION LEVEL 2|POLYSILICON ETCH DRY|STRIP RESIST LEVEL 2|CLEAN AFTER POLY ETCH|MEASURE CD LEVEL 2|IMPLANT N-TYPE|PRE ANNEAL CHECK|RAPID THERMAL ANNEAL|MEASURE SHEET RESISTANCE|DEPOSIT GATE OXIDE OR DIELECTRIC|ANNEAL DIELECTRIC|MEASURE OXIDE QUALITY|DEPOSIT POLYSILICON|POLYSILICON ANNEAL|MEASURE POLY THICKNESS|SPIN COAT PHOTORESIST|SOFT BAKE
valid_0426,MEASURE PASSIVATION THICKNESS|OPEN PAD WINDOW|OPEN PAD WINDOW LITHO|DEVELOP PHOTORESIST|PASSIVATION ETCH|STRIP RESIST|CLEAN PAD OPENING|MEASURE PAD OPENING|BACKSIDE GRIND|MEASURE THICKNESS|BACKSIDE ETCH CLEAN|BACKSIDE RINSE|BACKSIDE DRY|BACKSIDE METALLIZATION PREP|DEPOSIT BACKSIDE METAL|BACKSIDE ANNEAL|MEASURE BACKSIDE CONTACT|FINAL CLEAN|FINAL THICKNESS MEASURE|FINAL GEOMETRY CHECK|FINAL CD INSPECTION|FINAL PARTICLE INSPECTION|PARAMETRIC TEST|LEAKAGE TEST|BREAKDOWN VOLTAGE TEST|SWITCHING TEST|YIELD ANALYSIS|WAFER SORT TEST|FINAL LOT RELEASE|SHIP LOT
valid_0427,MEASURE VIA CD|DEPOSIT BARRIER METAL|DEPOSIT METAL SEED|FILL VIA METAL|CMP VIA FILL|MEASURE CONTACT RESISTANCE|DEPOSIT TOP METAL|ANNEAL METAL|SPIN COAT PHOTORESIST|SOFT BAKE|ALIGN MASK LEVEL 2|EXPOSE LITHO LEVEL 2|DEVELOP PHOTORESIST|PATTERN INSPECTION LEVEL 2|POLYSILICON ETCH DRY|STRIP RESIST LEVEL 2|CLEAN AFTER POLY ETCH|MEASURE CD LEVEL 2|IMPLANT N-TYPE|PRE ANNEAL CHECK|RAPID THERMAL ANNEAL|MEASURE SHEET RESISTANCE|DEPOSIT GATE OXIDE OR DIELECTRIC|ANNEAL DIELECTRIC|MEASURE OXIDE QUALITY|DEPOSIT POLYSILICON|POLYSILICON ANNEAL|MEASURE POLY THICKNESS|SPIN COAT PHOTORESIST|SOFT BAKE
valid_0428,DEVELOP PHOTORESIST|PASSIVATION ETCH PAD OPENING|STRIP RESIST|CLEAN PAD OPENING|MEASURE PAD OPENING|BACKSIDE GRIND|MEASURE THICKNESS|BACKSIDE ETCH CLEAN|BACKSIDE RINSE|BACKSIDE DRY|BACKSIDE METALLIZATION PREP|DEPOSIT BACKSIDE METAL|BACKSIDE ANNEAL|MEASURE BACKSIDE CONTACT|FINAL CLEAN|FINAL THICKNESS MEASURE|FINAL GEOMETRY CHECK|FINAL CD INSPECTION|FINAL PARTICLE INSPECTION|PARAMETRIC TEST|LEAKAGE TEST|BREAKDOWN VOLTAGE TEST|SWITCHING TEST|YIELD ANALYSIS|WAFER SORT TEST|FINAL LOT RELEASE|SHIP LOT
valid_0429,CLEAN AFTER VIA ETCH|MEASURE VIA CD|DEPOSIT BARRIER METAL|DEPOSIT METAL SEED|FILL VIA METAL|CMP VIA FILL|MEASURE CONTACT RESISTANCE|DEPOSIT TOP METAL|ANNEAL METAL|SPIN COAT PHOTORESIST|SOFT BAKE|ALIGN MASK LEVEL 2|EXPOSE LITHO LEVEL 2|DEVELOP PHOTORESIST|PATTERN INSPECTION LEVEL 2|POLYSILICON ETCH DRY|STRIP RESIST LEVEL 2|CLEAN AFTER POLY ETCH|MEASURE CD LEVEL 2|IMPLANT N-TYPE|PRE ANNEAL CHECK|RAPID THERMAL ANNEAL|MEASURE SHEET RESISTANCE|DEPOSIT GATE OXIDE OR DIELECTRIC|ANNEAL DIELECTRIC|MEASURE OXIDE QUALITY|DEPOSIT POLYSILICON|POLYSILICON ANNEAL|MEASURE POLY THICKNESS|SPIN COAT PHOTORESIST|SOFT BAKE
valid_0430,MEASURE PASSIVATION QUALITY|OPEN PAD WINDOW|PAD WINDOW LITHO|DEVELOP PHOTORESIST|PASSIVATION ETCH PAD OPENING|STRIP RESIST|CLEAN PAD OPENING|MEASURE PAD OPENING|BACKSIDE GRIND|MEASURE THICKNESS|BACKSIDE ETCH CLEAN|BACKSIDE RINSE|BACKSIDE DRY|BACKSIDE METALLIZATION PREP|DEPOSIT BACKSIDE METAL|BACKSIDE ANNEAL|MEASURE BACKSIDE CONTACT|FINAL CLEAN|FINAL THICKNESS MEASURE|FINAL GEOMETRY CHECK|FINAL CD INSPECTION|FINAL PARTICLE INSPECTION|PARAMETRIC TEST|LEAKAGE TEST|BREAKDOWN VOLTAGE TEST|SWITCHING TEST|YIELD ANALYSIS|WAFER SORT TEST|FINAL LOT RELEASE|SHIP LOT
valid_0431,CLEAN AFTER VIA ETCH|MEASURE VIA CD|DEPOSIT BARRIER METAL|DEPOSIT METAL SEED|FILL VIA METAL|CMP VIA FILL|MEASURE CONTACT RESISTANCE|DEPOSIT TOP METAL|ANNEAL METAL|SPIN COAT PHOTORESIST|SOFT BAKE|ALIGN MASK LEVEL 2|EXPOSE LITHO LEVEL 2|DEVELOP PHOTORESIST|PATTERN INSPECTION LEVEL 2|POLYSILICON ETCH DRY|STRIP RESIST LEVEL 2|CLEAN AFTER POLY ETCH|MEASURE CD LEVEL 2|IMPLANT N-TYPE|PRE ANNEAL CHECK|RAPID THERMAL ANNEAL|MEASURE SHEET RESISTANCE|DEPOSIT GATE OXIDE OR DIELECTRIC|ANNEAL DIELECTRIC|MEASURE OXIDE QUALITY|DEPOSIT POLYSILICON|POLYSILICON ANNEAL|MEASURE POLY THICKNESS|SPIN COAT PHOTORESIST|SOFT BAKE
valid_0432,OPEN PAD WINDOW|OPEN PAD WINDOW LITHO|DEVELOP PHOTORESIST|PASSIVATION ETCH|STRIP RESIST|CLEAN PAD OPENING|MEASURE PAD OPENING|BACKSIDE GRIND|MEASURE THICKNESS|BACKSIDE ETCH CLEAN|BACKSIDE RINSE|BACKSIDE DRY|BACKSIDE METALLIZATION PREP|DEPOSIT BACKSIDE METAL|BACKSIDE ANNEAL|MEASURE BACKSIDE CONTACT|FINAL CLEAN|FINAL THICKNESS MEASURE|FINAL GEOMETRY CHECK|FINAL CD INSPECTION|FINAL PARTICLE INSPECTION|PARAMETRIC TEST|LEAKAGE TEST|BREAKDOWN VOLTAGE TEST|SWITCHING TEST|YIELD ANALYSIS|WAFER SORT TEST|FINAL LOT RELEASE|SHIP LOT
valid_0433,CLEAN AFTER VIA ETCH|MEASURE VIA CD|DEPOSIT BARRIER METAL|DEPOSIT METAL SEED|FILL VIA METAL|CMP VIA FILL|MEASURE CONTACT RESISTANCE|DEPOSIT TOP METAL|ANNEAL METAL|SPIN COAT PHOTORESIST|SOFT BAKE|ALIGN MASK LEVEL 2|EXPOSE LITHO LEVEL 2|DEVELOP PHOTORESIST|PATTERN INSPECTION LEVEL 2|POLYSILICON ETCH DRY|STRIP RESIST LEVEL 2|CLEAN AFTER POLY ETCH|MEASURE CD LEVEL 2|IMPLANT N-TYPE|PRE ANNEAL CHECK|RAPID THERMAL ANNEAL|MEASURE SHEET RESISTANCE|DEPOSIT GATE OXIDE OR DIELECTRIC|ANNEAL DIELECTRIC|MEASURE OXIDE QUALITY|DEPOSIT POLYSILICON|POLYSILICON ANNEAL|MEASURE POLY THICKNESS|SPIN COAT PHOTORESIST|SOFT BAKE
valid_0434,OPEN PAD WINDOW LITHO|DEVELOP PHOTORESIST|PASSIVATION ETCH|STRIP RESIST|CLEAN PAD OPENING|MEASURE PAD OPENING|BACKSIDE GRIND|MEASURE THICKNESS|BACKSIDE ETCH CLEAN|BACKSIDE RINSE|BACKSIDE DRY|BACKSIDE METALLIZATION PREP|DEPOSIT BACKSIDE METAL|BACKSIDE ANNEAL|MEASURE BACKSIDE CONTACT|FINAL CLEAN|FINAL THICKNESS MEASURE|FINAL GEOMETRY CHECK|FINAL CD INSPECTION|FINAL PARTICLE INSPECTION|PARAMETRIC TEST|LEAKAGE TEST|BREAKDOWN VOLTAGE TEST|SWITCHING TEST|YIELD ANALYSIS|WAFER SORT TEST|FINAL LOT RELEASE|SHIP LOT
valid_0435,CLEAN AFTER VIA ETCH|MEASURE VIA CD|DEPOSIT BARRIER METAL|DEPOSIT METAL SEED|FILL VIA METAL|CMP VIA FILL|MEASURE CONTACT RESISTANCE|DEPOSIT TOP METAL|ANNEAL METAL|SPIN COAT PHOTORESIST|SOFT BAKE|ALIGN MASK LEVEL 2|EXPOSE LITHO LEVEL 2|DEVELOP PHOTORESIST|PATTERN INSPECTION LEVEL 2|POLYSILICON ETCH DRY|STRIP RESIST LEVEL 2|CLEAN AFTER POLY ETCH|MEASURE CD LEVEL 2|IMPLANT N-TYPE|PRE ANNEAL CHECK|RAPID THERMAL ANNEAL|MEASURE SHEET RESISTANCE|DEPOSIT GATE OXIDE OR DIELECTRIC|ANNEAL DIELECTRIC|MEASURE OXIDE QUALITY|DEPOSIT POLYSILICON|POLYSILICON ANNEAL|MEASURE POLY THICKNESS|SPIN COAT PHOTORESIST|SOFT BAKE
valid_0436,OPEN PAD WINDOW LITHO|DEVELOP PHOTORESIST|PASSIVATION ETCH|STRIP RESIST|CLEAN PAD OPENING|MEASURE PAD OPENING|BACKSIDE GRIND|MEASURE THICKNESS|BACKSIDE ETCH CLEAN|BACKSIDE RINSE|BACKSIDE DRY|BACKSIDE METALLIZATION PREP|DEPOSIT BACKSIDE METAL|BACKSIDE ANNEAL|MEASURE BACKSIDE CONTACT|FINAL CLEAN|FINAL THICKNESS MEASURE|FINAL GEOMETRY CHECK|FINAL CD INSPECTION|FINAL PARTICLE INSPECTION|PARAMETRIC TEST|LEAKAGE TEST|BREAKDOWN VOLTAGE TEST|SWITCHING TEST|YIELD ANALYSIS|WAFER SORT TEST|FINAL LOT RELEASE|SHIP LOT
valid_0437,CLEAN AFTER VIA ETCH|MEASURE VIA CD|DEPOSIT BARRIER METAL|DEPOSIT METAL SEED|FILL VIA METAL|CMP VIA FILL|MEASURE CONTACT RESISTANCE|DEPOSIT TOP METAL|ANNEAL METAL|SPIN COAT PHOTORESIST|SOFT BAKE|ALIGN MASK LEVEL 2|EXPOSE LITHO LEVEL 2|DEVELOP PHOTORESIST|PATTERN INSPECTION LEVEL 2|POLYSILICON ETCH DRY|STRIP RESIST LEVEL 2|CLEAN AFTER POLY ETCH|MEASURE CD LEVEL 2|IMPLANT N-TYPE|PRE ANNEAL CHECK|RAPID THERMAL ANNEAL|MEASURE SHEET RESISTANCE|DEPOSIT GATE OXIDE OR DIELECTRIC|ANNEAL DIELECTRIC|MEASURE OXIDE QUALITY|DEPOSIT POLYSILICON|POLYSILICON ANNEAL|MEASURE POLY THICKNESS|SPIN COAT PHOTORESIST|SOFT BAKE
valid_0438,PAD WINDOW LITHO|DEVELOP PHOTORESIST|PASSIVATION ETCH PAD OPENING|STRIP RESIST|CLEAN PAD OPENING|MEASURE PAD OPENING|BACKSIDE GRIND|MEASURE THICKNESS|BACKSIDE ETCH CLEAN|BACKSIDE RINSE|BACKSIDE DRY|BACKSIDE METALLIZATION PREP|DEPOSIT BACKSIDE METAL|BACKSIDE ANNEAL|MEASURE BACKSIDE CONTACT|FINAL CLEAN|FINAL THICKNESS MEASURE|FINAL GEOMETRY CHECK|FINAL CD INSPECTION|FINAL PARTICLE INSPECTION|PARAMETRIC TEST|LEAKAGE TEST|BREAKDOWN VOLTAGE TEST|SWITCHING TEST|YIELD ANALYSIS|WAFER SORT TEST|FINAL LOT RELEASE|SHIP LOT
valid_0439,STRIP PHOTORESIST|CLEAN AFTER VIA ETCH|MEASURE VIA CD|DEPOSIT BARRIER METAL|DEPOSIT METAL SEED|FILL VIA METAL|CMP VIA FILL|MEASURE CONTACT RESISTANCE|DEPOSIT TOP METAL|ANNEAL METAL|SPIN COAT PHOTORESIST|SOFT BAKE|ALIGN MASK LEVEL 2|EXPOSE LITHO LEVEL 2|DEVELOP PHOTORESIST|PATTERN INSPECTION LEVEL 2|POLYSILICON ETCH DRY|STRIP RESIST LEVEL 2|CLEAN AFTER POLY ETCH|MEASURE CD LEVEL 2|IMPLANT N-TYPE|PRE ANNEAL CHECK|RAPID THERMAL ANNEAL|MEASURE SHEET RESISTANCE|DEPOSIT GATE OXIDE OR DIELECTRIC|ANNEAL DIELECTRIC|MEASURE OXIDE QUALITY|DEPOSIT POLYSILICON|POLYSILICON ANNEAL|MEASURE POLY THICKNESS|SPIN COAT PHOTORESIST|SOFT BAKE
valid_0440,PAD WINDOW LITHO|DEVELOP PHOTORESIST|PASSIVATION ETCH PAD OPENING|STRIP RESIST|CLEAN PAD OPENING|MEASURE PAD OPENING|BACKSIDE GRIND|MEASURE THICKNESS|BACKSIDE ETCH CLEAN|BACKSIDE RINSE|BACKSIDE DRY|BACKSIDE METALLIZATION PREP|DEPOSIT BACKSIDE METAL|BACKSIDE ANNEAL|MEASURE BACKSIDE CONTACT|FINAL CLEAN|FINAL THICKNESS MEASURE|FINAL GEOMETRY CHECK|FINAL CD INSPECTION|FINAL PARTICLE INSPECTION|PARAMETRIC TEST|LEAKAGE TEST|BREAKDOWN VOLTAGE TEST|SWITCHING TEST|YIELD ANALYSIS|WAFER SORT TEST|FINAL LOT RELEASE|SHIP LOT
valid_0441,MEASURE VIA CD|DEPOSIT BARRIER METAL|DEPOSIT METAL SEED|FILL VIA METAL|CMP VIA FILL|MEASURE CONTACT RESISTANCE|DEPOSIT TOP METAL|ANNEAL METAL|SPIN COAT PHOTORESIST|SOFT BAKE|ALIGN MASK LEVEL 2|EXPOSE LITHO LEVEL 2|DEVELOP PHOTORESIST|PATTERN INSPECTION LEVEL 2|POLYSILICON ETCH DRY|STRIP RESIST LEVEL 2|CLEAN AFTER POLY ETCH|MEASURE CD LEVEL 2|IMPLANT N-TYPE|PRE ANNEAL CHECK|RAPID THERMAL ANNEAL|MEASURE SHEET RESISTANCE|DEPOSIT GATE OXIDE OR DIELECTRIC|ANNEAL DIELECTRIC|MEASURE OXIDE QUALITY|DEPOSIT POLYSILICON|POLYSILICON ANNEAL|MEASURE POLY THICKNESS|SPIN COAT PHOTORESIST|SOFT BAKE
valid_0442,PASSIVATION ETCH|STRIP PHOTORESIST|CLEAN PAD OPENING|MEASURE PAD OPENING|BACKSIDE GRIND|MEASURE THICKNESS|BACKSIDE ETCH CLEAN|BACKSIDE RINSE|BACKSIDE DRY|BACKSIDE METALLIZATION PREP|DEPOSIT BACKSIDE METAL|BACKSIDE ANNEAL|MEASURE BACKSIDE CONTACT|FINAL CLEAN|FINAL THICKNESS MEASURE|FINAL GEOMETRY CHECK|FINAL CD INSPECTION|FINAL PARTICLE INSPECTION|PARAMETRIC TEST|LEAKAGE TEST|BREAKDOWN VOLTAGE TEST|SWITCHING TEST|YIELD ANALYSIS|WAFER SORT TEST|FINAL LOT RELEASE|SHIP LOT
valid_0443,CLEAN AFTER VIA ETCH|MEASURE VIA CD|DEPOSIT BARRIER METAL|DEPOSIT METAL SEED|FILL VIA METAL|CMP VIA FILL|MEASURE CONTACT RESISTANCE|DEPOSIT TOP METAL|ANNEAL METAL|SPIN COAT PHOTORESIST|SOFT BAKE|ALIGN MASK LEVEL 2|EXPOSE LITHO LEVEL 2|DEVELOP PHOTORESIST|PATTERN INSPECTION LEVEL 2|POLYSILICON ETCH DRY|STRIP RESIST LEVEL 2|CLEAN AFTER POLY ETCH|MEASURE CD LEVEL 2|IMPLANT N-TYPE|PRE ANNEAL CHECK|RAPID THERMAL ANNEAL|MEASURE SHEET RESISTANCE|DEPOSIT GATE OXIDE OR DIELECTRIC|ANNEAL DIELECTRIC|MEASURE OXIDE QUALITY|DEPOSIT POLYSILICON|POLYSILICON ANNEAL|MEASURE POLY THICKNESS|SPIN COAT PHOTORESIST|SOFT BAKE
valid_0444,OPEN PAD WINDOW LITHO|DEVELOP PHOTORESIST|PASSIVATION ETCH|STRIP RESIST|CLEAN PAD OPENING|MEASURE PAD OPENING|BACKSIDE GRIND|MEASURE THICKNESS|BACKSIDE ETCH CLEAN|BACKSIDE RINSE|BACKSIDE DRY|BACKSIDE METALLIZATION PREP|DEPOSIT BACKSIDE METAL|BACKSIDE ANNEAL|MEASURE BACKSIDE CONTACT|FINAL CLEAN|FINAL THICKNESS MEASURE|FINAL GEOMETRY CHECK|FINAL CD INSPECTION|FINAL PARTICLE INSPECTION|PARAMETRIC TEST|LEAKAGE TEST|BREAKDOWN VOLTAGE TEST|SWITCHING TEST|YIELD ANALYSIS|WAFER SORT TEST|FINAL LOT RELEASE|SHIP LOT
valid_0445,CLEAN AFTER VIA ETCH|MEASURE VIA CD|DEPOSIT BARRIER METAL|DEPOSIT METAL SEED|FILL VIA METAL|CMP VIA FILL|MEASURE CONTACT RESISTANCE|DEPOSIT TOP METAL|ANNEAL METAL|SPIN COAT PHOTORESIST|SOFT BAKE|ALIGN MASK LEVEL 2|EXPOSE LITHO LEVEL 2|DEVELOP PHOTORESIST|PATTERN INSPECTION LEVEL 2|POLYSILICON ETCH DRY|STRIP RESIST LEVEL 2|CLEAN AFTER POLY ETCH|MEASURE CD LEVEL 2|IMPLANT N-TYPE|PRE ANNEAL CHECK|RAPID THERMAL ANNEAL|MEASURE SHEET RESISTANCE|DEPOSIT GATE OXIDE OR DIELECTRIC|ANNEAL DIELECTRIC|MEASURE OXIDE QUALITY|DEPOSIT POLYSILICON|POLYSILICON ANNEAL|MEASURE POLY THICKNESS|SPIN COAT PHOTORESIST|SOFT BAKE
valid_0446,DEVELOP PHOTORESIST|PASSIVATION ETCH PAD OPENING|STRIP RESIST|CLEAN PAD OPENING|MEASURE PAD OPENING|BACKSIDE GRIND|MEASURE THICKNESS|BACKSIDE ETCH CLEAN|BACKSIDE RINSE|BACKSIDE DRY|BACKSIDE METALLIZATION PREP|DEPOSIT BACKSIDE METAL|BACKSIDE ANNEAL|MEASURE BACKSIDE CONTACT|FINAL CLEAN|FINAL THICKNESS MEASURE|FINAL GEOMETRY CHECK|FINAL CD INSPECTION|FINAL PARTICLE INSPECTION|PARAMETRIC TEST|LEAKAGE TEST|BREAKDOWN VOLTAGE TEST|SWITCHING TEST|YIELD ANALYSIS|WAFER SORT TEST|FINAL LOT RELEASE|SHIP LOT
valid_0447,MEASURE VIA CD|DEPOSIT BARRIER METAL|DEPOSIT METAL SEED|FILL VIA METAL|CMP VIA FILL|MEASURE CONTACT RESISTANCE|DEPOSIT TOP METAL|ANNEAL METAL|SPIN COAT PHOTORESIST|SOFT BAKE|ALIGN MASK LEVEL 2|EXPOSE LITHO LEVEL 2|DEVELOP PHOTORESIST|PATTERN INSPECTION LEVEL 2|POLYSILICON ETCH DRY|STRIP RESIST LEVEL 2|CLEAN AFTER POLY ETCH|MEASURE CD LEVEL 2|IMPLANT N-TYPE|PRE ANNEAL CHECK|RAPID THERMAL ANNEAL|MEASURE SHEET RESISTANCE|DEPOSIT GATE OXIDE OR DIELECTRIC|ANNEAL DIELECTRIC|MEASURE OXIDE QUALITY|DEPOSIT POLYSILICON|POLYSILICON ANNEAL|MEASURE POLY THICKNESS|SPIN COAT PHOTORESIST|SOFT BAKE
valid_0448,PAD WINDOW LITHO|DEVELOP PHOTORESIST|PASSIVATION ETCH PAD OPENING|STRIP RESIST|CLEAN PAD OPENING|MEASURE PAD OPENING|BACKSIDE GRIND|MEASURE THICKNESS|BACKSIDE ETCH CLEAN|BACKSIDE RINSE|BACKSIDE DRY|BACKSIDE METALLIZATION PREP|DEPOSIT BACKSIDE METAL|BACKSIDE ANNEAL|MEASURE BACKSIDE CONTACT|FINAL CLEAN|FINAL THICKNESS MEASURE|FINAL GEOMETRY CHECK|FINAL CD INSPECTION|FINAL PARTICLE INSPECTION|PARAMETRIC TEST|LEAKAGE TEST|BREAKDOWN VOLTAGE TEST|SWITCHING TEST|YIELD ANALYSIS|WAFER SORT TEST|FINAL LOT RELEASE|SHIP LOT
valid_0449,VIA ETCH THROUGH DIELECTRIC|STRIP RESIST|CLEAN AFTER VIA ETCH|MEASURE VIA CD|DEPOSIT BARRIER METAL|DEPOSIT METAL SEED|FILL VIA METAL|CMP VIA FILL|MEASURE CONTACT RESISTANCE|DEPOSIT TOP METAL|ANNEAL METAL|SPIN COAT PHOTORESIST|SOFT BAKE|ALIGN MASK LEVEL 2|EXPOSE LITHO LEVEL 2|DEVELOP PHOTORESIST|PATTERN INSPECTION LEVEL 2|POLYSILICON ETCH DRY|STRIP RESIST LEVEL 2|CLEAN AFTER POLY ETCH|MEASURE CD LEVEL 2|IMPLANT N-TYPE|PRE ANNEAL CHECK|RAPID THERMAL ANNEAL|MEASURE SHEET RESISTANCE|DEPOSIT GATE OXIDE OR DIELECTRIC|ANNEAL DIELECTRIC|MEASURE OXIDE QUALITY|DEPOSIT POLYSILICON|POLYSILICON ANNEAL|MEASURE POLY THICKNESS|SPIN COAT PHOTORESIST|SOFT BAKE
valid_0450,MEASURE PASSIVATION QUALITY|OPEN PAD WINDOW|PAD WINDOW LITHO|DEVELOP PHOTORESIST|PASSIVATION ETCH PAD OPENING|STRIP RESIST|CLEAN PAD OPENING|MEASURE PAD OPENING|BACKSIDE GRIND|MEASURE THICKNESS|BACKSIDE ETCH CLEAN|BACKSIDE RINSE|BACKSIDE DRY|BACKSIDE METALLIZATION PREP|DEPOSIT BACKSIDE METAL|BACKSIDE ANNEAL|MEASURE BACKSIDE CONTACT|FINAL CLEAN|FINAL THICKNESS MEASURE|FINAL GEOMETRY CHECK|FINAL CD INSPECTION|FINAL PARTICLE INSPECTION|PARAMETRIC TEST|LEAKAGE TEST|BREAKDOWN VOLTAGE TEST|SWITCHING TEST|YIELD ANALYSIS|WAFER SORT TEST|FINAL LOT RELEASE|SHIP LOT
valid_0451,DEPOSIT BARRIER METAL|DEPOSIT METAL SEED|FILL VIA METAL|CMP VIA FILL|MEASURE CONTACT RESISTANCE|DEPOSIT TOP METAL|ANNEAL METAL|SPIN COAT PHOTORESIST|SOFT BAKE|ALIGN MASK LEVEL 2|EXPOSE LITHO LEVEL 2|DEVELOP PHOTORESIST|PATTERN INSPECTION LEVEL 2|POLYSILICON ETCH DRY|STRIP RESIST LEVEL 2|CLEAN AFTER POLY ETCH|MEASURE CD LEVEL 2|IMPLANT N-TYPE|PRE ANNEAL CHECK|RAPID THERMAL ANNEAL|MEASURE SHEET RESISTANCE|DEPOSIT GATE OXIDE OR DIELECTRIC|ANNEAL DIELECTRIC|MEASURE OXIDE QUALITY|DEPOSIT POLYSILICON|POLYSILICON ANNEAL|MEASURE POLY THICKNESS|SPIN COAT PHOTORESIST|SOFT BAKE
valid_0452,DEVELOP PHOTORESIST|PASSIVATION ETCH PAD OPENING|STRIP RESIST|CLEAN PAD OPENING|MEASURE PAD OPENING|BACKSIDE GRIND|MEASURE THICKNESS|BACKSIDE ETCH CLEAN|BACKSIDE RINSE|BACKSIDE DRY|BACKSIDE METALLIZATION PREP|DEPOSIT BACKSIDE METAL|BACKSIDE ANNEAL|MEASURE BACKSIDE CONTACT|FINAL CLEAN|FINAL THICKNESS MEASURE|FINAL GEOMETRY CHECK|FINAL CD INSPECTION|FINAL PARTICLE INSPECTION|PARAMETRIC TEST|LEAKAGE TEST|BREAKDOWN VOLTAGE TEST|SWITCHING TEST|YIELD ANALYSIS|WAFER SORT TEST|FINAL LOT RELEASE|SHIP LOT
valid_0453,FILL VIA TUNGSTEN|CMP METAL|MEASURE CONTACT RESISTANCE|DEPOSIT TOP METAL|ANNEAL METAL|SPIN COAT PHOTORESIST|SOFT BAKE|ALIGN MASK LEVEL 2|EXPOSE LITHO LEVEL 2|DEVELOP PHOTORESIST|PATTERN INSPECTION LEVEL 2|POLYSILICON ETCH DRY|STRIP RESIST LEVEL 2|CLEAN AFTER POLY ETCH|MEASURE CD LEVEL 2|IMPLANT N-TYPE|PRE ANNEAL CHECK|RAPID THERMAL ANNEAL|MEASURE SHEET RESISTANCE|DEPOSIT GATE OXIDE OR DIELECTRIC|ANNEAL DIELECTRIC|MEASURE OXIDE QUALITY|DEPOSIT POLYSILICON|POLYSILICON ANNEAL|MEASURE POLY THICKNESS|SPIN COAT PHOTORESIST|SOFT BAKE
valid_0454,PASSIVATION ETCH|STRIP PHOTORESIST|CLEAN PAD OPENING|MEASURE PAD OPENING|BACKSIDE GRIND|MEASURE THICKNESS|BACKSIDE ETCH CLEAN|BACKSIDE RINSE|BACKSIDE DRY|BACKSIDE METALLIZATION PREP|DEPOSIT BACKSIDE METAL|BACKSIDE ANNEAL|MEASURE BACKSIDE CONTACT|FINAL CLEAN|FINAL THICKNESS MEASURE|FINAL GEOMETRY CHECK|FINAL CD INSPECTION|FINAL PARTICLE INSPECTION|PARAMETRIC TEST|LEAKAGE TEST|BREAKDOWN VOLTAGE TEST|SWITCHING TEST|YIELD ANALYSIS|WAFER SORT TEST|FINAL LOT RELEASE|SHIP LOT
valid_0455,MEASURE VIA CD|DEPOSIT BARRIER METAL|DEPOSIT METAL SEED|FILL VIA METAL|CMP VIA FILL|MEASURE CONTACT RESISTANCE|DEPOSIT TOP METAL|ANNEAL METAL|SPIN COAT PHOTORESIST|SOFT BAKE|ALIGN MASK LEVEL 2|EXPOSE LITHO LEVEL 2|DEVELOP PHOTORESIST|PATTERN INSPECTION LEVEL 2|POLYSILICON ETCH DRY|STRIP RESIST LEVEL 2|CLEAN AFTER POLY ETCH|MEASURE CD LEVEL 2|IMPLANT N-TYPE|PRE ANNEAL CHECK|RAPID THERMAL ANNEAL|MEASURE SHEET RESISTANCE|DEPOSIT GATE OXIDE OR DIELECTRIC|ANNEAL DIELECTRIC|MEASURE OXIDE QUALITY|DEPOSIT POLYSILICON|POLYSILICON ANNEAL|MEASURE POLY THICKNESS|SPIN COAT PHOTORESIST|SOFT BAKE
valid_0456,DEVELOP PHOTORESIST|PASSIVATION ETCH|STRIP RESIST|CLEAN PAD OPENING|MEASURE PAD OPENING|BACKSIDE GRIND|MEASURE THICKNESS|BACKSIDE ETCH CLEAN|BACKSIDE RINSE|BACKSIDE DRY|BACKSIDE METALLIZATION PREP|DEPOSIT BACKSIDE METAL|BACKSIDE ANNEAL|MEASURE BACKSIDE CONTACT|FINAL CLEAN|FINAL THICKNESS MEASURE|FINAL GEOMETRY CHECK|FINAL CD INSPECTION|FINAL PARTICLE INSPECTION|PARAMETRIC TEST|LEAKAGE TEST|BREAKDOWN VOLTAGE TEST|SWITCHING TEST|YIELD ANALYSIS|WAFER SORT TEST|FINAL LOT RELEASE|SHIP LOT
valid_0457,CLEAN AFTER VIA ETCH|MEASURE VIA CD|DEPOSIT BARRIER METAL|DEPOSIT METAL SEED|FILL VIA METAL|CMP VIA FILL|MEASURE CONTACT RESISTANCE|DEPOSIT TOP METAL|ANNEAL METAL|SPIN COAT PHOTORESIST|SOFT BAKE|ALIGN MASK LEVEL 2|EXPOSE LITHO LEVEL 2|DEVELOP PHOTORESIST|PATTERN INSPECTION LEVEL 2|POLYSILICON ETCH DRY|STRIP RESIST LEVEL 2|CLEAN AFTER POLY ETCH|MEASURE CD LEVEL 2|IMPLANT N-TYPE|PRE ANNEAL CHECK|RAPID THERMAL ANNEAL|MEASURE SHEET RESISTANCE|DEPOSIT GATE OXIDE OR DIELECTRIC|ANNEAL DIELECTRIC|MEASURE OXIDE QUALITY|DEPOSIT POLYSILICON|POLYSILICON ANNEAL|MEASURE POLY THICKNESS|SPIN COAT PHOTORESIST|SOFT BAKE
valid_0458,PAD WINDOW LITHO|DEVELOP PHOTORESIST|PASSIVATION ETCH PAD OPENING|STRIP RESIST|CLEAN PAD OPENING|MEASURE PAD OPENING|BACKSIDE GRIND|MEASURE THICKNESS|BACKSIDE ETCH CLEAN|BACKSIDE RINSE|BACKSIDE DRY|BACKSIDE METALLIZATION PREP|DEPOSIT BACKSIDE METAL|BACKSIDE ANNEAL|MEASURE BACKSIDE CONTACT|FINAL CLEAN|FINAL THICKNESS MEASURE|FINAL GEOMETRY CHECK|FINAL CD INSPECTION|FINAL PARTICLE INSPECTION|PARAMETRIC TEST|LEAKAGE TEST|BREAKDOWN VOLTAGE TEST|SWITCHING TEST|YIELD ANALYSIS|WAFER SORT TEST|FINAL LOT RELEASE|SHIP LOT
valid_0459,DEPOSIT BARRIER METAL|DEPOSIT METAL SEED|FILL VIA METAL|CMP VIA FILL|MEASURE CONTACT RESISTANCE|DEPOSIT TOP METAL|ANNEAL METAL|SPIN COAT PHOTORESIST|SOFT BAKE|ALIGN MASK LEVEL 2|EXPOSE LITHO LEVEL 2|DEVELOP PHOTORESIST|PATTERN INSPECTION LEVEL 2|POLYSILICON ETCH DRY|STRIP RESIST LEVEL 2|CLEAN AFTER POLY ETCH|MEASURE CD LEVEL 2|IMPLANT N-TYPE|PRE ANNEAL CHECK|RAPID THERMAL ANNEAL|MEASURE SHEET RESISTANCE|DEPOSIT GATE OXIDE OR DIELECTRIC|ANNEAL DIELECTRIC|MEASURE OXIDE QUALITY|DEPOSIT POLYSILICON|POLYSILICON ANNEAL|MEASURE POLY THICKNESS|SPIN COAT PHOTORESIST|SOFT BAKE
valid_0460,PASSIVATION ETCH|STRIP PHOTORESIST|CLEAN PAD OPENING|MEASURE PAD OPENING|BACKSIDE GRIND|MEASURE THICKNESS|BACKSIDE ETCH CLEAN|BACKSIDE RINSE|BACKSIDE DRY|BACKSIDE METALLIZATION PREP|DEPOSIT BACKSIDE METAL|BACKSIDE ANNEAL|MEASURE BACKSIDE CONTACT|FINAL CLEAN|FINAL THICKNESS MEASURE|FINAL GEOMETRY CHECK|FINAL CD INSPECTION|FINAL PARTICLE INSPECTION|PARAMETRIC TEST|LEAKAGE TEST|BREAKDOWN VOLTAGE TEST|SWITCHING TEST|YIELD ANALYSIS|WAFER SORT TEST|FINAL LOT RELEASE|SHIP LOT
valid_0461,MEASURE VIA CD|DEPOSIT BARRIER METAL|DEPOSIT METAL SEED|FILL VIA METAL|CMP VIA FILL|MEASURE CONTACT RESISTANCE|DEPOSIT TOP METAL|ANNEAL METAL|SPIN COAT PHOTORESIST|SOFT BAKE|ALIGN MASK LEVEL 2|EXPOSE LITHO LEVEL 2|DEVELOP PHOTORESIST|PATTERN INSPECTION LEVEL 2|POLYSILICON ETCH DRY|STRIP RESIST LEVEL 2|CLEAN AFTER POLY ETCH|MEASURE CD LEVEL 2|IMPLANT N-TYPE|PRE ANNEAL CHECK|RAPID THERMAL ANNEAL|MEASURE SHEET RESISTANCE|DEPOSIT GATE OXIDE OR DIELECTRIC|ANNEAL DIELECTRIC|MEASURE OXIDE QUALITY|DEPOSIT POLYSILICON|POLYSILICON ANNEAL|MEASURE POLY THICKNESS|SPIN COAT PHOTORESIST|SOFT BAKE
valid_0462,DEVELOP PHOTORESIST|PASSIVATION ETCH PAD OPENING|STRIP RESIST|CLEAN PAD OPENING|MEASURE PAD OPENING|BACKSIDE GRIND|MEASURE THICKNESS|BACKSIDE ETCH CLEAN|BACKSIDE RINSE|BACKSIDE DRY|BACKSIDE METALLIZATION PREP|DEPOSIT BACKSIDE METAL|BACKSIDE ANNEAL|MEASURE BACKSIDE CONTACT|FINAL CLEAN|FINAL THICKNESS MEASURE|FINAL GEOMETRY CHECK|FINAL CD INSPECTION|FINAL PARTICLE INSPECTION|PARAMETRIC TEST|LEAKAGE TEST|BREAKDOWN VOLTAGE TEST|SWITCHING TEST|YIELD ANALYSIS|WAFER SORT TEST|FINAL LOT RELEASE|SHIP LOT
valid_0463,CLEAN AFTER VIA ETCH|MEASURE VIA CD|DEPOSIT BARRIER METAL|DEPOSIT METAL SEED|FILL VIA METAL|CMP VIA FILL|MEASURE CONTACT RESISTANCE|DEPOSIT TOP METAL|ANNEAL METAL|SPIN COAT PHOTORESIST|SOFT BAKE|ALIGN MASK LEVEL 2|EXPOSE LITHO LEVEL 2|DEVELOP PHOTORESIST|PATTERN INSPECTION LEVEL 2|POLYSILICON ETCH DRY|STRIP RESIST LEVEL 2|CLEAN AFTER POLY ETCH|MEASURE CD LEVEL 2|IMPLANT N-TYPE|PRE ANNEAL CHECK|RAPID THERMAL ANNEAL|MEASURE SHEET RESISTANCE|DEPOSIT GATE OXIDE OR DIELECTRIC|ANNEAL DIELECTRIC|MEASURE OXIDE QUALITY|DEPOSIT POLYSILICON|POLYSILICON ANNEAL|MEASURE POLY THICKNESS|SPIN COAT PHOTORESIST|SOFT BAKE
valid_0464,PAD WINDOW LITHO|DEVELOP PHOTORESIST|PASSIVATION ETCH PAD OPENING|STRIP RESIST|CLEAN PAD OPENING|MEASURE PAD OPENING|BACKSIDE GRIND|MEASURE THICKNESS|BACKSIDE ETCH CLEAN|BACKSIDE RINSE|BACKSIDE DRY|BACKSIDE METALLIZATION PREP|DEPOSIT BACKSIDE METAL|BACKSIDE ANNEAL|MEASURE BACKSIDE CONTACT|FINAL CLEAN|FINAL THICKNESS MEASURE|FINAL GEOMETRY CHECK|FINAL CD INSPECTION|FINAL PARTICLE INSPECTION|PARAMETRIC TEST|LEAKAGE TEST|BREAKDOWN VOLTAGE TEST|SWITCHING TEST|YIELD ANALYSIS|WAFER SORT TEST|FINAL LOT RELEASE|SHIP LOT
valid_0465,MEASURE VIA CD|DEPOSIT BARRIER METAL|DEPOSIT METAL SEED|FILL VIA METAL|CMP VIA FILL|MEASURE CONTACT RESISTANCE|DEPOSIT TOP METAL|ANNEAL METAL|SPIN COAT PHOTORESIST|SOFT BAKE|ALIGN MASK LEVEL 2|EXPOSE LITHO LEVEL 2|DEVELOP PHOTORESIST|PATTERN INSPECTION LEVEL 2|POLYSILICON ETCH DRY|STRIP RESIST LEVEL 2|CLEAN AFTER POLY ETCH|MEASURE CD LEVEL 2|IMPLANT N-TYPE|PRE ANNEAL CHECK|RAPID THERMAL ANNEAL|MEASURE SHEET RESISTANCE|DEPOSIT GATE OXIDE OR DIELECTRIC|ANNEAL DIELECTRIC|MEASURE OXIDE QUALITY|DEPOSIT POLYSILICON|POLYSILICON ANNEAL|MEASURE POLY THICKNESS|SPIN COAT PHOTORESIST|SOFT BAKE
valid_0466,PAD WINDOW LITHO|DEVELOP PHOTORESIST|PASSIVATION ETCH PAD OPENING|STRIP RESIST|CLEAN PAD OPENING|MEASURE PAD OPENING|BACKSIDE GRIND|MEASURE THICKNESS|BACKSIDE ETCH CLEAN|BACKSIDE RINSE|BACKSIDE DRY|BACKSIDE METALLIZATION PREP|DEPOSIT BACKSIDE METAL|BACKSIDE ANNEAL|MEASURE BACKSIDE CONTACT|FINAL CLEAN|FINAL THICKNESS MEASURE|FINAL GEOMETRY CHECK|FINAL CD INSPECTION|FINAL PARTICLE INSPECTION|PARAMETRIC TEST|LEAKAGE TEST|BREAKDOWN VOLTAGE TEST|SWITCHING TEST|YIELD ANALYSIS|WAFER SORT TEST|FINAL LOT RELEASE|SHIP LOT
valid_0467,DEPOSIT BARRIER METAL|DEPOSIT METAL SEED|FILL VIA METAL|CMP VIA FILL|MEASURE CONTACT RESISTANCE|DEPOSIT TOP METAL|ANNEAL METAL|SPIN COAT PHOTORESIST|SOFT BAKE|ALIGN MASK LEVEL 2|EXPOSE LITHO LEVEL 2|DEVELOP PHOTORESIST|PATTERN INSPECTION LEVEL 2|POLYSILICON ETCH DRY|STRIP RESIST LEVEL 2|CLEAN AFTER POLY ETCH|MEASURE CD LEVEL 2|IMPLANT N-TYPE|PRE ANNEAL CHECK|RAPID THERMAL ANNEAL|MEASURE SHEET RESISTANCE|DEPOSIT GATE OXIDE OR DIELECTRIC|ANNEAL DIELECTRIC|MEASURE OXIDE QUALITY|DEPOSIT POLYSILICON|POLYSILICON ANNEAL|MEASURE POLY THICKNESS|SPIN COAT PHOTORESIST|SOFT BAKE
valid_0468,DEVELOP PHOTORESIST|PASSIVATION ETCH|STRIP RESIST|CLEAN PAD OPENING|MEASURE PAD OPENING|BACKSIDE GRIND|MEASURE THICKNESS|BACKSIDE ETCH CLEAN|BACKSIDE RINSE|BACKSIDE DRY|BACKSIDE METALLIZATION PREP|DEPOSIT BACKSIDE METAL|BACKSIDE ANNEAL|MEASURE BACKSIDE CONTACT|FINAL CLEAN|FINAL THICKNESS MEASURE|FINAL GEOMETRY CHECK|FINAL CD INSPECTION|FINAL PARTICLE INSPECTION|PARAMETRIC TEST|LEAKAGE TEST|BREAKDOWN VOLTAGE TEST|SWITCHING TEST|YIELD ANALYSIS|WAFER SORT TEST|FINAL LOT RELEASE|SHIP LOT
valid_0469,MEASURE VIA CD|DEPOSIT BARRIER METAL|DEPOSIT METAL SEED|FILL VIA METAL|CMP VIA FILL|MEASURE CONTACT RESISTANCE|DEPOSIT TOP METAL|ANNEAL METAL|SPIN COAT PHOTORESIST|SOFT BAKE|ALIGN MASK LEVEL 2|EXPOSE LITHO LEVEL 2|DEVELOP PHOTORESIST|PATTERN INSPECTION LEVEL 2|POLYSILICON ETCH DRY|STRIP RESIST LEVEL 2|CLEAN AFTER POLY ETCH|MEASURE CD LEVEL 2|IMPLANT N-TYPE|PRE ANNEAL CHECK|RAPID THERMAL ANNEAL|MEASURE SHEET RESISTANCE|DEPOSIT GATE OXIDE OR DIELECTRIC|ANNEAL DIELECTRIC|MEASURE OXIDE QUALITY|DEPOSIT POLYSILICON|POLYSILICON ANNEAL|MEASURE POLY THICKNESS|SPIN COAT PHOTORESIST|SOFT BAKE
valid_0470,OPEN PAD WINDOW|PAD WINDOW LITHO|DEVELOP PHOTORESIST|PASSIVATION ETCH PAD OPENING|STRIP RESIST|CLEAN PAD OPENING|MEASURE PAD OPENING|BACKSIDE GRIND|MEASURE THICKNESS|BACKSIDE ETCH CLEAN|BACKSIDE RINSE|BACKSIDE DRY|BACKSIDE METALLIZATION PREP|DEPOSIT BACKSIDE METAL|BACKSIDE ANNEAL|MEASURE BACKSIDE CONTACT|FINAL CLEAN|FINAL THICKNESS MEASURE|FINAL GEOMETRY CHECK|FINAL CD INSPECTION|FINAL PARTICLE INSPECTION|PARAMETRIC TEST|LEAKAGE TEST|BREAKDOWN VOLTAGE TEST|SWITCHING TEST|YIELD ANALYSIS|WAFER SORT TEST|FINAL LOT RELEASE|SHIP LOT
valid_0471,STRIP RESIST|CLEAN AFTER VIA ETCH|MEASURE VIA CD|DEPOSIT BARRIER METAL|DEPOSIT METAL SEED|FILL VIA METAL|CMP VIA FILL|MEASURE CONTACT RESISTANCE|DEPOSIT TOP METAL|ANNEAL METAL|SPIN COAT PHOTORESIST|SOFT BAKE|ALIGN MASK LEVEL 2|EXPOSE LITHO LEVEL 2|DEVELOP PHOTORESIST|PATTERN INSPECTION LEVEL 2|POLYSILICON ETCH DRY|STRIP RESIST LEVEL 2|CLEAN AFTER POLY ETCH|MEASURE CD LEVEL 2|IMPLANT N-TYPE|PRE ANNEAL CHECK|RAPID THERMAL ANNEAL|MEASURE SHEET RESISTANCE|DEPOSIT GATE OXIDE OR DIELECTRIC|ANNEAL DIELECTRIC|MEASURE OXIDE QUALITY|DEPOSIT POLYSILICON|POLYSILICON ANNEAL|MEASURE POLY THICKNESS|SPIN COAT PHOTORESIST|SOFT BAKE
valid_0472,DEVELOP PHOTORESIST|PASSIVATION ETCH PAD OPENING|STRIP RESIST|CLEAN PAD OPENING|MEASURE PAD OPENING|BACKSIDE GRIND|MEASURE THICKNESS|BACKSIDE ETCH CLEAN|BACKSIDE RINSE|BACKSIDE DRY|BACKSIDE METALLIZATION PREP|DEPOSIT BACKSIDE METAL|BACKSIDE ANNEAL|MEASURE BACKSIDE CONTACT|FINAL CLEAN|FINAL THICKNESS MEASURE|FINAL GEOMETRY CHECK|FINAL CD INSPECTION|FINAL PARTICLE INSPECTION|PARAMETRIC TEST|LEAKAGE TEST|BREAKDOWN VOLTAGE TEST|SWITCHING TEST|YIELD ANALYSIS|WAFER SORT TEST|FINAL LOT RELEASE|SHIP LOT
valid_0473,CLEAN AFTER VIA ETCH|MEASURE VIA CD|DEPOSIT BARRIER METAL|DEPOSIT METAL SEED|FILL VIA METAL|CMP VIA FILL|MEASURE CONTACT RESISTANCE|DEPOSIT TOP METAL|ANNEAL METAL|SPIN COAT PHOTORESIST|SOFT BAKE|ALIGN MASK LEVEL 2|EXPOSE LITHO LEVEL 2|DEVELOP PHOTORESIST|PATTERN INSPECTION LEVEL 2|POLYSILICON ETCH DRY|STRIP RESIST LEVEL 2|CLEAN AFTER POLY ETCH|MEASURE CD LEVEL 2|IMPLANT N-TYPE|PRE ANNEAL CHECK|RAPID THERMAL ANNEAL|MEASURE SHEET RESISTANCE|DEPOSIT GATE OXIDE OR DIELECTRIC|ANNEAL DIELECTRIC|MEASURE OXIDE QUALITY|DEPOSIT POLYSILICON|POLYSILICON ANNEAL|MEASURE POLY THICKNESS|SPIN COAT PHOTORESIST|SOFT BAKE
valid_0474,DEVELOP PHOTORESIST|PASSIVATION ETCH PAD OPENING|STRIP RESIST|CLEAN PAD OPENING|MEASURE PAD OPENING|BACKSIDE GRIND|MEASURE THICKNESS|BACKSIDE ETCH CLEAN|BACKSIDE RINSE|BACKSIDE DRY|BACKSIDE METALLIZATION PREP|DEPOSIT BACKSIDE METAL|BACKSIDE ANNEAL|MEASURE BACKSIDE CONTACT|FINAL CLEAN|FINAL THICKNESS MEASURE|FINAL GEOMETRY CHECK|FINAL CD INSPECTION|FINAL PARTICLE INSPECTION|PARAMETRIC TEST|LEAKAGE TEST|BREAKDOWN VOLTAGE TEST|SWITCHING TEST|YIELD ANALYSIS|WAFER SORT TEST|FINAL LOT RELEASE|SHIP LOT
valid_0475,HARD BAKE|VIA ETCH THROUGH DIELECTRIC|STRIP RESIST|CLEAN AFTER VIA ETCH|MEASURE VIA CD|DEPOSIT BARRIER METAL|DEPOSIT METAL SEED|FILL VIA METAL|CMP VIA FILL|MEASURE CONTACT RESISTANCE|DEPOSIT TOP METAL|ANNEAL METAL|SPIN COAT PHOTORESIST|SOFT BAKE|ALIGN MASK LEVEL 2|EXPOSE LITHO LEVEL 2|DEVELOP PHOTORESIST|PATTERN INSPECTION LEVEL 2|POLYSILICON ETCH DRY|STRIP RESIST LEVEL 2|CLEAN AFTER POLY ETCH|MEASURE CD LEVEL 2|IMPLANT N-TYPE|PRE ANNEAL CHECK|RAPID THERMAL ANNEAL|MEASURE SHEET RESISTANCE|DEPOSIT GATE OXIDE OR DIELECTRIC|ANNEAL DIELECTRIC|MEASURE OXIDE QUALITY|DEPOSIT POLYSILICON|POLYSILICON ANNEAL|MEASURE POLY THICKNESS|SPIN COAT PHOTORESIST|SOFT BAKE
valid_0476,MEASURE PASSIVATION THICKNESS|OPEN PAD WINDOW|OPEN PAD WINDOW LITHO|DEVELOP PHOTORESIST|PASSIVATION ETCH|STRIP RESIST|CLEAN PAD OPENING|MEASURE PAD OPENING|BACKSIDE GRIND|MEASURE THICKNESS|BACKSIDE ETCH CLEAN|BACKSIDE RINSE|BACKSIDE DRY|BACKSIDE METALLIZATION PREP|DEPOSIT BACKSIDE METAL|BACKSIDE ANNEAL|MEASURE BACKSIDE CONTACT|FINAL CLEAN|FINAL THICKNESS MEASURE|FINAL GEOMETRY CHECK|FINAL CD INSPECTION|FINAL PARTICLE INSPECTION|PARAMETRIC TEST|LEAKAGE TEST|BREAKDOWN VOLTAGE TEST|SWITCHING TEST|YIELD ANALYSIS|WAFER SORT TEST|FINAL LOT RELEASE|SHIP LOT
valid_0477,MEASURE VIA CD|DEPOSIT BARRIER METAL|DEPOSIT METAL SEED|FILL VIA METAL|CMP VIA FILL|MEASURE CONTACT RESISTANCE|DEPOSIT TOP METAL|ANNEAL METAL|SPIN COAT PHOTORESIST|SOFT BAKE|ALIGN MASK LEVEL 2|EXPOSE LITHO LEVEL 2|DEVELOP PHOTORESIST|PATTERN INSPECTION LEVEL 2|POLYSILICON ETCH DRY|STRIP RESIST LEVEL 2|CLEAN AFTER POLY ETCH|MEASURE CD LEVEL 2|IMPLANT N-TYPE|PRE ANNEAL CHECK|RAPID THERMAL ANNEAL|MEASURE SHEET RESISTANCE|DEPOSIT GATE OXIDE OR DIELECTRIC|ANNEAL DIELECTRIC|MEASURE OXIDE QUALITY|DEPOSIT POLYSILICON|POLYSILICON ANNEAL|MEASURE POLY THICKNESS|SPIN COAT PHOTORESIST|SOFT BAKE
valid_0478,PAD WINDOW LITHO|DEVELOP PHOTORESIST|PASSIVATION ETCH PAD OPENING|STRIP RESIST|CLEAN PAD OPENING|MEASURE PAD OPENING|BACKSIDE GRIND|MEASURE THICKNESS|BACKSIDE ETCH CLEAN|BACKSIDE RINSE|BACKSIDE DRY|BACKSIDE METALLIZATION PREP|DEPOSIT BACKSIDE METAL|BACKSIDE ANNEAL|MEASURE BACKSIDE CONTACT|FINAL CLEAN|FINAL THICKNESS MEASURE|FINAL GEOMETRY CHECK|FINAL CD INSPECTION|FINAL PARTICLE INSPECTION|PARAMETRIC TEST|LEAKAGE TEST|BREAKDOWN VOLTAGE TEST|SWITCHING TEST|YIELD ANALYSIS|WAFER SORT TEST|FINAL LOT RELEASE|SHIP LOT
valid_0479,STRIP RESIST|CLEAN AFTER VIA ETCH|MEASURE VIA CD|DEPOSIT BARRIER METAL|DEPOSIT METAL SEED|FILL VIA METAL|CMP VIA FILL|MEASURE CONTACT RESISTANCE|DEPOSIT TOP METAL|ANNEAL METAL|SPIN COAT PHOTORESIST|SOFT BAKE|ALIGN MASK LEVEL 2|EXPOSE LITHO LEVEL 2|DEVELOP PHOTORESIST|PATTERN INSPECTION LEVEL 2|POLYSILICON ETCH DRY|STRIP RESIST LEVEL 2|CLEAN AFTER POLY ETCH|MEASURE CD LEVEL 2|IMPLANT N-TYPE|PRE ANNEAL CHECK|RAPID THERMAL ANNEAL|MEASURE SHEET RESISTANCE|DEPOSIT GATE OXIDE OR DIELECTRIC|ANNEAL DIELECTRIC|MEASURE OXIDE QUALITY|DEPOSIT POLYSILICON|POLYSILICON ANNEAL|MEASURE POLY THICKNESS|SPIN COAT PHOTORESIST|SOFT BAKE
valid_0480,MEASURE PASSIVATION THICKNESS|OPEN PAD WINDOW|OPEN PAD WINDOW LITHO|DEVELOP PHOTORESIST|PASSIVATION ETCH|STRIP RESIST|CLEAN PAD OPENING|MEASURE PAD OPENING|BACKSIDE GRIND|MEASURE THICKNESS|BACKSIDE ETCH CLEAN|BACKSIDE RINSE|BACKSIDE DRY|BACKSIDE METALLIZATION PREP|DEPOSIT BACKSIDE METAL|BACKSIDE ANNEAL|MEASURE BACKSIDE CONTACT|FINAL CLEAN|FINAL THICKNESS MEASURE|FINAL GEOMETRY CHECK|FINAL CD INSPECTION|FINAL PARTICLE INSPECTION|PARAMETRIC TEST|LEAKAGE TEST|BREAKDOWN VOLTAGE TEST|SWITCHING TEST|YIELD ANALYSIS|WAFER SORT TEST|FINAL LOT RELEASE|SHIP LOT
valid_0481,MEASURE VIA CD|DEPOSIT BARRIER METAL|DEPOSIT METAL SEED|FILL VIA METAL|CMP VIA FILL|MEASURE CONTACT RESISTANCE|DEPOSIT TOP METAL|ANNEAL METAL|SPIN COAT PHOTORESIST|SOFT BAKE|ALIGN MASK LEVEL 2|EXPOSE LITHO LEVEL 2|DEVELOP PHOTORESIST|PATTERN INSPECTION LEVEL 2|POLYSILICON ETCH DRY|STRIP RESIST LEVEL 2|CLEAN AFTER POLY ETCH|MEASURE CD LEVEL 2|IMPLANT N-TYPE|PRE ANNEAL CHECK|RAPID THERMAL ANNEAL|MEASURE SHEET RESISTANCE|DEPOSIT GATE OXIDE OR DIELECTRIC|ANNEAL DIELECTRIC|MEASURE OXIDE QUALITY|DEPOSIT POLYSILICON|POLYSILICON ANNEAL|MEASURE POLY THICKNESS|SPIN COAT PHOTORESIST|SOFT BAKE
valid_0482,OPEN PAD WINDOW LITHO|DEVELOP PHOTORESIST|PASSIVATION ETCH|STRIP RESIST|CLEAN PAD OPENING|MEASURE PAD OPENING|BACKSIDE GRIND|MEASURE THICKNESS|BACKSIDE ETCH CLEAN|BACKSIDE RINSE|BACKSIDE DRY|BACKSIDE METALLIZATION PREP|DEPOSIT BACKSIDE METAL|BACKSIDE ANNEAL|MEASURE BACKSIDE CONTACT|FINAL CLEAN|FINAL THICKNESS MEASURE|FINAL GEOMETRY CHECK|FINAL CD INSPECTION|FINAL PARTICLE INSPECTION|PARAMETRIC TEST|LEAKAGE TEST|BREAKDOWN VOLTAGE TEST|SWITCHING TEST|YIELD ANALYSIS|WAFER SORT TEST|FINAL LOT RELEASE|SHIP LOT
valid_0483,DEPOSIT METAL SEED|FILL VIA METAL|CMP VIA FILL|MEASURE CONTACT RESISTANCE|DEPOSIT TOP METAL|ANNEAL METAL|SPIN COAT PHOTORESIST|SOFT BAKE|ALIGN MASK LEVEL 2|EXPOSE LITHO LEVEL 2|DEVELOP PHOTORESIST|PATTERN INSPECTION LEVEL 2|POLYSILICON ETCH DRY|STRIP RESIST LEVEL 2|CLEAN AFTER POLY ETCH|MEASURE CD LEVEL 2|IMPLANT N-TYPE|PRE ANNEAL CHECK|RAPID THERMAL ANNEAL|MEASURE SHEET RESISTANCE|DEPOSIT GATE OXIDE OR DIELECTRIC|ANNEAL DIELECTRIC|MEASURE OXIDE QUALITY|DEPOSIT POLYSILICON|POLYSILICON ANNEAL|MEASURE POLY THICKNESS|SPIN COAT PHOTORESIST|SOFT BAKE
valid_0484,PASSIVATION ETCH PAD OPENING|STRIP PHOTORESIST|CLEAN PAD OPENING|MEASURE PAD OPENING|BACKSIDE GRIND|MEASURE THICKNESS|BACKSIDE ETCH CLEAN|BACKSIDE RINSE|BACKSIDE DRY|BACKSIDE METALLIZATION PREP|DEPOSIT BACKSIDE METAL|BACKSIDE ANNEAL|MEASURE BACKSIDE CONTACT|FINAL CLEAN|FINAL THICKNESS MEASURE|FINAL GEOMETRY CHECK|FINAL CD INSPECTION|FINAL PARTICLE INSPECTION|PARAMETRIC TEST|LEAKAGE TEST|BREAKDOWN VOLTAGE TEST|SWITCHING TEST|YIELD ANALYSIS|WAFER SORT TEST|FINAL LOT RELEASE|SHIP LOT
valid_0485,STRIP RESIST|CLEAN AFTER VIA ETCH|MEASURE VIA CD|DEPOSIT BARRIER METAL|DEPOSIT METAL SEED|FILL VIA METAL|CMP VIA FILL|MEASURE CONTACT RESISTANCE|DEPOSIT TOP METAL|ANNEAL METAL|SPIN COAT PHOTORESIST|SOFT BAKE|ALIGN MASK LEVEL 2|EXPOSE LITHO LEVEL 2|DEVELOP PHOTORESIST|PATTERN INSPECTION LEVEL 2|POLYSILICON ETCH DRY|STRIP RESIST LEVEL 2|CLEAN AFTER POLY ETCH|MEASURE CD LEVEL 2|IMPLANT N-TYPE|PRE ANNEAL CHECK|RAPID THERMAL ANNEAL|MEASURE SHEET RESISTANCE|DEPOSIT GATE OXIDE OR DIELECTRIC|ANNEAL DIELECTRIC|MEASURE OXIDE QUALITY|DEPOSIT POLYSILICON|POLYSILICON ANNEAL|MEASURE POLY THICKNESS|SPIN COAT PHOTORESIST|SOFT BAKE
valid_0486,DEVELOP PHOTORESIST|PASSIVATION ETCH|STRIP RESIST|CLEAN PAD OPENING|MEASURE PAD OPENING|BACKSIDE GRIND|MEASURE THICKNESS|BACKSIDE ETCH CLEAN|BACKSIDE RINSE|BACKSIDE DRY|BACKSIDE METALLIZATION PREP|DEPOSIT BACKSIDE METAL|BACKSIDE ANNEAL|MEASURE BACKSIDE CONTACT|FINAL CLEAN|FINAL THICKNESS MEASURE|FINAL GEOMETRY CHECK|FINAL CD INSPECTION|FINAL PARTICLE INSPECTION|PARAMETRIC TEST|LEAKAGE TEST|BREAKDOWN VOLTAGE TEST|SWITCHING TEST|YIELD ANALYSIS|WAFER SORT TEST|FINAL LOT RELEASE|SHIP LOT
valid_0487,STRIP PHOTORESIST|CLEAN AFTER VIA ETCH|MEASURE VIA CD|DEPOSIT BARRIER METAL|DEPOSIT METAL SEED|FILL VIA METAL|CMP VIA FILL|MEASURE CONTACT RESISTANCE|DEPOSIT TOP METAL|ANNEAL METAL|SPIN COAT PHOTORESIST|SOFT BAKE|ALIGN MASK LEVEL 2|EXPOSE LITHO LEVEL 2|DEVELOP PHOTORESIST|PATTERN INSPECTION LEVEL 2|POLYSILICON ETCH DRY|STRIP RESIST LEVEL 2|CLEAN AFTER POLY ETCH|MEASURE CD LEVEL 2|IMPLANT N-TYPE|PRE ANNEAL CHECK|RAPID THERMAL ANNEAL|MEASURE SHEET RESISTANCE|DEPOSIT GATE OXIDE OR DIELECTRIC|ANNEAL DIELECTRIC|MEASURE OXIDE QUALITY|DEPOSIT POLYSILICON|POLYSILICON ANNEAL|MEASURE POLY THICKNESS|SPIN COAT PHOTORESIST|SOFT BAKE
valid_0488,MEASURE PASSIVATION THICKNESS|OPEN PAD WINDOW|OPEN PAD WINDOW LITHO|DEVELOP PHOTORESIST|PASSIVATION ETCH|STRIP RESIST|CLEAN PAD OPENING|MEASURE PAD OPENING|BACKSIDE GRIND|MEASURE THICKNESS|BACKSIDE ETCH CLEAN|BACKSIDE RINSE|BACKSIDE DRY|BACKSIDE METALLIZATION PREP|DEPOSIT BACKSIDE METAL|BACKSIDE ANNEAL|MEASURE BACKSIDE CONTACT|FINAL CLEAN|FINAL THICKNESS MEASURE|FINAL GEOMETRY CHECK|FINAL CD INSPECTION|FINAL PARTICLE INSPECTION|PARAMETRIC TEST|LEAKAGE TEST|BREAKDOWN VOLTAGE TEST|SWITCHING TEST|YIELD ANALYSIS|WAFER SORT TEST|FINAL LOT RELEASE|SHIP LOT
valid_0489,STRIP RESIST|CLEAN AFTER VIA ETCH|MEASURE VIA CD|DEPOSIT BARRIER METAL|DEPOSIT METAL SEED|FILL VIA METAL|CMP VIA FILL|MEASURE CONTACT RESISTANCE|DEPOSIT TOP METAL|ANNEAL METAL|SPIN COAT PHOTORESIST|SOFT BAKE|ALIGN MASK LEVEL 2|EXPOSE LITHO LEVEL 2|DEVELOP PHOTORESIST|PATTERN INSPECTION LEVEL 2|POLYSILICON ETCH DRY|STRIP RESIST LEVEL 2|CLEAN AFTER POLY ETCH|MEASURE CD LEVEL 2|IMPLANT N-TYPE|PRE ANNEAL CHECK|RAPID THERMAL ANNEAL|MEASURE SHEET RESISTANCE|DEPOSIT GATE OXIDE OR DIELECTRIC|ANNEAL DIELECTRIC|MEASURE OXIDE QUALITY|DEPOSIT POLYSILICON|POLYSILICON ANNEAL|MEASURE POLY THICKNESS|SPIN COAT PHOTORESIST|SOFT BAKE
valid_0490,DEVELOP PHOTORESIST|PASSIVATION ETCH|STRIP RESIST|CLEAN PAD OPENING|MEASURE PAD OPENING|BACKSIDE GRIND|MEASURE THICKNESS|BACKSIDE ETCH CLEAN|BACKSIDE RINSE|BACKSIDE DRY|BACKSIDE METALLIZATION PREP|DEPOSIT BACKSIDE METAL|BACKSIDE ANNEAL|MEASURE BACKSIDE CONTACT|FINAL CLEAN|FINAL THICKNESS MEASURE|FINAL GEOMETRY CHECK|FINAL CD INSPECTION|FINAL PARTICLE INSPECTION|PARAMETRIC TEST|LEAKAGE TEST|BREAKDOWN VOLTAGE TEST|SWITCHING TEST|YIELD ANALYSIS|WAFER SORT TEST|FINAL LOT RELEASE|SHIP LOT
valid_0491,CLEAN AFTER VIA ETCH|MEASURE VIA CD|DEPOSIT BARRIER METAL|DEPOSIT METAL SEED|FILL VIA METAL|CMP VIA FILL|MEASURE CONTACT RESISTANCE|DEPOSIT TOP METAL|ANNEAL METAL|SPIN COAT PHOTORESIST|SOFT BAKE|ALIGN MASK LEVEL 2|EXPOSE LITHO LEVEL 2|DEVELOP PHOTORESIST|PATTERN INSPECTION LEVEL 2|POLYSILICON ETCH DRY|STRIP RESIST LEVEL 2|CLEAN AFTER POLY ETCH|MEASURE CD LEVEL 2|IMPLANT N-TYPE|PRE ANNEAL CHECK|RAPID THERMAL ANNEAL|MEASURE SHEET RESISTANCE|DEPOSIT GATE OXIDE OR DIELECTRIC|ANNEAL DIELECTRIC|MEASURE OXIDE QUALITY|DEPOSIT POLYSILICON|POLYSILICON ANNEAL|MEASURE POLY THICKNESS|SPIN COAT PHOTORESIST|SOFT BAKE
valid_0492,OPEN PAD WINDOW|PAD WINDOW LITHO|DEVELOP PHOTORESIST|PASSIVATION ETCH PAD OPENING|STRIP RESIST|CLEAN PAD OPENING|MEASURE PAD OPENING|BACKSIDE GRIND|MEASURE THICKNESS|BACKSIDE ETCH CLEAN|BACKSIDE RINSE|BACKSIDE DRY|BACKSIDE METALLIZATION PREP|DEPOSIT BACKSIDE METAL|BACKSIDE ANNEAL|MEASURE BACKSIDE CONTACT|FINAL CLEAN|FINAL THICKNESS MEASURE|FINAL GEOMETRY CHECK|FINAL CD INSPECTION|FINAL PARTICLE INSPECTION|PARAMETRIC TEST|LEAKAGE TEST|BREAKDOWN VOLTAGE TEST|SWITCHING TEST|YIELD ANALYSIS|WAFER SORT TEST|FINAL LOT RELEASE|SHIP LOT
valid_0493,MEASURE VIA CD|DEPOSIT BARRIER METAL|DEPOSIT METAL SEED|FILL VIA METAL|CMP VIA FILL|MEASURE CONTACT RESISTANCE|DEPOSIT TOP METAL|ANNEAL METAL|SPIN COAT PHOTORESIST|SOFT BAKE|ALIGN MASK LEVEL 2|EXPOSE LITHO LEVEL 2|DEVELOP PHOTORESIST|PATTERN INSPECTION LEVEL 2|POLYSILICON ETCH DRY|STRIP RESIST LEVEL 2|CLEAN AFTER POLY ETCH|MEASURE CD LEVEL 2|IMPLANT N-TYPE|PRE ANNEAL CHECK|RAPID THERMAL ANNEAL|MEASURE SHEET RESISTANCE|DEPOSIT GATE OXIDE OR DIELECTRIC|ANNEAL DIELECTRIC|MEASURE OXIDE QUALITY|DEPOSIT POLYSILICON|POLYSILICON ANNEAL|MEASURE POLY THICKNESS|SPIN COAT PHOTORESIST|SOFT BAKE
valid_0494,PAD WINDOW LITHO|DEVELOP PHOTORESIST|PASSIVATION ETCH PAD OPENING|STRIP RESIST|CLEAN PAD OPENING|MEASURE PAD OPENING|BACKSIDE GRIND|MEASURE THICKNESS|BACKSIDE ETCH CLEAN|BACKSIDE RINSE|BACKSIDE DRY|BACKSIDE METALLIZATION PREP|DEPOSIT BACKSIDE METAL|BACKSIDE ANNEAL|MEASURE BACKSIDE CONTACT|FINAL CLEAN|FINAL THICKNESS MEASURE|FINAL GEOMETRY CHECK|FINAL CD INSPECTION|FINAL PARTICLE INSPECTION|PARAMETRIC TEST|LEAKAGE TEST|BREAKDOWN VOLTAGE TEST|SWITCHING TEST|YIELD ANALYSIS|WAFER SORT TEST|FINAL LOT RELEASE|SHIP LOT
valid_0495,STRIP RESIST|CLEAN AFTER VIA ETCH|MEASURE VIA CD|DEPOSIT BARRIER METAL|DEPOSIT METAL SEED|FILL VIA METAL|CMP VIA FILL|MEASURE CONTACT RESISTANCE|DEPOSIT TOP METAL|ANNEAL METAL|SPIN COAT PHOTORESIST|SOFT BAKE|ALIGN MASK LEVEL 2|EXPOSE LITHO LEVEL 2|DEVELOP PHOTORESIST|PATTERN INSPECTION LEVEL 2|POLYSILICON ETCH DRY|STRIP RESIST LEVEL 2|CLEAN AFTER POLY ETCH|MEASURE CD LEVEL 2|IMPLANT N-TYPE|PRE ANNEAL CHECK|RAPID THERMAL ANNEAL|MEASURE SHEET RESISTANCE|DEPOSIT GATE OXIDE OR DIELECTRIC|ANNEAL DIELECTRIC|MEASURE OXIDE QUALITY|DEPOSIT POLYSILICON|POLYSILICON ANNEAL|MEASURE POLY THICKNESS|SPIN COAT PHOTORESIST|SOFT BAKE
valid_0496,OPEN PAD WINDOW|OPEN PAD WINDOW LITHO|DEVELOP PHOTORESIST|PASSIVATION ETCH|STRIP RESIST|CLEAN PAD OPENING|MEASURE PAD OPENING|BACKSIDE GRIND|MEASURE THICKNESS|BACKSIDE ETCH CLEAN|BACKSIDE RINSE|BACKSIDE DRY|BACKSIDE METALLIZATION PREP|DEPOSIT BACKSIDE METAL|BACKSIDE ANNEAL|MEASURE BACKSIDE CONTACT|FINAL CLEAN|FINAL THICKNESS MEASURE|FINAL GEOMETRY CHECK|FINAL CD INSPECTION|FINAL PARTICLE INSPECTION|PARAMETRIC TEST|LEAKAGE TEST|BREAKDOWN VOLTAGE TEST|SWITCHING TEST|YIELD ANALYSIS|WAFER SORT TEST|FINAL LOT RELEASE|SHIP LOT
valid_0497,STRIP RESIST|CLEAN AFTER VIA ETCH|MEASURE VIA CD|DEPOSIT BARRIER METAL|DEPOSIT METAL SEED|FILL VIA METAL|CMP VIA FILL|MEASURE CONTACT RESISTANCE|DEPOSIT TOP METAL|ANNEAL METAL|SPIN COAT PHOTORESIST|SOFT BAKE|ALIGN MASK LEVEL 2|EXPOSE LITHO LEVEL 2|DEVELOP PHOTORESIST|PATTERN INSPECTION LEVEL 2|POLYSILICON ETCH DRY|STRIP RESIST LEVEL 2|CLEAN AFTER POLY ETCH|MEASURE CD LEVEL 2|IMPLANT N-TYPE|PRE ANNEAL CHECK|RAPID THERMAL ANNEAL|MEASURE SHEET RESISTANCE|DEPOSIT GATE OXIDE OR DIELECTRIC|ANNEAL DIELECTRIC|MEASURE OXIDE QUALITY|DEPOSIT POLYSILICON|POLYSILICON ANNEAL|MEASURE POLY THICKNESS|SPIN COAT PHOTORESIST|SOFT BAKE
valid_0498,MEASURE PASSIVATION THICKNESS|OPEN PAD WINDOW|OPEN PAD WINDOW LITHO|DEVELOP PHOTORESIST|PASSIVATION ETCH|STRIP RESIST|CLEAN PAD OPENING|MEASURE PAD OPENING|BACKSIDE GRIND|MEASURE THICKNESS|BACKSIDE ETCH CLEAN|BACKSIDE RINSE|BACKSIDE DRY|BACKSIDE METALLIZATION PREP|DEPOSIT BACKSIDE METAL|BACKSIDE ANNEAL|MEASURE BACKSIDE CONTACT|FINAL CLEAN|FINAL THICKNESS MEASURE|FINAL GEOMETRY CHECK|FINAL CD INSPECTION|FINAL PARTICLE INSPECTION|PARAMETRIC TEST|LEAKAGE TEST|BREAKDOWN VOLTAGE TEST|SWITCHING TEST|YIELD ANALYSIS|WAFER SORT TEST|FINAL LOT RELEASE|SHIP LOT
valid_0499,CLEAN AFTER VIA ETCH|MEASURE VIA CD|DEPOSIT BARRIER METAL|DEPOSIT METAL SEED|FILL VIA METAL|CMP VIA FILL|MEASURE CONTACT RESISTANCE|DEPOSIT TOP METAL|ANNEAL METAL|SPIN COAT PHOTORESIST|SOFT BAKE|ALIGN MASK LEVEL 2|EXPOSE LITHO LEVEL 2|DEVELOP PHOTORESIST|PATTERN INSPECTION LEVEL 2|POLYSILICON ETCH DRY|STRIP RESIST LEVEL 2|CLEAN AFTER POLY ETCH|MEASURE CD LEVEL 2|IMPLANT N-TYPE|PRE ANNEAL CHECK|RAPID THERMAL ANNEAL|MEASURE SHEET RESISTANCE|DEPOSIT GATE OXIDE OR DIELECTRIC|ANNEAL DIELECTRIC|MEASURE OXIDE QUALITY|DEPOSIT POLYSILICON|POLYSILICON ANNEAL|MEASURE POLY THICKNESS|SPIN COAT PHOTORESIST|SOFT BAKE
valid_0500,OPEN PAD WINDOW LITHO|DEVELOP PHOTORESIST|PASSIVATION ETCH|STRIP RESIST|CLEAN PAD OPENING|MEASURE PAD OPENING|BACKSIDE GRIND|MEASURE THICKNESS|BACKSIDE ETCH CLEAN|BACKSIDE RINSE|BACKSIDE DRY|BACKSIDE METALLIZATION PREP|DEPOSIT BACKSIDE METAL|BACKSIDE ANNEAL|MEASURE BACKSIDE CONTACT|FINAL CLEAN|FINAL THICKNESS MEASURE|FINAL GEOMETRY CHECK|FINAL CD INSPECTION|FINAL PARTICLE INSPECTION|PARAMETRIC TEST|LEAKAGE TEST|BREAKDOWN VOLTAGE TEST|SWITCHING TEST|YIELD ANALYSIS|WAFER SORT TEST|FINAL LOT RELEASE|SHIP LOT
valid_0501,STRIP PHOTORESIST|CLEAN AFTER VIA ETCH|MEASURE VIA CD|DEPOSIT BARRIER METAL|DEPOSIT METAL SEED|FILL VIA METAL|CMP VIA FILL|MEASURE CONTACT RESISTANCE|DEPOSIT TOP METAL|ANNEAL METAL|SPIN COAT PHOTORESIST|SOFT BAKE|ALIGN MASK LEVEL 2|EXPOSE LITHO LEVEL 2|DEVELOP PHOTORESIST|PATTERN INSPECTION LEVEL 2|POLYSILICON ETCH DRY|STRIP RESIST LEVEL 2|CLEAN AFTER POLY ETCH|MEASURE CD LEVEL 2|IMPLANT N-TYPE|PRE ANNEAL CHECK|RAPID THERMAL ANNEAL|MEASURE SHEET RESISTANCE|DEPOSIT GATE OXIDE OR DIELECTRIC|ANNEAL DIELECTRIC|MEASURE OXIDE QUALITY|DEPOSIT POLYSILICON|POLYSILICON ANNEAL|MEASURE POLY THICKNESS|SPIN COAT PHOTORESIST|SOFT BAKE
valid_0502,OPEN PAD WINDOW|OPEN PAD WINDOW LITHO|DEVELOP PHOTORESIST|PASSIVATION ETCH|STRIP RESIST|CLEAN PAD OPENING|MEASURE PAD OPENING|BACKSIDE GRIND|MEASURE THICKNESS|BACKSIDE ETCH CLEAN|BACKSIDE RINSE|BACKSIDE DRY|BACKSIDE METALLIZATION PREP|DEPOSIT BACKSIDE METAL|BACKSIDE ANNEAL|MEASURE BACKSIDE CONTACT|FINAL CLEAN|FINAL THICKNESS MEASURE|FINAL GEOMETRY CHECK|FINAL CD INSPECTION|FINAL PARTICLE INSPECTION|PARAMETRIC TEST|LEAKAGE TEST|BREAKDOWN VOLTAGE TEST|SWITCHING TEST|YIELD ANALYSIS|WAFER SORT TEST|FINAL LOT RELEASE|SHIP LOT
valid_0503,VIA ETCH THROUGH DIELECTRIC|STRIP RESIST|CLEAN AFTER VIA ETCH|MEASURE VIA CD|DEPOSIT BARRIER METAL|DEPOSIT METAL SEED|FILL VIA METAL|CMP VIA FILL|MEASURE CONTACT RESISTANCE|DEPOSIT TOP METAL|ANNEAL METAL|SPIN COAT PHOTORESIST|SOFT BAKE|ALIGN MASK LEVEL 2|EXPOSE LITHO LEVEL 2|DEVELOP PHOTORESIST|PATTERN INSPECTION LEVEL 2|POLYSILICON ETCH DRY|STRIP RESIST LEVEL 2|CLEAN AFTER POLY ETCH|MEASURE CD LEVEL 2|IMPLANT N-TYPE|PRE ANNEAL CHECK|RAPID THERMAL ANNEAL|MEASURE SHEET RESISTANCE|DEPOSIT GATE OXIDE OR DIELECTRIC|ANNEAL DIELECTRIC|MEASURE OXIDE QUALITY|DEPOSIT POLYSILICON|POLYSILICON ANNEAL|MEASURE POLY THICKNESS|SPIN COAT PHOTORESIST|SOFT BAKE
valid_0504,OPEN PAD WINDOW|PAD WINDOW LITHO|DEVELOP PHOTORESIST|PASSIVATION ETCH PAD OPENING|STRIP RESIST|CLEAN PAD OPENING|MEASURE PAD OPENING|BACKSIDE GRIND|MEASURE THICKNESS|BACKSIDE ETCH CLEAN|BACKSIDE RINSE|BACKSIDE DRY|BACKSIDE METALLIZATION PREP|DEPOSIT BACKSIDE METAL|BACKSIDE ANNEAL|MEASURE BACKSIDE CONTACT|FINAL CLEAN|FINAL THICKNESS MEASURE|FINAL GEOMETRY CHECK|FINAL CD INSPECTION|FINAL PARTICLE INSPECTION|PARAMETRIC TEST|LEAKAGE TEST|BREAKDOWN VOLTAGE TEST|SWITCHING TEST|YIELD ANALYSIS|WAFER SORT TEST|FINAL LOT RELEASE|SHIP LOT
valid_0505,DEPOSIT BARRIER METAL|DEPOSIT METAL SEED|FILL VIA METAL|CMP VIA FILL|MEASURE CONTACT RESISTANCE|DEPOSIT TOP METAL|ANNEAL METAL|SPIN COAT PHOTORESIST|SOFT BAKE|ALIGN MASK LEVEL 2|EXPOSE LITHO LEVEL 2|DEVELOP PHOTORESIST|PATTERN INSPECTION LEVEL 2|POLYSILICON ETCH DRY|STRIP RESIST LEVEL 2|CLEAN AFTER POLY ETCH|MEASURE CD LEVEL 2|IMPLANT N-TYPE|PRE ANNEAL CHECK|RAPID THERMAL ANNEAL|MEASURE SHEET RESISTANCE|DEPOSIT GATE OXIDE OR DIELECTRIC|ANNEAL DIELECTRIC|MEASURE OXIDE QUALITY|DEPOSIT POLYSILICON|POLYSILICON ANNEAL|MEASURE POLY THICKNESS|SPIN COAT PHOTORESIST|SOFT BAKE
valid_0506,OPEN PAD WINDOW|PAD WINDOW LITHO|DEVELOP PHOTORESIST|PASSIVATION ETCH PAD OPENING|STRIP RESIST|CLEAN PAD OPENING|MEASURE PAD OPENING|BACKSIDE GRIND|MEASURE THICKNESS|BACKSIDE ETCH CLEAN|BACKSIDE RINSE|BACKSIDE DRY|BACKSIDE METALLIZATION PREP|DEPOSIT BACKSIDE METAL|BACKSIDE ANNEAL|MEASURE BACKSIDE CONTACT|FINAL CLEAN|FINAL THICKNESS MEASURE|FINAL GEOMETRY CHECK|FINAL CD INSPECTION|FINAL PARTICLE INSPECTION|PARAMETRIC TEST|LEAKAGE TEST|BREAKDOWN VOLTAGE TEST|SWITCHING TEST|YIELD ANALYSIS|WAFER SORT TEST|FINAL LOT RELEASE|SHIP LOT
valid_0507,CLEAN AFTER VIA ETCH|MEASURE VIA CD|DEPOSIT BARRIER METAL|DEPOSIT METAL SEED|FILL VIA METAL|CMP VIA FILL|MEASURE CONTACT RESISTANCE|DEPOSIT TOP METAL|ANNEAL METAL|SPIN COAT PHOTORESIST|SOFT BAKE|ALIGN MASK LEVEL 2|EXPOSE LITHO LEVEL 2|DEVELOP PHOTORESIST|PATTERN INSPECTION LEVEL 2|POLYSILICON ETCH DRY|STRIP RESIST LEVEL 2|CLEAN AFTER POLY ETCH|MEASURE CD LEVEL 2|IMPLANT N-TYPE|PRE ANNEAL CHECK|RAPID THERMAL ANNEAL|MEASURE SHEET RESISTANCE|DEPOSIT GATE OXIDE OR DIELECTRIC|ANNEAL DIELECTRIC|MEASURE OXIDE QUALITY|DEPOSIT POLYSILICON|POLYSILICON ANNEAL|MEASURE POLY THICKNESS|SPIN COAT PHOTORESIST|SOFT BAKE
valid_0508,PASSIVATION ETCH|STRIP PHOTORESIST|CLEAN PAD OPENING|MEASURE PAD OPENING|BACKSIDE GRIND|MEASURE THICKNESS|BACKSIDE ETCH CLEAN|BACKSIDE RINSE|BACKSIDE DRY|BACKSIDE METALLIZATION PREP|DEPOSIT BACKSIDE METAL|BACKSIDE ANNEAL|MEASURE BACKSIDE CONTACT|FINAL CLEAN|FINAL THICKNESS MEASURE|FINAL GEOMETRY CHECK|FINAL CD INSPECTION|FINAL PARTICLE INSPECTION|PARAMETRIC TEST|LEAKAGE TEST|BREAKDOWN VOLTAGE TEST|SWITCHING TEST|YIELD ANALYSIS|WAFER SORT TEST|FINAL LOT RELEASE|SHIP LOT
valid_0509,STRIP PHOTORESIST|CLEAN AFTER VIA ETCH|MEASURE VIA CD|DEPOSIT BARRIER METAL|DEPOSIT METAL SEED|FILL VIA METAL|CMP VIA FILL|MEASURE CONTACT RESISTANCE|DEPOSIT TOP METAL|ANNEAL METAL|SPIN COAT PHOTORESIST|SOFT BAKE|ALIGN MASK LEVEL 2|EXPOSE LITHO LEVEL 2|DEVELOP PHOTORESIST|PATTERN INSPECTION LEVEL 2|POLYSILICON ETCH DRY|STRIP RESIST LEVEL 2|CLEAN AFTER POLY ETCH|MEASURE CD LEVEL 2|IMPLANT N-TYPE|PRE ANNEAL CHECK|RAPID THERMAL ANNEAL|MEASURE SHEET RESISTANCE|DEPOSIT GATE OXIDE OR DIELECTRIC|ANNEAL DIELECTRIC|MEASURE OXIDE QUALITY|DEPOSIT POLYSILICON|POLYSILICON ANNEAL|MEASURE POLY THICKNESS|SPIN COAT PHOTORESIST|SOFT BAKE
valid_0510,OPEN PAD WINDOW|PAD WINDOW LITHO|DEVELOP PHOTORESIST|PASSIVATION ETCH PAD OPENING|STRIP RESIST|CLEAN PAD OPENING|MEASURE PAD OPENING|BACKSIDE GRIND|MEASURE THICKNESS|BACKSIDE ETCH CLEAN|BACKSIDE RINSE|BACKSIDE DRY|BACKSIDE METALLIZATION PREP|DEPOSIT BACKSIDE METAL|BACKSIDE ANNEAL|MEASURE BACKSIDE CONTACT|FINAL CLEAN|FINAL THICKNESS MEASURE|FINAL GEOMETRY CHECK|FINAL CD INSPECTION|FINAL PARTICLE INSPECTION|PARAMETRIC TEST|LEAKAGE TEST|BREAKDOWN VOLTAGE TEST|SWITCHING TEST|YIELD ANALYSIS|WAFER SORT TEST|FINAL LOT RELEASE|SHIP LOT
valid_0511,CLEAN AFTER VIA ETCH|MEASURE VIA CD|DEPOSIT BARRIER METAL|DEPOSIT METAL SEED|FILL VIA METAL|CMP VIA FILL|MEASURE CONTACT RESISTANCE|DEPOSIT TOP METAL|ANNEAL METAL|SPIN COAT PHOTORESIST|SOFT BAKE|ALIGN MASK LEVEL 2|EXPOSE LITHO LEVEL 2|DEVELOP PHOTORESIST|PATTERN INSPECTION LEVEL 2|POLYSILICON ETCH DRY|STRIP RESIST LEVEL 2|CLEAN AFTER POLY ETCH|MEASURE CD LEVEL 2|IMPLANT N-TYPE|PRE ANNEAL CHECK|RAPID THERMAL ANNEAL|MEASURE SHEET RESISTANCE|DEPOSIT GATE OXIDE OR DIELECTRIC|ANNEAL DIELECTRIC|MEASURE OXIDE QUALITY|DEPOSIT POLYSILICON|POLYSILICON ANNEAL|MEASURE POLY THICKNESS|SPIN COAT PHOTORESIST|SOFT BAKE
valid_0512,OPEN PAD WINDOW LITHO|DEVELOP PHOTORESIST|PASSIVATION ETCH|STRIP RESIST|CLEAN PAD OPENING|MEASURE PAD OPENING|BACKSIDE GRIND|MEASURE THICKNESS|BACKSIDE ETCH CLEAN|BACKSIDE RINSE|BACKSIDE DRY|BACKSIDE METALLIZATION PREP|DEPOSIT BACKSIDE METAL|BACKSIDE ANNEAL|MEASURE BACKSIDE CONTACT|FINAL CLEAN|FINAL THICKNESS MEASURE|FINAL GEOMETRY CHECK|FINAL CD INSPECTION|FINAL PARTICLE INSPECTION|PARAMETRIC TEST|LEAKAGE TEST|BREAKDOWN VOLTAGE TEST|SWITCHING TEST|YIELD ANALYSIS|WAFER SORT TEST|FINAL LOT RELEASE|SHIP LOT
valid_0513,MEASURE VIA CD|DEPOSIT BARRIER METAL|DEPOSIT METAL SEED|FILL VIA METAL|CMP VIA FILL|MEASURE CONTACT RESISTANCE|DEPOSIT TOP METAL|ANNEAL METAL|SPIN COAT PHOTORESIST|SOFT BAKE|ALIGN MASK LEVEL 2|EXPOSE LITHO LEVEL 2|DEVELOP PHOTORESIST|PATTERN INSPECTION LEVEL 2|POLYSILICON ETCH DRY|STRIP RESIST LEVEL 2|CLEAN AFTER POLY ETCH|MEASURE CD LEVEL 2|IMPLANT N-TYPE|PRE ANNEAL CHECK|RAPID THERMAL ANNEAL|MEASURE SHEET RESISTANCE|DEPOSIT GATE OXIDE OR DIELECTRIC|ANNEAL DIELECTRIC|MEASURE OXIDE QUALITY|DEPOSIT POLYSILICON|POLYSILICON ANNEAL|MEASURE POLY THICKNESS|SPIN COAT PHOTORESIST|SOFT BAKE
valid_0514,PAD WINDOW LITHO|DEVELOP PHOTORESIST|PASSIVATION ETCH PAD OPENING|STRIP RESIST|CLEAN PAD OPENING|MEASURE PAD OPENING|BACKSIDE GRIND|MEASURE THICKNESS|BACKSIDE ETCH CLEAN|BACKSIDE RINSE|BACKSIDE DRY|BACKSIDE METALLIZATION PREP|DEPOSIT BACKSIDE METAL|BACKSIDE ANNEAL|MEASURE BACKSIDE CONTACT|FINAL CLEAN|FINAL THICKNESS MEASURE|FINAL GEOMETRY CHECK|FINAL CD INSPECTION|FINAL PARTICLE INSPECTION|PARAMETRIC TEST|LEAKAGE TEST|BREAKDOWN VOLTAGE TEST|SWITCHING TEST|YIELD ANALYSIS|WAFER SORT TEST|FINAL LOT RELEASE|SHIP LOT
valid_0515,MEASURE VIA CD|DEPOSIT BARRIER METAL|DEPOSIT METAL SEED|FILL VIA METAL|CMP VIA FILL|MEASURE CONTACT RESISTANCE|DEPOSIT TOP METAL|ANNEAL METAL|SPIN COAT PHOTORESIST|SOFT BAKE|ALIGN MASK LEVEL 2|EXPOSE LITHO LEVEL 2|DEVELOP PHOTORESIST|PATTERN INSPECTION LEVEL 2|POLYSILICON ETCH DRY|STRIP RESIST LEVEL 2|CLEAN AFTER POLY ETCH|MEASURE CD LEVEL 2|IMPLANT N-TYPE|PRE ANNEAL CHECK|RAPID THERMAL ANNEAL|MEASURE SHEET RESISTANCE|DEPOSIT GATE OXIDE OR DIELECTRIC|ANNEAL DIELECTRIC|MEASURE OXIDE QUALITY|DEPOSIT POLYSILICON|POLYSILICON ANNEAL|MEASURE POLY THICKNESS|SPIN COAT PHOTORESIST|SOFT BAKE
valid_0516,OPEN PAD WINDOW LITHO|DEVELOP PHOTORESIST|PASSIVATION ETCH|STRIP RESIST|CLEAN PAD OPENING|MEASURE PAD OPENING|BACKSIDE GRIND|MEASURE THICKNESS|BACKSIDE ETCH CLEAN|BACKSIDE RINSE|BACKSIDE DRY|BACKSIDE METALLIZATION PREP|DEPOSIT BACKSIDE METAL|BACKSIDE ANNEAL|MEASURE BACKSIDE CONTACT|FINAL CLEAN|FINAL THICKNESS MEASURE|FINAL GEOMETRY CHECK|FINAL CD INSPECTION|FINAL PARTICLE INSPECTION|PARAMETRIC TEST|LEAKAGE TEST|BREAKDOWN VOLTAGE TEST|SWITCHING TEST|YIELD ANALYSIS|WAFER SORT TEST|FINAL LOT RELEASE|SHIP LOT
valid_0517,CLEAN AFTER VIA ETCH|MEASURE VIA CD|DEPOSIT BARRIER METAL|DEPOSIT METAL SEED|FILL VIA METAL|CMP VIA FILL|MEASURE CONTACT RESISTANCE|DEPOSIT TOP METAL|ANNEAL METAL|SPIN COAT PHOTORESIST|SOFT BAKE|ALIGN MASK LEVEL 2|EXPOSE LITHO LEVEL 2|DEVELOP PHOTORESIST|PATTERN INSPECTION LEVEL 2|POLYSILICON ETCH DRY|STRIP RESIST LEVEL 2|CLEAN AFTER POLY ETCH|MEASURE CD LEVEL 2|IMPLANT N-TYPE|PRE ANNEAL CHECK|RAPID THERMAL ANNEAL|MEASURE SHEET RESISTANCE|DEPOSIT GATE OXIDE OR DIELECTRIC|ANNEAL DIELECTRIC|MEASURE OXIDE QUALITY|DEPOSIT POLYSILICON|POLYSILICON ANNEAL|MEASURE POLY THICKNESS|SPIN COAT PHOTORESIST|SOFT BAKE
valid_0518,OPEN PAD WINDOW|PAD WINDOW LITHO|DEVELOP PHOTORESIST|PASSIVATION ETCH PAD OPENING|STRIP RESIST|CLEAN PAD OPENING|MEASURE PAD OPENING|BACKSIDE GRIND|MEASURE THICKNESS|BACKSIDE ETCH CLEAN|BACKSIDE RINSE|BACKSIDE DRY|BACKSIDE METALLIZATION PREP|DEPOSIT BACKSIDE METAL|BACKSIDE ANNEAL|MEASURE BACKSIDE CONTACT|FINAL CLEAN|FINAL THICKNESS MEASURE|FINAL GEOMETRY CHECK|FINAL CD INSPECTION|FINAL PARTICLE INSPECTION|PARAMETRIC TEST|LEAKAGE TEST|BREAKDOWN VOLTAGE TEST|SWITCHING TEST|YIELD ANALYSIS|WAFER SORT TEST|FINAL LOT RELEASE|SHIP LOT
valid_0519,MEASURE VIA CD|DEPOSIT BARRIER METAL|DEPOSIT METAL SEED|FILL VIA METAL|CMP VIA FILL|MEASURE CONTACT RESISTANCE|DEPOSIT TOP METAL|ANNEAL METAL|SPIN COAT PHOTORESIST|SOFT BAKE|ALIGN MASK LEVEL 2|EXPOSE LITHO LEVEL 2|DEVELOP PHOTORESIST|PATTERN INSPECTION LEVEL 2|POLYSILICON ETCH DRY|STRIP RESIST LEVEL 2|CLEAN AFTER POLY ETCH|MEASURE CD LEVEL 2|IMPLANT N-TYPE|PRE ANNEAL CHECK|RAPID THERMAL ANNEAL|MEASURE SHEET RESISTANCE|DEPOSIT GATE OXIDE OR DIELECTRIC|ANNEAL DIELECTRIC|MEASURE OXIDE QUALITY|DEPOSIT POLYSILICON|POLYSILICON ANNEAL|MEASURE POLY THICKNESS|SPIN COAT PHOTORESIST|SOFT BAKE
valid_0520,DEVELOP PHOTORESIST|PASSIVATION ETCH PAD OPENING|STRIP RESIST|CLEAN PAD OPENING|MEASURE PAD OPENING|BACKSIDE GRIND|MEASURE THICKNESS|BACKSIDE ETCH CLEAN|BACKSIDE RINSE|BACKSIDE DRY|BACKSIDE METALLIZATION PREP|DEPOSIT BACKSIDE METAL|BACKSIDE ANNEAL|MEASURE BACKSIDE CONTACT|FINAL CLEAN|FINAL THICKNESS MEASURE|FINAL GEOMETRY CHECK|FINAL CD INSPECTION|FINAL PARTICLE INSPECTION|PARAMETRIC TEST|LEAKAGE TEST|BREAKDOWN VOLTAGE TEST|SWITCHING TEST|YIELD ANALYSIS|WAFER SORT TEST|FINAL LOT RELEASE|SHIP LOT
valid_0521,STRIP PHOTORESIST|CLEAN AFTER VIA ETCH|MEASURE VIA CD|DEPOSIT BARRIER METAL|DEPOSIT METAL SEED|FILL VIA METAL|CMP VIA FILL|MEASURE CONTACT RESISTANCE|DEPOSIT TOP METAL|ANNEAL METAL|SPIN COAT PHOTORESIST|SOFT BAKE|ALIGN MASK LEVEL 2|EXPOSE LITHO LEVEL 2|DEVELOP PHOTORESIST|PATTERN INSPECTION LEVEL 2|POLYSILICON ETCH DRY|STRIP RESIST LEVEL 2|CLEAN AFTER POLY ETCH|MEASURE CD LEVEL 2|IMPLANT N-TYPE|PRE ANNEAL CHECK|RAPID THERMAL ANNEAL|MEASURE SHEET RESISTANCE|DEPOSIT GATE OXIDE OR DIELECTRIC|ANNEAL DIELECTRIC|MEASURE OXIDE QUALITY|DEPOSIT POLYSILICON|POLYSILICON ANNEAL|MEASURE POLY THICKNESS|SPIN COAT PHOTORESIST|SOFT BAKE
valid_0522,OPEN PAD WINDOW|OPEN PAD WINDOW LITHO|DEVELOP PHOTORESIST|PASSIVATION ETCH|STRIP RESIST|CLEAN PAD OPENING|MEASURE PAD OPENING|BACKSIDE GRIND|MEASURE THICKNESS|BACKSIDE ETCH CLEAN|BACKSIDE RINSE|BACKSIDE DRY|BACKSIDE METALLIZATION PREP|DEPOSIT BACKSIDE METAL|BACKSIDE ANNEAL|MEASURE BACKSIDE CONTACT|FINAL CLEAN|FINAL THICKNESS MEASURE|FINAL GEOMETRY CHECK|FINAL CD INSPECTION|FINAL PARTICLE INSPECTION|PARAMETRIC TEST|LEAKAGE TEST|BREAKDOWN VOLTAGE TEST|SWITCHING TEST|YIELD ANALYSIS|WAFER SORT TEST|FINAL LOT RELEASE|SHIP LOT
valid_0523,CLEAN AFTER VIA ETCH|MEASURE VIA CD|DEPOSIT BARRIER METAL|DEPOSIT METAL SEED|FILL VIA METAL|CMP VIA FILL|MEASURE CONTACT RESISTANCE|DEPOSIT TOP METAL|ANNEAL METAL|SPIN COAT PHOTORESIST|SOFT BAKE|ALIGN MASK LEVEL 2|EXPOSE LITHO LEVEL 2|DEVELOP PHOTORESIST|PATTERN INSPECTION LEVEL 2|POLYSILICON ETCH DRY|STRIP RESIST LEVEL 2|CLEAN AFTER POLY ETCH|MEASURE CD LEVEL 2|IMPLANT N-TYPE|PRE ANNEAL CHECK|RAPID THERMAL ANNEAL|MEASURE SHEET RESISTANCE|DEPOSIT GATE OXIDE OR DIELECTRIC|ANNEAL DIELECTRIC|MEASURE OXIDE QUALITY|DEPOSIT POLYSILICON|POLYSILICON ANNEAL|MEASURE POLY THICKNESS|SPIN COAT PHOTORESIST|SOFT BAKE
valid_0524,DEVELOP PHOTORESIST|PASSIVATION ETCH PAD OPENING|STRIP RESIST|CLEAN PAD OPENING|MEASURE PAD OPENING|BACKSIDE GRIND|MEASURE THICKNESS|BACKSIDE ETCH CLEAN|BACKSIDE RINSE|BACKSIDE DRY|BACKSIDE METALLIZATION PREP|DEPOSIT BACKSIDE METAL|BACKSIDE ANNEAL|MEASURE BACKSIDE CONTACT|FINAL CLEAN|FINAL THICKNESS MEASURE|FINAL GEOMETRY CHECK|FINAL CD INSPECTION|FINAL PARTICLE INSPECTION|PARAMETRIC TEST|LEAKAGE TEST|BREAKDOWN VOLTAGE TEST|SWITCHING TEST|YIELD ANALYSIS|WAFER SORT TEST|FINAL LOT RELEASE|SHIP LOT
valid_0525,DEPOSIT BARRIER METAL|DEPOSIT METAL SEED|FILL VIA METAL|CMP VIA FILL|MEASURE CONTACT RESISTANCE|DEPOSIT TOP METAL|ANNEAL METAL|SPIN COAT PHOTORESIST|SOFT BAKE|ALIGN MASK LEVEL 2|EXPOSE LITHO LEVEL 2|DEVELOP PHOTORESIST|PATTERN INSPECTION LEVEL 2|POLYSILICON ETCH DRY|STRIP RESIST LEVEL 2|CLEAN AFTER POLY ETCH|MEASURE CD LEVEL 2|IMPLANT N-TYPE|PRE ANNEAL CHECK|RAPID THERMAL ANNEAL|MEASURE SHEET RESISTANCE|DEPOSIT GATE OXIDE OR DIELECTRIC|ANNEAL DIELECTRIC|MEASURE OXIDE QUALITY|DEPOSIT POLYSILICON|POLYSILICON ANNEAL|MEASURE POLY THICKNESS|SPIN COAT PHOTORESIST|SOFT BAKE
valid_0526,PAD WINDOW LITHO|DEVELOP PHOTORESIST|PASSIVATION ETCH PAD OPENING|STRIP RESIST|CLEAN PAD OPENING|MEASURE PAD OPENING|BACKSIDE GRIND|MEASURE THICKNESS|BACKSIDE ETCH CLEAN|BACKSIDE RINSE|BACKSIDE DRY|BACKSIDE METALLIZATION PREP|DEPOSIT BACKSIDE METAL|BACKSIDE ANNEAL|MEASURE BACKSIDE CONTACT|FINAL CLEAN|FINAL THICKNESS MEASURE|FINAL GEOMETRY CHECK|FINAL CD INSPECTION|FINAL PARTICLE INSPECTION|PARAMETRIC TEST|LEAKAGE TEST|BREAKDOWN VOLTAGE TEST|SWITCHING TEST|YIELD ANALYSIS|WAFER SORT TEST|FINAL LOT RELEASE|SHIP LOT
valid_0527,STRIP PHOTORESIST|CLEAN AFTER VIA ETCH|MEASURE VIA CD|DEPOSIT BARRIER METAL|DEPOSIT METAL SEED|FILL VIA METAL|CMP VIA FILL|MEASURE CONTACT RESISTANCE|DEPOSIT TOP METAL|ANNEAL METAL|SPIN COAT PHOTORESIST|SOFT BAKE|ALIGN MASK LEVEL 2|EXPOSE LITHO LEVEL 2|DEVELOP PHOTORESIST|PATTERN INSPECTION LEVEL 2|POLYSILICON ETCH DRY|STRIP RESIST LEVEL 2|CLEAN AFTER POLY ETCH|MEASURE CD LEVEL 2|IMPLANT N-TYPE|PRE ANNEAL CHECK|RAPID THERMAL ANNEAL|MEASURE SHEET RESISTANCE|DEPOSIT GATE OXIDE OR DIELECTRIC|ANNEAL DIELECTRIC|MEASURE OXIDE QUALITY|DEPOSIT POLYSILICON|POLYSILICON ANNEAL|MEASURE POLY THICKNESS|SPIN COAT PHOTORESIST|SOFT BAKE
valid_0528,MEASURE PASSIVATION THICKNESS|OPEN PAD WINDOW|OPEN PAD WINDOW LITHO|DEVELOP PHOTORESIST|PASSIVATION ETCH|STRIP RESIST|CLEAN PAD OPENING|MEASURE PAD OPENING|BACKSIDE GRIND|MEASURE THICKNESS|BACKSIDE ETCH CLEAN|BACKSIDE RINSE|BACKSIDE DRY|BACKSIDE METALLIZATION PREP|DEPOSIT BACKSIDE METAL|BACKSIDE ANNEAL|MEASURE BACKSIDE CONTACT|FINAL CLEAN|FINAL THICKNESS MEASURE|FINAL GEOMETRY CHECK|FINAL CD INSPECTION|FINAL PARTICLE INSPECTION|PARAMETRIC TEST|LEAKAGE TEST|BREAKDOWN VOLTAGE TEST|SWITCHING TEST|YIELD ANALYSIS|WAFER SORT TEST|FINAL LOT RELEASE|SHIP LOT
valid_0529,MEASURE VIA CD|DEPOSIT BARRIER METAL|DEPOSIT METAL SEED|FILL VIA METAL|CMP VIA FILL|MEASURE CONTACT RESISTANCE|DEPOSIT TOP METAL|ANNEAL METAL|SPIN COAT PHOTORESIST|SOFT BAKE|ALIGN MASK LEVEL 2|EXPOSE LITHO LEVEL 2|DEVELOP PHOTORESIST|PATTERN INSPECTION LEVEL 2|POLYSILICON ETCH DRY|STRIP RESIST LEVEL 2|CLEAN AFTER POLY ETCH|MEASURE CD LEVEL 2|IMPLANT N-TYPE|PRE ANNEAL CHECK|RAPID THERMAL ANNEAL|MEASURE SHEET RESISTANCE|DEPOSIT GATE OXIDE OR DIELECTRIC|ANNEAL DIELECTRIC|MEASURE OXIDE QUALITY|DEPOSIT POLYSILICON|POLYSILICON ANNEAL|MEASURE POLY THICKNESS|SPIN COAT PHOTORESIST|SOFT BAKE
valid_0530,PAD WINDOW LITHO|DEVELOP PHOTORESIST|PASSIVATION ETCH PAD OPENING|STRIP RESIST|CLEAN PAD OPENING|MEASURE PAD OPENING|BACKSIDE GRIND|MEASURE THICKNESS|BACKSIDE ETCH CLEAN|BACKSIDE RINSE|BACKSIDE DRY|BACKSIDE METALLIZATION PREP|DEPOSIT BACKSIDE METAL|BACKSIDE ANNEAL|MEASURE BACKSIDE CONTACT|FINAL CLEAN|FINAL THICKNESS MEASURE|FINAL GEOMETRY CHECK|FINAL CD INSPECTION|FINAL PARTICLE INSPECTION|PARAMETRIC TEST|LEAKAGE TEST|BREAKDOWN VOLTAGE TEST|SWITCHING TEST|YIELD ANALYSIS|WAFER SORT TEST|FINAL LOT RELEASE|SHIP LOT
valid_0531,MEASURE VIA CD|DEPOSIT BARRIER METAL|DEPOSIT METAL SEED|FILL VIA METAL|CMP VIA FILL|MEASURE CONTACT RESISTANCE|DEPOSIT TOP METAL|ANNEAL METAL|SPIN COAT PHOTORESIST|SOFT BAKE|ALIGN MASK LEVEL 2|EXPOSE LITHO LEVEL 2|DEVELOP PHOTORESIST|PATTERN INSPECTION LEVEL 2|POLYSILICON ETCH DRY|STRIP RESIST LEVEL 2|CLEAN AFTER POLY ETCH|MEASURE CD LEVEL 2|IMPLANT N-TYPE|PRE ANNEAL CHECK|RAPID THERMAL ANNEAL|MEASURE SHEET RESISTANCE|DEPOSIT GATE OXIDE OR DIELECTRIC|ANNEAL DIELECTRIC|MEASURE OXIDE QUALITY|DEPOSIT POLYSILICON|POLYSILICON ANNEAL|MEASURE POLY THICKNESS|SPIN COAT PHOTORESIST|SOFT BAKE
valid_0532,OPEN PAD WINDOW|PAD WINDOW LITHO|DEVELOP PHOTORESIST|PASSIVATION ETCH PAD OPENING|STRIP RESIST|CLEAN PAD OPENING|MEASURE PAD OPENING|BACKSIDE GRIND|MEASURE THICKNESS|BACKSIDE ETCH CLEAN|BACKSIDE RINSE|BACKSIDE DRY|BACKSIDE METALLIZATION PREP|DEPOSIT BACKSIDE METAL|BACKSIDE ANNEAL|MEASURE BACKSIDE CONTACT|FINAL CLEAN|FINAL THICKNESS MEASURE|FINAL GEOMETRY CHECK|FINAL CD INSPECTION|FINAL PARTICLE INSPECTION|PARAMETRIC TEST|LEAKAGE TEST|BREAKDOWN VOLTAGE TEST|SWITCHING TEST|YIELD ANALYSIS|WAFER SORT TEST|FINAL LOT RELEASE|SHIP LOT
valid_0533,CLEAN AFTER VIA ETCH|MEASURE VIA CD|DEPOSIT BARRIER METAL|DEPOSIT METAL SEED|FILL VIA METAL|CMP VIA FILL|MEASURE CONTACT RESISTANCE|DEPOSIT TOP METAL|ANNEAL METAL|SPIN COAT PHOTORESIST|SOFT BAKE|ALIGN MASK LEVEL 2|EXPOSE LITHO LEVEL 2|DEVELOP PHOTORESIST|PATTERN INSPECTION LEVEL 2|POLYSILICON ETCH DRY|STRIP RESIST LEVEL 2|CLEAN AFTER POLY ETCH|MEASURE CD LEVEL 2|IMPLANT N-TYPE|PRE ANNEAL CHECK|RAPID THERMAL ANNEAL|MEASURE SHEET RESISTANCE|DEPOSIT GATE OXIDE OR DIELECTRIC|ANNEAL DIELECTRIC|MEASURE OXIDE QUALITY|DEPOSIT POLYSILICON|POLYSILICON ANNEAL|MEASURE POLY THICKNESS|SPIN COAT PHOTORESIST|SOFT BAKE
valid_0534,CURE PASSIVATION|MEASURE PASSIVATION THICKNESS|OPEN PAD WINDOW|OPEN PAD WINDOW LITHO|DEVELOP PHOTORESIST|PASSIVATION ETCH|STRIP RESIST|CLEAN PAD OPENING|MEASURE PAD OPENING|BACKSIDE GRIND|MEASURE THICKNESS|BACKSIDE ETCH CLEAN|BACKSIDE RINSE|BACKSIDE DRY|BACKSIDE METALLIZATION PREP|DEPOSIT BACKSIDE METAL|BACKSIDE ANNEAL|MEASURE BACKSIDE CONTACT|FINAL CLEAN|FINAL THICKNESS MEASURE|FINAL GEOMETRY CHECK|FINAL CD INSPECTION|FINAL PARTICLE INSPECTION|PARAMETRIC TEST|LEAKAGE TEST|BREAKDOWN VOLTAGE TEST|SWITCHING TEST|YIELD ANALYSIS|WAFER SORT TEST|FINAL LOT RELEASE|SHIP LOT
valid_0535,MEASURE VIA CD|DEPOSIT BARRIER METAL|DEPOSIT METAL SEED|FILL VIA METAL|CMP VIA FILL|MEASURE CONTACT RESISTANCE|DEPOSIT TOP METAL|ANNEAL METAL|SPIN COAT PHOTORESIST|SOFT BAKE|ALIGN MASK LEVEL 2|EXPOSE LITHO LEVEL 2|DEVELOP PHOTORESIST|PATTERN INSPECTION LEVEL 2|POLYSILICON ETCH DRY|STRIP RESIST LEVEL 2|CLEAN AFTER POLY ETCH|MEASURE CD LEVEL 2|IMPLANT N-TYPE|PRE ANNEAL CHECK|RAPID THERMAL ANNEAL|MEASURE SHEET RESISTANCE|DEPOSIT GATE OXIDE OR DIELECTRIC|ANNEAL DIELECTRIC|MEASURE OXIDE QUALITY|DEPOSIT POLYSILICON|POLYSILICON ANNEAL|MEASURE POLY THICKNESS|SPIN COAT PHOTORESIST|SOFT BAKE
valid_0536,OPEN PAD WINDOW LITHO|DEVELOP PHOTORESIST|PASSIVATION ETCH|STRIP RESIST|CLEAN PAD OPENING|MEASURE PAD OPENING|BACKSIDE GRIND|MEASURE THICKNESS|BACKSIDE ETCH CLEAN|BACKSIDE RINSE|BACKSIDE DRY|BACKSIDE METALLIZATION PREP|DEPOSIT BACKSIDE METAL|BACKSIDE ANNEAL|MEASURE BACKSIDE CONTACT|FINAL CLEAN|FINAL THICKNESS MEASURE|FINAL GEOMETRY CHECK|FINAL CD INSPECTION|FINAL PARTICLE INSPECTION|PARAMETRIC TEST|LEAKAGE TEST|BREAKDOWN VOLTAGE TEST|SWITCHING TEST|YIELD ANALYSIS|WAFER SORT TEST|FINAL LOT RELEASE|SHIP LOT
valid_0537,DEPOSIT BARRIER METAL|DEPOSIT METAL SEED|FILL VIA METAL|CMP VIA FILL|MEASURE CONTACT RESISTANCE|DEPOSIT TOP METAL|ANNEAL METAL|SPIN COAT PHOTORESIST|SOFT BAKE|ALIGN MASK LEVEL 2|EXPOSE LITHO LEVEL 2|DEVELOP PHOTORESIST|PATTERN INSPECTION LEVEL 2|POLYSILICON ETCH DRY|STRIP RESIST LEVEL 2|CLEAN AFTER POLY ETCH|MEASURE CD LEVEL 2|IMPLANT N-TYPE|PRE ANNEAL CHECK|RAPID THERMAL ANNEAL|MEASURE SHEET RESISTANCE|DEPOSIT GATE OXIDE OR DIELECTRIC|ANNEAL DIELECTRIC|MEASURE OXIDE QUALITY|DEPOSIT POLYSILICON|POLYSILICON ANNEAL|MEASURE POLY THICKNESS|SPIN COAT PHOTORESIST|SOFT BAKE
valid_0538,OPEN PAD WINDOW LITHO|DEVELOP PHOTORESIST|PASSIVATION ETCH|STRIP RESIST|CLEAN PAD OPENING|MEASURE PAD OPENING|BACKSIDE GRIND|MEASURE THICKNESS|BACKSIDE ETCH CLEAN|BACKSIDE RINSE|BACKSIDE DRY|BACKSIDE METALLIZATION PREP|DEPOSIT BACKSIDE METAL|BACKSIDE ANNEAL|MEASURE BACKSIDE CONTACT|FINAL CLEAN|FINAL THICKNESS MEASURE|FINAL GEOMETRY CHECK|FINAL CD INSPECTION|FINAL PARTICLE INSPECTION|PARAMETRIC TEST|LEAKAGE TEST|BREAKDOWN VOLTAGE TEST|SWITCHING TEST|YIELD ANALYSIS|WAFER SORT TEST|FINAL LOT RELEASE|SHIP LOT
valid_0539,HARD BAKE|DIELECTRIC ETCH VIA|STRIP PHOTORESIST|CLEAN AFTER VIA ETCH|MEASURE VIA CD|DEPOSIT BARRIER METAL|DEPOSIT METAL SEED|FILL VIA METAL|CMP VIA FILL|MEASURE CONTACT RESISTANCE|DEPOSIT TOP METAL|ANNEAL METAL|SPIN COAT PHOTORESIST|SOFT BAKE|ALIGN MASK LEVEL 2|EXPOSE LITHO LEVEL 2|DEVELOP PHOTORESIST|PATTERN INSPECTION LEVEL 2|POLYSILICON ETCH DRY|STRIP RESIST LEVEL 2|CLEAN AFTER POLY ETCH|MEASURE CD LEVEL 2|IMPLANT N-TYPE|PRE ANNEAL CHECK|RAPID THERMAL ANNEAL|MEASURE SHEET RESISTANCE|DEPOSIT GATE OXIDE OR DIELECTRIC|ANNEAL DIELECTRIC|MEASURE OXIDE QUALITY|DEPOSIT POLYSILICON|POLYSILICON ANNEAL|MEASURE POLY THICKNESS|SPIN COAT PHOTORESIST|SOFT BAKE
valid_0540,MEASURE PASSIVATION QUALITY|OPEN PAD WINDOW|PAD WINDOW LITHO|DEVELOP PHOTORESIST|PASSIVATION ETCH PAD OPENING|STRIP RESIST|CLEAN PAD OPENING|MEASURE PAD OPENING|BACKSIDE GRIND|MEASURE THICKNESS|BACKSIDE ETCH CLEAN|BACKSIDE RINSE|BACKSIDE DRY|BACKSIDE METALLIZATION PREP|DEPOSIT BACKSIDE METAL|BACKSIDE ANNEAL|MEASURE BACKSIDE CONTACT|FINAL CLEAN|FINAL THICKNESS MEASURE|FINAL GEOMETRY CHECK|FINAL CD INSPECTION|FINAL PARTICLE INSPECTION|PARAMETRIC TEST|LEAKAGE TEST|BREAKDOWN VOLTAGE TEST|SWITCHING TEST|YIELD ANALYSIS|WAFER SORT TEST|FINAL LOT RELEASE|SHIP LOT
valid_0541,CLEAN AFTER VIA ETCH|MEASURE VIA CD|DEPOSIT BARRIER METAL|DEPOSIT METAL SEED|FILL VIA METAL|CMP VIA FILL|MEASURE CONTACT RESISTANCE|DEPOSIT TOP METAL|ANNEAL METAL|SPIN COAT PHOTORESIST|SOFT BAKE|ALIGN MASK LEVEL 2|EXPOSE LITHO LEVEL 2|DEVELOP PHOTORESIST|PATTERN INSPECTION LEVEL 2|POLYSILICON ETCH DRY|STRIP RESIST LEVEL 2|CLEAN AFTER POLY ETCH|MEASURE CD LEVEL 2|IMPLANT N-TYPE|PRE ANNEAL CHECK|RAPID THERMAL ANNEAL|MEASURE SHEET RESISTANCE|DEPOSIT GATE OXIDE OR DIELECTRIC|ANNEAL DIELECTRIC|MEASURE OXIDE QUALITY|DEPOSIT POLYSILICON|POLYSILICON ANNEAL|MEASURE POLY THICKNESS|SPIN COAT PHOTORESIST|SOFT BAKE
valid_0542,PAD WINDOW LITHO|DEVELOP PHOTORESIST|PASSIVATION ETCH PAD OPENING|STRIP RESIST|CLEAN PAD OPENING|MEASURE PAD OPENING|BACKSIDE GRIND|MEASURE THICKNESS|BACKSIDE ETCH CLEAN|BACKSIDE RINSE|BACKSIDE DRY|BACKSIDE METALLIZATION PREP|DEPOSIT BACKSIDE METAL|BACKSIDE ANNEAL|MEASURE BACKSIDE CONTACT|FINAL CLEAN|FINAL THICKNESS MEASURE|FINAL GEOMETRY CHECK|FINAL CD INSPECTION|FINAL PARTICLE INSPECTION|PARAMETRIC TEST|LEAKAGE TEST|BREAKDOWN VOLTAGE TEST|SWITCHING TEST|YIELD ANALYSIS|WAFER SORT TEST|FINAL LOT RELEASE|SHIP LOT
valid_0543,CLEAN AFTER VIA ETCH|MEASURE VIA CD|DEPOSIT BARRIER METAL|DEPOSIT METAL SEED|FILL VIA METAL|CMP VIA FILL|MEASURE CONTACT RESISTANCE|DEPOSIT TOP METAL|ANNEAL METAL|SPIN COAT PHOTORESIST|SOFT BAKE|ALIGN MASK LEVEL 2|EXPOSE LITHO LEVEL 2|DEVELOP PHOTORESIST|PATTERN INSPECTION LEVEL 2|POLYSILICON ETCH DRY|STRIP RESIST LEVEL 2|CLEAN AFTER POLY ETCH|MEASURE CD LEVEL 2|IMPLANT N-TYPE|PRE ANNEAL CHECK|RAPID THERMAL ANNEAL|MEASURE SHEET RESISTANCE|DEPOSIT GATE OXIDE OR DIELECTRIC|ANNEAL DIELECTRIC|MEASURE OXIDE QUALITY|DEPOSIT POLYSILICON|POLYSILICON ANNEAL|MEASURE POLY THICKNESS|SPIN COAT PHOTORESIST|SOFT BAKE
valid_0544,OPEN PAD WINDOW|PAD WINDOW LITHO|DEVELOP PHOTORESIST|PASSIVATION ETCH PAD OPENING|STRIP RESIST|CLEAN PAD OPENING|MEASURE PAD OPENING|BACKSIDE GRIND|MEASURE THICKNESS|BACKSIDE ETCH CLEAN|BACKSIDE RINSE|BACKSIDE DRY|BACKSIDE METALLIZATION PREP|DEPOSIT BACKSIDE METAL|BACKSIDE ANNEAL|MEASURE BACKSIDE CONTACT|FINAL CLEAN|FINAL THICKNESS MEASURE|FINAL GEOMETRY CHECK|FINAL CD INSPECTION|FINAL PARTICLE INSPECTION|PARAMETRIC TEST|LEAKAGE TEST|BREAKDOWN VOLTAGE TEST|SWITCHING TEST|YIELD ANALYSIS|WAFER SORT TEST|FINAL LOT RELEASE|SHIP LOT
valid_0545,DEPOSIT METAL SEED|FILL VIA METAL|CMP VIA FILL|MEASURE CONTACT RESISTANCE|DEPOSIT TOP METAL|ANNEAL METAL|SPIN COAT PHOTORESIST|SOFT BAKE|ALIGN MASK LEVEL 2|EXPOSE LITHO LEVEL 2|DEVELOP PHOTORESIST|PATTERN INSPECTION LEVEL 2|POLYSILICON ETCH DRY|STRIP RESIST LEVEL 2|CLEAN AFTER POLY ETCH|MEASURE CD LEVEL 2|IMPLANT N-TYPE|PRE ANNEAL CHECK|RAPID THERMAL ANNEAL|MEASURE SHEET RESISTANCE|DEPOSIT GATE OXIDE OR DIELECTRIC|ANNEAL DIELECTRIC|MEASURE OXIDE QUALITY|DEPOSIT POLYSILICON|POLYSILICON ANNEAL|MEASURE POLY THICKNESS|SPIN COAT PHOTORESIST|SOFT BAKE
valid_0546,PASSIVATION ETCH|STRIP PHOTORESIST|CLEAN PAD OPENING|MEASURE PAD OPENING|BACKSIDE GRIND|MEASURE THICKNESS|BACKSIDE ETCH CLEAN|BACKSIDE RINSE|BACKSIDE DRY|BACKSIDE METALLIZATION PREP|DEPOSIT BACKSIDE METAL|BACKSIDE ANNEAL|MEASURE BACKSIDE CONTACT|FINAL CLEAN|FINAL THICKNESS MEASURE|FINAL GEOMETRY CHECK|FINAL CD INSPECTION|FINAL PARTICLE INSPECTION|PARAMETRIC TEST|LEAKAGE TEST|BREAKDOWN VOLTAGE TEST|SWITCHING TEST|YIELD ANALYSIS|WAFER SORT TEST|FINAL LOT RELEASE|SHIP LOT
valid_0547,CLEAN AFTER VIA ETCH|MEASURE VIA CD|DEPOSIT BARRIER METAL|DEPOSIT METAL SEED|FILL VIA METAL|CMP VIA FILL|MEASURE CONTACT RESISTANCE|DEPOSIT TOP METAL|ANNEAL METAL|SPIN COAT PHOTORESIST|SOFT BAKE|ALIGN MASK LEVEL 2|EXPOSE LITHO LEVEL 2|DEVELOP PHOTORESIST|PATTERN INSPECTION LEVEL 2|POLYSILICON ETCH DRY|STRIP RESIST LEVEL 2|CLEAN AFTER POLY ETCH|MEASURE CD LEVEL 2|IMPLANT N-TYPE|PRE ANNEAL CHECK|RAPID THERMAL ANNEAL|MEASURE SHEET RESISTANCE|DEPOSIT GATE OXIDE OR DIELECTRIC|ANNEAL DIELECTRIC|MEASURE OXIDE QUALITY|DEPOSIT POLYSILICON|POLYSILICON ANNEAL|MEASURE POLY THICKNESS|SPIN COAT PHOTORESIST|SOFT BAKE
valid_0548,MEASURE PASSIVATION QUALITY|OPEN PAD WINDOW|PAD WINDOW LITHO|DEVELOP PHOTORESIST|PASSIVATION ETCH PAD OPENING|STRIP RESIST|CLEAN PAD OPENING|MEASURE PAD OPENING|BACKSIDE GRIND|MEASURE THICKNESS|BACKSIDE ETCH CLEAN|BACKSIDE RINSE|BACKSIDE DRY|BACKSIDE METALLIZATION PREP|DEPOSIT BACKSIDE METAL|BACKSIDE ANNEAL|MEASURE BACKSIDE CONTACT|FINAL CLEAN|FINAL THICKNESS MEASURE|FINAL GEOMETRY CHECK|FINAL CD INSPECTION|FINAL PARTICLE INSPECTION|PARAMETRIC TEST|LEAKAGE TEST|BREAKDOWN VOLTAGE TEST|SWITCHING TEST|YIELD ANALYSIS|WAFER SORT TEST|FINAL LOT RELEASE|SHIP LOT
valid_0549,STRIP PHOTORESIST|CLEAN AFTER VIA ETCH|MEASURE VIA CD|DEPOSIT BARRIER METAL|DEPOSIT METAL SEED|FILL VIA METAL|CMP VIA FILL|MEASURE CONTACT RESISTANCE|DEPOSIT TOP METAL|ANNEAL METAL|SPIN COAT PHOTORESIST|SOFT BAKE|ALIGN MASK LEVEL 2|EXPOSE LITHO LEVEL 2|DEVELOP PHOTORESIST|PATTERN INSPECTION LEVEL 2|POLYSILICON ETCH DRY|STRIP RESIST LEVEL 2|CLEAN AFTER POLY ETCH|MEASURE CD LEVEL 2|IMPLANT N-TYPE|PRE ANNEAL CHECK|RAPID THERMAL ANNEAL|MEASURE SHEET RESISTANCE|DEPOSIT GATE OXIDE OR DIELECTRIC|ANNEAL DIELECTRIC|MEASURE OXIDE QUALITY|DEPOSIT POLYSILICON|POLYSILICON ANNEAL|MEASURE POLY THICKNESS|SPIN COAT PHOTORESIST|SOFT BAKE
valid_0550,DEVELOP PHOTORESIST|PASSIVATION ETCH|STRIP RESIST|CLEAN PAD OPENING|MEASURE PAD OPENING|BACKSIDE GRIND|MEASURE THICKNESS|BACKSIDE ETCH CLEAN|BACKSIDE RINSE|BACKSIDE DRY|BACKSIDE METALLIZATION PREP|DEPOSIT BACKSIDE METAL|BACKSIDE ANNEAL|MEASURE BACKSIDE CONTACT|FINAL CLEAN|FINAL THICKNESS MEASURE|FINAL GEOMETRY CHECK|FINAL CD INSPECTION|FINAL PARTICLE INSPECTION|PARAMETRIC TEST|LEAKAGE TEST|BREAKDOWN VOLTAGE TEST|SWITCHING TEST|YIELD ANALYSIS|WAFER SORT TEST|FINAL LOT RELEASE|SHIP LOT
valid_0551,DEPOSIT BARRIER METAL|DEPOSIT METAL SEED|FILL VIA METAL|CMP VIA FILL|MEASURE CONTACT RESISTANCE|DEPOSIT TOP METAL|ANNEAL METAL|SPIN COAT PHOTORESIST|SOFT BAKE|ALIGN MASK LEVEL 2|EXPOSE LITHO LEVEL 2|DEVELOP PHOTORESIST|PATTERN INSPECTION LEVEL 2|POLYSILICON ETCH DRY|STRIP RESIST LEVEL 2|CLEAN AFTER POLY ETCH|MEASURE CD LEVEL 2|IMPLANT N-TYPE|PRE ANNEAL CHECK|RAPID THERMAL ANNEAL|MEASURE SHEET RESISTANCE|DEPOSIT GATE OXIDE OR DIELECTRIC|ANNEAL DIELECTRIC|MEASURE OXIDE QUALITY|DEPOSIT POLYSILICON|POLYSILICON ANNEAL|MEASURE POLY THICKNESS|SPIN COAT PHOTORESIST|SOFT BAKE
valid_0552,PASSIVATION ETCH PAD OPENING|STRIP RESIST|CLEAN PAD OPENING|MEASURE PAD OPENING|BACKSIDE GRIND|MEASURE THICKNESS|BACKSIDE ETCH CLEAN|BACKSIDE RINSE|BACKSIDE DRY|BACKSIDE METALLIZATION PREP|DEPOSIT BACKSIDE METAL|BACKSIDE ANNEAL|MEASURE BACKSIDE CONTACT|FINAL CLEAN|FINAL THICKNESS MEASURE|FINAL GEOMETRY CHECK|FINAL CD INSPECTION|FINAL PARTICLE INSPECTION|PARAMETRIC TEST|LEAKAGE TEST|BREAKDOWN VOLTAGE TEST|SWITCHING TEST|YIELD ANALYSIS|WAFER SORT TEST|FINAL LOT RELEASE|SHIP LOT
valid_0553,DEPOSIT BARRIER METAL|DEPOSIT METAL SEED|FILL VIA METAL|CMP VIA FILL|MEASURE CONTACT RESISTANCE|DEPOSIT TOP METAL|ANNEAL METAL|SPIN COAT PHOTORESIST|SOFT BAKE|ALIGN MASK LEVEL 2|EXPOSE LITHO LEVEL 2|DEVELOP PHOTORESIST|PATTERN INSPECTION LEVEL 2|POLYSILICON ETCH DRY|STRIP RESIST LEVEL 2|CLEAN AFTER POLY ETCH|MEASURE CD LEVEL 2|IMPLANT N-TYPE|PRE ANNEAL CHECK|RAPID THERMAL ANNEAL|MEASURE SHEET RESISTANCE|DEPOSIT GATE OXIDE OR DIELECTRIC|ANNEAL DIELECTRIC|MEASURE OXIDE QUALITY|DEPOSIT POLYSILICON|POLYSILICON ANNEAL|MEASURE POLY THICKNESS|SPIN COAT PHOTORESIST|SOFT BAKE
valid_0554,DEVELOP PHOTORESIST|PASSIVATION ETCH PAD OPENING|STRIP RESIST|CLEAN PAD OPENING|MEASURE PAD OPENING|BACKSIDE GRIND|MEASURE THICKNESS|BACKSIDE ETCH CLEAN|BACKSIDE RINSE|BACKSIDE DRY|BACKSIDE METALLIZATION PREP|DEPOSIT BACKSIDE METAL|BACKSIDE ANNEAL|MEASURE BACKSIDE CONTACT|FINAL CLEAN|FINAL THICKNESS MEASURE|FINAL GEOMETRY CHECK|FINAL CD INSPECTION|FINAL PARTICLE INSPECTION|PARAMETRIC TEST|LEAKAGE TEST|BREAKDOWN VOLTAGE TEST|SWITCHING TEST|YIELD ANALYSIS|WAFER SORT TEST|FINAL LOT RELEASE|SHIP LOT
valid_0555,HARD BAKE|VIA ETCH THROUGH DIELECTRIC|STRIP RESIST|CLEAN AFTER VIA ETCH|MEASURE VIA CD|DEPOSIT BARRIER METAL|DEPOSIT METAL SEED|FILL VIA METAL|CMP VIA FILL|MEASURE CONTACT RESISTANCE|DEPOSIT TOP METAL|ANNEAL METAL|SPIN COAT PHOTORESIST|SOFT BAKE|ALIGN MASK LEVEL 2|EXPOSE LITHO LEVEL 2|DEVELOP PHOTORESIST|PATTERN INSPECTION LEVEL 2|POLYSILICON ETCH DRY|STRIP RESIST LEVEL 2|CLEAN AFTER POLY ETCH|MEASURE CD LEVEL 2|IMPLANT N-TYPE|PRE ANNEAL CHECK|RAPID THERMAL ANNEAL|MEASURE SHEET RESISTANCE|DEPOSIT GATE OXIDE OR DIELECTRIC|ANNEAL DIELECTRIC|MEASURE OXIDE QUALITY|DEPOSIT POLYSILICON|POLYSILICON ANNEAL|MEASURE POLY THICKNESS|SPIN COAT PHOTORESIST|SOFT BAKE
valid_0556,MEASURE PASSIVATION THICKNESS|OPEN PAD WINDOW|OPEN PAD WINDOW LITHO|DEVELOP PHOTORESIST|PASSIVATION ETCH|STRIP RESIST|CLEAN PAD OPENING|MEASURE PAD OPENING|BACKSIDE GRIND|MEASURE THICKNESS|BACKSIDE ETCH CLEAN|BACKSIDE RINSE|BACKSIDE DRY|BACKSIDE METALLIZATION PREP|DEPOSIT BACKSIDE METAL|BACKSIDE ANNEAL|MEASURE BACKSIDE CONTACT|FINAL CLEAN|FINAL THICKNESS MEASURE|FINAL GEOMETRY CHECK|FINAL CD INSPECTION|FINAL PARTICLE INSPECTION|PARAMETRIC TEST|LEAKAGE TEST|BREAKDOWN VOLTAGE TEST|SWITCHING TEST|YIELD ANALYSIS|WAFER SORT TEST|FINAL LOT RELEASE|SHIP LOT
valid_0557,STRIP RESIST|CLEAN AFTER VIA ETCH|MEASURE VIA CD|DEPOSIT BARRIER METAL|DEPOSIT METAL SEED|FILL VIA METAL|CMP VIA FILL|MEASURE CONTACT RESISTANCE|DEPOSIT TOP METAL|ANNEAL METAL|SPIN COAT PHOTORESIST|SOFT BAKE|ALIGN MASK LEVEL 2|EXPOSE LITHO LEVEL 2|DEVELOP PHOTORESIST|PATTERN INSPECTION LEVEL 2|POLYSILICON ETCH DRY|STRIP RESIST LEVEL 2|CLEAN AFTER POLY ETCH|MEASURE CD LEVEL 2|IMPLANT N-TYPE|PRE ANNEAL CHECK|RAPID THERMAL ANNEAL|MEASURE SHEET RESISTANCE|DEPOSIT GATE OXIDE OR DIELECTRIC|ANNEAL DIELECTRIC|MEASURE OXIDE QUALITY|DEPOSIT POLYSILICON|POLYSILICON ANNEAL|MEASURE POLY THICKNESS|SPIN COAT PHOTORESIST|SOFT BAKE
valid_0558,OPEN PAD WINDOW|PAD WINDOW LITHO|DEVELOP PHOTORESIST|PASSIVATION ETCH PAD OPENING|STRIP RESIST|CLEAN PAD OPENING|MEASURE PAD OPENING|BACKSIDE GRIND|MEASURE THICKNESS|BACKSIDE ETCH CLEAN|BACKSIDE RINSE|BACKSIDE DRY|BACKSIDE METALLIZATION PREP|DEPOSIT BACKSIDE METAL|BACKSIDE ANNEAL|MEASURE BACKSIDE CONTACT|FINAL CLEAN|FINAL THICKNESS MEASURE|FINAL GEOMETRY CHECK|FINAL CD INSPECTION|FINAL PARTICLE INSPECTION|PARAMETRIC TEST|LEAKAGE TEST|BREAKDOWN VOLTAGE TEST|SWITCHING TEST|YIELD ANALYSIS|WAFER SORT TEST|FINAL LOT RELEASE|SHIP LOT
valid_0559,CLEAN AFTER VIA ETCH|MEASURE VIA CD|DEPOSIT BARRIER METAL|DEPOSIT METAL SEED|FILL VIA METAL|CMP VIA FILL|MEASURE CONTACT RESISTANCE|DEPOSIT TOP METAL|ANNEAL METAL|SPIN COAT PHOTORESIST|SOFT BAKE|ALIGN MASK LEVEL 2|EXPOSE LITHO LEVEL 2|DEVELOP PHOTORESIST|PATTERN INSPECTION LEVEL 2|POLYSILICON ETCH DRY|STRIP RESIST LEVEL 2|CLEAN AFTER POLY ETCH|MEASURE CD LEVEL 2|IMPLANT N-TYPE|PRE ANNEAL CHECK|RAPID THERMAL ANNEAL|MEASURE SHEET RESISTANCE|DEPOSIT GATE OXIDE OR DIELECTRIC|ANNEAL DIELECTRIC|MEASURE OXIDE QUALITY|DEPOSIT POLYSILICON|POLYSILICON ANNEAL|MEASURE POLY THICKNESS|SPIN COAT PHOTORESIST|SOFT BAKE
valid_0560,PAD WINDOW LITHO|DEVELOP PHOTORESIST|PASSIVATION ETCH PAD OPENING|STRIP RESIST|CLEAN PAD OPENING|MEASURE PAD OPENING|BACKSIDE GRIND|MEASURE THICKNESS|BACKSIDE ETCH CLEAN|BACKSIDE RINSE|BACKSIDE DRY|BACKSIDE METALLIZATION PREP|DEPOSIT BACKSIDE METAL|BACKSIDE ANNEAL|MEASURE BACKSIDE CONTACT|FINAL CLEAN|FINAL THICKNESS MEASURE|FINAL GEOMETRY CHECK|FINAL CD INSPECTION|FINAL PARTICLE INSPECTION|PARAMETRIC TEST|LEAKAGE TEST|BREAKDOWN VOLTAGE TEST|SWITCHING TEST|YIELD ANALYSIS|WAFER SORT TEST|FINAL LOT RELEASE|SHIP LOT
valid_0561,MEASURE VIA CD|DEPOSIT BARRIER METAL|DEPOSIT METAL SEED|FILL VIA METAL|CMP VIA FILL|MEASURE CONTACT RESISTANCE|DEPOSIT TOP METAL|ANNEAL METAL|SPIN COAT PHOTORESIST|SOFT BAKE|ALIGN MASK LEVEL 2|EXPOSE LITHO LEVEL 2|DEVELOP PHOTORESIST|PATTERN INSPECTION LEVEL 2|POLYSILICON ETCH DRY|STRIP RESIST LEVEL 2|CLEAN AFTER POLY ETCH|MEASURE CD LEVEL 2|IMPLANT N-TYPE|PRE ANNEAL CHECK|RAPID THERMAL ANNEAL|MEASURE SHEET RESISTANCE|DEPOSIT GATE OXIDE OR DIELECTRIC|ANNEAL DIELECTRIC|MEASURE OXIDE QUALITY|DEPOSIT POLYSILICON|POLYSILICON ANNEAL|MEASURE POLY THICKNESS|SPIN COAT PHOTORESIST|SOFT BAKE
valid_0562,PASSIVATION ETCH PAD OPENING|STRIP RESIST|CLEAN PAD OPENING|MEASURE PAD OPENING|BACKSIDE GRIND|MEASURE THICKNESS|BACKSIDE ETCH CLEAN|BACKSIDE RINSE|BACKSIDE DRY|BACKSIDE METALLIZATION PREP|DEPOSIT BACKSIDE METAL|BACKSIDE ANNEAL|MEASURE BACKSIDE CONTACT|FINAL CLEAN|FINAL THICKNESS MEASURE|FINAL GEOMETRY CHECK|FINAL CD INSPECTION|FINAL PARTICLE INSPECTION|PARAMETRIC TEST|LEAKAGE TEST|BREAKDOWN VOLTAGE TEST|SWITCHING TEST|YIELD ANALYSIS|WAFER SORT TEST|FINAL LOT RELEASE|SHIP LOT
valid_0563,MEASURE VIA CD|DEPOSIT BARRIER METAL|DEPOSIT METAL SEED|FILL VIA METAL|CMP VIA FILL|MEASURE CONTACT RESISTANCE|DEPOSIT TOP METAL|ANNEAL METAL|SPIN COAT PHOTORESIST|SOFT BAKE|ALIGN MASK LEVEL 2|EXPOSE LITHO LEVEL 2|DEVELOP PHOTORESIST|PATTERN INSPECTION LEVEL 2|POLYSILICON ETCH DRY|STRIP RESIST LEVEL 2|CLEAN AFTER POLY ETCH|MEASURE CD LEVEL 2|IMPLANT N-TYPE|PRE ANNEAL CHECK|RAPID THERMAL ANNEAL|MEASURE SHEET RESISTANCE|DEPOSIT GATE OXIDE OR DIELECTRIC|ANNEAL DIELECTRIC|MEASURE OXIDE QUALITY|DEPOSIT POLYSILICON|POLYSILICON ANNEAL|MEASURE POLY THICKNESS|SPIN COAT PHOTORESIST|SOFT BAKE
valid_0564,PASSIVATION ETCH|STRIP PHOTORESIST|CLEAN PAD OPENING|MEASURE PAD OPENING|BACKSIDE GRIND|MEASURE THICKNESS|BACKSIDE ETCH CLEAN|BACKSIDE RINSE|BACKSIDE DRY|BACKSIDE METALLIZATION PREP|DEPOSIT BACKSIDE METAL|BACKSIDE ANNEAL|MEASURE BACKSIDE CONTACT|FINAL CLEAN|FINAL THICKNESS MEASURE|FINAL GEOMETRY CHECK|FINAL CD INSPECTION|FINAL PARTICLE INSPECTION|PARAMETRIC TEST|LEAKAGE TEST|BREAKDOWN VOLTAGE TEST|SWITCHING TEST|YIELD ANALYSIS|WAFER SORT TEST|FINAL LOT RELEASE|SHIP LOT
valid_0565,CLEAN AFTER VIA ETCH|MEASURE VIA CD|DEPOSIT BARRIER METAL|DEPOSIT METAL SEED|FILL VIA METAL|CMP VIA FILL|MEASURE CONTACT RESISTANCE|DEPOSIT TOP METAL|ANNEAL METAL|SPIN COAT PHOTORESIST|SOFT BAKE|ALIGN MASK LEVEL 2|EXPOSE LITHO LEVEL 2|DEVELOP PHOTORESIST|PATTERN INSPECTION LEVEL 2|POLYSILICON ETCH DRY|STRIP RESIST LEVEL 2|CLEAN AFTER POLY ETCH|MEASURE CD LEVEL 2|IMPLANT N-TYPE|PRE ANNEAL CHECK|RAPID THERMAL ANNEAL|MEASURE SHEET RESISTANCE|DEPOSIT GATE OXIDE OR DIELECTRIC|ANNEAL DIELECTRIC|MEASURE OXIDE QUALITY|DEPOSIT POLYSILICON|POLYSILICON ANNEAL|MEASURE POLY THICKNESS|SPIN COAT PHOTORESIST|SOFT BAKE
valid_0566,OPEN PAD WINDOW|OPEN PAD WINDOW LITHO|DEVELOP PHOTORESIST|PASSIVATION ETCH|STRIP RESIST|CLEAN PAD OPENING|MEASURE PAD OPENING|BACKSIDE GRIND|MEASURE THICKNESS|BACKSIDE ETCH CLEAN|BACKSIDE RINSE|BACKSIDE DRY|BACKSIDE METALLIZATION PREP|DEPOSIT BACKSIDE METAL|BACKSIDE ANNEAL|MEASURE BACKSIDE CONTACT|FINAL CLEAN|FINAL THICKNESS MEASURE|FINAL GEOMETRY CHECK|FINAL CD INSPECTION|FINAL PARTICLE INSPECTION|PARAMETRIC TEST|LEAKAGE TEST|BREAKDOWN VOLTAGE TEST|SWITCHING TEST|YIELD ANALYSIS|WAFER SORT TEST|FINAL LOT RELEASE|SHIP LOT
valid_0567,STRIP PHOTORESIST|CLEAN AFTER VIA ETCH|MEASURE VIA CD|DEPOSIT BARRIER METAL|DEPOSIT METAL SEED|FILL VIA METAL|CMP VIA FILL|MEASURE CONTACT RESISTANCE|DEPOSIT TOP METAL|ANNEAL METAL|SPIN COAT PHOTORESIST|SOFT BAKE|ALIGN MASK LEVEL 2|EXPOSE LITHO LEVEL 2|DEVELOP PHOTORESIST|PATTERN INSPECTION LEVEL 2|POLYSILICON ETCH DRY|STRIP RESIST LEVEL 2|CLEAN AFTER POLY ETCH|MEASURE CD LEVEL 2|IMPLANT N-TYPE|PRE ANNEAL CHECK|RAPID THERMAL ANNEAL|MEASURE SHEET RESISTANCE|DEPOSIT GATE OXIDE OR DIELECTRIC|ANNEAL DIELECTRIC|MEASURE OXIDE QUALITY|DEPOSIT POLYSILICON|POLYSILICON ANNEAL|MEASURE POLY THICKNESS|SPIN COAT PHOTORESIST|SOFT BAKE
valid_0568,MEASURE PASSIVATION QUALITY|OPEN PAD WINDOW|PAD WINDOW LITHO|DEVELOP PHOTORESIST|PASSIVATION ETCH PAD OPENING|STRIP RESIST|CLEAN PAD OPENING|MEASURE PAD OPENING|BACKSIDE GRIND|MEASURE THICKNESS|BACKSIDE ETCH CLEAN|BACKSIDE RINSE|BACKSIDE DRY|BACKSIDE METALLIZATION PREP|DEPOSIT BACKSIDE METAL|BACKSIDE ANNEAL|MEASURE BACKSIDE CONTACT|FINAL CLEAN|FINAL THICKNESS MEASURE|FINAL GEOMETRY CHECK|FINAL CD INSPECTION|FINAL PARTICLE INSPECTION|PARAMETRIC TEST|LEAKAGE TEST|BREAKDOWN VOLTAGE TEST|SWITCHING TEST|YIELD ANALYSIS|WAFER SORT TEST|FINAL LOT RELEASE|SHIP LOT
valid_0569,DEPOSIT METAL SEED|FILL VIA METAL|CMP VIA FILL|MEASURE CONTACT RESISTANCE|DEPOSIT TOP METAL|ANNEAL METAL|SPIN COAT PHOTORESIST|SOFT BAKE|ALIGN MASK LEVEL 2|EXPOSE LITHO LEVEL 2|DEVELOP PHOTORESIST|PATTERN INSPECTION LEVEL 2|POLYSILICON ETCH DRY|STRIP RESIST LEVEL 2|CLEAN AFTER POLY ETCH|MEASURE CD LEVEL 2|IMPLANT N-TYPE|PRE ANNEAL CHECK|RAPID THERMAL ANNEAL|MEASURE SHEET RESISTANCE|DEPOSIT GATE OXIDE OR DIELECTRIC|ANNEAL DIELECTRIC|MEASURE OXIDE QUALITY|DEPOSIT POLYSILICON|POLYSILICON ANNEAL|MEASURE POLY THICKNESS|SPIN COAT PHOTORESIST|SOFT BAKE
valid_0570,OPEN PAD WINDOW LITHO|DEVELOP PHOTORESIST|PASSIVATION ETCH|STRIP RESIST|CLEAN PAD OPENING|MEASURE PAD OPENING|BACKSIDE GRIND|MEASURE THICKNESS|BACKSIDE ETCH CLEAN|BACKSIDE RINSE|BACKSIDE DRY|BACKSIDE METALLIZATION PREP|DEPOSIT BACKSIDE METAL|BACKSIDE ANNEAL|MEASURE BACKSIDE CONTACT|FINAL CLEAN|FINAL THICKNESS MEASURE|FINAL GEOMETRY CHECK|FINAL CD INSPECTION|FINAL PARTICLE INSPECTION|PARAMETRIC TEST|LEAKAGE TEST|BREAKDOWN VOLTAGE TEST|SWITCHING TEST|YIELD ANALYSIS|WAFER SORT TEST|FINAL LOT RELEASE|SHIP LOT
valid_0571,CLEAN AFTER VIA ETCH|MEASURE VIA CD|DEPOSIT BARRIER METAL|DEPOSIT METAL SEED|FILL VIA METAL|CMP VIA FILL|MEASURE CONTACT RESISTANCE|DEPOSIT TOP METAL|ANNEAL METAL|SPIN COAT PHOTORESIST|SOFT BAKE|ALIGN MASK LEVEL 2|EXPOSE LITHO LEVEL 2|DEVELOP PHOTORESIST|PATTERN INSPECTION LEVEL 2|POLYSILICON ETCH DRY|STRIP RESIST LEVEL 2|CLEAN AFTER POLY ETCH|MEASURE CD LEVEL 2|IMPLANT N-TYPE|PRE ANNEAL CHECK|RAPID THERMAL ANNEAL|MEASURE SHEET RESISTANCE|DEPOSIT GATE OXIDE OR DIELECTRIC|ANNEAL DIELECTRIC|MEASURE OXIDE QUALITY|DEPOSIT POLYSILICON|POLYSILICON ANNEAL|MEASURE POLY THICKNESS|SPIN COAT PHOTORESIST|SOFT BAKE
valid_0572,DEVELOP PHOTORESIST|PASSIVATION ETCH PAD OPENING|STRIP RESIST|CLEAN PAD OPENING|MEASURE PAD OPENING|BACKSIDE GRIND|MEASURE THICKNESS|BACKSIDE ETCH CLEAN|BACKSIDE RINSE|BACKSIDE DRY|BACKSIDE METALLIZATION PREP|DEPOSIT BACKSIDE METAL|BACKSIDE ANNEAL|MEASURE BACKSIDE CONTACT|FINAL CLEAN|FINAL THICKNESS MEASURE|FINAL GEOMETRY CHECK|FINAL CD INSPECTION|FINAL PARTICLE INSPECTION|PARAMETRIC TEST|LEAKAGE TEST|BREAKDOWN VOLTAGE TEST|SWITCHING TEST|YIELD ANALYSIS|WAFER SORT TEST|FINAL LOT RELEASE|SHIP LOT
valid_0573,CLEAN AFTER VIA ETCH|MEASURE VIA CD|DEPOSIT BARRIER METAL|DEPOSIT METAL SEED|FILL VIA METAL|CMP VIA FILL|MEASURE CONTACT RESISTANCE|DEPOSIT TOP METAL|ANNEAL METAL|SPIN COAT PHOTORESIST|SOFT BAKE|ALIGN MASK LEVEL 2|EXPOSE LITHO LEVEL 2|DEVELOP PHOTORESIST|PATTERN INSPECTION LEVEL 2|POLYSILICON ETCH DRY|STRIP RESIST LEVEL 2|CLEAN AFTER POLY ETCH|MEASURE CD LEVEL 2|IMPLANT N-TYPE|PRE ANNEAL CHECK|RAPID THERMAL ANNEAL|MEASURE SHEET RESISTANCE|DEPOSIT GATE OXIDE OR DIELECTRIC|ANNEAL DIELECTRIC|MEASURE OXIDE QUALITY|DEPOSIT POLYSILICON|POLYSILICON ANNEAL|MEASURE POLY THICKNESS|SPIN COAT PHOTORESIST|SOFT BAKE
valid_0574,DEVELOP PHOTORESIST|PASSIVATION ETCH PAD OPENING|STRIP RESIST|CLEAN PAD OPENING|MEASURE PAD OPENING|BACKSIDE GRIND|MEASURE THICKNESS|BACKSIDE ETCH CLEAN|BACKSIDE RINSE|BACKSIDE DRY|BACKSIDE METALLIZATION PREP|DEPOSIT BACKSIDE METAL|BACKSIDE ANNEAL|MEASURE BACKSIDE CONTACT|FINAL CLEAN|FINAL THICKNESS MEASURE|FINAL GEOMETRY CHECK|FINAL CD INSPECTION|FINAL PARTICLE INSPECTION|PARAMETRIC TEST|LEAKAGE TEST|BREAKDOWN VOLTAGE TEST|SWITCHING TEST|YIELD ANALYSIS|WAFER SORT TEST|FINAL LOT RELEASE|SHIP LOT
valid_0575,CLEAN AFTER VIA ETCH|MEASURE VIA CD|DEPOSIT BARRIER METAL|DEPOSIT METAL SEED|FILL VIA METAL|CMP VIA FILL|MEASURE CONTACT RESISTANCE|DEPOSIT TOP METAL|ANNEAL METAL|SPIN COAT PHOTORESIST|SOFT BAKE|ALIGN MASK LEVEL 2|EXPOSE LITHO LEVEL 2|DEVELOP PHOTORESIST|PATTERN INSPECTION LEVEL 2|POLYSILICON ETCH DRY|STRIP RESIST LEVEL 2|CLEAN AFTER POLY ETCH|MEASURE CD LEVEL 2|IMPLANT N-TYPE|PRE ANNEAL CHECK|RAPID THERMAL ANNEAL|MEASURE SHEET RESISTANCE|DEPOSIT GATE OXIDE OR DIELECTRIC|ANNEAL DIELECTRIC|MEASURE OXIDE QUALITY|DEPOSIT POLYSILICON|POLYSILICON ANNEAL|MEASURE POLY THICKNESS|SPIN COAT PHOTORESIST|SOFT BAKE
valid_0576,DEVELOP PHOTORESIST|PASSIVATION ETCH|STRIP RESIST|CLEAN PAD OPENING|MEASURE PAD OPENING|BACKSIDE GRIND|MEASURE THICKNESS|BACKSIDE ETCH CLEAN|BACKSIDE RINSE|BACKSIDE DRY|BACKSIDE METALLIZATION PREP|DEPOSIT BACKSIDE METAL|BACKSIDE ANNEAL|MEASURE BACKSIDE CONTACT|FINAL CLEAN|FINAL THICKNESS MEASURE|FINAL GEOMETRY CHECK|FINAL CD INSPECTION|FINAL PARTICLE INSPECTION|PARAMETRIC TEST|LEAKAGE TEST|BREAKDOWN VOLTAGE TEST|SWITCHING TEST|YIELD ANALYSIS|WAFER SORT TEST|FINAL LOT RELEASE|SHIP LOT
valid_0577,MEASURE VIA CD|DEPOSIT BARRIER METAL|DEPOSIT METAL SEED|FILL VIA METAL|CMP VIA FILL|MEASURE CONTACT RESISTANCE|DEPOSIT TOP METAL|ANNEAL METAL|SPIN COAT PHOTORESIST|SOFT BAKE|ALIGN MASK LEVEL 2|EXPOSE LITHO LEVEL 2|DEVELOP PHOTORESIST|PATTERN INSPECTION LEVEL 2|POLYSILICON ETCH DRY|STRIP RESIST LEVEL 2|CLEAN AFTER POLY ETCH|MEASURE CD LEVEL 2|IMPLANT N-TYPE|PRE ANNEAL CHECK|RAPID THERMAL ANNEAL|MEASURE SHEET RESISTANCE|DEPOSIT GATE OXIDE OR DIELECTRIC|ANNEAL DIELECTRIC|MEASURE OXIDE QUALITY|DEPOSIT POLYSILICON|POLYSILICON ANNEAL|MEASURE POLY THICKNESS|SPIN COAT PHOTORESIST|SOFT BAKE
valid_0578,DEVELOP PHOTORESIST|PASSIVATION ETCH PAD OPENING|STRIP RESIST|CLEAN PAD OPENING|MEASURE PAD OPENING|BACKSIDE GRIND|MEASURE THICKNESS|BACKSIDE ETCH CLEAN|BACKSIDE RINSE|BACKSIDE DRY|BACKSIDE METALLIZATION PREP|DEPOSIT BACKSIDE METAL|BACKSIDE ANNEAL|MEASURE BACKSIDE CONTACT|FINAL CLEAN|FINAL THICKNESS MEASURE|FINAL GEOMETRY CHECK|FINAL CD INSPECTION|FINAL PARTICLE INSPECTION|PARAMETRIC TEST|LEAKAGE TEST|BREAKDOWN VOLTAGE TEST|SWITCHING TEST|YIELD ANALYSIS|WAFER SORT TEST|FINAL LOT RELEASE|SHIP LOT
valid_0579,CLEAN AFTER VIA ETCH|MEASURE VIA CD|DEPOSIT BARRIER METAL|DEPOSIT METAL SEED|FILL VIA METAL|CMP VIA FILL|MEASURE CONTACT RESISTANCE|DEPOSIT TOP METAL|ANNEAL METAL|SPIN COAT PHOTORESIST|SOFT BAKE|ALIGN MASK LEVEL 2|EXPOSE LITHO LEVEL 2|DEVELOP PHOTORESIST|PATTERN INSPECTION LEVEL 2|POLYSILICON ETCH DRY|STRIP RESIST LEVEL 2|CLEAN AFTER POLY ETCH|MEASURE CD LEVEL 2|IMPLANT N-TYPE|PRE ANNEAL CHECK|RAPID THERMAL ANNEAL|MEASURE SHEET RESISTANCE|DEPOSIT GATE OXIDE OR DIELECTRIC|ANNEAL DIELECTRIC|MEASURE OXIDE QUALITY|DEPOSIT POLYSILICON|POLYSILICON ANNEAL|MEASURE POLY THICKNESS|SPIN COAT PHOTORESIST|SOFT BAKE
valid_0580,DEVELOP PHOTORESIST|PASSIVATION ETCH|STRIP RESIST|CLEAN PAD OPENING|MEASURE PAD OPENING|BACKSIDE GRIND|MEASURE THICKNESS|BACKSIDE ETCH CLEAN|BACKSIDE RINSE|BACKSIDE DRY|BACKSIDE METALLIZATION PREP|DEPOSIT BACKSIDE METAL|BACKSIDE ANNEAL|MEASURE BACKSIDE CONTACT|FINAL CLEAN|FINAL THICKNESS MEASURE|FINAL GEOMETRY CHECK|FINAL CD INSPECTION|FINAL PARTICLE INSPECTION|PARAMETRIC TEST|LEAKAGE TEST|BREAKDOWN VOLTAGE TEST|SWITCHING TEST|YIELD ANALYSIS|WAFER SORT TEST|FINAL LOT RELEASE|SHIP LOT
valid_0581,CLEAN AFTER VIA ETCH|MEASURE VIA CD|DEPOSIT BARRIER METAL|DEPOSIT METAL SEED|FILL VIA METAL|CMP VIA FILL|MEASURE CONTACT RESISTANCE|DEPOSIT TOP METAL|ANNEAL METAL|SPIN COAT PHOTORESIST|SOFT BAKE|ALIGN MASK LEVEL 2|EXPOSE LITHO LEVEL 2|DEVELOP PHOTORESIST|PATTERN INSPECTION LEVEL 2|POLYSILICON ETCH DRY|STRIP RESIST LEVEL 2|CLEAN AFTER POLY ETCH|MEASURE CD LEVEL 2|IMPLANT N-TYPE|PRE ANNEAL CHECK|RAPID THERMAL ANNEAL|MEASURE SHEET RESISTANCE|DEPOSIT GATE OXIDE OR DIELECTRIC|ANNEAL DIELECTRIC|MEASURE OXIDE QUALITY|DEPOSIT POLYSILICON|POLYSILICON ANNEAL|MEASURE POLY THICKNESS|SPIN COAT PHOTORESIST|SOFT BAKE
valid_0582,DEVELOP PHOTORESIST|PASSIVATION ETCH PAD OPENING|STRIP RESIST|CLEAN PAD OPENING|MEASURE PAD OPENING|BACKSIDE GRIND|MEASURE THICKNESS|BACKSIDE ETCH CLEAN|BACKSIDE RINSE|BACKSIDE DRY|BACKSIDE METALLIZATION PREP|DEPOSIT BACKSIDE METAL|BACKSIDE ANNEAL|MEASURE BACKSIDE CONTACT|FINAL CLEAN|FINAL THICKNESS MEASURE|FINAL GEOMETRY CHECK|FINAL CD INSPECTION|FINAL PARTICLE INSPECTION|PARAMETRIC TEST|LEAKAGE TEST|BREAKDOWN VOLTAGE TEST|SWITCHING TEST|YIELD ANALYSIS|WAFER SORT TEST|FINAL LOT RELEASE|SHIP LOT
valid_0583,MEASURE VIA CD|DEPOSIT BARRIER METAL|DEPOSIT METAL SEED|FILL VIA METAL|CMP VIA FILL|MEASURE CONTACT RESISTANCE|DEPOSIT TOP METAL|ANNEAL METAL|SPIN COAT PHOTORESIST|SOFT BAKE|ALIGN MASK LEVEL 2|EXPOSE LITHO LEVEL 2|DEVELOP PHOTORESIST|PATTERN INSPECTION LEVEL 2|POLYSILICON ETCH DRY|STRIP RESIST LEVEL 2|CLEAN AFTER POLY ETCH|MEASURE CD LEVEL 2|IMPLANT N-TYPE|PRE ANNEAL CHECK|RAPID THERMAL ANNEAL|MEASURE SHEET RESISTANCE|DEPOSIT GATE OXIDE OR DIELECTRIC|ANNEAL DIELECTRIC|MEASURE OXIDE QUALITY|DEPOSIT POLYSILICON|POLYSILICON ANNEAL|MEASURE POLY THICKNESS|SPIN COAT PHOTORESIST|SOFT BAKE
valid_0584,OPEN PAD WINDOW|PAD WINDOW LITHO|DEVELOP PHOTORESIST|PASSIVATION ETCH PAD OPENING|STRIP RESIST|CLEAN PAD OPENING|MEASURE PAD OPENING|BACKSIDE GRIND|MEASURE THICKNESS|BACKSIDE ETCH CLEAN|BACKSIDE RINSE|BACKSIDE DRY|BACKSIDE METALLIZATION PREP|DEPOSIT BACKSIDE METAL|BACKSIDE ANNEAL|MEASURE BACKSIDE CONTACT|FINAL CLEAN|FINAL THICKNESS MEASURE|FINAL GEOMETRY CHECK|FINAL CD INSPECTION|FINAL PARTICLE INSPECTION|PARAMETRIC TEST|LEAKAGE TEST|BREAKDOWN VOLTAGE TEST|SWITCHING TEST|YIELD ANALYSIS|WAFER SORT TEST|FINAL LOT RELEASE|SHIP LOT
valid_0585,MEASURE VIA CD|DEPOSIT BARRIER METAL|DEPOSIT METAL SEED|FILL VIA METAL|CMP VIA FILL|MEASURE CONTACT RESISTANCE|DEPOSIT TOP METAL|ANNEAL METAL|SPIN COAT PHOTORESIST|SOFT BAKE|ALIGN MASK LEVEL 2|EXPOSE LITHO LEVEL 2|DEVELOP PHOTORESIST|PATTERN INSPECTION LEVEL 2|POLYSILICON ETCH DRY|STRIP RESIST LEVEL 2|CLEAN AFTER POLY ETCH|MEASURE CD LEVEL 2|IMPLANT N-TYPE|PRE ANNEAL CHECK|RAPID THERMAL ANNEAL|MEASURE SHEET RESISTANCE|DEPOSIT GATE OXIDE OR DIELECTRIC|ANNEAL DIELECTRIC|MEASURE OXIDE QUALITY|DEPOSIT POLYSILICON|POLYSILICON ANNEAL|MEASURE POLY THICKNESS|SPIN COAT PHOTORESIST|SOFT BAKE
valid_0586,OPEN PAD WINDOW LITHO|DEVELOP PHOTORESIST|PASSIVATION ETCH|STRIP RESIST|CLEAN PAD OPENING|MEASURE PAD OPENING|BACKSIDE GRIND|MEASURE THICKNESS|BACKSIDE ETCH CLEAN|BACKSIDE RINSE|BACKSIDE DRY|BACKSIDE METALLIZATION PREP|DEPOSIT BACKSIDE METAL|BACKSIDE ANNEAL|MEASURE BACKSIDE CONTACT|FINAL CLEAN|FINAL THICKNESS MEASURE|FINAL GEOMETRY CHECK|FINAL CD INSPECTION|FINAL PARTICLE INSPECTION|PARAMETRIC TEST|LEAKAGE TEST|BREAKDOWN VOLTAGE TEST|SWITCHING TEST|YIELD ANALYSIS|WAFER SORT TEST|FINAL LOT RELEASE|SHIP LOT
valid_0587,CLEAN AFTER VIA ETCH|MEASURE VIA CD|DEPOSIT BARRIER METAL|DEPOSIT METAL SEED|FILL VIA METAL|CMP VIA FILL|MEASURE CONTACT RESISTANCE|DEPOSIT TOP METAL|ANNEAL METAL|SPIN COAT PHOTORESIST|SOFT BAKE|ALIGN MASK LEVEL 2|EXPOSE LITHO LEVEL 2|DEVELOP PHOTORESIST|PATTERN INSPECTION LEVEL 2|POLYSILICON ETCH DRY|STRIP RESIST LEVEL 2|CLEAN AFTER POLY ETCH|MEASURE CD LEVEL 2|IMPLANT N-TYPE|PRE ANNEAL CHECK|RAPID THERMAL ANNEAL|MEASURE SHEET RESISTANCE|DEPOSIT GATE OXIDE OR DIELECTRIC|ANNEAL DIELECTRIC|MEASURE OXIDE QUALITY|DEPOSIT POLYSILICON|POLYSILICON ANNEAL|MEASURE POLY THICKNESS|SPIN COAT PHOTORESIST|SOFT BAKE
valid_0588,OPEN PAD WINDOW|OPEN PAD WINDOW LITHO|DEVELOP PHOTORESIST|PASSIVATION ETCH|STRIP RESIST|CLEAN PAD OPENING|MEASURE PAD OPENING|BACKSIDE GRIND|MEASURE THICKNESS|BACKSIDE ETCH CLEAN|BACKSIDE RINSE|BACKSIDE DRY|BACKSIDE METALLIZATION PREP|DEPOSIT BACKSIDE METAL|BACKSIDE ANNEAL|MEASURE BACKSIDE CONTACT|FINAL CLEAN|FINAL THICKNESS MEASURE|FINAL GEOMETRY CHECK|FINAL CD INSPECTION|FINAL PARTICLE INSPECTION|PARAMETRIC TEST|LEAKAGE TEST|BREAKDOWN VOLTAGE TEST|SWITCHING TEST|YIELD ANALYSIS|WAFER SORT TEST|FINAL LOT RELEASE|SHIP LOT
valid_0589,MEASURE VIA CD|DEPOSIT BARRIER METAL|DEPOSIT METAL SEED|FILL VIA METAL|CMP VIA FILL|MEASURE CONTACT RESISTANCE|DEPOSIT TOP METAL|ANNEAL METAL|SPIN COAT PHOTORESIST|SOFT BAKE|ALIGN MASK LEVEL 2|EXPOSE LITHO LEVEL 2|DEVELOP PHOTORESIST|PATTERN INSPECTION LEVEL 2|POLYSILICON ETCH DRY|STRIP RESIST LEVEL 2|CLEAN AFTER POLY ETCH|MEASURE CD LEVEL 2|IMPLANT N-TYPE|PRE ANNEAL CHECK|RAPID THERMAL ANNEAL|MEASURE SHEET RESISTANCE|DEPOSIT GATE OXIDE OR DIELECTRIC|ANNEAL DIELECTRIC|MEASURE OXIDE QUALITY|DEPOSIT POLYSILICON|POLYSILICON ANNEAL|MEASURE POLY THICKNESS|SPIN COAT PHOTORESIST|SOFT BAKE
valid_0590,DEVELOP PHOTORESIST|PASSIVATION ETCH PAD OPENING|STRIP RESIST|CLEAN PAD OPENING|MEASURE PAD OPENING|BACKSIDE GRIND|MEASURE THICKNESS|BACKSIDE ETCH CLEAN|BACKSIDE RINSE|BACKSIDE DRY|BACKSIDE METALLIZATION PREP|DEPOSIT BACKSIDE METAL|BACKSIDE ANNEAL|MEASURE BACKSIDE CONTACT|FINAL CLEAN|FINAL THICKNESS MEASURE|FINAL GEOMETRY CHECK|FINAL CD INSPECTION|FINAL PARTICLE INSPECTION|PARAMETRIC TEST|LEAKAGE TEST|BREAKDOWN VOLTAGE TEST|SWITCHING TEST|YIELD ANALYSIS|WAFER SORT TEST|FINAL LOT RELEASE|SHIP LOT
valid_0591,HARD BAKE|DIELECTRIC ETCH VIA|STRIP PHOTORESIST|CLEAN AFTER VIA ETCH|MEASURE VIA CD|DEPOSIT BARRIER METAL|DEPOSIT METAL SEED|FILL VIA METAL|CMP VIA FILL|MEASURE CONTACT RESISTANCE|DEPOSIT TOP METAL|ANNEAL METAL|SPIN COAT PHOTORESIST|SOFT BAKE|ALIGN MASK LEVEL 2|EXPOSE LITHO LEVEL 2|DEVELOP PHOTORESIST|PATTERN INSPECTION LEVEL 2|POLYSILICON ETCH DRY|STRIP RESIST LEVEL 2|CLEAN AFTER POLY ETCH|MEASURE CD LEVEL 2|IMPLANT N-TYPE|PRE ANNEAL CHECK|RAPID THERMAL ANNEAL|MEASURE SHEET RESISTANCE|DEPOSIT GATE OXIDE OR DIELECTRIC|ANNEAL DIELECTRIC|MEASURE OXIDE QUALITY|DEPOSIT POLYSILICON|POLYSILICON ANNEAL|MEASURE POLY THICKNESS|SPIN COAT PHOTORESIST|SOFT BAKE
valid_0592,CURE PASSIVATION|MEASURE PASSIVATION QUALITY|OPEN PAD WINDOW|PAD WINDOW LITHO|DEVELOP PHOTORESIST|PASSIVATION ETCH PAD OPENING|STRIP RESIST|CLEAN PAD OPENING|MEASURE PAD OPENING|BACKSIDE GRIND|MEASURE THICKNESS|BACKSIDE ETCH CLEAN|BACKSIDE RINSE|BACKSIDE DRY|BACKSIDE METALLIZATION PREP|DEPOSIT BACKSIDE METAL|BACKSIDE ANNEAL|MEASURE BACKSIDE CONTACT|FINAL CLEAN|FINAL THICKNESS MEASURE|FINAL GEOMETRY CHECK|FINAL CD INSPECTION|FINAL PARTICLE INSPECTION|PARAMETRIC TEST|LEAKAGE TEST|BREAKDOWN VOLTAGE TEST|SWITCHING TEST|YIELD ANALYSIS|WAFER SORT TEST|FINAL LOT RELEASE|SHIP LOT
valid_0593,CLEAN AFTER VIA ETCH|MEASURE VIA CD|DEPOSIT BARRIER METAL|DEPOSIT METAL SEED|FILL VIA METAL|CMP VIA FILL|MEASURE CONTACT RESISTANCE|DEPOSIT TOP METAL|ANNEAL METAL|SPIN COAT PHOTORESIST|SOFT BAKE|ALIGN MASK LEVEL 2|EXPOSE LITHO LEVEL 2|DEVELOP PHOTORESIST|PATTERN INSPECTION LEVEL 2|POLYSILICON ETCH DRY|STRIP RESIST LEVEL 2|CLEAN AFTER POLY ETCH|MEASURE CD LEVEL 2|IMPLANT N-TYPE|PRE ANNEAL CHECK|RAPID THERMAL ANNEAL|MEASURE SHEET RESISTANCE|DEPOSIT GATE OXIDE OR DIELECTRIC|ANNEAL DIELECTRIC|MEASURE OXIDE QUALITY|DEPOSIT POLYSILICON|POLYSILICON ANNEAL|MEASURE POLY THICKNESS|SPIN COAT PHOTORESIST|SOFT BAKE
valid_0594,MEASURE PASSIVATION QUALITY|OPEN PAD WINDOW|PAD WINDOW LITHO|DEVELOP PHOTORESIST|PASSIVATION ETCH PAD OPENING|STRIP RESIST|CLEAN PAD OPENING|MEASURE PAD OPENING|BACKSIDE GRIND|MEASURE THICKNESS|BACKSIDE ETCH CLEAN|BACKSIDE RINSE|BACKSIDE DRY|BACKSIDE METALLIZATION PREP|DEPOSIT BACKSIDE METAL|BACKSIDE ANNEAL|MEASURE BACKSIDE CONTACT|FINAL CLEAN|FINAL THICKNESS MEASURE|FINAL GEOMETRY CHECK|FINAL CD INSPECTION|FINAL PARTICLE INSPECTION|PARAMETRIC TEST|LEAKAGE TEST|BREAKDOWN VOLTAGE TEST|SWITCHING TEST|YIELD ANALYSIS|WAFER SORT TEST|FINAL LOT RELEASE|SHIP LOT
valid_0595,CLEAN AFTER VIA ETCH|MEASURE VIA CD|DEPOSIT BARRIER METAL|DEPOSIT METAL SEED|FILL VIA METAL|CMP VIA FILL|MEASURE CONTACT RESISTANCE|DEPOSIT TOP METAL|ANNEAL METAL|SPIN COAT PHOTORESIST|SOFT BAKE|ALIGN MASK LEVEL 2|EXPOSE LITHO LEVEL 2|DEVELOP PHOTORESIST|PATTERN INSPECTION LEVEL 2|POLYSILICON ETCH DRY|STRIP RESIST LEVEL 2|CLEAN AFTER POLY ETCH|MEASURE CD LEVEL 2|IMPLANT N-TYPE|PRE ANNEAL CHECK|RAPID THERMAL ANNEAL|MEASURE SHEET RESISTANCE|DEPOSIT GATE OXIDE OR DIELECTRIC|ANNEAL DIELECTRIC|MEASURE OXIDE QUALITY|DEPOSIT POLYSILICON|POLYSILICON ANNEAL|MEASURE POLY THICKNESS|SPIN COAT PHOTORESIST|SOFT BAKE
valid_0596,PAD WINDOW LITHO|DEVELOP PHOTORESIST|PASSIVATION ETCH PAD OPENING|STRIP RESIST|CLEAN PAD OPENING|MEASURE PAD OPENING|BACKSIDE GRIND|MEASURE THICKNESS|BACKSIDE ETCH CLEAN|BACKSIDE RINSE|BACKSIDE DRY|BACKSIDE METALLIZATION PREP|DEPOSIT BACKSIDE METAL|BACKSIDE ANNEAL|MEASURE BACKSIDE CONTACT|FINAL CLEAN|FINAL THICKNESS MEASURE|FINAL GEOMETRY CHECK|FINAL CD INSPECTION|FINAL PARTICLE INSPECTION|PARAMETRIC TEST|LEAKAGE TEST|BREAKDOWN VOLTAGE TEST|SWITCHING TEST|YIELD ANALYSIS|WAFER SORT TEST|FINAL LOT RELEASE|SHIP LOT
valid_0597,CLEAN AFTER VIA ETCH|MEASURE VIA CD|DEPOSIT BARRIER METAL|DEPOSIT METAL SEED|FILL VIA METAL|CMP VIA FILL|MEASURE CONTACT RESISTANCE|DEPOSIT TOP METAL|ANNEAL METAL|SPIN COAT PHOTORESIST|SOFT BAKE|ALIGN MASK LEVEL 2|EXPOSE LITHO LEVEL 2|DEVELOP PHOTORESIST|PATTERN INSPECTION LEVEL 2|POLYSILICON ETCH DRY|STRIP RESIST LEVEL 2|CLEAN AFTER POLY ETCH|MEASURE CD LEVEL 2|IMPLANT N-TYPE|PRE ANNEAL CHECK|RAPID THERMAL ANNEAL|MEASURE SHEET RESISTANCE|DEPOSIT GATE OXIDE OR DIELECTRIC|ANNEAL DIELECTRIC|MEASURE OXIDE QUALITY|DEPOSIT POLYSILICON|POLYSILICON ANNEAL|MEASURE POLY THICKNESS|SPIN COAT PHOTORESIST|SOFT BAKE
valid_0598,DEVELOP PHOTORESIST|PASSIVATION ETCH PAD OPENING|STRIP RESIST|CLEAN PAD OPENING|MEASURE PAD OPENING|BACKSIDE GRIND|MEASURE THICKNESS|BACKSIDE ETCH CLEAN|BACKSIDE RINSE|BACKSIDE DRY|BACKSIDE METALLIZATION PREP|DEPOSIT BACKSIDE METAL|BACKSIDE ANNEAL|MEASURE BACKSIDE CONTACT|FINAL CLEAN|FINAL THICKNESS MEASURE|FINAL GEOMETRY CHECK|FINAL CD INSPECTION|FINAL PARTICLE INSPECTION|PARAMETRIC TEST|LEAKAGE TEST|BREAKDOWN VOLTAGE TEST|SWITCHING TEST|YIELD ANALYSIS|WAFER SORT TEST|FINAL LOT RELEASE|SHIP LOT
valid_0599,DIELECTRIC ETCH VIA|STRIP PHOTORESIST|CLEAN AFTER VIA ETCH|MEASURE VIA CD|DEPOSIT BARRIER METAL|DEPOSIT METAL SEED|FILL VIA METAL|CMP VIA FILL|MEASURE CONTACT RESISTANCE|DEPOSIT TOP METAL|ANNEAL METAL|SPIN COAT PHOTORESIST|SOFT BAKE|ALIGN MASK LEVEL 2|EXPOSE LITHO LEVEL 2|DEVELOP PHOTORESIST|PATTERN INSPECTION LEVEL 2|POLYSILICON ETCH DRY|STRIP RESIST LEVEL 2|CLEAN AFTER POLY ETCH|MEASURE CD LEVEL 2|IMPLANT N-TYPE|PRE ANNEAL CHECK|RAPID THERMAL ANNEAL|MEASURE SHEET RESISTANCE|DEPOSIT GATE OXIDE OR DIELECTRIC|ANNEAL DIELECTRIC|MEASURE OXIDE QUALITY|DEPOSIT POLYSILICON|POLYSILICON ANNEAL|MEASURE POLY THICKNESS|SPIN COAT PHOTORESIST|SOFT BAKE
valid_0600,OPEN PAD WINDOW|PAD WINDOW LITHO|DEVELOP PHOTORESIST|PASSIVATION ETCH PAD OPENING|STRIP RESIST|CLEAN PAD OPENING|MEASURE PAD OPENING|BACKSIDE GRIND|MEASURE THICKNESS|BACKSIDE ETCH CLEAN|BACKSIDE RINSE|BACKSIDE DRY|BACKSIDE METALLIZATION PREP|DEPOSIT BACKSIDE METAL|BACKSIDE ANNEAL|MEASURE BACKSIDE CONTACT|FINAL CLEAN|FINAL THICKNESS MEASURE|FINAL GEOMETRY CHECK|FINAL CD INSPECTION|FINAL PARTICLE INSPECTION|PARAMETRIC TEST|LEAKAGE TEST|BREAKDOWN VOLTAGE TEST|SWITCHING TEST|YIELD ANALYSIS|WAFER SORT TEST|FINAL LOT RELEASE|SHIP LOT
